tick,MEMRD_ADDR,MEMRD_DATA,RAM_IDX,RAM_Q,CSA_12_0,s_maclk,BDRY
44005217,0,0,22011,705200,4341,1,0
44005218,0,0,22011,705200,4341,0,0
44005219,0,0,22011,705200,4345,0,0
44005220,0,0,22011,705200,4345,0,0
44005221,0,0,22011,705200,4345,0,0
44005222,5252,0,22011,705200,4345,0,0
# MARK addr tick=44005222
44005223,5252,0,22011,705200,4345,0,0
44005224,0,0,22002,705200,4345,0,0
44005225,0,0,4002,705200,4345,0,0
44005226,0,0,5252,705200,4345,0,0
# MARK ram tick=44005226
44005227,0,0,5252,400400,4345,0,0
44005228,0,0,5252,400400,4345,0,0
44005229,0,0,5252,400400,4345,0,0
44005230,0,0,4000,400400,4345,0,0
44005231,0,0,4002,400400,4345,0,0
44005232,0,0,4002,400400,4345,0,0
44005249,0,0,4002,400400,145,1,0
44005250,0,0,4002,400400,145,0,0
44005251,0,0,4002,400400,0,0,0
44005252,0,0,4002,400400,0,0,0
44005253,0,0,4002,400400,0,0,0
44005254,5252,0,4002,400400,0,0,0
# MARK addr tick=44005254
44005255,5252,0,4002,400400,0,0,0
44005256,0,0,4002,400400,0,0,0
44005257,44400,0,4002,400400,0,0,0
44005258,44400,0,5252,400400,0,1,0
# MARK ram tick=44005258
44005259,44400,0,5252,400400,0,0,0
44005260,44400,0,5252,400400,2001,0,0
44005261,44400,0,5252,400400,16423,0,0
44005262,44400,0,4000,400400,16423,0,0
44005263,44400,0,4002,400400,0,0,0
44005264,0,0,4002,400400,0,0,0
44006949,0,0,22011,304200,4332,1,0
44006950,0,0,22011,304200,4332,0,0
44006951,0,0,22011,304200,4334,0,0
44006952,0,0,22011,304200,4334,0,0
44006953,0,0,22011,304200,4334,0,0
44006954,5252,0,22011,304200,4334,0,0
# MARK addr tick=44006954
44006955,5252,0,22011,304200,4334,0,0
44006956,0,0,22002,304200,4334,0,0
44006957,0,0,4002,304200,4334,0,0
44006958,0,0,5252,304200,4334,0,0
# MARK ram tick=44006958
44006959,0,44400,5252,111400,4334,0,0
44006960,0,44400,5252,111400,4334,0,0
44006961,0,44400,5252,111400,4334,0,0
44006962,0,44400,4000,111400,4334,0,0
44006963,0,0,4002,111400,4334,0,0
44006964,0,0,4002,111400,4334,0,0
44007949,0,0,12005,400400,2001,0,0
44007950,0,0,12005,400400,17504,0,0
44007951,0,0,12005,400400,17504,0,0
44007952,55504,0,12005,400400,0,0,0
44007953,55504,0,12005,400400,6000,1,0
44007954,0,0,12026,400400,6000,1,0
# MARK ram tick=44007954
44007955,0,0,54026,400400,6000,1,0
44007956,0,0,55504,400400,6000,1,0
44007957,0,131451,55504,263051,7314,1,0
44007958,0,131451,55504,263051,7314,1,0
44007959,0,131451,55504,263051,7314,1,0
44007960,0,131451,54000,263051,7314,1,0
44047967,0,0,20010,705200,4341,1,0
44047968,0,0,20010,705200,4341,0,0
44047969,0,0,20010,705200,4345,0,0
44047970,0,0,20010,705200,4345,0,0
44047971,0,0,20010,705200,4345,0,0
44047972,12023,0,20010,705200,4345,0,0
# MARK addr tick=44047972
44047973,12023,0,20010,705200,4345,0,0
44047974,0,0,20005,705200,4345,0,0
44047975,0,0,12005,705200,4345,0,0
44047976,0,0,12023,705200,4345,0,0
# MARK ram tick=44047976
44047977,0,6400,12023,15400,4345,0,0
44047978,0,6400,12023,15400,4345,0,0
44047979,0,6400,12023,15400,4345,0,0
44047980,0,6400,12000,15400,4345,0,0
44047981,0,0,12005,15400,4345,0,0
44047982,0,0,12005,15400,4345,0,0
44047999,0,0,12005,15400,145,1,0
44048000,0,0,12005,15400,145,0,0
44048001,0,0,12005,15400,0,0,0
44048002,0,0,12005,15400,0,0,0
44048003,0,0,12005,15400,0,0,0
44048004,12023,0,12005,15400,0,0,0
# MARK addr tick=44048004
44048005,12023,0,12005,15400,0,0,0
44048006,0,0,12005,15400,0,0,0
44048007,44400,0,12005,15400,0,0,0
44048008,44400,0,12023,15400,0,1,0
# MARK ram tick=44048008
44048009,44400,0,12023,15400,0,0,0
44048010,44400,0,12023,15400,2001,0,0
44048011,44400,0,12023,15400,16166,0,0
44048012,44400,0,12000,15400,16166,0,0
44048013,44400,0,12005,15400,0,0,0
44048014,0,0,12005,15400,0,0,0
44312451,0,0,22011,705200,4341,1,0
44312452,0,0,22011,705200,4341,0,0
44312453,0,0,22011,705200,4342,0,0
44312454,0,0,22011,705200,4342,0,0
44312455,0,0,22011,705200,4342,0,0
44312456,5252,0,22011,705200,4342,0,0
# MARK addr tick=44312456
44312457,5252,0,22011,705200,4342,0,0
44312458,0,0,22002,705200,4342,0,0
44312459,0,0,4002,705200,4342,0,0
44312460,0,0,5252,705200,4342,0,0
# MARK ram tick=44312460
44312461,0,44400,5252,111400,4342,0,0
44312462,0,44400,5252,111400,4342,0,0
44312463,0,44400,5252,111400,4342,0,0
44312464,0,44400,4000,111400,4342,0,0
44312465,0,0,4002,111400,4342,0,0
44312466,0,0,4002,111400,4342,0,0
44312477,0,0,4002,111400,145,1,0
44312478,0,0,4002,111400,145,0,0
44312479,0,0,4002,111400,0,0,0
44312480,0,0,4002,111400,0,0,0
44312481,0,0,4002,111400,0,0,0
44312482,5252,0,4002,111400,0,0,0
# MARK addr tick=44312482
44312483,5252,0,4002,111400,0,0,0
44312484,0,0,4002,111400,0,0,0
44312485,44516,0,4002,111400,0,0,0
44312486,44516,0,5252,111400,0,1,0
# MARK ram tick=44312486
44312487,44516,0,5252,111400,0,0,0
44312488,44516,0,5252,111400,2001,0,0
44312489,44516,0,5252,111400,16423,0,0
44312490,44516,0,4000,111400,16423,0,0
44312491,44516,0,4002,111400,0,0,0
44312492,0,0,4002,111400,0,0,0
44319425,0,0,22011,304200,4332,1,0
44319426,0,0,22011,304200,4332,0,0
44319427,0,0,22011,304200,4333,0,0
44319428,0,0,22011,304200,4333,0,0
44319429,0,0,22011,304200,4333,0,0
44319430,5252,0,22011,304200,4333,0,0
# MARK addr tick=44319430
44319431,5252,0,22011,304200,4333,0,0
44319432,0,0,22002,304200,4333,0,0
44319433,0,0,4002,304200,4333,0,0
44319434,0,0,5252,304200,4333,0,0
# MARK ram tick=44319434
44319435,0,44516,5252,111516,4333,0,0
44319436,0,44516,5252,111516,4333,0,0
44319437,0,44516,5252,111516,4333,0,0
44319438,0,44516,4000,111516,4333,0,0
44319439,0,0,4002,111516,4333,0,0
44319440,0,0,4002,111516,4333,0,0
44320416,0,0,12005,400400,2001,0,0
44320417,0,0,12005,400400,17504,0,0
44320418,0,0,12005,400400,17504,0,0
44320419,55504,0,12005,400400,0,0,0
44320420,55504,0,12005,400400,6000,1,0
44320421,0,0,12026,400400,6000,1,0
# MARK ram tick=44320421
44320422,0,0,54026,400400,6000,1,0
44320423,0,0,55504,400400,6000,1,0
44320424,0,131451,55504,263051,7314,1,0
44320425,0,131451,55504,263051,7314,1,0
44320426,0,131451,55504,263051,7314,1,0
44320427,0,131451,54000,263051,7314,1,0
44353820,0,0,20010,705200,4341,1,0
44353821,0,0,20010,705200,4341,0,0
44353822,0,0,20010,705200,4342,0,0
44353823,0,0,20010,705200,4342,0,0
44353824,0,0,20010,705200,4342,0,0
44353825,12023,0,20010,705200,4342,0,0
# MARK addr tick=44353825
44353826,12023,0,20010,705200,4342,0,0
44353827,0,0,20005,705200,4342,0,0
44353828,0,0,12005,705200,4342,0,0
44353829,0,0,12023,705200,4342,0,0
# MARK ram tick=44353829
44353830,0,44400,12023,111400,4342,0,0
44353831,0,44400,12023,111400,4342,0,0
44353832,0,44400,12023,111400,4342,0,0
44353833,0,44400,12000,111400,4342,0,0
44353834,0,0,12005,111400,4342,0,0
44353835,0,0,12005,111400,4342,0,0
44353846,0,0,12005,111400,145,1,0
44353847,0,0,12005,111400,145,0,0
44353848,0,0,12005,111400,0,0,0
44353849,0,0,12005,111400,0,0,0
44353850,0,0,12005,111400,0,0,0
44353851,12023,0,12005,111400,0,0,0
# MARK addr tick=44353851
44353852,12023,0,12005,111400,0,0,0
44353853,0,0,12005,111400,0,0,0
44353854,44516,0,12005,111400,0,0,0
44353855,44516,0,12023,111400,0,1,0
# MARK ram tick=44353855
44353856,44516,0,12023,111400,0,0,0
44353857,44516,0,12023,111400,2001,0,0
44353858,44516,0,12023,111400,16166,0,0
44353859,44516,0,12000,111400,16166,0,0
44353860,44516,0,12005,111400,0,0,0
44353861,0,0,12005,111400,0,0,0
44604803,0,0,22011,705200,4341,1,0
44604804,0,0,22011,705200,4341,0,0
44604805,0,0,22011,705200,4345,0,0
44604806,0,0,22011,705200,4345,0,0
44604807,0,0,22011,705200,4345,0,0
44604808,5253,0,22011,705200,4345,0,0
# MARK addr tick=44604808
44604809,5253,0,22011,705200,4345,0,0
44604810,0,0,22002,705200,4345,0,0
44604811,0,0,4002,705200,4345,0,0
44604812,0,0,5253,705200,4345,0,0
# MARK ram tick=44604812
44604813,0,0,5253,400400,4345,0,0
44604814,0,0,5253,400400,4345,0,0
44604815,0,0,5253,400400,4345,0,0
44604816,0,0,4000,400400,4345,0,0
44604817,0,0,4002,400400,4345,0,0
44604818,0,0,4002,400400,4345,0,0
44604835,0,0,4002,400400,145,1,0
44604836,0,0,4002,400400,145,0,0
44604837,0,0,4002,400400,0,0,0
44604838,0,0,4002,400400,0,0,0
44604839,0,0,4002,400400,0,0,0
44604840,5253,0,4002,400400,0,0,0
# MARK addr tick=44604840
44604841,5253,0,4002,400400,0,0,0
44604842,0,0,4002,400400,0,0,0
44604843,51400,0,4002,400400,0,0,0
44604844,51400,0,5253,400400,0,1,0
# MARK ram tick=44604844
44604845,51400,0,5253,400400,0,0,0
44604846,51400,0,5253,400400,2001,0,0
44604847,51400,0,5253,400400,16423,0,0
44604848,51400,0,4000,400400,16423,0,0
44604849,51400,0,4002,400400,0,0,0
44604850,0,0,4002,400400,0,0,0
44616517,0,0,22011,304200,4332,1,0
44616518,0,0,22011,304200,4332,0,0
44616519,0,0,22011,304200,4334,0,0
44616520,0,0,22011,304200,4334,0,0
44616521,0,0,22011,304200,4334,0,0
44616522,5253,0,22011,304200,4334,0,0
# MARK addr tick=44616522
44616523,5253,0,22011,304200,4334,0,0
44616524,0,0,22002,304200,4334,0,0
44616525,0,0,4002,304200,4334,0,0
44616526,0,0,5253,304200,4334,0,0
# MARK ram tick=44616526
44616527,0,51400,5253,523400,4334,0,0
44616528,0,51400,5253,523400,4334,0,0
44616529,0,51400,5253,523400,4334,0,0
44616530,0,51400,4000,523400,4334,0,0
44616531,0,0,4002,523400,4334,0,0
44616532,0,0,4002,523400,4334,0,0
44617513,0,0,12005,400400,2001,0,0
44617514,0,0,12005,400400,17504,0,0
44617515,0,0,12005,400400,17504,0,0
44617516,55504,0,12005,400400,0,0,0
44617517,55504,0,12005,400400,6000,1,0
44617518,0,0,12026,400400,6000,1,0
# MARK ram tick=44617518
44617519,0,0,54026,400400,6000,1,0
44617520,0,0,55504,400400,6000,1,0
44617521,0,131451,55504,263051,7314,1,0
44617522,0,131451,55504,263051,7314,1,0
44617523,0,131451,55504,263051,7314,1,0
44617524,0,131451,54000,263051,7314,1,0
44656544,0,0,20010,705200,4341,1,0
44656545,0,0,20010,705200,4341,0,0
44656546,0,0,20010,705200,4345,0,0
44656547,0,0,20010,705200,4345,0,0
44656548,0,0,20010,705200,4345,0,0
44656549,12024,0,20010,705200,4345,0,0
# MARK addr tick=44656549
44656550,12024,0,20010,705200,4345,0,0
44656551,0,0,20005,705200,4345,0,0
44656552,0,0,12005,705200,4345,0,0
44656553,0,0,12024,705200,4345,0,0
# MARK ram tick=44656553
44656554,0,0,12024,400400,4345,0,0
44656555,0,0,12024,400400,4345,0,0
44656556,0,0,12024,400400,4345,0,0
44656557,0,0,12000,400400,4345,0,0
44656558,0,0,12005,400400,4345,0,0
44656559,0,0,12005,400400,4345,0,0
44656576,0,0,12005,400400,145,1,0
44656577,0,0,12005,400400,145,0,0
44656578,0,0,12005,400400,0,0,0
44656579,0,0,12005,400400,0,0,0
44656580,0,0,12005,400400,0,0,0
44656581,12024,0,12005,400400,0,0,0
# MARK addr tick=44656581
44656582,12024,0,12005,400400,0,0,0
44656583,0,0,12005,400400,0,0,0
44656584,51400,0,12005,400400,0,0,0
44656585,51400,0,12024,400400,0,1,0
# MARK ram tick=44656585
44656586,51400,0,12024,400400,0,0,0
44656587,51400,0,12024,400400,2001,0,0
44656588,51400,0,12024,400400,16166,0,0
44656589,51400,0,12000,400400,16166,0,0
44656590,51400,0,12005,400400,0,0,0
44656591,0,0,12005,400400,0,0,0
44912185,0,0,22011,705200,4341,1,0
44912186,0,0,22011,705200,4341,0,0
44912187,0,0,22011,705200,4342,0,0
44912188,0,0,22011,705200,4342,0,0
44912189,0,0,22011,705200,4342,0,0
44912190,5253,0,22011,705200,4342,0,0
# MARK addr tick=44912190
44912191,5253,0,22011,705200,4342,0,0
44912192,0,0,22002,705200,4342,0,0
44912193,0,0,4002,705200,4342,0,0
44912194,0,0,5253,705200,4342,0,0
# MARK ram tick=44912194
44912195,0,51400,5253,523400,4342,0,0
44912196,0,51400,5253,523400,4342,0,0
44912197,0,51400,5253,523400,4342,0,0
44912198,0,51400,4000,523400,4342,0,0
44912199,0,0,4002,523400,4342,0,0
44912200,0,0,4002,523400,4342,0,0
44912211,0,0,4002,523400,145,1,0
44912212,0,0,4002,523400,145,0,0
44912213,0,0,4002,523400,0,0,0
44912214,0,0,4002,523400,0,0,0
44912215,0,0,4002,523400,0,0,0
44912216,5253,0,4002,523400,0,0,0
# MARK addr tick=44912216
44912217,5253,0,4002,523400,0,0,0
44912218,0,0,4002,523400,0,0,0
44912219,51524,0,4002,523400,0,0,0
44912220,51524,0,5253,523400,0,1,0
# MARK ram tick=44912220
44912221,51524,0,5253,523400,0,0,0
44912222,51524,0,5253,523400,2001,0,0
44912223,51524,0,5253,523400,16423,0,0
44912224,51524,0,4000,523400,16423,0,0
44912225,51524,0,4002,523400,0,0,0
44912226,0,0,4002,523400,0,0,0
44913500,0,0,22011,304200,4332,1,0
44913501,0,0,22011,304200,4332,0,0
44913502,0,0,22011,304200,4333,0,0
44913503,0,0,22011,304200,4333,0,0
44913504,0,0,22011,304200,4333,0,0
44913505,5253,0,22011,304200,4333,0,0
# MARK addr tick=44913505
44913506,5253,0,22011,304200,4333,0,0
44913507,0,0,22002,304200,4333,0,0
44913508,0,0,4002,304200,4333,0,0
44913509,0,0,5253,304200,4333,0,0
# MARK ram tick=44913509
44913510,0,51524,5253,523124,4333,0,0
44913511,0,51524,5253,523124,4333,0,0
44913512,0,51524,5253,523124,4333,0,0
44913513,0,51524,4000,523124,4333,0,0
44913514,0,0,4002,523124,4333,0,0
44913515,0,0,4002,523124,4333,0,0
44914493,0,0,12005,400400,2001,0,0
44914494,0,0,12005,400400,17504,0,0
44914495,0,0,12005,400400,17504,0,0
44914496,55504,0,12005,400400,0,0,0
44914497,55504,0,12005,400400,6000,1,0
44914498,0,0,12026,400400,6000,1,0
# MARK ram tick=44914498
44914499,0,0,54026,400400,6000,1,0
44914500,0,0,55504,400400,6000,1,0
44914501,0,131451,55504,263051,7314,1,0
44914502,0,131451,55504,263051,7314,1,0
44914503,0,131451,55504,263051,7314,1,0
44914504,0,131451,54000,263051,7314,1,0
44953508,0,0,20010,705200,4341,1,0
44953509,0,0,20010,705200,4341,0,0
44953510,0,0,20010,705200,4342,0,0
44953511,0,0,20010,705200,4342,0,0
44953512,0,0,20010,705200,4342,0,0
44953513,12024,0,20010,705200,4342,0,0
# MARK addr tick=44953513
44953514,12024,0,20010,705200,4342,0,0
44953515,0,0,20005,705200,4342,0,0
44953516,0,0,12005,705200,4342,0,0
44953517,0,0,12024,705200,4342,0,0
# MARK ram tick=44953517
44953518,0,51400,12024,523400,4342,0,0
44953519,0,51400,12024,523400,4342,0,0
44953520,0,51400,12024,523400,4342,0,0
44953521,0,51400,12000,523400,4342,0,0
44953522,0,0,12005,523400,4342,0,0
44953523,0,0,12005,523400,4342,0,0
44953534,0,0,12005,523400,145,1,0
44953535,0,0,12005,523400,145,0,0
44953536,0,0,12005,523400,0,0,0
44953537,0,0,12005,523400,0,0,0
44953538,0,0,12005,523400,0,0,0
44953539,12024,0,12005,523400,0,0,0
# MARK addr tick=44953539
44953540,12024,0,12005,523400,0,0,0
44953541,0,0,12005,523400,0,0,0
44953542,51524,0,12005,523400,0,0,0
44953543,51524,0,12024,523400,0,1,0
# MARK ram tick=44953543
44953544,51524,0,12024,523400,0,0,0
44953545,51524,0,12024,523400,2001,0,0
44953546,51524,0,12024,523400,16166,0,0
44953547,51524,0,12000,523400,16166,0,0
44953548,51524,0,12005,523400,0,0,0
44953549,0,0,12005,523400,0,0,0
45207392,0,0,22011,705200,4341,1,0
45207393,0,0,22011,705200,4341,0,0
45207394,0,0,22011,705200,4345,0,0
45207395,0,0,22011,705200,4345,0,0
45207396,0,0,22011,705200,4345,0,0
45207397,5254,0,22011,705200,4345,0,0
# MARK addr tick=45207397
45207398,5254,0,22011,705200,4345,0,0
45207399,0,0,22002,705200,4345,0,0
45207400,0,0,4002,705200,4345,0,0
45207401,0,0,5254,705200,4345,0,0
# MARK ram tick=45207401
45207402,0,0,5254,400400,4345,0,0
45207403,0,0,5254,400400,4345,0,0
45207404,0,0,5254,400400,4345,0,0
45207405,0,0,4000,400400,4345,0,0
45207406,0,0,4002,400400,4345,0,0
45207407,0,0,4002,400400,4345,0,0
45207424,0,0,4002,400400,145,1,0
45207425,0,0,4002,400400,145,0,0
45207426,0,0,4002,400400,0,0,0
45207427,0,0,4002,400400,0,0,0
45207428,0,0,4002,400400,0,0,0
45207429,5254,0,4002,400400,0,0,0
# MARK addr tick=45207429
45207430,5254,0,4002,400400,0,0,0
45207431,0,0,4002,400400,0,0,0
45207432,51000,0,4002,400400,0,0,0
45207433,51000,0,5254,400400,0,1,0
# MARK ram tick=45207433
45207434,51000,0,5254,400400,0,0,0
45207435,51000,0,5254,400400,2001,0,0
45207436,51000,0,5254,400400,16423,0,0
45207437,51000,0,4000,400400,16423,0,0
45207438,51000,0,4002,400400,0,0,0
45207439,0,0,4002,400400,0,0,0
45209125,0,0,22011,304200,4332,1,0
45209126,0,0,22011,304200,4332,0,0
45209127,0,0,22011,304200,4334,0,0
45209128,0,0,22011,304200,4334,0,0
45209129,0,0,22011,304200,4334,0,0
45209130,5254,0,22011,304200,4334,0,0
# MARK addr tick=45209130
45209131,5254,0,22011,304200,4334,0,0
45209132,0,0,22002,304200,4334,0,0
45209133,0,0,4002,304200,4334,0,0
45209134,0,0,5254,304200,4334,0,0
# MARK ram tick=45209134
45209135,0,51000,5254,122400,4334,0,0
45209136,0,51000,5254,122400,4334,0,0
45209137,0,51000,5254,122400,4334,0,0
45209138,0,51000,4000,122400,4334,0,0
45209139,0,0,4002,122400,4334,0,0
45209140,0,0,4002,122400,4334,0,0
45210125,0,0,12005,400400,2001,0,0
45210126,0,0,12005,400400,17504,0,0
45210127,0,0,12005,400400,17504,0,0
45210128,55504,0,12005,400400,0,0,0
45210129,55504,0,12005,400400,6000,1,0
45210130,0,0,12026,400400,6000,1,0
# MARK ram tick=45210130
45210131,0,0,54026,400400,6000,1,0
45210132,0,0,55504,400400,6000,1,0
45210133,0,131451,55504,263051,7314,1,0
45210134,0,131451,55504,263051,7314,1,0
45210135,0,131451,55504,263051,7314,1,0
45210136,0,131451,54000,263051,7314,1,0
45243502,0,0,20010,705200,4341,1,0
45243503,0,0,20010,705200,4341,0,0
45243504,0,0,20010,705200,4345,0,0
45243505,0,0,20010,705200,4345,0,0
45243506,0,0,20010,705200,4345,0,0
45243507,12025,0,20010,705200,4345,0,0
# MARK addr tick=45243507
45243508,12025,0,20010,705200,4345,0,0
45243509,0,0,20005,705200,4345,0,0
45243510,0,0,12005,705200,4345,0,0
45243511,0,0,12025,705200,4345,0,0
# MARK ram tick=45243511
45243512,0,0,12025,400400,4345,0,0
45243513,0,0,12025,400400,4345,0,0
45243514,0,0,12025,400400,4345,0,0
45243515,0,0,12000,400400,4345,0,0
45243516,0,0,12005,400400,4345,0,0
45243517,0,0,12005,400400,4345,0,0
45243534,0,0,12005,400400,145,1,0
45243535,0,0,12005,400400,145,0,0
45243536,0,0,12005,400400,0,0,0
45243537,0,0,12005,400400,0,0,0
45243538,0,0,12005,400400,0,0,0
45243539,12025,0,12005,400400,0,0,0
# MARK addr tick=45243539
45243540,12025,0,12005,400400,0,0,0
45243541,0,0,12005,400400,0,0,0
45243542,51000,0,12005,400400,0,0,0
45243543,51000,0,12025,400400,0,1,0
# MARK ram tick=45243543
45243544,51000,0,12025,400400,0,0,0
45243545,51000,0,12025,400400,2001,0,0
45243546,51000,0,12025,400400,16166,0,0
45243547,51000,0,12000,400400,16166,0,0
45243548,51000,0,12005,400400,0,0,0
45243549,0,0,12005,400400,0,0,0
45504058,0,0,22011,705200,4341,1,0
45504059,0,0,22011,705200,4341,0,0
45504060,0,0,22011,705200,4342,0,0
45504061,0,0,22011,705200,4342,0,0
45504062,0,0,22011,705200,4342,0,0
45504063,5254,0,22011,705200,4342,0,0
# MARK addr tick=45504063
45504064,5254,0,22011,705200,4342,0,0
45504065,0,0,22002,705200,4342,0,0
45504066,0,0,4002,705200,4342,0,0
45504067,0,0,5254,705200,4342,0,0
# MARK ram tick=45504067
45504068,0,51000,5254,122400,4342,0,0
45504069,0,51000,5254,122400,4342,0,0
45504070,0,51000,5254,122400,4342,0,0
45504071,0,51000,4000,122400,4342,0,0
45504072,0,0,4002,122400,4342,0,0
45504073,0,0,4002,122400,4342,0,0
45504084,0,0,4002,122400,145,1,0
45504085,0,0,4002,122400,145,0,0
45504086,0,0,4002,122400,0,0,0
45504087,0,0,4002,122400,0,0,0
45504088,0,0,4002,122400,0,0,0
45504089,5254,0,4002,122400,0,0,0
# MARK addr tick=45504089
45504090,5254,0,4002,122400,0,0,0
45504091,0,0,4002,122400,0,0,0
45504092,51125,0,4002,122400,0,0,0
45504093,51125,0,5254,122400,0,1,0
# MARK ram tick=45504093
45504094,51125,0,5254,122400,0,0,0
45504095,51125,0,5254,122400,2001,0,0
45504096,51125,0,5254,122400,16423,0,0
45504097,51125,0,4000,122400,16423,0,0
45504098,51125,0,4002,122400,0,0,0
45504099,0,0,4002,122400,0,0,0
45505771,0,0,22011,304200,4332,1,0
45505772,0,0,22011,304200,4332,0,0
45505773,0,0,22011,304200,4333,0,0
45505774,0,0,22011,304200,4333,0,0
45505775,0,0,22011,304200,4333,0,0
45505776,5254,0,22011,304200,4333,0,0
# MARK addr tick=45505776
45505777,5254,0,22011,304200,4333,0,0
45505778,0,0,22002,304200,4333,0,0
45505779,0,0,4002,304200,4333,0,0
45505780,0,0,5254,304200,4333,0,0
# MARK ram tick=45505780
45505781,0,51125,5254,122525,4333,0,0
45505782,0,51125,5254,122525,4333,0,0
45505783,0,51125,5254,122525,4333,0,0
45505784,0,51125,4000,122525,4333,0,0
45505785,0,0,4002,122525,4333,0,0
45505786,0,0,4002,122525,4333,0,0
45506770,0,0,12005,400400,2001,0,0
45506771,0,0,12005,400400,17504,0,0
45506772,0,0,12005,400400,17504,0,0
45506773,55504,0,12005,400400,0,0,0
45506774,55504,0,12005,400400,6000,1,0
45506775,0,0,12026,400400,6000,1,0
# MARK ram tick=45506775
45506776,0,0,54026,400400,6000,1,0
45506777,0,0,55504,400400,6000,1,0
45506778,0,131451,55504,263051,7314,1,0
45506779,0,131451,55504,263051,7314,1,0
45506780,0,131451,55504,263051,7314,1,0
45506781,0,131451,54000,263051,7314,1,0
45540143,0,0,20010,705200,4341,1,0
45540144,0,0,20010,705200,4341,0,0
45540145,0,0,20010,705200,4342,0,0
45540146,0,0,20010,705200,4342,0,0
45540147,0,0,20010,705200,4342,0,0
45540148,12025,0,20010,705200,4342,0,0
# MARK addr tick=45540148
45540149,12025,0,20010,705200,4342,0,0
45540150,0,0,20005,705200,4342,0,0
45540151,0,0,12005,705200,4342,0,0
45540152,0,0,12025,705200,4342,0,0
# MARK ram tick=45540152
45540153,0,51000,12025,122400,4342,0,0
45540154,0,51000,12025,122400,4342,0,0
45540155,0,51000,12025,122400,4342,0,0
45540156,0,51000,12000,122400,4342,0,0
45540157,0,0,12005,122400,4342,0,0
45540158,0,0,12005,122400,4342,0,0
45540169,0,0,12005,122400,145,1,0
45540170,0,0,12005,122400,145,0,0
45540171,0,0,12005,122400,0,0,0
45540172,0,0,12005,122400,0,0,0
45540173,0,0,12005,122400,0,0,0
45540174,12025,0,12005,122400,0,0,0
# MARK addr tick=45540174
45540175,12025,0,12005,122400,0,0,0
45540176,0,0,12005,122400,0,0,0
45540177,51125,0,12005,122400,0,0,0
45540178,51125,0,12025,122400,0,1,0
# MARK ram tick=45540178
45540179,51125,0,12025,122400,0,0,0
45540180,51125,0,12025,122400,2001,0,0
45540181,51125,0,12025,122400,16166,0,0
45540182,51125,0,12000,122400,16166,0,0
45540183,51125,0,12005,122400,0,0,0
45540184,0,0,12005,122400,0,0,0
45811274,0,0,22011,705200,4341,1,0
45811275,0,0,22011,705200,4341,0,0
45811276,0,0,22011,705200,4345,0,0
45811277,0,0,22011,705200,4345,0,0
45811278,0,0,22011,705200,4345,0,0
45811279,5255,0,22011,705200,4345,0,0
# MARK addr tick=45811279
45811280,5255,0,22011,705200,4345,0,0
45811281,0,0,22002,705200,4345,0,0
45811282,0,0,4002,705200,4345,0,0
45811283,0,0,5255,705200,4345,0,0
# MARK ram tick=45811283
45811284,0,0,5255,400400,4345,0,0
45811285,0,0,5255,400400,4345,0,0
45811286,0,0,5255,400400,4345,0,0
45811287,0,0,4000,400400,4345,0,0
45811288,0,0,4002,400400,4345,0,0
45811289,0,0,4002,400400,4345,0,0
45811306,0,0,4002,400400,145,1,0
45811307,0,0,4002,400400,145,0,0
45811308,0,0,4002,400400,0,0,0
45811309,0,0,4002,400400,0,0,0
45811310,0,0,4002,400400,0,0,0
45811311,5255,0,4002,400400,0,0,0
# MARK addr tick=45811311
45811312,5255,0,4002,400400,0,0,0
45811313,0,0,4002,400400,0,0,0
45811314,41400,0,4002,400400,0,0,0
45811315,41400,0,5255,400400,0,1,0
# MARK ram tick=45811315
45811316,41400,0,5255,400400,0,0,0
45811317,41400,0,5255,400400,2001,0,0
45811318,41400,0,5255,400400,16423,0,0
45811319,41400,0,4000,400400,16423,0,0
45811320,41400,0,4002,400400,0,0,0
45811321,0,0,4002,400400,0,0,0
45812591,0,0,22011,304200,4332,1,0
45812592,0,0,22011,304200,4332,0,0
45812593,0,0,22011,304200,4334,0,0
45812594,0,0,22011,304200,4334,0,0
45812595,0,0,22011,304200,4334,0,0
45812596,5255,0,22011,304200,4334,0,0
# MARK addr tick=45812596
45812597,5255,0,22011,304200,4334,0,0
45812598,0,0,22002,304200,4334,0,0
45812599,0,0,4002,304200,4334,0,0
45812600,0,0,5255,304200,4334,0,0
# MARK ram tick=45812600
45812601,0,41400,5255,103400,4334,0,0
45812602,0,41400,5255,103400,4334,0,0
45812603,0,41400,5255,103400,4334,0,0
45812604,0,41400,4000,103400,4334,0,0
45812605,0,0,4002,103400,4334,0,0
45812606,0,0,4002,103400,4334,0,0
45819245,0,0,12005,400400,2001,0,0
45819246,0,0,12005,400400,17504,0,0
45819247,0,0,12005,400400,17504,0,0
45819248,55504,0,12005,400400,0,0,0
45819249,55504,0,12005,400400,6000,1,0
45819250,0,0,12026,400400,6000,1,0
# MARK ram tick=45819250
45819251,0,0,54026,400400,6000,1,0
45819252,0,0,55504,400400,6000,1,0
45819253,0,131451,55504,263051,7314,1,0
45819254,0,131451,55504,263051,7314,1,0
45819255,0,131451,55504,263051,7314,1,0
45819256,0,131451,54000,263051,7314,1,0
45852569,0,0,20010,705200,4341,1,0
45852570,0,0,20010,705200,4341,0,0
45852571,0,0,20010,705200,4345,0,0
45852572,0,0,20010,705200,4345,0,0
45852573,0,0,20010,705200,4345,0,0
45852574,12026,0,20010,705200,4345,0,0
# MARK addr tick=45852574
45852575,12026,0,20010,705200,4345,0,0
45852576,0,0,20005,705200,4345,0,0
45852577,0,0,12005,705200,4345,0,0
45852578,0,0,12026,705200,4345,0,0
# MARK ram tick=45852578
45852579,0,0,12026,400400,4345,0,0
45852580,0,0,12026,400400,4345,0,0
45852581,0,0,12026,400400,4345,0,0
45852582,0,0,12000,400400,4345,0,0
45852583,0,0,12005,400400,4345,0,0
45852584,0,0,12005,400400,4345,0,0
45852601,0,0,12005,400400,145,1,0
45852602,0,0,12005,400400,145,0,0
45852603,0,0,12005,400400,0,0,0
45852604,0,0,12005,400400,0,0,0
45852605,0,0,12005,400400,0,0,0
45852606,12026,0,12005,400400,0,0,0
# MARK addr tick=45852606
45852607,12026,0,12005,400400,0,0,0
45852608,0,0,12005,400400,0,0,0
45852609,41400,0,12005,400400,0,0,0
45852610,41400,0,12026,400400,0,1,0
# MARK ram tick=45852610
45852611,41400,0,12026,400400,0,0,0
45852612,41400,0,12026,400400,2001,0,0
45852613,41400,0,12026,400400,16166,0,0
45852614,41400,0,12000,400400,16166,0,0
45852615,41400,0,12005,400400,0,0,0
45852616,0,0,12005,400400,0,0,0
46107464,0,0,22011,705200,4341,1,0
46107465,0,0,22011,705200,4341,0,0
46107466,0,0,22011,705200,4342,0,0
46107467,0,0,22011,705200,4342,0,0
46107468,0,0,22011,705200,4342,0,0
46107469,5255,0,22011,705200,4342,0,0
# MARK addr tick=46107469
46107470,5255,0,22011,705200,4342,0,0
46107471,0,0,22002,705200,4342,0,0
46107472,0,0,4002,705200,4342,0,0
46107473,0,0,5255,705200,4342,0,0
# MARK ram tick=46107473
46107474,0,41400,5255,103400,4342,0,0
46107475,0,41400,5255,103400,4342,0,0
46107476,0,41400,5255,103400,4342,0,0
46107477,0,41400,4000,103400,4342,0,0
46107478,0,0,4002,103400,4342,0,0
46107479,0,0,4002,103400,4342,0,0
46107490,0,0,4002,103400,145,1,0
46107491,0,0,4002,103400,145,0,0
46107492,0,0,4002,103400,0,0,0
46107493,0,0,4002,103400,0,0,0
46107494,0,0,4002,103400,0,0,0
46107495,5255,0,4002,103400,0,0,0
# MARK addr tick=46107495
46107496,5255,0,4002,103400,0,0,0
46107497,0,0,4002,103400,0,0,0
46107498,41524,0,4002,103400,0,0,0
46107499,41524,0,5255,103400,0,1,0
# MARK ram tick=46107499
46107500,41524,0,5255,103400,0,0,0
46107501,41524,0,5255,103400,2001,0,0
46107502,41524,0,5255,103400,16423,0,0
46107503,41524,0,4000,103400,16423,0,0
46107504,41524,0,4002,103400,0,0,0
46107505,0,0,4002,103400,0,0,0
46109181,0,0,22000,304200,4332,1,1
46109182,0,0,22011,304200,4332,0,1
46109183,0,0,22011,304200,4333,0,0
46109184,0,0,22011,304200,4333,0,0
46109185,0,0,22011,304200,4333,0,0
46109186,5255,0,22011,304200,4333,0,0
# MARK addr tick=46109186
46109187,5255,0,22011,304200,4333,0,0
46109188,0,0,22002,304200,4333,0,0
46109189,0,0,4002,304200,4333,0,0
46109190,0,0,5255,304200,4333,0,0
# MARK ram tick=46109190
46109191,0,41524,5255,103124,4333,0,0
46109192,0,41524,5255,103124,4333,0,0
46109193,0,41524,5255,103124,4333,0,0
46109194,0,41524,4000,103124,4333,0,0
46109195,0,0,4002,103124,4333,0,0
46109196,0,0,4002,103124,4333,0,0
46115824,0,0,12005,400400,2001,0,0
46115825,0,0,12005,400400,17504,0,0
46115826,0,0,12005,400400,17504,0,0
46115827,55504,0,12005,400400,0,0,0
46115828,55504,0,12005,400400,6000,1,0
46115829,0,0,12026,400400,6000,1,0
# MARK ram tick=46115829
46115830,0,0,54026,400400,6000,1,0
46115831,0,0,55504,400400,6000,1,0
46115832,0,131451,55504,263051,7314,1,1
46115833,0,131451,55504,263051,7314,1,1
46115834,0,131451,55504,263051,7314,1,1
46115835,0,131451,54000,263051,7314,1,1
46149118,0,0,20010,705200,4341,1,1
46149119,0,0,20010,705200,4341,0,0
46149120,0,0,20010,705200,4342,0,0
46149121,0,0,20010,705200,4342,0,0
46149122,0,0,20010,705200,4342,0,0
46149123,12026,0,20010,705200,4342,0,0
# MARK addr tick=46149123
46149124,12026,0,20010,705200,4342,0,0
46149125,0,0,20005,705200,4342,0,0
46149126,0,0,12005,705200,4342,0,0
46149127,0,0,12026,705200,4342,0,0
# MARK ram tick=46149127
46149128,0,41400,12026,103400,4342,0,0
46149129,0,41400,12026,103400,4342,0,0
46149130,0,41400,12026,103400,4342,0,0
46149131,0,41400,12000,103400,4342,0,0
46149132,0,0,12005,103400,4342,0,0
46149133,0,0,12005,103400,4342,0,0
46149144,0,0,12005,103400,145,1,0
46149145,0,0,12005,103400,145,0,0
46149146,0,0,12005,103400,0,0,0
46149147,0,0,12005,103400,0,0,0
46149148,0,0,12005,103400,0,0,0
46149149,12026,0,12005,103400,0,0,0
# MARK addr tick=46149149
46149150,12026,0,12005,103400,0,0,0
46149151,0,0,12005,103400,0,0,0
46149152,41524,0,12005,103400,0,0,0
46149153,41524,0,12026,103400,0,1,0
# MARK ram tick=46149153
46149154,41524,0,12026,103400,0,0,0
46149155,41524,0,12026,103400,2001,0,0
46149156,41524,0,12026,103400,16166,0,0
46149157,41524,0,12000,103400,16166,0,0
46149158,41524,0,12005,103400,0,0,0
46149159,0,0,12005,103400,0,0,0
46413544,0,0,22011,705200,4341,1,0
46413545,0,0,22011,705200,4341,0,0
46413546,0,0,22011,705200,4345,0,0
46413547,0,0,22011,705200,4345,0,0
46413548,0,0,22011,705200,4345,0,0
46413549,5256,0,22011,705200,4345,0,0
# MARK addr tick=46413549
46413550,5256,0,22011,705200,4345,0,0
46413551,0,0,22002,705200,4345,0,0
46413552,0,0,4002,705200,4345,0,0
46413553,0,0,5256,705200,4345,0,0
# MARK ram tick=46413553
46413554,0,0,5256,400400,4345,0,0
46413555,0,0,5256,400400,4345,0,0
46413556,0,0,5256,400400,4345,0,0
46413557,0,0,4000,400400,4345,0,0
46413558,0,0,4002,400400,4345,0,0
46413559,0,0,4002,400400,4345,0,0
46413576,0,0,4002,400400,145,1,0
46413577,0,0,4002,400400,145,0,0
46413578,0,0,4002,400400,0,0,0
46413579,0,0,4002,400400,0,0,0
46413580,0,0,4002,400400,0,0,0
46413581,5256,0,4002,400400,0,0,0
# MARK addr tick=46413581
46413582,5256,0,4002,400400,0,0,0
46413583,0,0,4002,400400,0,0,0
46413584,44400,0,4002,400400,0,0,0
46413585,44400,0,5256,400400,0,1,0
# MARK ram tick=46413585
46413586,44400,0,5256,400400,0,0,0
46413587,44400,0,5256,400400,2001,0,0
46413588,44400,0,5256,400400,16423,0,0
46413589,44400,0,4000,400400,16423,0,0
46413590,44400,0,4002,400400,0,0,0
46413591,0,0,4002,400400,0,0,0
46420525,0,0,22011,304200,4332,1,0
46420526,0,0,22011,304200,4332,0,0
46420527,0,0,22011,304200,4334,0,0
46420528,0,0,22011,304200,4334,0,0
46420529,0,0,22011,304200,4334,0,0
46420530,5256,0,22011,304200,4334,0,0
# MARK addr tick=46420530
46420531,5256,0,22011,304200,4334,0,0
46420532,0,0,22002,304200,4334,0,0
46420533,0,0,4002,304200,4334,0,0
46420534,0,0,5256,304200,4334,0,0
# MARK ram tick=46420534
46420535,0,44400,5256,111400,4334,0,0
46420536,0,44400,5256,111400,4334,0,0
46420537,0,44400,5256,111400,4334,0,0
46420538,0,44400,4000,111400,4334,0,0
46420539,0,0,4002,111400,4334,0,0
46420540,0,0,4002,111400,4334,0,0
46421519,0,0,12005,400400,2001,0,0
46421520,0,0,12005,400400,17504,0,0
46421521,0,0,12005,400400,17504,0,0
46421522,55504,0,12005,400400,0,0,0
46421523,55504,0,12005,400400,6000,1,0
46421524,0,0,12026,400400,6000,1,0
# MARK ram tick=46421524
46421525,0,0,54026,400400,6000,1,0
46421526,0,0,55504,400400,6000,1,0
46421527,0,131451,55504,263051,7314,1,0
46421528,0,131451,55504,263051,7314,1,0
46421529,0,131451,55504,263051,7314,1,0
46421530,0,131451,54000,263051,7314,1,0
46454877,0,0,20010,705200,4341,1,0
46454878,0,0,20010,705200,4341,0,0
46454879,0,0,20010,705200,4345,0,0
46454880,0,0,20010,705200,4345,0,0
46454881,0,0,20010,705200,4345,0,0
46454882,12027,0,20010,705200,4345,0,0
# MARK addr tick=46454882
46454883,12027,0,20010,705200,4345,0,0
46454884,0,0,20005,705200,4345,0,0
46454885,0,0,12005,705200,4345,0,0
46454886,0,0,12027,705200,4345,0,0
# MARK ram tick=46454886
46454887,0,0,12027,400400,4345,0,0
46454888,0,0,12027,400400,4345,0,0
46454889,0,0,12027,400400,4345,0,0
46454890,0,0,12000,400400,4345,0,0
46454891,0,0,12005,400400,4345,0,0
46454892,0,0,12005,400400,4345,0,0
46454909,0,0,12005,400400,145,1,0
46454910,0,0,12005,400400,145,0,0
46454911,0,0,12005,400400,0,0,0
46454912,0,0,12005,400400,0,0,0
46454913,0,0,12005,400400,0,0,0
46454914,12027,0,12005,400400,0,0,0
# MARK addr tick=46454914
46454915,12027,0,12005,400400,0,0,0
46454916,0,0,12005,400400,0,0,0
46454917,44400,0,12005,400400,0,0,0
46454918,44400,0,12027,400400,0,1,0
# MARK ram tick=46454918
46454919,44400,0,12027,400400,0,0,0
46454920,44400,0,12027,400400,2001,0,0
46454921,44400,0,12027,400400,16166,0,0
46454922,44400,0,12000,400400,16166,0,0
46454923,44400,0,12005,400400,0,0,0
46454924,0,0,12005,400400,0,0,0
46710112,0,0,22011,705200,4341,1,0
46710113,0,0,22011,705200,4341,0,0
46710114,0,0,22011,705200,4342,0,0
46710115,0,0,22011,705200,4342,0,0
46710116,0,0,22011,705200,4342,0,0
46710117,5256,0,22011,705200,4342,0,0
# MARK addr tick=46710117
46710118,5256,0,22011,705200,4342,0,0
46710119,0,0,22002,705200,4342,0,0
46710120,0,0,4002,705200,4342,0,0
46710121,0,0,5256,705200,4342,0,0
# MARK ram tick=46710121
46710122,0,44400,5256,111400,4342,0,0
46710123,0,44400,5256,111400,4342,0,0
46710124,0,44400,5256,111400,4342,0,0
46710125,0,44400,4000,111400,4342,0,0
46710126,0,0,4002,111400,4342,0,0
46710127,0,0,4002,111400,4342,0,0
46710138,0,0,4002,111400,145,1,0
46710139,0,0,4002,111400,145,0,0
46710140,0,0,4002,111400,0,0,0
46710141,0,0,4002,111400,0,0,0
46710142,0,0,4002,111400,0,0,0
46710143,5256,0,4002,111400,0,0,0
# MARK addr tick=46710143
46710144,5256,0,4002,111400,0,0,0
46710145,0,0,4002,111400,0,0,0
46710146,44517,0,4002,111400,0,0,0
46710147,44517,0,5256,111400,0,1,0
# MARK ram tick=46710147
46710148,44517,0,5256,111400,0,0,0
46710149,44517,0,5256,111400,2001,0,0
46710150,44517,0,5256,111400,16423,0,0
46710151,44517,0,4000,111400,16423,0,0
46710152,44517,0,4002,111400,0,0,0
46710153,0,0,4002,111400,0,0,0
46717088,0,0,22011,304200,4332,1,0
46717089,0,0,22011,304200,4332,0,0
46717090,0,0,22011,304200,4333,0,0
46717091,0,0,22011,304200,4333,0,0
46717092,0,0,22011,304200,4333,0,0
46717093,5256,0,22011,304200,4333,0,0
# MARK addr tick=46717093
46717094,5256,0,22011,304200,4333,0,0
46717095,0,0,22002,304200,4333,0,0
46717096,0,0,4002,304200,4333,0,0
46717097,0,0,5256,304200,4333,0,0
# MARK ram tick=46717097
46717098,0,44517,5256,111117,4333,0,0
46717099,0,44517,5256,111117,4333,0,0
46717100,0,44517,5256,111117,4333,0,0
46717101,0,44517,4000,111117,4333,0,0
46717102,0,0,4002,111117,4333,0,0
46717103,0,0,4002,111117,4333,0,0
46718093,0,0,12005,400400,2001,0,0
46718094,0,0,12005,400400,17504,0,0
46718095,0,0,12005,400400,17504,0,0
46718096,55504,0,12005,400400,0,0,0
46718097,55504,0,12005,400400,6000,1,0
46718098,0,0,12026,400400,6000,1,0
# MARK ram tick=46718098
46718099,0,0,54026,400400,6000,1,0
46718100,0,0,55504,400400,6000,1,0
46718101,0,131451,55504,263051,7314,1,0
46718102,0,131451,55504,263051,7314,1,0
46718103,0,131451,55504,263051,7314,1,0
46718104,0,131451,54000,263051,7314,1,0
46751466,0,0,20010,705200,4341,1,0
46751467,0,0,20010,705200,4341,0,0
46751468,0,0,20010,705200,4342,0,0
46751469,0,0,20010,705200,4342,0,0
46751470,0,0,20010,705200,4342,0,0
46751471,12027,0,20010,705200,4342,0,0
# MARK addr tick=46751471
46751472,12027,0,20010,705200,4342,0,0
46751473,0,0,20005,705200,4342,0,0
46751474,0,0,12005,705200,4342,0,0
46751475,0,0,12027,705200,4342,0,0
# MARK ram tick=46751475
46751476,0,44400,12027,111400,4342,0,0
46751477,0,44400,12027,111400,4342,0,0
46751478,0,44400,12027,111400,4342,0,0
46751479,0,44400,12000,111400,4342,0,0
46751480,0,0,12005,111400,4342,0,0
46751481,0,0,12005,111400,4342,0,0
46751492,0,0,12005,111400,145,1,0
46751493,0,0,12005,111400,145,0,0
46751494,0,0,12005,111400,0,0,0
46751495,0,0,12005,111400,0,0,0
46751496,0,0,12005,111400,0,0,0
46751497,12027,0,12005,111400,0,0,0
# MARK addr tick=46751497
46751498,12027,0,12005,111400,0,0,0
46751499,0,0,12005,111400,0,0,0
46751500,44517,0,12005,111400,0,0,0
46751501,44517,0,12027,111400,0,1,0
# MARK ram tick=46751501
46751502,44517,0,12027,111400,0,0,0
46751503,44517,0,12027,111400,2001,0,0
46751504,44517,0,12027,111400,16166,0,0
46751505,44517,0,12000,111400,16166,0,0
46751506,44517,0,12005,111400,0,0,0
46751507,0,0,12005,111400,0,0,0
47014720,0,0,12005,400400,2001,0,0
47014721,0,0,12005,400400,17504,0,0
47014722,0,0,12005,400400,17504,0,0
47014723,55504,0,12005,400400,0,0,0
47014724,55504,0,12005,400400,6000,1,0
47014725,0,0,12026,400400,6000,1,0
# MARK ram tick=47014725
47014726,0,0,54026,400400,6000,1,0
47014727,0,0,55504,400400,6000,1,0
47014728,0,131451,55504,263051,7314,1,0
47014729,0,131451,55504,263051,7314,1,0
47014730,0,131451,55504,263051,7314,1,0
47014731,0,131451,54000,263051,7314,1,0
47310653,0,0,12005,400400,2001,0,0
47310654,0,0,12005,400400,17504,0,0
47310655,0,0,12005,400400,17504,0,0
47310656,55504,0,12005,400400,0,0,0
47310657,55504,0,12005,400400,6000,1,0
47310658,0,0,12026,400400,6000,1,0
# MARK ram tick=47310658
47310659,0,0,54026,400400,6000,1,0
47310660,0,0,55504,400400,6000,1,0
47310661,0,131451,55504,263051,7314,1,0
47310662,0,131451,55504,263051,7314,1,0
47310663,0,131451,55504,263051,7314,1,0
47310664,0,131451,54000,263051,7314,1,0
47385356,0,0,14006,304200,4332,1,0
47385357,0,0,14006,304200,4332,0,0
47385358,0,0,14006,304200,4334,0,0
47385359,0,0,14006,304200,4334,0,0
47385360,0,0,14006,304200,4334,0,0
47385361,12023,0,14006,304200,4334,0,0
# MARK addr tick=47385361
47385362,12023,0,14006,304200,4334,0,0
47385363,0,0,14005,304200,4334,0,0
47385364,0,0,12005,304200,4334,0,0
47385365,0,0,12023,304200,4334,0,0
# MARK ram tick=47385365
47385366,0,44516,12023,111516,4334,0,0
47385367,0,44516,12023,111516,4334,0,0
47385368,0,44516,12023,111516,4334,0,0
47385369,0,44516,12000,111516,4334,0,0
47385370,0,0,12005,111516,4334,0,0
47385371,0,0,12005,111516,4334,0,0
47391962,0,0,14006,304200,4332,1,0
47391963,0,0,14006,304200,4332,0,0
47391964,0,0,14006,304200,4334,0,0
47391965,0,0,14006,304200,4334,0,0
47391966,0,0,14006,304200,4334,0,0
47391967,12023,0,14006,304200,4334,0,0
# MARK addr tick=47391967
47391968,12023,0,14006,304200,4334,0,0
47391969,0,0,14005,304200,4334,0,0
47391970,0,0,12005,304200,4334,0,0
47391971,0,0,12023,304200,4334,0,0
# MARK ram tick=47391971
47391972,0,44516,12023,111516,4334,0,0
47391973,0,44516,12023,111516,4334,0,0
47391974,0,44516,12023,111516,4334,0,0
47391975,0,44516,12000,111516,4334,0,0
47391976,0,0,12005,111516,4334,0,0
47391977,0,0,12005,111516,4334,0,0
47392202,0,0,14006,1623,145,1,0
47392203,0,0,14006,1623,145,0,0
47392204,0,0,14006,1623,0,0,0
47392205,0,0,14006,1623,0,0,0
47392206,0,0,14006,1623,0,0,0
47392207,7425,0,14006,1623,0,0,0
# MARK addr tick=47392207
47392208,7425,0,14006,1623,0,0,0
47392209,0,0,14003,1623,0,0,0
47392210,0,0,6003,1623,0,0,0
47392211,0,0,7425,1623,0,1,0
# MARK ram tick=47392211
47392212,0,0,7425,1623,0,0,0
47392213,0,0,7425,1623,2001,0,0
47392214,0,0,7425,1623,17375,0,0
47392215,0,0,6000,1623,17375,0,0
47392216,0,0,6003,1623,0,0,0
47392217,0,0,6003,1623,0,0,0
47392397,0,0,14006,111623,170,1,0
47392398,0,0,14006,111623,170,0,0
47392399,0,0,14006,111623,0,0,0
47392400,0,0,14006,111623,0,0,0
47392401,0,0,14006,111623,0,0,0
47392402,7425,0,14006,111623,0,0,0
# MARK addr tick=47392402
47392403,7425,0,14006,111623,0,0,0
47392404,0,0,14003,111623,0,0,0
47392405,0,0,6003,111623,0,0,0
47392406,0,0,7425,111623,0,0,0
# MARK ram tick=47392406
47392407,0,0,7425,400400,0,0,0
47392408,0,0,7425,400400,0,0,0
47392409,0,0,7425,400400,0,0,0
47392410,0,0,6000,400400,0,0,0
47392411,0,0,6003,400400,0,0,0
47392412,0,0,6003,400400,0,0,0
47392506,0,0,14006,141623,176,1,0
47392507,0,0,14006,141623,176,0,0
47392508,0,0,14006,141623,0,0,0
47392509,0,0,14006,141623,0,0,0
47392510,0,0,14006,141623,0,0,0
47392511,7425,0,14006,141623,0,0,0
# MARK addr tick=47392511
47392512,7425,0,14006,141623,0,0,0
47392513,0,0,14003,141623,0,0,0
47392514,0,0,6003,141623,0,0,0
47392515,0,0,7425,141623,0,0,0
# MARK ram tick=47392515
47392516,0,0,7425,400400,0,0,0
47392517,0,0,7425,400400,0,0,0
47392518,0,0,7425,400400,0,0,0
47392519,0,0,6000,400400,0,0,0
47392520,0,0,6003,400400,0,0,0
47392521,0,0,6003,400400,0,0,0
47392600,0,0,14006,304200,4332,1,0
47392601,0,0,14006,304200,4332,0,0
47392602,0,0,14006,304200,4334,0,0
47392603,0,0,14006,304200,4334,0,0
47392604,0,0,14006,304200,4334,0,0
47392605,12023,0,14006,304200,4334,0,0
# MARK addr tick=47392605
47392606,12023,0,14006,304200,4334,0,0
47392607,0,0,14005,304200,4334,0,0
47392608,0,0,12005,304200,4334,0,0
47392609,0,0,12023,304200,4334,0,0
# MARK ram tick=47392609
47392610,0,44516,12023,111516,4334,0,0
47392611,0,44516,12023,111516,4334,0,0
47392612,0,44516,12023,111516,4334,0,0
47392613,0,44516,12000,111516,4334,0,0
47392614,0,0,12005,111516,4334,0,0
47392615,0,0,12005,111516,4334,0,0
47392750,0,0,14006,111623,170,1,0
47392751,0,0,14006,111623,170,0,0
47392752,0,0,14006,111623,0,0,0
47392753,0,0,14006,111623,0,0,0
47392754,0,0,14006,111623,0,0,0
47392755,7425,0,14006,111623,0,0,0
# MARK addr tick=47392755
47392756,7425,0,14006,111623,0,0,0
47392757,0,0,14003,111623,0,0,0
47392758,0,0,6003,111623,0,0,0
47392759,0,0,7425,111623,0,0,0
# MARK ram tick=47392759
47392760,0,0,7425,400400,0,0,1
47392761,0,0,7425,400400,0,0,1
47392762,0,0,7425,400400,0,0,1
47392763,0,0,6000,400400,0,0,1
47392764,0,0,6003,400400,0,0,1
47392765,0,0,6003,400400,0,0,1
47392766,0,0,6003,400400,0,0,1
47392767,0,0,6003,400400,0,1,0
47392768,0,0,7425,400400,0,0,0
# MARK ram tick=47392768
47392769,0,0,7425,400400,2001,0,0
47392770,0,0,7425,400400,17422,0,0
47392771,0,0,7425,400400,17422,0,0
47392772,0,0,6000,400400,0,0,0
47392773,0,0,6003,400400,0,0,0
47392774,15422,0,6003,400400,0,0,0
47392957,0,0,14006,141623,176,1,0
47392958,0,0,14006,141623,176,0,0
47392959,0,0,14006,141623,0,0,0
47392960,0,0,14006,141623,0,0,0
47392961,0,0,14006,141623,0,0,0
47392962,7425,0,14006,141623,0,0,0
# MARK addr tick=47392962
47392963,7425,0,14006,141623,0,0,0
47392964,0,0,14003,141623,0,0,0
47392965,0,0,6003,141623,0,0,0
47392966,0,0,7425,141623,0,0,0
# MARK ram tick=47392966
47392967,0,0,7425,400400,0,0,0
47392968,0,0,7425,400400,0,0,0
47392969,0,0,7425,400400,0,0,0
47392970,0,0,6000,400400,0,0,0
47392971,0,0,6003,400400,0,0,0
47392972,0,0,6003,400400,0,0,0
47393096,0,0,14006,304200,4332,1,0
47393097,0,0,14006,304200,4332,0,0
47393098,0,0,14006,304200,4334,0,0
47393099,0,0,14006,304200,4334,0,0
47393100,0,0,14006,304200,4334,0,0
47393101,12023,0,14006,304200,4334,0,0
# MARK addr tick=47393101
47393102,12023,0,14006,304200,4334,0,0
47393103,0,0,14005,304200,4334,0,0
47393104,0,0,12005,304200,4334,0,0
47393105,0,0,12023,304200,4334,0,0
# MARK ram tick=47393105
47393106,0,44516,12023,111516,4334,0,0
47393107,0,44516,12023,111516,4334,0,0
47393108,0,44516,12023,111516,4334,0,0
47393109,0,44516,12000,111516,4334,0,0
47393110,0,0,12005,111516,4334,0,0
47393111,0,0,12005,111516,4334,0,0
47393278,0,0,15440,531623,0,0,1
47393279,0,0,15440,531623,0,0,0
47393280,0,0,15440,531623,0,0,0
47393281,0,0,14000,531623,0,0,0
47393282,0,0,14006,531623,0,0,0
47393283,7425,0,14006,531623,0,0,0
# MARK addr tick=47393283
47393284,7425,0,14006,531623,0,0,0
47393285,0,0,14003,531623,0,0,0
47393286,0,0,6003,531623,0,0,0
47393287,0,0,7425,531623,0,0,0
# MARK ram tick=47393287
47393288,0,0,7425,400400,0,0,0
47393289,0,0,7425,400400,0,0,0
47393290,0,0,7425,400400,0,0,0
47393291,0,0,6000,400400,0,0,0
47393292,0,0,6003,400400,0,0,0
47393293,0,0,6003,400400,0,0,0
47393329,0,0,14006,411623,145,1,0
47393330,0,0,14006,411623,145,0,0
47393331,0,0,14006,411623,0,0,0
47393332,0,0,14006,411623,0,0,0
47393333,0,0,14006,411623,0,0,0
47393334,7425,0,14006,411623,0,0,0
# MARK addr tick=47393334
47393335,7425,0,14006,411623,0,0,0
47393336,0,0,14003,411623,0,0,0
47393337,1,0,6003,411623,0,0,0
47393338,1,0,7425,411623,0,1,0
# MARK ram tick=47393338
47393339,1,0,7425,411623,0,0,0
47393340,1,0,7425,411623,2001,0,0
47393341,1,0,7425,411623,17443,0,0
47393342,1,0,6000,411623,17443,0,0
47393343,1,0,6003,411623,0,0,0
47393344,0,0,6003,411623,0,0,0
47393476,0,0,14006,141623,176,1,0
47393477,0,0,14006,141623,176,0,0
47393478,0,0,14006,141623,0,0,0
47393479,0,0,14006,141623,0,0,0
47393480,0,0,14006,141623,0,0,0
47393481,7425,0,14006,141623,0,0,0
# MARK addr tick=47393481
47393482,7425,0,14006,141623,0,0,0
47393483,0,0,14003,141623,0,0,0
47393484,0,0,6003,141623,0,0,0
47393485,0,0,7425,141623,0,0,0
# MARK ram tick=47393485
47393486,0,1,7425,400001,0,0,0
47393487,0,1,7425,400001,0,0,0
47393488,0,1,7425,400001,0,0,0
47393489,0,1,6000,400001,0,0,0
47393490,0,0,6003,400001,0,0,0
47393491,0,0,6003,400001,0,0,0
47393570,0,0,14006,304200,4332,1,0
47393571,0,0,14006,304200,4332,0,0
47393572,0,0,14006,304200,4333,0,0
47393573,0,0,14006,304200,4333,0,0
47393574,0,0,14006,304200,4333,0,0
47393575,12023,0,14006,304200,4333,0,0
# MARK addr tick=47393575
47393576,12023,0,14006,304200,4333,0,0
47393577,0,0,14005,304200,4333,0,0
47393578,0,0,12005,304200,4333,0,0
47393579,0,0,12023,304200,4333,0,0
# MARK ram tick=47393579
47393580,0,44516,12023,111516,4333,0,0
47393581,0,44516,12023,111516,4333,0,0
47393582,0,44516,12023,111516,4333,0,0
47393583,0,44516,12000,111516,4333,0,0
47393584,0,0,12005,111516,4333,0,0
47393585,0,0,12005,111516,4333,0,0
47393717,0,0,14006,111623,170,1,0
47393718,0,0,14006,111623,170,0,0
47393719,0,0,14006,111623,0,0,0
47393720,0,0,14006,111623,0,0,0
47393721,0,0,14006,111623,0,0,0
47393722,7425,0,14006,111623,0,0,0
# MARK addr tick=47393722
47393723,7425,0,14006,111623,0,0,0
47393724,0,0,14003,111623,0,0,0
47393725,0,0,6003,111623,0,0,0
47393726,0,0,7425,111623,0,0,0
# MARK ram tick=47393726
47393727,0,1,7425,400001,0,0,0
47393728,0,1,7425,400001,0,0,0
47393729,0,1,7425,400001,0,0,0
47393730,0,1,6000,400001,0,0,0
47393731,0,0,6003,400001,0,0,0
47393732,0,0,6003,400001,0,0,0
47393922,0,0,14006,141623,176,1,0
47393923,0,0,14006,141623,176,0,0
47393924,0,0,14006,141623,0,0,0
47393925,0,0,14006,141623,0,0,0
47393926,0,0,14006,141623,0,0,0
47393927,7425,0,14006,141623,0,0,0
# MARK addr tick=47393927
47393928,7425,0,14006,141623,0,0,0
47393929,0,0,14003,141623,0,0,0
47393930,0,0,6003,141623,0,0,0
47393931,0,0,7425,141623,0,0,0
# MARK ram tick=47393931
47393932,0,1,7425,400001,0,0,0
47393933,0,1,7425,400001,0,0,0
47393934,0,1,7425,400001,0,0,0
47393935,0,1,6000,400001,0,0,0
47393936,0,0,6003,400001,0,0,0
47393937,0,0,6003,400001,0,0,0
47394061,0,0,14006,304200,4332,1,0
47394062,0,0,14006,304200,4332,0,0
47394063,0,0,14006,304200,4333,0,0
47394064,0,0,14006,304200,4333,0,0
47394065,0,0,14006,304200,4333,0,0
47394066,12023,0,14006,304200,4333,0,0
# MARK addr tick=47394066
47394067,12023,0,14006,304200,4333,0,0
47394068,0,0,14005,304200,4333,0,0
47394069,0,0,12005,304200,4333,0,0
47394070,0,0,12023,304200,4333,0,0
# MARK ram tick=47394070
47394071,0,44516,12023,111516,4333,0,0
47394072,0,44516,12023,111516,4333,0,0
47394073,0,44516,12023,111516,4333,0,0
47394074,0,44516,12000,111516,4333,0,0
47394075,0,0,12005,111516,4333,0,0
47394076,0,0,12005,111516,4333,0,0
47394232,0,0,14006,531623,174,1,0
47394233,0,0,14006,531623,174,0,0
47394234,0,0,14006,531623,0,0,0
47394235,0,0,14006,531623,0,0,0
47394236,0,0,14006,531623,0,0,0
47394237,7425,0,14006,531623,0,0,0
# MARK addr tick=47394237
47394238,7425,0,14006,531623,0,0,0
47394239,0,0,14003,531623,0,0,0
47394240,0,0,6003,531623,0,0,0
47394241,0,0,7425,531623,0,0,0
# MARK ram tick=47394241
47394242,0,1,7425,400001,0,0,0
47394243,0,1,7425,400001,0,0,0
47394244,0,1,7425,400001,0,0,0
47394245,0,1,6000,400001,0,0,0
47394246,0,0,6003,400001,0,0,0
47394247,0,0,6003,400001,0,0,0
47394292,0,0,6003,400001,2341,0,0
47394293,0,0,6003,400001,2342,0,0
47394294,0,0,6003,400001,2342,1,0
47394295,0,0,6003,400001,2343,0,0
47394296,0,0,6003,400001,2422,0,1
47394297,0,0,7425,400001,2422,0,1
# MARK ram tick=47394297
47394298,0,0,7425,400001,2422,1,1
47394299,0,0,7425,400001,2422,0,1
47394300,0,0,7425,400001,2475,0,1
47394301,0,0,6000,400001,2475,1,1
47394302,0,0,6003,400001,2475,0,1
47394303,0,0,6003,400001,2476,0,0
47399947,0,0,14006,411623,145,1,0
47399948,0,0,14006,411623,145,0,0
47399949,0,0,14006,411623,0,0,0
47399950,0,0,14006,411623,0,0,0
47399951,0,0,14006,411623,0,0,0
47399952,7425,0,14006,411623,0,0,0
# MARK addr tick=47399952
47399953,7425,0,14006,411623,0,0,0
47399954,0,0,14003,411623,0,0,0
47399955,2,0,6003,411623,0,0,0
47399956,2,0,7425,411623,0,1,0
# MARK ram tick=47399956
47399957,2,0,7425,411623,0,0,0
47399958,2,0,7425,411623,2001,0,0
47399959,2,0,7425,411623,17443,0,0
47399960,2,0,6000,411623,17443,0,0
47399961,2,0,6003,411623,0,0,0
47399962,0,0,6003,411623,0,0,0
47400094,0,0,14006,141623,176,1,0
47400095,0,0,14006,141623,176,0,0
47400096,0,0,14006,141623,0,0,0
47400097,0,0,14006,141623,0,0,0
47400098,0,0,14006,141623,0,0,0
47400099,7425,0,14006,141623,0,0,0
# MARK addr tick=47400099
47400100,7425,0,14006,141623,0,0,0
47400101,0,0,14003,141623,0,0,0
47400102,0,0,6003,141623,0,0,0
47400103,0,0,7425,141623,0,0,0
# MARK ram tick=47400103
47400104,0,2,7425,400002,0,0,0
47400105,0,2,7425,400002,0,0,0
47400106,0,2,7425,400002,0,0,0
47400107,0,2,6000,400002,0,0,0
47400108,0,0,6003,400002,0,0,0
47400109,0,0,6003,400002,0,0,0
47400188,0,0,14006,304200,4332,1,0
47400189,0,0,14006,304200,4332,0,0
47400190,0,0,14006,304200,4334,0,0
47400191,0,0,14006,304200,4334,0,0
47400192,0,0,14006,304200,4334,0,0
47400193,12024,0,14006,304200,4334,0,0
# MARK addr tick=47400193
47400194,12024,0,14006,304200,4334,0,0
47400195,0,0,14005,304200,4334,0,0
47400196,0,0,12005,304200,4334,0,0
47400197,0,0,12024,304200,4334,0,0
# MARK ram tick=47400197
47400198,0,51524,12024,523124,4334,0,0
47400199,0,51524,12024,523124,4334,0,0
47400200,0,51524,12024,523124,4334,0,0
47400201,0,51524,12000,523124,4334,0,0
47400202,0,0,12005,523124,4334,0,0
47400203,0,0,12005,523124,4334,0,0
47400338,0,0,14006,111623,170,1,0
47400339,0,0,14006,111623,170,0,0
47400340,0,0,14006,111623,0,0,0
47400341,0,0,14006,111623,0,0,0
47400342,0,0,14006,111623,0,0,0
47400343,7425,0,14006,111623,0,0,0
# MARK addr tick=47400343
47400344,7425,0,14006,111623,0,0,0
47400345,0,0,14003,111623,0,0,0
47400346,0,0,6003,111623,0,0,0
47400347,0,0,7425,111623,0,0,0
# MARK ram tick=47400347
47400348,0,2,7425,400002,0,0,0
47400349,0,2,7425,400002,0,0,0
47400350,0,2,7425,400002,0,0,0
47400351,0,2,6000,400002,0,0,0
47400352,0,0,6003,400002,0,0,0
47400353,0,0,6003,400002,0,0,0
47400545,0,0,14006,141623,176,1,0
47400546,0,0,14006,141623,176,0,0
47400547,0,0,14006,141623,0,0,0
47400548,0,0,14006,141623,0,0,0
47400549,0,0,14006,141623,0,0,0
47400550,7425,0,14006,141623,0,0,0
# MARK addr tick=47400550
47400551,7425,0,14006,141623,0,0,0
47400552,0,0,14003,141623,0,0,0
47400553,0,0,6003,141623,0,0,0
47400554,0,0,7425,141623,0,0,0
# MARK ram tick=47400554
47400555,0,2,7425,400002,0,0,0
47400556,0,2,7425,400002,0,0,0
47400557,0,2,7425,400002,0,0,0
47400558,0,2,6000,400002,0,0,0
47400559,0,0,6003,400002,0,0,0
47400560,0,0,6003,400002,0,0,0
47400684,0,0,14006,304200,4332,1,0
47400685,0,0,14006,304200,4332,0,0
47400686,0,0,14006,304200,4334,0,0
47400687,0,0,14006,304200,4334,0,0
47400688,0,0,14006,304200,4334,0,0
47400689,12024,0,14006,304200,4334,0,0
# MARK addr tick=47400689
47400690,12024,0,14006,304200,4334,0,0
47400691,0,0,14005,304200,4334,0,0
47400692,0,0,12005,304200,4334,0,0
47400693,0,0,12024,304200,4334,0,0
# MARK ram tick=47400693
47400694,0,51524,12024,523124,4334,0,0
47400695,0,51524,12024,523124,4334,0,0
47400696,0,51524,12024,523124,4334,0,0
47400697,0,51524,12000,523124,4334,0,0
47400698,0,0,12005,523124,4334,0,0
47400699,0,0,12005,523124,4334,0,0
47400864,0,0,14006,531623,174,1,0
47400865,0,0,14006,531623,174,0,0
47400866,0,0,14006,531623,0,0,0
47400867,0,0,14006,531623,0,0,0
47400868,0,0,14006,531623,0,0,0
47400869,7425,0,14006,531623,0,0,0
# MARK addr tick=47400869
47400870,7425,0,14006,531623,0,0,0
47400871,0,0,14003,531623,0,0,0
47400872,0,0,6003,531623,0,0,0
47400873,0,0,7425,531623,0,0,0
# MARK ram tick=47400873
47400874,0,2,7425,400002,0,0,0
47400875,0,2,7425,400002,0,0,0
47400876,0,2,7425,400002,0,0,0
47400877,0,2,6000,400002,0,0,0
47400878,0,0,6003,400002,0,0,0
47400879,0,0,6003,400002,0,0,0
47400915,0,0,14006,411623,145,1,0
47400916,0,0,14006,411623,145,0,0
47400917,0,0,14006,411623,0,0,0
47400918,0,0,14006,411623,0,0,0
47400919,0,0,14006,411623,0,0,0
47400920,7425,0,14006,411623,0,0,0
# MARK addr tick=47400920
47400921,7425,0,14006,411623,0,0,0
47400922,0,0,14003,411623,0,0,0
47400923,3,0,6003,411623,0,0,0
47400924,3,0,7425,411623,0,1,0
# MARK ram tick=47400924
47400925,3,0,7425,411623,0,0,0
47400926,3,0,7425,411623,2001,0,0
47400927,3,0,7425,411623,17443,0,0
47400928,3,0,6000,411623,17443,0,0
47400929,3,0,6003,411623,0,0,0
47400930,0,0,6003,411623,0,0,0
47401064,0,0,14006,141623,176,1,0
47401065,0,0,14006,141623,176,0,0
47401066,0,0,14006,141623,0,0,0
47401067,0,0,14006,141623,0,0,0
47401068,0,0,14006,141623,0,0,0
47401069,7425,0,14006,141623,0,0,0
# MARK addr tick=47401069
47401070,7425,0,14006,141623,0,0,0
47401071,0,0,14003,141623,0,0,0
47401072,0,0,6003,141623,0,0,0
47401073,0,0,7425,141623,0,0,0
# MARK ram tick=47401073
47401074,0,3,7425,400403,0,0,0
47401075,0,3,7425,400403,0,0,0
47401076,0,3,7425,400403,0,0,0
47401077,0,3,6000,400403,0,0,0
47401078,0,0,6003,400403,0,0,0
47401079,0,0,6003,400403,0,0,0
47401158,0,0,14006,304200,4332,1,0
47401159,0,0,14006,304200,4332,0,0
47401160,0,0,14006,304200,4333,0,0
47401161,0,0,14006,304200,4333,0,0
47401162,0,0,14006,304200,4333,0,0
47401163,12024,0,14006,304200,4333,0,0
# MARK addr tick=47401163
47401164,12024,0,14006,304200,4333,0,0
47401165,0,0,14005,304200,4333,0,0
47401166,0,0,12005,304200,4333,0,0
47401167,0,0,12024,304200,4333,0,0
# MARK ram tick=47401167
47401168,0,51524,12024,523124,4333,0,0
47401169,0,51524,12024,523124,4333,0,0
47401170,0,51524,12024,523124,4333,0,0
47401171,0,51524,12000,523124,4333,0,0
47401172,0,0,12005,523124,4333,0,0
47401173,0,0,12005,523124,4333,0,0
47401305,0,0,14006,111623,170,1,0
47401306,0,0,14006,111623,170,0,0
47401307,0,0,14006,111623,0,0,0
47401308,0,0,14006,111623,0,0,0
47401309,0,0,14006,111623,0,0,0
47401310,7425,0,14006,111623,0,0,0
# MARK addr tick=47401310
47401311,7425,0,14006,111623,0,0,0
47401312,0,0,14003,111623,0,0,0
47401313,0,0,6003,111623,0,0,0
47401314,0,0,7425,111623,0,0,0
# MARK ram tick=47401314
47401315,0,3,7425,400403,0,0,0
47401316,0,3,7425,400403,0,0,0
47401317,0,3,7425,400403,0,0,0
47401318,0,3,6000,400403,0,0,0
47401319,0,0,6003,400403,0,0,0
47401320,0,0,6003,400403,0,0,0
47401518,0,0,14006,141623,176,1,0
47401519,0,0,14006,141623,176,0,0
47401520,0,0,14006,141623,0,0,0
47401521,0,0,14006,141623,0,0,0
47401522,0,0,14006,141623,0,0,0
47401523,7425,0,14006,141623,0,0,0
# MARK addr tick=47401523
47401524,7425,0,14006,141623,0,0,0
47401525,0,0,14003,141623,0,0,0
47401526,0,0,6003,141623,0,0,0
47401527,0,0,7425,141623,0,0,0
# MARK ram tick=47401527
47401528,0,3,7425,400403,0,0,0
47401529,0,3,7425,400403,0,0,0
47401530,0,3,7425,400403,0,0,0
47401531,0,3,6000,400403,0,0,0
47401532,0,0,6003,400403,0,0,0
47401533,0,0,6003,400403,0,0,0
47401657,0,0,14006,304200,4332,1,0
47401658,0,0,14006,304200,4332,0,0
47401659,0,0,14006,304200,4333,0,0
47401660,0,0,14006,304200,4333,0,0
47401661,0,0,14006,304200,4333,0,0
47401662,12024,0,14006,304200,4333,0,0
# MARK addr tick=47401662
47401663,12024,0,14006,304200,4333,0,0
47401664,0,0,14005,304200,4333,0,0
47401665,0,0,12005,304200,4333,0,0
47401666,0,0,12024,304200,4333,0,0
# MARK ram tick=47401666
47401667,0,51524,12024,523124,4333,0,0
47401668,0,51524,12024,523124,4333,0,0
47401669,0,51524,12024,523124,4333,0,0
47401670,0,51524,12000,523124,4333,0,0
47401671,0,0,12005,523124,4333,0,0
47401672,0,0,12005,523124,4333,0,0
47401828,0,0,14006,531623,174,1,0
47401829,0,0,14006,531623,174,0,0
47401830,0,0,14006,531623,0,0,0
47401831,0,0,14006,531623,0,0,0
47401832,0,0,14006,531623,0,0,0
47401833,7425,0,14006,531623,0,0,0
# MARK addr tick=47401833
47401834,7425,0,14006,531623,0,0,0
47401835,0,0,14003,531623,0,0,0
47401836,0,0,6003,531623,0,0,0
47401837,0,0,7425,531623,0,0,0
# MARK ram tick=47401837
47401838,0,3,7425,400403,0,0,0
47401839,0,3,7425,400403,0,0,0
47401840,0,3,7425,400403,0,0,0
47401841,0,3,6000,400403,0,0,0
47401842,0,0,6003,400403,0,0,0
47401843,0,0,6003,400403,0,0,0
47401879,0,0,14006,411623,145,1,0
47401880,0,0,14006,411623,145,0,0
47401881,0,0,14006,411623,0,0,0
47401882,0,0,14006,411623,0,0,0
47401883,0,0,14006,411623,0,0,0
47401884,7425,0,14006,411623,0,0,0
# MARK addr tick=47401884
47401885,7425,0,14006,411623,0,0,0
47401886,0,0,14003,411623,0,0,0
47401887,4,0,6003,411623,0,0,0
47401888,4,0,7425,411623,0,1,0
# MARK ram tick=47401888
47401889,4,0,7425,411623,0,0,0
47401890,4,0,7425,411623,2001,0,0
47401891,4,0,7425,411623,17443,0,0
47401892,4,0,6000,411623,17443,0,0
47401893,4,0,6003,411623,0,0,0
47401894,0,0,6003,411623,0,0,0
47402029,0,0,14006,141623,176,1,0
47402030,0,0,14006,141623,176,0,0
47402031,0,0,14006,141623,0,0,0
47402032,0,0,14006,141623,0,0,0
47402033,0,0,14006,141623,0,0,0
47402034,7425,0,14006,141623,0,0,0
# MARK addr tick=47402034
47402035,7425,0,14006,141623,0,0,0
47402036,0,0,14003,141623,0,0,0
47402037,0,0,6003,141623,0,0,0
47402038,0,0,7425,141623,0,0,0
# MARK ram tick=47402038
47402039,0,4,7425,400004,0,0,0
47402040,0,4,7425,400004,0,0,0
47402041,0,4,7425,400004,0,0,0
47402042,0,4,6000,400004,0,0,0
47402043,0,0,6003,400004,0,0,0
47402044,0,0,6003,400004,0,0,0
47402123,0,0,14006,304200,4332,1,0
47402124,0,0,14006,304200,4332,0,0
47402125,0,0,14006,304200,4334,0,0
47402126,0,0,14006,304200,4334,0,0
47402127,0,0,14006,304200,4334,0,0
47402128,12025,0,14006,304200,4334,0,0
# MARK addr tick=47402128
47402129,12025,0,14006,304200,4334,0,0
47402130,0,0,14005,304200,4334,0,0
47402131,0,0,12005,304200,4334,0,0
47402132,0,0,12025,304200,4334,0,0
# MARK ram tick=47402132
47402133,0,51125,12025,122525,4334,0,0
47402134,0,51125,12025,122525,4334,0,0
47402135,0,51125,12025,122525,4334,0,0
47402136,0,51125,12000,122525,4334,0,0
47402137,0,0,12005,122525,4334,0,0
47402138,0,0,12005,122525,4334,0,0
47402273,0,0,14006,111623,170,1,0
47402274,0,0,14006,111623,170,0,0
47402275,0,0,14006,111623,0,0,0
47402276,0,0,14006,111623,0,0,0
47402277,0,0,14006,111623,0,0,0
47402278,7425,0,14006,111623,0,0,0
# MARK addr tick=47402278
47402279,7425,0,14006,111623,0,0,0
47402280,0,0,14003,111623,0,0,0
47402281,0,0,6003,111623,0,0,0
47402282,0,0,7425,111623,0,0,0
# MARK ram tick=47402282
47402283,0,4,7425,400004,0,0,0
47402284,0,4,7425,400004,0,0,0
47402285,0,4,7425,400004,0,0,0
47402286,0,4,6000,400004,0,0,0
47402287,0,0,6003,400004,0,0,0
47402288,0,0,6003,400004,0,0,0
47402478,0,0,14006,141623,176,1,0
47402479,0,0,14006,141623,176,0,0
47402480,0,0,14006,141623,0,0,0
47402481,0,0,14006,141623,0,0,0
47402482,0,0,14006,141623,0,0,0
47402483,7425,0,14006,141623,0,0,0
# MARK addr tick=47402483
47402484,7425,0,14006,141623,0,0,0
47402485,0,0,14003,141623,0,0,0
47402486,0,0,6003,141623,0,0,0
47402487,0,0,7425,141623,0,0,0
# MARK ram tick=47402487
47402488,0,4,7425,400004,0,0,1
47402489,0,4,7425,400004,0,0,1
47402490,0,4,7425,400004,0,0,1
47402491,0,4,6000,400004,0,0,1
47402492,0,0,6003,400004,0,0,1
47402493,0,0,6003,400004,0,0,1
47402494,0,0,6003,400004,0,0,1
47402495,0,0,6003,400004,0,1,0
47402496,0,0,7425,400004,0,0,0
# MARK ram tick=47402496
47402497,0,0,7425,400004,17,0,0
47402498,0,0,7425,400004,16,0,0
47402499,0,0,7425,400004,16,1,0
47402500,0,0,6000,400004,16,1,0
47402501,0,0,6003,400004,16,0,0
47402502,0,0,6003,400004,50,1,0
47408275,0,0,14006,304200,4332,1,0
47408276,0,0,14006,304200,4332,0,0
47408277,0,0,14006,304200,4334,0,0
47408278,0,0,14006,304200,4334,0,0
47408279,0,0,14006,304200,4334,0,0
47408280,12025,0,14006,304200,4334,0,0
# MARK addr tick=47408280
47408281,12025,0,14006,304200,4334,0,0
47408282,0,0,14005,304200,4334,0,0
47408283,0,0,12005,304200,4334,0,0
47408284,0,0,12025,304200,4334,0,0
# MARK ram tick=47408284
47408285,0,51125,12025,122525,4334,0,0
47408286,0,51125,12025,122525,4334,0,0
47408287,0,51125,12025,122525,4334,0,0
47408288,0,51125,12000,122525,4334,0,0
47408289,0,0,12005,122525,4334,0,0
47408290,0,0,12005,122525,4334,0,0
47408455,0,0,14006,531623,174,1,0
47408456,0,0,14006,531623,174,0,0
47408457,0,0,14006,531623,0,0,0
47408458,0,0,14006,531623,0,0,0
47408459,0,0,14006,531623,0,0,0
47408460,7425,0,14006,531623,0,0,0
# MARK addr tick=47408460
47408461,7425,0,14006,531623,0,0,0
47408462,0,0,14003,531623,0,0,0
47408463,0,0,6003,531623,0,0,0
47408464,0,0,7425,531623,0,0,0
# MARK ram tick=47408464
47408465,0,4,7425,400004,0,0,0
47408466,0,4,7425,400004,0,0,0
47408467,0,4,7425,400004,0,0,0
47408468,0,4,6000,400004,0,0,0
47408469,0,0,6003,400004,0,0,0
47408470,0,0,6003,400004,0,0,0
47408506,0,0,14006,411623,145,1,0
47408507,0,0,14006,411623,145,0,0
47408508,0,0,14006,411623,0,0,0
47408509,0,0,14006,411623,0,0,0
47408510,0,0,14006,411623,0,0,0
47408511,7425,0,14006,411623,0,0,0
# MARK addr tick=47408511
47408512,7425,0,14006,411623,0,0,0
47408513,0,0,14003,411623,0,0,0
47408514,5,0,6003,411623,0,0,0
47408515,5,0,7425,411623,0,1,0
# MARK ram tick=47408515
47408516,5,0,7425,411623,0,0,0
47408517,5,0,7425,411623,2001,0,0
47408518,5,0,7425,411623,17443,0,0
47408519,5,0,6000,411623,17443,0,0
47408520,5,0,6003,411623,0,0,0
47408521,0,0,6003,411623,0,0,0
47408655,0,0,14006,141623,176,1,0
47408656,0,0,14006,141623,176,0,0
47408657,0,0,14006,141623,0,0,0
47408658,0,0,14006,141623,0,0,0
47408659,0,0,14006,141623,0,0,0
47408660,7425,0,14006,141623,0,0,0
# MARK addr tick=47408660
47408661,7425,0,14006,141623,0,0,0
47408662,0,0,14003,141623,0,0,0
47408663,0,0,6003,141623,0,0,0
47408664,0,0,7425,141623,0,0,0
# MARK ram tick=47408664
47408665,0,5,7425,400405,0,0,0
47408666,0,5,7425,400405,0,0,0
47408667,0,5,7425,400405,0,0,0
47408668,0,5,6000,400405,0,0,0
47408669,0,0,6003,400405,0,0,0
47408670,0,0,6003,400405,0,0,0
47408749,0,0,14006,304200,4332,1,0
47408750,0,0,14006,304200,4332,0,0
47408751,0,0,14006,304200,4333,0,0
47408752,0,0,14006,304200,4333,0,0
47408753,0,0,14006,304200,4333,0,0
47408754,12025,0,14006,304200,4333,0,0
# MARK addr tick=47408754
47408755,12025,0,14006,304200,4333,0,0
47408756,0,0,14005,304200,4333,0,0
47408757,0,0,12005,304200,4333,0,0
47408758,0,0,12025,304200,4333,0,0
# MARK ram tick=47408758
47408759,0,51125,12025,122525,4333,0,0
47408760,0,51125,12025,122525,4333,0,0
47408761,0,51125,12025,122525,4333,0,0
47408762,0,51125,12000,122525,4333,0,0
47408763,0,0,12005,122525,4333,0,0
47408764,0,0,12005,122525,4333,0,0
47408896,0,0,14006,111623,170,1,0
47408897,0,0,14006,111623,170,0,0
47408898,0,0,14006,111623,0,0,0
47408899,0,0,14006,111623,0,0,0
47408900,0,0,14006,111623,0,0,0
47408901,7425,0,14006,111623,0,0,0
# MARK addr tick=47408901
47408902,7425,0,14006,111623,0,0,0
47408903,0,0,14003,111623,0,0,0
47408904,0,0,6003,111623,0,0,0
47408905,0,0,7425,111623,0,0,0
# MARK ram tick=47408905
47408906,0,5,7425,400405,0,0,0
47408907,0,5,7425,400405,0,0,0
47408908,0,5,7425,400405,0,0,0
47408909,0,5,6000,400405,0,0,0
47408910,0,0,6003,400405,0,0,0
47408911,0,0,6003,400405,0,0,0
47409101,0,0,14006,141623,176,1,0
47409102,0,0,14006,141623,176,0,0
47409103,0,0,14006,141623,0,0,0
47409104,0,0,14006,141623,0,0,0
47409105,0,0,14006,141623,0,0,0
47409106,7425,0,14006,141623,0,0,0
# MARK addr tick=47409106
47409107,7425,0,14006,141623,0,0,0
47409108,0,0,14003,141623,0,0,0
47409109,0,0,6003,141623,0,0,0
47409110,0,0,7425,141623,0,0,0
# MARK ram tick=47409110
47409111,0,5,7425,400405,0,0,0
47409112,0,5,7425,400405,0,0,0
47409113,0,5,7425,400405,0,0,0
47409114,0,5,6000,400405,0,0,0
47409115,0,0,6003,400405,0,0,0
47409116,0,0,6003,400405,0,0,0
47409248,0,0,14006,304200,4332,1,0
47409249,0,0,14006,304200,4332,0,0
47409250,0,0,14006,304200,4333,0,0
47409251,0,0,14006,304200,4333,0,0
47409252,0,0,14006,304200,4333,0,0
47409253,12025,0,14006,304200,4333,0,0
# MARK addr tick=47409253
47409254,12025,0,14006,304200,4333,0,0
47409255,0,0,14005,304200,4333,0,0
47409256,0,0,12005,304200,4333,0,0
47409257,0,0,12025,304200,4333,0,0
# MARK ram tick=47409257
47409258,0,51125,12025,122525,4333,0,0
47409259,0,51125,12025,122525,4333,0,0
47409260,0,51125,12025,122525,4333,0,0
47409261,0,51125,12000,122525,4333,0,0
47409262,0,0,12005,122525,4333,0,0
47409263,0,0,12005,122525,4333,0,0
47409419,0,0,14006,531623,174,1,0
47409420,0,0,14006,531623,174,0,0
47409421,0,0,14006,531623,0,0,0
47409422,0,0,14006,531623,0,0,0
47409423,0,0,14006,531623,0,0,0
47409424,7425,0,14006,531623,0,0,0
# MARK addr tick=47409424
47409425,7425,0,14006,531623,0,0,0
47409426,0,0,14003,531623,0,0,0
47409427,0,0,6003,531623,0,0,0
47409428,0,0,7425,531623,0,0,0
# MARK ram tick=47409428
47409429,0,5,7425,400405,0,0,0
47409430,0,5,7425,400405,0,0,0
47409431,0,5,7425,400405,0,0,0
47409432,0,5,6000,400405,0,0,0
47409433,0,0,6003,400405,0,0,0
47409434,0,0,6003,400405,0,0,0
47409470,0,0,14006,411623,145,1,0
47409471,0,0,14006,411623,145,0,0
47409472,0,0,14006,411623,0,0,0
47409473,0,0,14006,411623,0,0,0
47409474,0,0,14006,411623,0,0,0
47409475,7425,0,14006,411623,0,0,0
# MARK addr tick=47409475
47409476,7425,0,14006,411623,0,0,0
47409477,0,0,14003,411623,0,0,0
47409478,6,0,6003,411623,0,0,0
47409479,6,0,7425,411623,0,1,0
# MARK ram tick=47409479
47409480,6,0,7425,411623,0,0,0
47409481,6,0,7425,411623,2001,0,0
47409482,6,0,7425,411623,17443,0,0
47409483,6,0,6000,411623,17443,0,0
47409484,6,0,6003,411623,0,0,0
47409485,0,0,6003,411623,0,0,0
47409617,0,0,14006,141623,176,1,0
47409618,0,0,14006,141623,176,0,0
47409619,0,0,14006,141623,0,0,0
47409620,0,0,14006,141623,0,0,0
47409621,0,0,14006,141623,0,0,0
47409622,7425,0,14006,141623,0,0,0
# MARK addr tick=47409622
47409623,7425,0,14006,141623,0,0,0
47409624,0,0,14003,141623,0,0,0
47409625,0,0,6003,141623,0,0,0
47409626,0,0,7425,141623,0,0,0
# MARK ram tick=47409626
47409627,0,6,7425,400406,0,0,0
47409628,0,6,7425,400406,0,0,0
47409629,0,6,7425,400406,0,0,0
47409630,0,6,6000,400406,0,0,0
47409631,0,0,6003,400406,0,0,0
47409632,0,0,6003,400406,0,0,0
47409718,0,0,14006,304200,4332,1,0
47409719,0,0,14006,304200,4332,0,0
47409720,0,0,14006,304200,4334,0,0
47409721,0,0,14006,304200,4334,0,0
47409722,0,0,14006,304200,4334,0,0
47409723,12026,0,14006,304200,4334,0,0
# MARK addr tick=47409723
47409724,12026,0,14006,304200,4334,0,0
47409725,0,0,14005,304200,4334,0,0
47409726,0,0,12005,304200,4334,0,0
47409727,0,0,12026,304200,4334,0,0
# MARK ram tick=47409727
47409728,0,41524,12026,103124,4334,0,0
47409729,0,41524,12026,103124,4334,0,0
47409730,0,41524,12026,103124,4334,0,0
47409731,0,41524,12000,103124,4334,0,0
47409732,0,0,12005,103124,4334,0,0
47409733,0,0,12005,103124,4334,0,0
47409868,0,0,14006,111623,170,1,0
47409869,0,0,14006,111623,170,0,0
47409870,0,0,14006,111623,0,0,0
47409871,0,0,14006,111623,0,0,0
47409872,0,0,14006,111623,0,0,0
47409873,7425,0,14006,111623,0,0,0
# MARK addr tick=47409873
47409874,7425,0,14006,111623,0,0,0
47409875,0,0,14003,111623,0,0,0
47409876,0,0,6003,111623,0,0,0
47409877,0,0,7425,111623,0,0,0
# MARK ram tick=47409877
47409878,0,6,7425,400406,0,0,0
47409879,0,6,7425,400406,0,0,0
47409880,0,6,7425,400406,0,0,0
47409881,0,6,6000,400406,0,0,0
47409882,0,0,6003,400406,0,0,0
47409883,0,0,6003,400406,0,0,0
47410073,0,0,14006,141623,176,1,0
47410074,0,0,14006,141623,176,0,0
47410075,0,0,14006,141623,0,0,0
47410076,0,0,14006,141623,0,0,0
47410077,0,0,14006,141623,0,0,0
47410078,7425,0,14006,141623,0,0,0
# MARK addr tick=47410078
47410079,7425,0,14006,141623,0,0,0
47410080,0,0,14003,141623,0,0,0
47410081,0,0,6003,141623,0,0,0
47410082,0,0,7425,141623,0,0,0
# MARK ram tick=47410082
47410083,0,6,7425,400406,0,0,0
47410084,0,6,7425,400406,0,0,0
47410085,0,6,7425,400406,0,0,0
47410086,0,6,6000,400406,0,0,0
47410087,0,0,6003,400406,0,0,0
47410088,0,0,6003,400406,0,0,0
47410214,0,0,14006,304200,4332,1,0
47410215,0,0,14006,304200,4332,0,0
47410216,0,0,14006,304200,4334,0,0
47410217,0,0,14006,304200,4334,0,0
47410218,0,0,14006,304200,4334,0,0
47410219,12026,0,14006,304200,4334,0,0
# MARK addr tick=47410219
47410220,12026,0,14006,304200,4334,0,0
47410221,0,0,14005,304200,4334,0,0
47410222,0,0,12005,304200,4334,0,0
47410223,0,0,12026,304200,4334,0,0
# MARK ram tick=47410223
47410224,0,41524,12026,103124,4334,0,0
47410225,0,41524,12026,103124,4334,0,0
47410226,0,41524,12026,103124,4334,0,0
47410227,0,41524,12000,103124,4334,0,0
47410228,0,0,12005,103124,4334,0,0
47410229,0,0,12005,103124,4334,0,0
47410394,0,0,14006,531623,174,1,0
47410395,0,0,14006,531623,174,0,0
47410396,0,0,14006,531623,0,0,0
47410397,0,0,14006,531623,0,0,0
47410398,0,0,14006,531623,0,0,0
47410399,7425,0,14006,531623,0,0,0
# MARK addr tick=47410399
47410400,7425,0,14006,531623,0,0,0
47410401,0,0,14003,531623,0,0,0
47410402,0,0,6003,531623,0,0,0
47410403,0,0,7425,531623,0,0,0
# MARK ram tick=47410403
47410404,0,6,7425,400406,0,0,0
47410405,0,6,7425,400406,0,0,0
47410406,0,6,7425,400406,0,0,0
47410407,0,6,6000,400406,0,0,0
47410408,0,0,6003,400406,0,0,0
47410409,0,0,6003,400406,0,0,0
47410445,0,0,14006,411623,145,1,0
47410446,0,0,14006,411623,145,0,0
47410447,0,0,14006,411623,0,0,0
47410448,0,0,14006,411623,0,0,0
47410449,0,0,14006,411623,0,0,0
47410450,7425,0,14006,411623,0,0,0
# MARK addr tick=47410450
47410451,7425,0,14006,411623,0,0,0
47410452,0,0,14003,411623,0,0,0
47410453,7,0,6003,411623,0,0,0
47410454,7,0,7425,411623,0,1,0
# MARK ram tick=47410454
47410455,7,0,7425,411623,0,0,0
47410456,7,0,7425,411623,2001,0,0
47410457,7,0,7425,411623,17443,0,0
47410458,7,0,6000,411623,17443,0,0
47410459,7,0,6003,411623,0,0,0
47410460,0,0,6003,411623,0,0,0
47410592,0,0,14006,141623,176,1,0
47410593,0,0,14006,141623,176,0,0
47410594,0,0,14006,141623,0,0,0
47410595,0,0,14006,141623,0,0,0
47410596,0,0,14006,141623,0,0,0
47410597,7425,0,14006,141623,0,0,0
# MARK addr tick=47410597
47410598,7425,0,14006,141623,0,0,0
47410599,0,0,14003,141623,0,0,0
47410600,0,0,6003,141623,0,0,0
47410601,0,0,7425,141623,0,0,0
# MARK ram tick=47410601
47410602,0,7,7425,400007,0,0,0
47410603,0,7,7425,400007,0,0,0
47410604,0,7,7425,400007,0,0,0
47410605,0,7,6000,400007,0,0,0
47410606,0,0,6003,400007,0,0,0
47410607,0,0,6003,400007,0,0,0
47410686,0,0,14006,304200,4332,1,1
47410687,0,0,14006,304200,4332,0,0
47410688,0,0,14006,304200,4333,0,0
47410689,0,0,14006,304200,4333,0,0
47410690,0,0,14006,304200,4333,0,0
47410691,12026,0,14006,304200,4333,0,0
# MARK addr tick=47410691
47410692,12026,0,14006,304200,4333,0,0
47410693,0,0,14005,304200,4333,0,0
47410694,0,0,12005,304200,4333,0,0
47410695,0,0,12026,304200,4333,0,0
# MARK ram tick=47410695
47410696,0,41524,12026,103124,4333,0,0
47410697,0,41524,12026,103124,4333,0,0
47410698,0,41524,12026,103124,4333,0,0
47410699,0,41524,12000,103124,4333,0,0
47410700,0,0,12005,103124,4333,0,0
47410701,0,0,12005,103124,4333,0,0
47416490,0,0,14006,111623,170,1,0
47416491,0,0,14006,111623,170,0,0
47416492,0,0,14006,111623,0,0,0
47416493,0,0,14006,111623,0,0,0
47416494,0,0,14006,111623,0,0,0
47416495,7425,0,14006,111623,0,0,0
# MARK addr tick=47416495
47416496,7425,0,14006,111623,0,0,0
47416497,0,0,14003,111623,0,0,0
47416498,0,0,6003,111623,0,0,0
47416499,0,0,7425,111623,0,0,0
# MARK ram tick=47416499
47416500,0,7,7425,400007,0,0,0
47416501,0,7,7425,400007,0,0,0
47416502,0,7,7425,400007,0,0,0
47416503,0,7,6000,400007,0,0,0
47416504,0,0,6003,400007,0,0,0
47416505,0,0,6003,400007,0,0,0
47416695,0,0,14006,141623,176,1,0
47416696,0,0,14006,141623,176,0,0
47416697,0,0,14006,141623,0,0,0
47416698,0,0,14006,141623,0,0,0
47416699,0,0,14006,141623,0,0,0
47416700,7425,0,14006,141623,0,0,0
# MARK addr tick=47416700
47416701,7425,0,14006,141623,0,0,0
47416702,0,0,14003,141623,0,0,0
47416703,0,0,6003,141623,0,0,0
47416704,0,0,7425,141623,0,0,0
# MARK ram tick=47416704
47416705,0,7,7425,400007,0,0,0
47416706,0,7,7425,400007,0,0,0
47416707,0,7,7425,400007,0,0,0
47416708,0,7,6000,400007,0,0,0
47416709,0,0,6003,400007,0,0,0
47416710,0,0,6003,400007,0,0,0
47416834,0,0,14006,304200,4332,1,0
47416835,0,0,14006,304200,4332,0,0
47416836,0,0,14006,304200,4333,0,0
47416837,0,0,14006,304200,4333,0,0
47416838,0,0,14006,304200,4333,0,0
47416839,12026,0,14006,304200,4333,0,0
# MARK addr tick=47416839
47416840,12026,0,14006,304200,4333,0,0
47416841,0,0,14005,304200,4333,0,0
47416842,0,0,12005,304200,4333,0,0
47416843,0,0,12026,304200,4333,0,0
# MARK ram tick=47416843
47416844,0,41524,12026,103124,4333,0,0
47416845,0,41524,12026,103124,4333,0,0
47416846,0,41524,12026,103124,4333,0,0
47416847,0,41524,12000,103124,4333,0,0
47416848,0,0,12005,103124,4333,0,0
47416849,0,0,12005,103124,4333,0,0
47417005,0,0,14006,531623,174,1,0
47417006,0,0,14006,531623,174,0,0
47417007,0,0,14006,531623,0,0,0
47417008,0,0,14006,531623,0,0,0
47417009,0,0,14006,531623,0,0,0
47417010,7425,0,14006,531623,0,0,0
# MARK addr tick=47417010
47417011,7425,0,14006,531623,0,0,0
47417012,0,0,14003,531623,0,0,0
47417013,0,0,6003,531623,0,0,0
47417014,0,0,7425,531623,0,0,0
# MARK ram tick=47417014
47417015,0,7,7425,400007,0,0,0
47417016,0,7,7425,400007,0,0,0
47417017,0,7,7425,400007,0,0,0
47417018,0,7,6000,400007,0,0,0
47417019,0,0,6003,400007,0,0,0
47417020,0,0,6003,400007,0,0,0
47417056,0,0,14006,411623,145,1,0
47417057,0,0,14006,411623,145,0,0
47417058,0,0,14006,411623,0,0,0
47417059,0,0,14006,411623,0,0,0
47417060,0,0,14006,411623,0,0,0
47417061,7425,0,14006,411623,0,0,0
# MARK addr tick=47417061
47417062,7425,0,14006,411623,0,0,0
47417063,0,0,14003,411623,0,0,0
47417064,10,0,6003,411623,0,0,0
47417065,10,0,7425,411623,0,1,0
# MARK ram tick=47417065
47417066,10,0,7425,411623,0,0,0
47417067,10,0,7425,411623,2001,0,0
47417068,10,0,7425,411623,17443,0,0
47417069,10,0,6000,411623,17443,0,0
47417070,10,0,6003,411623,0,0,0
47417071,0,0,6003,411623,0,0,0
47417203,0,0,14006,141623,176,1,0
47417204,0,0,14006,141623,176,0,0
47417205,0,0,14006,141623,0,0,0
47417206,0,0,14006,141623,0,0,0
47417207,0,0,14006,141623,0,0,0
47417208,7425,0,14006,141623,0,0,0
# MARK addr tick=47417208
47417209,7425,0,14006,141623,0,0,0
47417210,0,0,14003,141623,0,0,0
47417211,0,0,6003,141623,0,0,0
47417212,0,0,7425,141623,0,0,0
# MARK ram tick=47417212
47417213,0,10,7425,400010,0,0,0
47417214,0,10,7425,400010,0,0,0
47417215,0,10,7425,400010,0,0,0
47417216,0,10,6000,400010,0,0,0
47417217,0,0,6003,400010,0,0,0
47417218,0,0,6003,400010,0,0,0
47417297,0,0,14006,304200,4332,1,0
47417298,0,0,14006,304200,4332,0,0
47417299,0,0,14006,304200,4334,0,0
47417300,0,0,14006,304200,4334,0,0
47417301,0,0,14006,304200,4334,0,0
47417302,12027,0,14006,304200,4334,0,0
# MARK addr tick=47417302
47417303,12027,0,14006,304200,4334,0,0
47417304,0,0,14005,304200,4334,0,0
47417305,0,0,12005,304200,4334,0,0
47417306,0,0,12027,304200,4334,0,0
# MARK ram tick=47417306
47417307,0,44517,12027,111117,4334,0,0
47417308,0,44517,12027,111117,4334,0,0
47417309,0,44517,12027,111117,4334,0,0
47417310,0,44517,12000,111117,4334,0,0
47417311,0,0,12005,111117,4334,0,0
47417312,0,0,12005,111117,4334,0,0
47417449,0,0,14006,111623,170,1,0
47417450,0,0,14006,111623,170,0,0
47417451,0,0,14006,111623,0,0,0
47417452,0,0,14006,111623,0,0,0
47417453,0,0,14006,111623,0,0,0
47417454,7425,0,14006,111623,0,0,0
# MARK addr tick=47417454
47417455,7425,0,14006,111623,0,0,0
47417456,0,0,14003,111623,0,0,0
47417457,0,0,6003,111623,0,0,0
47417458,0,0,7425,111623,0,0,0
# MARK ram tick=47417458
47417459,0,10,7425,400010,0,0,0
47417460,0,10,7425,400010,0,0,0
47417461,0,10,7425,400010,0,0,0
47417462,0,10,6000,400010,0,0,0
47417463,0,0,6003,400010,0,0,0
47417464,0,0,6003,400010,0,0,0
47417654,0,0,14006,141623,176,1,0
47417655,0,0,14006,141623,176,0,0
47417656,0,0,14006,141623,0,0,0
47417657,0,0,14006,141623,0,0,0
47417658,0,0,14006,141623,0,0,0
47417659,7425,0,14006,141623,0,0,0
# MARK addr tick=47417659
47417660,7425,0,14006,141623,0,0,0
47417661,0,0,14003,141623,0,0,0
47417662,0,0,6003,141623,0,0,0
47417663,0,0,7425,141623,0,0,0
# MARK ram tick=47417663
47417664,0,10,7425,400010,0,0,0
47417665,0,10,7425,400010,0,0,0
47417666,0,10,7425,400010,0,0,0
47417667,0,10,6000,400010,0,0,0
47417668,0,0,6003,400010,0,0,0
47417669,0,0,6003,400010,0,0,0
47417793,0,0,14006,304200,4332,1,0
47417794,0,0,14006,304200,4332,0,0
47417795,0,0,14006,304200,4334,0,0
47417796,0,0,14006,304200,4334,0,0
47417797,0,0,14006,304200,4334,0,0
47417798,12027,0,14006,304200,4334,0,0
# MARK addr tick=47417798
47417799,12027,0,14006,304200,4334,0,0
47417800,0,0,14005,304200,4334,0,0
47417801,0,0,12005,304200,4334,0,0
47417802,0,0,12027,304200,4334,0,0
# MARK ram tick=47417802
47417803,0,44517,12027,111117,4334,0,0
47417804,0,44517,12027,111117,4334,0,0
47417805,0,44517,12027,111117,4334,0,0
47417806,0,44517,12000,111117,4334,0,0
47417807,0,0,12005,111117,4334,0,0
47417808,0,0,12005,111117,4334,0,0
47417975,0,0,14006,531623,174,1,0
47417976,0,0,14006,531623,174,0,0
47417977,0,0,14006,531623,0,0,0
47417978,0,0,14006,531623,0,0,0
47417979,0,0,14006,531623,0,0,0
47417980,7425,0,14006,531623,0,0,0
# MARK addr tick=47417980
47417981,7425,0,14006,531623,0,0,0
47417982,0,0,14003,531623,0,0,0
47417983,0,0,6003,531623,0,0,0
47417984,0,0,7425,531623,0,0,0
# MARK ram tick=47417984
47417985,0,10,7425,400010,0,0,0
47417986,0,10,7425,400010,0,0,0
47417987,0,10,7425,400010,0,0,0
47417988,0,10,6000,400010,0,0,0
47417989,0,0,6003,400010,0,0,0
47417990,0,0,6003,400010,0,0,0
47418026,0,0,14006,411623,145,1,0
47418027,0,0,14006,411623,145,0,0
47418028,0,0,14006,411623,0,0,0
47418029,0,0,14006,411623,0,0,0
47418030,0,0,14006,411623,0,0,0
47418031,7425,0,14006,411623,0,0,0
# MARK addr tick=47418031
47418032,7425,0,14006,411623,0,0,0
47418033,0,0,14003,411623,0,0,0
47418034,11,0,6003,411623,0,0,0
47418035,11,0,7425,411623,0,1,0
# MARK ram tick=47418035
47418036,11,0,7425,411623,0,0,0
47418037,11,0,7425,411623,2001,0,0
47418038,11,0,7425,411623,17443,0,0
47418039,11,0,6000,411623,17443,0,0
47418040,11,0,6003,411623,0,0,0
47418041,0,0,6003,411623,0,0,0
47418173,0,0,14006,141623,176,1,0
47418174,0,0,14006,141623,176,0,0
47418175,0,0,14006,141623,0,0,0
47418176,0,0,14006,141623,0,0,0
47418177,0,0,14006,141623,0,0,0
47418178,7425,0,14006,141623,0,0,0
# MARK addr tick=47418178
47418179,7425,0,14006,141623,0,0,0
47418180,0,0,14003,141623,0,0,0
47418181,0,0,6003,141623,0,0,0
47418182,0,0,7425,141623,0,0,0
# MARK ram tick=47418182
47418183,0,11,7425,400411,0,0,0
47418184,0,11,7425,400411,0,0,0
47418185,0,11,7425,400411,0,0,0
47418186,0,11,6000,400411,0,0,0
47418187,0,0,6003,400411,0,0,0
47418188,0,0,6003,400411,0,0,0
47418267,0,0,14006,304200,4332,1,0
47418268,0,0,14006,304200,4332,0,0
47418269,0,0,14006,304200,4333,0,0
47418270,0,0,14006,304200,4333,0,0
47418271,0,0,14006,304200,4333,0,0
47418272,12027,0,14006,304200,4333,0,0
# MARK addr tick=47418272
47418273,12027,0,14006,304200,4333,0,0
47418274,0,0,14005,304200,4333,0,0
47418275,0,0,12005,304200,4333,0,0
47418276,0,0,12027,304200,4333,0,0
# MARK ram tick=47418276
47418277,0,44517,12027,111117,4333,0,0
47418278,0,44517,12027,111117,4333,0,0
47418279,0,44517,12027,111117,4333,0,0
47418280,0,44517,12000,111117,4333,0,0
47418281,0,0,12005,111117,4333,0,0
47418282,0,0,12005,111117,4333,0,0
47418420,0,0,14006,111623,170,1,0
47418421,0,0,14006,111623,170,0,0
47418422,0,0,14006,111623,0,0,0
47418423,0,0,14006,111623,0,0,0
47418424,0,0,14006,111623,0,0,0
47418425,7425,0,14006,111623,0,0,0
# MARK addr tick=47418425
47418426,7425,0,14006,111623,0,0,0
47418427,0,0,14003,111623,0,0,0
47418428,0,0,6003,111623,0,0,0
47418429,0,0,7425,111623,0,0,0
# MARK ram tick=47418429
47418430,0,11,7425,400411,0,0,0
47418431,0,11,7425,400411,0,0,0
47418432,0,11,7425,400411,0,0,0
47418433,0,11,6000,400411,0,0,0
47418434,0,0,6003,400411,0,0,0
47418435,0,0,6003,400411,0,0,0
47418625,0,0,14006,141623,176,1,0
47418626,0,0,14006,141623,176,0,0
47418627,0,0,14006,141623,0,0,0
47418628,0,0,14006,141623,0,0,0
47418629,0,0,14006,141623,0,0,0
47418630,7425,0,14006,141623,0,0,0
# MARK addr tick=47418630
47418631,7425,0,14006,141623,0,0,0
47418632,0,0,14003,141623,0,0,0
47418633,0,0,6003,141623,0,0,0
47418634,0,0,7425,141623,0,0,0
# MARK ram tick=47418634
47418635,0,11,7425,400411,0,0,0
47418636,0,11,7425,400411,0,0,0
47418637,0,11,7425,400411,0,0,0
47418638,0,11,6000,400411,0,0,0
47418639,0,0,6003,400411,0,0,0
47418640,0,0,6003,400411,0,0,0
47418764,0,0,14006,304200,4332,1,0
47418765,0,0,14006,304200,4332,0,0
47418766,0,0,14006,304200,4333,0,0
47418767,0,0,14006,304200,4333,0,0
47418768,0,0,14006,304200,4333,0,0
47418769,12027,0,14006,304200,4333,0,0
# MARK addr tick=47418769
47418770,12027,0,14006,304200,4333,0,0
47418771,0,0,14005,304200,4333,0,0
47418772,0,0,12005,304200,4333,0,0
47418773,0,0,12027,304200,4333,0,0
# MARK ram tick=47418773
47418774,0,44517,12027,111117,4333,0,0
47418775,0,44517,12027,111117,4333,0,0
47418776,0,44517,12027,111117,4333,0,0
47418777,0,44517,12000,111117,4333,0,0
47418778,0,0,12005,111117,4333,0,0
47418779,0,0,12005,111117,4333,0,0
47418935,0,0,14006,531623,174,1,0
47418936,0,0,14006,531623,174,0,0
47418937,0,0,14006,531623,0,0,0
47418938,0,0,14006,531623,0,0,0
47418939,0,0,14006,531623,0,0,0
47418940,7425,0,14006,531623,0,0,0
# MARK addr tick=47418940
47418941,7425,0,14006,531623,0,0,0
47418942,0,0,14003,531623,0,0,0
47418943,0,0,6003,531623,0,0,0
47418944,0,0,7425,531623,0,0,0
# MARK ram tick=47418944
47418945,0,11,7425,400411,0,0,0
47418946,0,11,7425,400411,0,0,0
47418947,0,11,7425,400411,0,0,0
47418948,0,11,6000,400411,0,0,0
47418949,0,0,6003,400411,0,0,0
47418950,0,0,6003,400411,0,0,0
47424651,0,0,14006,411623,145,1,0
47424652,0,0,14006,411623,145,0,0
47424653,0,0,14006,411623,0,0,0
47424654,0,0,14006,411623,0,0,0
47424655,0,0,14006,411623,0,0,0
47424656,7425,0,14006,411623,0,0,0
# MARK addr tick=47424656
47424657,7425,0,14006,411623,0,0,0
47424658,0,0,14003,411623,0,0,0
47424659,12,0,6003,411623,0,0,0
47424660,12,0,7425,411623,0,1,0
# MARK ram tick=47424660
47424661,12,0,7425,411623,0,0,0
47424662,12,0,7425,411623,2001,0,0
47424663,12,0,7425,411623,17443,0,0
47424664,12,0,6000,411623,17443,0,0
47424665,12,0,6003,411623,0,0,0
47424666,0,0,6003,411623,0,0,0
47424798,0,0,14006,141623,176,1,0
47424799,0,0,14006,141623,176,0,0
47424800,0,0,14006,141623,0,0,0
47424801,0,0,14006,141623,0,0,0
47424802,0,0,14006,141623,0,0,0
47424803,7425,0,14006,141623,0,0,0
# MARK addr tick=47424803
47424804,7425,0,14006,141623,0,0,0
47424805,0,0,14003,141623,0,0,0
47424806,0,0,6003,141623,0,0,0
47424807,0,0,7425,141623,0,0,0
# MARK ram tick=47424807
47424808,0,12,7425,400412,0,0,0
47424809,0,12,7425,400412,0,0,0
47424810,0,12,7425,400412,0,0,0
47424811,0,12,6000,400412,0,0,0
47424812,0,0,6003,400412,0,0,0
47424813,0,0,6003,400412,0,0,0
47425042,0,0,14006,111623,170,1,0
47425043,0,0,14006,111623,170,0,0
47425044,0,0,14006,111623,0,0,0
47425045,0,0,14006,111623,0,0,0
47425046,0,0,14006,111623,0,0,0
47425047,7425,0,14006,111623,0,0,0
# MARK addr tick=47425047
47425048,7425,0,14006,111623,0,0,0
47425049,0,0,14003,111623,0,0,0
47425050,0,0,6003,111623,0,0,0
47425051,0,0,7425,111623,0,0,0
# MARK ram tick=47425051
47425052,0,12,7425,400412,0,0,0
47425053,0,12,7425,400412,0,0,0
47425054,0,12,7425,400412,0,0,0
47425055,0,12,6000,400412,0,0,0
47425056,0,0,6003,400412,0,0,0
47425057,0,0,6003,400412,0,0,0
47425247,0,0,14006,141623,176,1,0
47425248,0,0,14006,141623,176,0,0
47425249,0,0,14006,141623,0,0,0
47425250,0,0,14006,141623,0,0,0
47425251,0,0,14006,141623,0,0,0
47425252,7425,0,14006,141623,0,0,0
# MARK addr tick=47425252
47425253,7425,0,14006,141623,0,0,0
47425254,0,0,14003,141623,0,0,0
47425255,0,0,6003,141623,0,0,0
47425256,0,0,7425,141623,0,0,0
# MARK ram tick=47425256
47425257,0,12,7425,400412,0,0,0
47425258,0,12,7425,400412,0,0,0
47425259,0,12,7425,400412,0,0,0
47425260,0,12,6000,400412,0,0,0
47425261,0,0,6003,400412,0,0,0
47425262,0,0,6003,400412,0,0,0
47425566,0,0,14006,531623,174,1,0
47425567,0,0,14006,531623,174,0,0
47425568,0,0,14006,531623,0,0,0
47425569,0,0,14006,531623,0,0,0
47425570,0,0,14006,531623,0,0,0
47425571,7425,0,14006,531623,0,0,0
# MARK addr tick=47425571
47425572,7425,0,14006,531623,0,0,0
47425573,0,0,14003,531623,0,0,0
47425574,0,0,6003,531623,0,0,0
47425575,0,0,7425,531623,0,0,0
# MARK ram tick=47425575
47425576,0,12,7425,400412,0,0,0
47425577,0,12,7425,400412,0,0,0
47425578,0,12,7425,400412,0,0,0
47425579,0,12,6000,400412,0,0,0
47425580,0,0,6003,400412,0,0,0
47425581,0,0,6003,400412,0,0,0
47425617,0,0,14006,411623,145,1,0
47425618,0,0,14006,411623,145,0,0
47425619,0,0,14006,411623,0,0,0
47425620,0,0,14006,411623,0,0,0
47425621,0,0,14006,411623,0,0,0
47425622,7425,0,14006,411623,0,0,0
# MARK addr tick=47425622
47425623,7425,0,14006,411623,0,0,0
47425624,0,0,14003,411623,0,0,0
47425625,13,0,6003,411623,0,0,0
47425626,13,0,7425,411623,0,1,0
# MARK ram tick=47425626
47425627,13,0,7425,411623,0,0,0
47425628,13,0,7425,411623,2001,0,0
47425629,13,0,7425,411623,17443,0,0
47425630,13,0,6000,411623,17443,0,0
47425631,13,0,6003,411623,0,0,0
47425632,0,0,6003,411623,0,0,0
47425771,0,0,14006,141623,176,1,0
47425772,0,0,14006,141623,176,0,0
47425773,0,0,14006,141623,0,0,0
47425774,0,0,14006,141623,0,0,0
47425775,0,0,14006,141623,0,0,0
47425776,7425,0,14006,141623,0,0,0
# MARK addr tick=47425776
47425777,7425,0,14006,141623,0,0,0
47425778,0,0,14003,141623,0,0,0
47425779,0,0,6003,141623,0,0,0
47425780,0,0,7425,141623,0,0,0
# MARK ram tick=47425780
47425781,0,13,7425,400013,0,0,0
47425782,0,13,7425,400013,0,0,0
47425783,0,13,7425,400013,0,0,0
47425784,0,13,6000,400013,0,0,0
47425785,0,0,6003,400013,0,0,0
47425786,0,0,6003,400013,0,0,0
47425850,0,0,14006,111623,170,1,0
47425851,0,0,14006,111623,170,0,0
47425852,0,0,14006,111623,0,0,0
47425853,0,0,14006,111623,0,0,0
47425854,0,0,14006,111623,0,0,0
47425855,7425,0,14006,111623,0,0,0
# MARK addr tick=47425855
47425856,7425,0,14006,111623,0,0,0
47425857,0,0,14003,111623,0,0,0
47425858,0,0,6003,111623,0,0,0
47425859,0,0,7425,111623,0,0,0
# MARK ram tick=47425859
47425860,0,13,7425,400013,0,0,0
47425861,0,13,7425,400013,0,0,0
47425862,0,13,7425,400013,0,0,0
47425863,0,13,6000,400013,0,0,0
47425864,0,0,6003,400013,0,0,0
47425865,0,0,6003,400013,0,0,0
47466346,0,0,14006,141623,176,1,0
47466347,0,0,14006,141623,176,0,0
47466348,0,0,14006,141623,0,0,0
47466349,0,0,14006,141623,0,0,0
47466350,0,0,14006,141623,0,0,0
47466351,7425,0,14006,141623,0,0,0
# MARK addr tick=47466351
47466352,7425,0,14006,141623,0,0,0
47466353,0,0,14003,141623,0,0,0
47466354,0,0,6003,141623,0,0,0
47466355,0,0,7425,141623,0,0,0
# MARK ram tick=47466355
47466356,0,13,7425,400013,0,0,0
47466357,0,13,7425,400013,0,0,0
47466358,0,13,7425,400013,0,0,0
47466359,0,13,6000,400013,0,0,0
47466360,0,0,6003,400013,0,0,0
47466361,0,0,6003,400013,0,0,0
47466593,0,0,14006,411224,145,1,0
47466594,0,0,14006,411224,145,0,0
47466595,0,0,14006,411224,0,0,0
47466596,0,0,14006,411224,0,0,0
47466597,0,0,14006,411224,0,0,0
47466598,7426,0,14006,411224,0,0,0
# MARK addr tick=47466598
47466599,7426,0,14006,411224,0,0,0
47466600,0,0,14003,411224,0,0,0
47466601,0,0,6003,411224,0,0,0
47466602,0,0,7426,411224,0,1,0
# MARK ram tick=47466602
47466603,0,0,7426,411224,0,0,0
47466604,0,0,7426,411224,2001,0,0
47466605,0,0,7426,411224,17546,0,0
47466606,0,0,6000,411224,17546,0,0
47466607,0,0,6003,411224,0,0,0
47466608,0,0,6003,411224,0,0,0
47466655,0,0,14006,141623,176,1,0
47466656,0,0,14006,141623,176,0,0
47466657,0,0,14006,141623,0,0,0
47466658,0,0,14006,141623,0,0,0
47466659,0,0,14006,141623,0,0,0
47466660,7425,0,14006,141623,0,0,0
# MARK addr tick=47466660
47466661,7425,0,14006,141623,0,0,0
47466662,0,0,14003,141623,0,0,0
47466663,0,0,6003,141623,0,0,0
47466664,0,0,7425,141623,0,0,0
# MARK ram tick=47466664
47466665,0,13,7425,400013,0,0,0
47466666,0,13,7425,400013,0,0,0
47466667,0,13,7425,400013,0,0,0
47466668,0,13,6000,400013,0,0,0
47466669,0,0,6003,400013,0,0,0
47466670,0,0,6003,400013,0,0,0
47531719,0,0,30014,304200,4332,1,0
47531720,0,0,30014,304200,4332,0,0
47531721,0,0,30014,304200,4334,0,0
47531722,0,0,30014,304200,4334,0,0
47531723,0,0,30014,304200,4334,0,0
47531724,12023,0,30014,304200,4334,0,0
# MARK addr tick=47531724
47531725,12023,0,30014,304200,4334,0,0
47531726,0,0,30005,304200,4334,0,0
47531727,0,0,12005,304200,4334,0,0
47531728,0,0,12023,304200,4334,0,0
# MARK ram tick=47531728
47531729,0,44516,12023,111516,4334,0,0
47531730,0,44516,12023,111516,4334,0,0
47531731,0,44516,12023,111516,4334,0,0
47531732,0,44516,12000,111516,4334,0,0
47531733,0,0,12005,111516,4334,0,0
47531734,0,0,12005,111516,4334,0,0
47531870,0,0,30014,304200,4332,1,0
47531871,0,0,30014,304200,4332,0,0
47531872,0,0,30014,304200,4334,0,0
47531873,0,0,30014,304200,4334,0,0
47531874,0,0,30014,304200,4334,0,0
47531875,12023,0,30014,304200,4334,0,0
# MARK addr tick=47531875
47531876,12023,0,30014,304200,4334,0,0
47531877,0,0,30005,304200,4334,0,0
47531878,0,0,12005,304200,4334,0,0
47531879,0,0,12023,304200,4334,0,0
# MARK ram tick=47531879
47531880,0,44516,12023,111516,4334,0,0
47531881,0,44516,12023,111516,4334,0,0
47531882,0,44516,12023,111516,4334,0,0
47531883,0,44516,12000,111516,4334,0,0
47531884,0,0,12005,111516,4334,0,0
47531885,0,0,12005,111516,4334,0,0
47532164,0,0,30014,61675,152,0,0
47532165,0,0,30014,61675,152,0,0
47532166,7411,0,30014,61675,152,0,0
47532167,7411,0,30014,61675,152,0,0
47532168,0,0,30003,61675,152,0,0
47532169,12023,0,6003,61675,152,0,0
# MARK addr tick=47532169
47532170,12023,0,7411,61675,152,1,0
47532171,12023,0,7411,61675,152,0,0
47532172,12023,0,7411,61675,145,0,0
47532173,12023,0,7411,61675,145,0,0
47532174,12023,0,6000,61675,145,0,0
47532175,12023,0,6003,61675,145,0,0
47532663,0,0,62031,31602,0,0,0
47532664,0,0,62031,31602,0,0,0
47532665,7404,0,62031,31602,0,0,0
47532666,7404,0,62031,31602,0,0,0
47532667,0,0,62003,31602,0,0,0
47532668,7426,0,6003,31602,0,0,0
# MARK addr tick=47532668
47532669,7426,0,7404,31602,0,1,0
47532670,7426,0,7404,31602,0,0,0
47532671,7426,0,7404,31602,2001,0,0
47532672,7426,0,7404,31602,17173,0,0
47532673,7426,0,6000,31602,17173,0,0
47532674,7426,0,6003,31602,0,0,0
47532818,0,0,14006,31221,145,1,0
47532819,0,0,14006,31221,145,0,0
47532820,0,0,14006,31221,0,0,0
47532821,0,0,14006,31221,0,0,0
47532822,0,0,14006,31221,0,0,0
47532823,7423,0,14006,31221,0,0,0
# MARK addr tick=47532823
47532824,7423,0,14006,31221,0,0,0
47532825,0,0,14003,31221,0,0,0
47532826,14701,0,6003,31221,0,0,0
47532827,14701,0,7423,31221,0,1,0
# MARK ram tick=47532827
47532828,14701,0,7423,31221,0,0,0
47532829,14701,0,7423,31221,2001,0,0
47532830,14701,0,7423,31221,16577,0,0
47532831,14701,0,6000,31221,16577,0,0
47532832,14701,0,6003,31221,0,0,0
47532833,0,0,6003,31221,0,0,0
47533382,0,0,14006,61235,152,0,0
47533383,0,0,14006,61235,152,0,0
47533384,7437,0,14006,61235,152,0,0
47533385,7437,0,14006,61235,152,0,0
47533386,0,0,14003,61235,152,0,0
47533387,12023,0,6003,61235,152,0,0
# MARK addr tick=47533387
47533388,12023,0,7437,61235,152,1,0
47533389,12023,0,7437,61235,152,0,0
47533390,12023,0,7437,61235,145,0,0
47533391,12023,0,7437,61235,145,0,0
47533392,12023,0,6000,61235,145,0,0
47533393,12023,0,6003,61235,145,0,0
47533531,0,0,6003,417026,145,1,0
47533532,0,0,6003,417026,145,0,0
47533533,0,0,6003,417026,0,0,0
47533534,0,0,6003,417026,0,0,0
47533535,0,0,6003,417026,0,0,0
47533536,7426,0,6003,417026,0,0,0
# MARK addr tick=47533536
47533537,7426,0,6003,417026,0,0,0
47533538,0,0,6003,417026,0,0,0
47533539,14624,0,6003,417026,0,0,0
47533540,14624,0,7426,417026,0,1,0
# MARK ram tick=47533540
47533541,14624,0,7426,417026,0,0,0
47533542,14624,0,7426,417026,2001,0,0
47533543,14624,0,7426,417026,17155,0,0
47533544,14624,0,6000,417026,17155,0,0
47533545,14624,0,6003,417026,0,0,0
47533546,0,0,6003,417026,0,0,0
47539882,0,0,14006,61235,152,0,0
47539883,0,0,14006,61235,152,0,0
47539884,7463,0,14006,61235,152,0,0
47539885,7463,0,14006,61235,152,0,0
47539886,0,0,14003,61235,152,0,0
47539887,12023,0,6003,61235,152,0,0
# MARK addr tick=47539887
47539888,12023,0,7463,61235,152,1,0
47539889,12023,0,7463,61235,152,0,0
47539890,12023,0,7463,61235,145,0,0
47539891,12023,0,7463,61235,145,0,0
47539892,12023,0,6000,61235,145,0,0
47539893,12023,0,6003,61235,145,0,0
47540685,0,0,14006,304200,4332,1,0
47540686,0,0,14006,304200,4332,0,0
47540687,0,0,14006,304200,4334,0,0
47540688,0,0,14006,304200,4334,0,0
47540689,0,0,14006,304200,4334,0,0
47540690,12023,0,14006,304200,4334,0,0
# MARK addr tick=47540690
47540691,12023,0,14006,304200,4334,0,0
47540692,0,0,14005,304200,4334,0,0
47540693,0,0,12005,304200,4334,0,0
47540694,0,0,12023,304200,4334,0,0
# MARK ram tick=47540694
47540695,0,44516,12023,111516,4334,0,0
47540696,0,44516,12023,111516,4334,0,0
47540697,0,44516,12023,111516,4334,0,0
47540698,0,44516,12000,111516,4334,0,0
47540699,0,0,12005,111516,4334,0,0
47540700,0,0,12005,111516,4334,0,0
47541432,0,0,14006,304200,4332,1,0
47541433,0,0,14006,304200,4332,0,0
47541434,0,0,14006,304200,4333,0,0
47541435,0,0,14006,304200,4333,0,0
47541436,0,0,14006,304200,4333,0,0
47541437,12023,0,14006,304200,4333,0,0
# MARK addr tick=47541437
47541438,12023,0,14006,304200,4333,0,0
47541439,0,0,14005,304200,4333,0,0
47541440,0,0,12005,304200,4333,0,0
47541441,0,0,12023,304200,4333,0,0
# MARK ram tick=47541441
47541442,0,44516,12023,111516,4333,0,0
47541443,0,44516,12023,111516,4333,0,0
47541444,0,44516,12023,111516,4333,0,0
47541445,0,44516,12000,111516,4333,0,0
47541446,0,0,12005,111516,4333,0,0
47541447,0,0,12005,111516,4333,0,0
47542181,0,0,14006,304200,4332,1,0
47542182,0,0,14006,304200,4332,0,0
47542183,0,0,14006,304200,4334,0,0
47542184,0,0,14006,304200,4334,0,0
47542185,0,0,14006,304200,4334,0,0
47542186,12024,0,14006,304200,4334,0,0
# MARK addr tick=47542186
47542187,12024,0,14006,304200,4334,0,0
47542188,0,0,14005,304200,4334,0,0
47542189,0,0,12005,304200,4334,0,0
47542190,0,0,12024,304200,4334,0,0
# MARK ram tick=47542190
47542191,0,51524,12024,523124,4334,0,0
47542192,0,51524,12024,523124,4334,0,0
47542193,0,51524,12024,523124,4334,0,0
47542194,0,51524,12000,523124,4334,0,0
47542195,0,0,12005,523124,4334,0,0
47542196,0,0,12005,523124,4334,0,0
47548557,0,0,14006,304200,4332,1,0
47548558,0,0,14006,304200,4332,0,0
47548559,0,0,14006,304200,4333,0,0
47548560,0,0,14006,304200,4333,0,0
47548561,0,0,14006,304200,4333,0,0
47548562,12024,0,14006,304200,4333,0,0
# MARK addr tick=47548562
47548563,12024,0,14006,304200,4333,0,0
47548564,0,0,14005,304200,4333,0,0
47548565,0,0,12005,304200,4333,0,0
47548566,0,0,12024,304200,4333,0,0
# MARK ram tick=47548566
47548567,0,51524,12024,523124,4333,0,0
47548568,0,51524,12024,523124,4333,0,0
47548569,0,51524,12024,523124,4333,0,0
47548570,0,51524,12000,523124,4333,0,0
47548571,0,0,12005,523124,4333,0,0
47548572,0,0,12005,523124,4333,0,0
47549276,0,0,14006,304200,4332,1,0
47549277,0,0,14006,304200,4332,0,0
47549278,0,0,14006,304200,4334,0,0
47549279,0,0,14006,304200,4334,0,0
47549280,0,0,14006,304200,4334,0,0
47549281,12025,0,14006,304200,4334,0,0
# MARK addr tick=47549281
47549282,12025,0,14006,304200,4334,0,0
47549283,0,0,14005,304200,4334,0,0
47549284,0,0,12005,304200,4334,0,0
47549285,0,0,12025,304200,4334,0,0
# MARK ram tick=47549285
47549286,0,51125,12025,122525,4334,0,0
47549287,0,51125,12025,122525,4334,0,0
47549288,0,51125,12025,122525,4334,0,0
47549289,0,51125,12000,122525,4334,0,0
47549290,0,0,12005,122525,4334,0,0
47549291,0,0,12005,122525,4334,0,0
47549994,0,0,14006,304200,4332,1,0
47549995,0,0,14006,304200,4332,0,0
47549996,0,0,14006,304200,4333,0,0
47549997,0,0,14006,304200,4333,0,0
47549998,0,0,14006,304200,4333,0,0
47549999,12025,0,14006,304200,4333,0,0
# MARK addr tick=47549999
47550000,12025,0,14006,304200,4333,0,0
47550001,0,0,14005,304200,4333,0,0
47550002,0,0,12005,304200,4333,0,0
47550003,0,0,12025,304200,4333,0,0
# MARK ram tick=47550003
47550004,0,51125,12025,122525,4333,0,0
47550005,0,51125,12025,122525,4333,0,0
47550006,0,51125,12025,122525,4333,0,0
47550007,0,51125,12000,122525,4333,0,0
47550008,0,0,12005,122525,4333,0,0
47550009,0,0,12005,122525,4333,0,0
47556379,0,0,14006,304200,4332,1,0
47556380,0,0,14006,304200,4332,0,0
47556381,0,0,14006,304200,4334,0,0
47556382,0,0,14006,304200,4334,0,0
47556383,0,0,14006,304200,4334,0,0
47556384,12026,0,14006,304200,4334,0,0
# MARK addr tick=47556384
47556385,12026,0,14006,304200,4334,0,0
47556386,0,0,14005,304200,4334,0,0
47556387,0,0,12005,304200,4334,0,0
47556388,0,0,12026,304200,4334,0,0
# MARK ram tick=47556388
47556389,0,41524,12026,103124,4334,0,0
47556390,0,41524,12026,103124,4334,0,0
47556391,0,41524,12026,103124,4334,0,0
47556392,0,41524,12000,103124,4334,0,0
47556393,0,0,12005,103124,4334,0,0
47556394,0,0,12005,103124,4334,0,0
47557114,0,0,14362,304200,4333,0,1
47557115,0,0,14362,304200,4333,0,1
47557116,0,0,14362,304200,4333,0,1
47557117,0,0,14000,304200,4333,0,1
47557118,0,0,14006,304200,4333,0,1
47557119,12026,0,14006,304200,4333,0,0
# MARK addr tick=47557119
47557120,12026,0,14006,304200,4333,0,0
47557121,0,0,14005,304200,4333,0,0
47557122,0,0,12005,304200,4333,0,0
47557123,0,0,12026,304200,4333,0,0
# MARK ram tick=47557123
47557124,0,41524,12026,103124,4333,0,0
47557125,0,41524,12026,103124,4333,0,0
47557126,0,41524,12026,103124,4333,0,0
47557127,0,41524,12000,103124,4333,0,0
47557128,0,0,12005,103124,4333,0,0
47557129,0,0,12005,103124,4333,0,0
47557835,0,0,14006,304200,4332,1,0
47557836,0,0,14006,304200,4332,0,0
47557837,0,0,14006,304200,4334,0,0
47557838,0,0,14006,304200,4334,0,0
47557839,0,0,14006,304200,4334,0,0
47557840,12027,0,14006,304200,4334,0,0
# MARK addr tick=47557840
47557841,12027,0,14006,304200,4334,0,0
47557842,0,0,14005,304200,4334,0,0
47557843,0,0,12005,304200,4334,0,0
47557844,0,0,12027,304200,4334,0,0
# MARK ram tick=47557844
47557845,0,44517,12027,111117,4334,0,0
47557846,0,44517,12027,111117,4334,0,0
47557847,0,44517,12027,111117,4334,0,0
47557848,0,44517,12000,111117,4334,0,0
47557849,0,0,12005,111117,4334,0,0
47557850,0,0,12005,111117,4334,0,0
47558572,0,0,14006,304200,4332,1,0
47558573,0,0,14006,304200,4332,0,0
47558574,0,0,14006,304200,4333,0,0
47558575,0,0,14006,304200,4333,0,0
47558576,0,0,14006,304200,4333,0,0
47558577,12027,0,14006,304200,4333,0,0
# MARK addr tick=47558577
47558578,12027,0,14006,304200,4333,0,0
47558579,0,0,14005,304200,4333,0,0
47558580,0,0,12005,304200,4333,0,0
47558581,0,0,12027,304200,4333,0,0
# MARK ram tick=47558581
47558582,0,44517,12027,111117,4333,0,0
47558583,0,44517,12027,111117,4333,0,0
47558584,0,44517,12027,111117,4333,0,0
47558585,0,44517,12000,111117,4333,0,0
47558586,0,0,12005,111117,4333,0,0
47558587,0,0,12005,111117,4333,0,0
47583063,0,0,14006,304200,4332,1,0
47583064,0,0,14006,304200,4332,0,0
47583065,0,0,14006,304200,4334,0,0
47583066,0,0,14006,304200,4334,0,0
47583067,0,0,14006,304200,4334,0,0
47583068,12023,0,14006,304200,4334,0,0
# MARK addr tick=47583068
47583069,12023,0,14006,304200,4334,0,0
47583070,0,0,14005,304200,4334,0,0
47583071,0,0,12005,304200,4334,0,0
47583072,0,0,12023,304200,4334,0,0
# MARK ram tick=47583072
47583073,0,44516,12023,111516,4334,0,0
47583074,0,44516,12023,111516,4334,0,0
47583075,0,44516,12023,111516,4334,0,0
47583076,0,44516,12000,111516,4334,0,0
47583077,0,0,12005,111516,4334,0,0
47583078,0,0,12005,111516,4334,0,0
47583231,0,0,14006,304200,4332,1,0
47583232,0,0,14006,304200,4332,0,0
47583233,0,0,14006,304200,4334,0,0
47583234,0,0,14006,304200,4334,0,0
47583235,0,0,14006,304200,4334,0,0
47583236,12023,0,14006,304200,4334,0,0
# MARK addr tick=47583236
47583237,12023,0,14006,304200,4334,0,0
47583238,0,0,14005,304200,4334,0,0
47583239,0,0,12005,304200,4334,0,0
47583240,0,0,12023,304200,4334,0,0
# MARK ram tick=47583240
47583241,0,44516,12023,111516,4334,0,0
47583242,0,44516,12023,111516,4334,0,0
47583243,0,44516,12023,111516,4334,0,0
47583244,0,44516,12000,111516,4334,0,0
47583245,0,0,12005,111516,4334,0,0
47583246,0,0,12005,111516,4334,0,0
47589319,0,0,62031,534200,174,1,0
47589320,0,0,62031,534200,174,0,0
47589321,0,0,62031,534200,0,0,0
47589322,0,0,62031,534200,0,0,0
47589323,0,0,62031,534200,0,0,0
47589324,7426,0,62031,534200,0,0,0
# MARK addr tick=47589324
47589325,7426,0,62031,534200,0,0,0
47589326,0,0,62003,534200,0,0,0
47589327,0,0,6003,534200,0,0,0
47589328,0,0,7426,534200,0,0,0
# MARK ram tick=47589328
47589329,0,14624,7426,31224,0,0,0
47589330,0,14624,7426,31224,0,0,0
47589331,0,14624,7426,31224,0,0,0
47589332,0,14624,6000,31224,0,0,0
47589333,0,0,6003,31224,0,0,0
47589334,0,0,6003,31224,0,0,0
47589379,0,0,14624,411623,0,0,0
47589380,0,0,14624,411623,0,0,0
47589381,0,0,14624,411623,0,0,0
47589382,0,0,14000,411623,0,0,0
47589383,0,0,14006,411623,0,0,0
47589384,7425,0,14006,411623,0,0,0
# MARK addr tick=47589384
47589385,7425,0,14006,411623,0,0,0
47589386,0,0,14003,411623,0,0,0
47589387,0,0,6003,411623,0,0,0
47589388,0,0,7425,411623,0,1,0
# MARK ram tick=47589388
47589389,0,0,7425,411623,0,0,0
47589390,0,0,7425,411623,2001,0,0
47589391,0,0,7425,411623,16625,0,0
47589392,0,0,6000,411623,16625,0,0
47589393,0,0,6003,411623,0,0,0
47589394,0,0,6003,411623,0,0,0
47589531,0,0,14006,111623,170,1,0
47589532,0,0,14006,111623,170,0,0
47589533,0,0,14006,111623,0,0,0
47589534,0,0,14006,111623,0,0,0
47589535,0,0,14006,111623,0,0,0
47589536,7425,0,14006,111623,0,0,0
# MARK addr tick=47589536
47589537,7425,0,14006,111623,0,0,0
47589538,0,0,14003,111623,0,0,0
47589539,0,0,6003,111623,0,0,0
47589540,0,0,7425,111623,0,0,0
# MARK ram tick=47589540
47589541,0,0,7425,400400,0,0,0
47589542,0,0,7425,400400,0,0,0
47589543,0,0,7425,400400,0,0,0
47589544,0,0,6000,400400,0,0,0
47589545,0,0,6003,400400,0,0,0
47589546,0,0,6003,400400,0,0,0
47590127,0,0,14006,61235,152,0,0
47590128,0,0,14006,61235,152,0,0
47590129,7437,0,14006,61235,152,0,0
47590130,7437,0,14006,61235,152,0,0
47590131,0,0,14003,61235,152,0,0
47590132,12023,0,6003,61235,152,0,0
# MARK addr tick=47590132
47590133,12023,0,7437,61235,152,1,0
47590134,12023,0,7437,61235,152,0,0
47590135,12023,0,7437,61235,145,0,0
47590136,12023,0,7437,61235,145,0,0
47590137,12023,0,6000,61235,145,0,0
47590138,12023,0,6003,61235,145,0,0
47590276,0,0,6003,417026,145,1,0
47590277,0,0,6003,417026,145,0,0
47590278,0,0,6003,417026,0,0,0
47590279,0,0,6003,417026,0,0,0
47590280,0,0,6003,417026,0,0,0
47590281,7426,0,6003,417026,0,0,0
# MARK addr tick=47590281
47590282,7426,0,6003,417026,0,0,0
47590283,0,0,6003,417026,0,0,0
47590284,14624,0,6003,417026,0,0,0
47590285,14624,0,7426,417026,0,1,0
# MARK ram tick=47590285
47590286,14624,0,7426,417026,0,0,0
47590287,14624,0,7426,417026,2001,0,0
47590288,14624,0,7426,417026,17155,0,0
47590289,14624,0,6000,417026,17155,0,0
47590290,14624,0,6003,417026,0,0,0
47590291,0,0,6003,417026,0,0,0
47590961,0,0,14006,61235,152,0,0
47590962,0,0,14006,61235,152,0,0
47590963,7463,0,14006,61235,152,0,0
47590964,7463,0,14006,61235,152,0,0
47590965,0,0,14003,61235,152,0,0
47590966,12023,0,6003,61235,152,0,0
# MARK addr tick=47590966
47590967,12023,0,7463,61235,152,1,0
47590968,12023,0,7463,61235,152,0,0
47590969,12023,0,7463,61235,145,0,0
47590970,12023,0,7463,61235,145,0,0
47590971,12023,0,6000,61235,145,0,0
47590972,12023,0,6003,61235,145,0,0
47591760,0,0,14006,304200,4332,1,0
47591761,0,0,14006,304200,4332,0,0
47591762,0,0,14006,304200,4334,0,0
47591763,0,0,14006,304200,4334,0,0
47591764,0,0,14006,304200,4334,0,0
47591765,12023,0,14006,304200,4334,0,0
# MARK addr tick=47591765
47591766,12023,0,14006,304200,4334,0,0
47591767,0,0,14005,304200,4334,0,0
47591768,0,0,12005,304200,4334,0,0
47591769,0,0,12023,304200,4334,0,0
# MARK ram tick=47591769
47591770,0,44516,12023,111516,4334,0,0
47591771,0,44516,12023,111516,4334,0,0
47591772,0,44516,12023,111516,4334,0,0
47591773,0,44516,12000,111516,4334,0,0
47591774,0,0,12005,111516,4334,0,0
47591775,0,0,12005,111516,4334,0,0
47598168,0,0,14006,304200,4332,1,0
47598169,0,0,14006,304200,4332,0,0
47598170,0,0,14006,304200,4333,0,0
47598171,0,0,14006,304200,4333,0,0
47598172,0,0,14006,304200,4333,0,0
47598173,12023,0,14006,304200,4333,0,0
# MARK addr tick=47598173
47598174,12023,0,14006,304200,4333,0,0
47598175,0,0,14005,304200,4333,0,0
47598176,0,0,12005,304200,4333,0,0
47598177,0,0,12023,304200,4333,0,0
# MARK ram tick=47598177
47598178,0,44516,12023,111516,4333,0,0
47598179,0,44516,12023,111516,4333,0,0
47598180,0,44516,12023,111516,4333,0,0
47598181,0,44516,12000,111516,4333,0,0
47598182,0,0,12005,111516,4333,0,0
47598183,0,0,12005,111516,4333,0,0
47598917,0,0,14006,304200,4332,1,0
47598918,0,0,14006,304200,4332,0,0
47598919,0,0,14006,304200,4334,0,0
47598920,0,0,14006,304200,4334,0,0
47598921,0,0,14006,304200,4334,0,0
47598922,12024,0,14006,304200,4334,0,0
# MARK addr tick=47598922
47598923,12024,0,14006,304200,4334,0,0
47598924,0,0,14005,304200,4334,0,0
47598925,0,0,12005,304200,4334,0,0
47598926,0,0,12024,304200,4334,0,0
# MARK ram tick=47598926
47598927,0,51524,12024,523124,4334,0,0
47598928,0,51524,12024,523124,4334,0,0
47598929,0,51524,12024,523124,4334,0,0
47598930,0,51524,12000,523124,4334,0,0
47598931,0,0,12005,523124,4334,0,0
47598932,0,0,12005,523124,4334,0,0
47599640,0,0,14006,304200,4332,1,0
47599641,0,0,14006,304200,4332,0,0
47599642,0,0,14006,304200,4333,0,0
47599643,0,0,14006,304200,4333,0,0
47599644,0,0,14006,304200,4333,0,0
47599645,12024,0,14006,304200,4333,0,0
# MARK addr tick=47599645
47599646,12024,0,14006,304200,4333,0,0
47599647,0,0,14005,304200,4333,0,0
47599648,0,0,12005,304200,4333,0,0
47599649,0,0,12024,304200,4333,0,0
# MARK ram tick=47599649
47599650,0,51524,12024,523124,4333,0,0
47599651,0,51524,12024,523124,4333,0,0
47599652,0,51524,12024,523124,4333,0,0
47599653,0,51524,12000,523124,4333,0,0
47599654,0,0,12005,523124,4333,0,0
47599655,0,0,12005,523124,4333,0,0
47606012,0,0,14006,304200,4332,1,0
47606013,0,0,14006,304200,4332,0,0
47606014,0,0,14006,304200,4334,0,0
47606015,0,0,14006,304200,4334,0,0
47606016,0,0,14006,304200,4334,0,0
47606017,12025,0,14006,304200,4334,0,0
# MARK addr tick=47606017
47606018,12025,0,14006,304200,4334,0,0
47606019,0,0,14005,304200,4334,0,0
47606020,0,0,12005,304200,4334,0,0
47606021,0,0,12025,304200,4334,0,0
# MARK ram tick=47606021
47606022,0,51125,12025,122525,4334,0,0
47606023,0,51125,12025,122525,4334,0,0
47606024,0,51125,12025,122525,4334,0,0
47606025,0,51125,12000,122525,4334,0,0
47606026,0,0,12005,122525,4334,0,0
47606027,0,0,12005,122525,4334,0,0
47606734,0,0,14006,304200,4332,1,0
47606735,0,0,14006,304200,4332,0,0
47606736,0,0,14006,304200,4333,0,0
47606737,0,0,14006,304200,4333,0,0
47606738,0,0,14006,304200,4333,0,0
47606739,12025,0,14006,304200,4333,0,0
# MARK addr tick=47606739
47606740,12025,0,14006,304200,4333,0,0
47606741,0,0,14005,304200,4333,0,0
47606742,0,0,12005,304200,4333,0,0
47606743,0,0,12025,304200,4333,0,0
# MARK ram tick=47606743
47606744,0,51125,12025,122525,4333,0,0
47606745,0,51125,12025,122525,4333,0,0
47606746,0,51125,12025,122525,4333,0,0
47606747,0,51125,12000,122525,4333,0,0
47606748,0,0,12005,122525,4333,0,0
47606749,0,0,12005,122525,4333,0,0
47607465,0,0,14006,304200,4332,1,0
47607466,0,0,14006,304200,4332,0,0
47607467,0,0,14006,304200,4334,0,0
47607468,0,0,14006,304200,4334,0,0
47607469,0,0,14006,304200,4334,0,0
47607470,12026,0,14006,304200,4334,0,0
# MARK addr tick=47607470
47607471,12026,0,14006,304200,4334,0,0
47607472,0,0,14005,304200,4334,0,0
47607473,0,0,12005,304200,4334,0,0
47607474,0,0,12026,304200,4334,0,0
# MARK ram tick=47607474
47607475,0,41524,12026,103124,4334,0,0
47607476,0,41524,12026,103124,4334,0,0
47607477,0,41524,12026,103124,4334,0,0
47607478,0,41524,12000,103124,4334,0,0
47607479,0,0,12005,103124,4334,0,0
47607480,0,0,12005,103124,4334,0,0
47608184,0,0,14006,304200,4332,1,0
47608185,0,0,14006,304200,4332,0,0
47608186,0,0,14006,304200,4333,0,0
47608187,0,0,14006,304200,4333,0,0
47608188,0,0,14006,304200,4333,0,0
47608189,12026,0,14006,304200,4333,0,0
# MARK addr tick=47608189
47608190,12026,0,14006,304200,4333,0,0
47608191,0,0,14005,304200,4333,0,0
47608192,0,0,12005,304200,4333,0,0
47608193,0,0,12026,304200,4333,0,0
# MARK ram tick=47608193
47608194,0,41524,12026,103124,4333,0,0
47608195,0,41524,12026,103124,4333,0,0
47608196,0,41524,12026,103124,4333,0,0
47608197,0,41524,12000,103124,4333,0,0
47608198,0,0,12005,103124,4333,0,0
47608199,0,0,12005,103124,4333,0,0
47614573,0,0,14006,304200,4332,1,0
47614574,0,0,14006,304200,4332,0,0
47614575,0,0,14006,304200,4334,0,0
47614576,0,0,14006,304200,4334,0,0
47614577,0,0,14006,304200,4334,0,0
47614578,12027,0,14006,304200,4334,0,0
# MARK addr tick=47614578
47614579,12027,0,14006,304200,4334,0,0
47614580,0,0,14005,304200,4334,0,0
47614581,0,0,12005,304200,4334,0,0
47614582,0,0,12027,304200,4334,0,0
# MARK ram tick=47614582
47614583,0,44517,12027,111117,4334,0,0
47614584,0,44517,12027,111117,4334,0,0
47614585,0,44517,12027,111117,4334,0,0
47614586,0,44517,12000,111117,4334,0,0
47614587,0,0,12005,111117,4334,0,0
47614588,0,0,12005,111117,4334,0,0
47615310,0,0,14006,304200,4332,1,0
47615311,0,0,14006,304200,4332,0,0
47615312,0,0,14006,304200,4333,0,0
47615313,0,0,14006,304200,4333,0,0
47615314,0,0,14006,304200,4333,0,0
47615315,12027,0,14006,304200,4333,0,0
# MARK addr tick=47615315
47615316,12027,0,14006,304200,4333,0,0
47615317,0,0,14005,304200,4333,0,0
47615318,0,0,12005,304200,4333,0,0
47615319,0,0,12027,304200,4333,0,0
# MARK ram tick=47615319
47615320,0,44517,12027,111117,4333,0,0
47615321,0,44517,12027,111117,4333,0,0
47615322,0,44517,12027,111117,4333,0,0
47615323,0,44517,12000,111117,4333,0,0
47615324,0,0,12005,111117,4333,0,0
47615325,0,0,12005,111117,4333,0,0
47639805,0,0,14006,304200,4332,1,0
47639806,0,0,14006,304200,4332,0,0
47639807,0,0,14006,304200,4334,0,0
47639808,0,0,14006,304200,4334,0,0
47639809,0,0,14006,304200,4334,0,0
47639810,12023,0,14006,304200,4334,0,0
# MARK addr tick=47639810
47639811,12023,0,14006,304200,4334,0,0
47639812,0,0,14005,304200,4334,0,0
47639813,0,0,12005,304200,4334,0,0
47639814,0,0,12023,304200,4334,0,0
# MARK ram tick=47639814
47639815,0,44516,12023,111516,4334,0,0
47639816,0,44516,12023,111516,4334,0,0
47639817,0,44516,12023,111516,4334,0,0
47639818,0,44516,12000,111516,4334,0,0
47639819,0,0,12005,111516,4334,0,0
47639820,0,0,12005,111516,4334,0,0
47639973,0,0,14006,304200,4332,1,0
47639974,0,0,14006,304200,4332,0,0
47639975,0,0,14006,304200,4334,0,0
47639976,0,0,14006,304200,4334,0,0
47639977,0,0,14006,304200,4334,0,0
47639978,12023,0,14006,304200,4334,0,0
# MARK addr tick=47639978
47639979,12023,0,14006,304200,4334,0,0
47639980,0,0,14005,304200,4334,0,0
47639981,0,0,12005,304200,4334,0,0
47639982,0,0,12023,304200,4334,0,0
# MARK ram tick=47639982
47639983,0,44516,12023,111516,4334,0,0
47639984,0,44516,12023,111516,4334,0,0
47639985,0,44516,12023,111516,4334,0,0
47639986,0,44516,12000,111516,4334,0,0
47639987,0,0,12005,111516,4334,0,0
47639988,0,0,12005,111516,4334,0,0
47640417,0,0,62031,534200,174,1,0
47640418,0,0,62031,534200,174,0,0
47640419,0,0,62031,534200,0,0,0
47640420,0,0,62031,534200,0,0,0
47640421,0,0,62031,534200,0,0,0
47640422,7426,0,62031,534200,0,0,0
# MARK addr tick=47640422
47640423,7426,0,62031,534200,0,0,0
47640424,0,0,62003,534200,0,0,0
47640425,0,0,6003,534200,0,0,0
47640426,0,0,7426,534200,0,0,0
# MARK ram tick=47640426
47640427,0,14624,7426,31224,0,0,0
47640428,0,14624,7426,31224,0,0,0
47640429,0,14624,7426,31224,0,0,0
47640430,0,14624,6000,31224,0,0,0
47640431,0,0,6003,31224,0,0,0
47640432,0,0,6003,31224,0,0,0
47640475,0,0,14006,411623,145,1,0
47640476,0,0,14006,411623,145,0,0
47640477,0,0,14006,411623,0,0,0
47640478,0,0,14006,411623,0,0,0
47640479,0,0,14006,411623,0,0,0
47640480,7425,0,14006,411623,0,0,0
# MARK addr tick=47640480
47640481,7425,0,14006,411623,0,0,0
47640482,0,0,14003,411623,0,0,0
47640483,0,0,6003,411623,0,0,0
47640484,0,0,7425,411623,0,1,0
# MARK ram tick=47640484
47640485,0,0,7425,411623,0,0,0
47640486,0,0,7425,411623,2001,0,0
47640487,0,0,7425,411623,16625,0,0
47640488,0,0,6000,411623,16625,0,0
47640489,0,0,6003,411623,0,0,0
47640490,0,0,6003,411623,0,0,0
47640632,0,0,14006,111623,170,1,0
47640633,0,0,14006,111623,170,0,0
47640634,0,0,14006,111623,0,0,0
47640635,0,0,14006,111623,0,0,0
47640636,0,0,14006,111623,0,0,0
47640637,7425,0,14006,111623,0,0,0
# MARK addr tick=47640637
47640638,7425,0,14006,111623,0,0,0
47640639,0,0,14003,111623,0,0,0
47640640,0,0,6003,111623,0,0,0
47640641,0,0,7425,111623,0,0,0
# MARK ram tick=47640641
47640642,0,0,7425,400400,0,0,0
47640643,0,0,7425,400400,0,0,0
47640644,0,0,7425,400400,0,0,0
47640645,0,0,6000,400400,0,0,0
47640646,0,0,6003,400400,0,0,0
47640647,0,0,6003,400400,0,0,0
47647200,0,0,14006,61235,152,0,0
47647201,0,0,14006,61235,152,0,0
47647202,7437,0,14006,61235,152,0,0
47647203,7437,0,14006,61235,152,0,0
47647204,0,0,14003,61235,152,0,0
47647205,12023,0,6003,61235,152,0,0
# MARK addr tick=47647205
47647206,12023,0,7437,61235,152,1,0
47647207,12023,0,7437,61235,152,0,0
47647208,12023,0,7437,61235,145,0,0
47647209,12023,0,7437,61235,145,0,0
47647210,12023,0,6000,61235,145,0,0
47647211,12023,0,6003,61235,145,0,0
47647357,0,0,6003,417026,145,1,0
47647358,0,0,6003,417026,145,0,0
47647359,0,0,6003,417026,0,0,0
47647360,0,0,6003,417026,0,0,0
47647361,0,0,6003,417026,0,0,0
47647362,7426,0,6003,417026,0,0,0
# MARK addr tick=47647362
47647363,7426,0,6003,417026,0,0,0
47647364,0,0,6003,417026,0,0,0
47647365,14624,0,6003,417026,0,0,0
47647366,14624,0,7426,417026,0,1,0
# MARK ram tick=47647366
47647367,14624,0,7426,417026,0,0,0
47647368,14624,0,7426,417026,2001,0,0
47647369,14624,0,7426,417026,17155,0,0
47647370,14624,0,6000,417026,17155,0,0
47647371,14624,0,6003,417026,0,0,0
47647372,0,0,6003,417026,0,0,0
47648046,0,0,14006,61235,152,0,0
47648047,0,0,14006,61235,152,0,0
47648048,7463,0,14006,61235,152,0,0
47648049,7463,0,14006,61235,152,0,0
47648050,0,0,14003,61235,152,0,0
47648051,12023,0,6003,61235,152,0,0
# MARK addr tick=47648051
47648052,12023,0,7463,61235,152,1,0
47648053,12023,0,7463,61235,152,0,0
47648054,12023,0,7463,61235,145,0,0
47648055,12023,0,7463,61235,145,0,0
47648056,12023,0,6000,61235,145,0,0
47648057,12023,0,6003,61235,145,0,0
47648847,0,0,14006,304200,4332,1,0
47648848,0,0,14006,304200,4332,0,0
47648849,0,0,14006,304200,4334,0,0
47648850,0,0,14006,304200,4334,0,0
47648851,0,0,14006,304200,4334,0,0
47648852,12023,0,14006,304200,4334,0,0
# MARK addr tick=47648852
47648853,12023,0,14006,304200,4334,0,0
47648854,0,0,14005,304200,4334,0,0
47648855,0,0,12005,304200,4334,0,0
47648856,0,0,12023,304200,4334,0,0
# MARK ram tick=47648856
47648857,0,44516,12023,111516,4334,0,0
47648858,0,44516,12023,111516,4334,0,0
47648859,0,44516,12023,111516,4334,0,0
47648860,0,44516,12000,111516,4334,0,0
47648861,0,0,12005,111516,4334,0,0
47648862,0,0,12005,111516,4334,0,0
47655246,0,0,14006,304200,4332,1,0
47655247,0,0,14006,304200,4332,0,0
47655248,0,0,14006,304200,4333,0,0
47655249,0,0,14006,304200,4333,0,0
47655250,0,0,14006,304200,4333,0,0
47655251,12023,0,14006,304200,4333,0,0
# MARK addr tick=47655251
47655252,12023,0,14006,304200,4333,0,0
47655253,0,0,14005,304200,4333,0,0
47655254,0,0,12005,304200,4333,0,0
47655255,0,0,12023,304200,4333,0,0
# MARK ram tick=47655255
47655256,0,44516,12023,111516,4333,0,0
47655257,0,44516,12023,111516,4333,0,0
47655258,0,44516,12023,111516,4333,0,0
47655259,0,44516,12000,111516,4333,0,0
47655260,0,0,12005,111516,4333,0,0
47655261,0,0,12005,111516,4333,0,0
47655999,0,0,14006,304200,4332,1,0
47656000,0,0,14006,304200,4332,0,0
47656001,0,0,14006,304200,4334,0,0
47656002,0,0,14006,304200,4334,0,0
47656003,0,0,14006,304200,4334,0,0
47656004,12024,0,14006,304200,4334,0,0
# MARK addr tick=47656004
47656005,12024,0,14006,304200,4334,0,0
47656006,0,0,14005,304200,4334,0,0
47656007,0,0,12005,304200,4334,0,0
47656008,0,0,12024,304200,4334,0,0
# MARK ram tick=47656008
47656009,0,51524,12024,523124,4334,0,0
47656010,0,51524,12024,523124,4334,0,0
47656011,0,51524,12024,523124,4334,0,0
47656012,0,51524,12000,523124,4334,0,0
47656013,0,0,12005,523124,4334,0,0
47656014,0,0,12005,523124,4334,0,0
47656720,0,0,14006,304200,4332,1,0
47656721,0,0,14006,304200,4332,0,0
47656722,0,0,14006,304200,4333,0,0
47656723,0,0,14006,304200,4333,0,0
47656724,0,0,14006,304200,4333,0,0
47656725,12024,0,14006,304200,4333,0,0
# MARK addr tick=47656725
47656726,12024,0,14006,304200,4333,0,0
47656727,0,0,14005,304200,4333,0,0
47656728,0,0,12005,304200,4333,0,0
47656729,0,0,12024,304200,4333,0,0
# MARK ram tick=47656729
47656730,0,51524,12024,523124,4333,0,0
47656731,0,51524,12024,523124,4333,0,0
47656732,0,51524,12024,523124,4333,0,0
47656733,0,51524,12000,523124,4333,0,0
47656734,0,0,12005,523124,4333,0,0
47656735,0,0,12005,523124,4333,0,0
47657445,0,0,14006,304200,4332,1,0
47657446,0,0,14006,304200,4332,0,0
47657447,0,0,14006,304200,4334,0,0
47657448,0,0,14006,304200,4334,0,0
47657449,0,0,14006,304200,4334,0,0
47657450,12025,0,14006,304200,4334,0,0
# MARK addr tick=47657450
47657451,12025,0,14006,304200,4334,0,0
47657452,0,0,14005,304200,4334,0,0
47657453,0,0,12005,304200,4334,0,0
47657454,0,0,12025,304200,4334,0,0
# MARK ram tick=47657454
47657455,0,51125,12025,122525,4334,0,0
47657456,0,51125,12025,122525,4334,0,0
47657457,0,51125,12025,122525,4334,0,0
47657458,0,51125,12000,122525,4334,0,0
47657459,0,0,12005,122525,4334,0,0
47657460,0,0,12005,122525,4334,0,0
47657461,0,0,12005,122525,4334,0,0
47657462,0,0,12005,122525,4334,1,0
47657463,0,0,12005,122525,4334,0,0
47657464,0,0,12005,122525,4333,0,1
47657465,0,0,12025,122525,4333,1,1
# MARK ram tick=47657465
47657466,0,0,12025,122525,4333,0,1
47657467,0,0,12025,122525,377,0,1
47657468,0,0,12025,122525,377,1,1
47657469,0,0,12000,122525,377,0,1
47657470,0,0,12005,122525,401,0,1
47657471,0,0,12005,122525,16363,0,0
47663818,0,0,14006,304200,4332,1,0
47663819,0,0,14006,304200,4332,0,0
47663820,0,0,14006,304200,4333,0,0
47663821,0,0,14006,304200,4333,0,0
47663822,0,0,14006,304200,4333,0,0
47663823,12025,0,14006,304200,4333,0,0
# MARK addr tick=47663823
47663824,12025,0,14006,304200,4333,0,0
47663825,0,0,14005,304200,4333,0,0
47663826,0,0,12005,304200,4333,0,0
47663827,0,0,12025,304200,4333,0,0
# MARK ram tick=47663827
47663828,0,51125,12025,122525,4333,0,0
47663829,0,51125,12025,122525,4333,0,0
47663830,0,51125,12025,122525,4333,0,0
47663831,0,51125,12000,122525,4333,0,0
47663832,0,0,12005,122525,4333,0,0
47663833,0,0,12005,122525,4333,0,0
47664540,0,0,14006,304200,4332,1,0
47664541,0,0,14006,304200,4332,0,0
47664542,0,0,14006,304200,4334,0,0
47664543,0,0,14006,304200,4334,0,0
47664544,0,0,14006,304200,4334,0,0
47664545,12026,0,14006,304200,4334,0,0
# MARK addr tick=47664545
47664546,12026,0,14006,304200,4334,0,0
47664547,0,0,14005,304200,4334,0,0
47664548,0,0,12005,304200,4334,0,0
47664549,0,0,12026,304200,4334,0,0
# MARK ram tick=47664549
47664550,0,41524,12026,103124,4334,0,0
47664551,0,41524,12026,103124,4334,0,0
47664552,0,41524,12026,103124,4334,0,0
47664553,0,41524,12000,103124,4334,0,0
47664554,0,0,12005,103124,4334,0,0
47664555,0,0,12005,103124,4334,0,0
47665270,0,0,14006,304200,4332,1,0
47665271,0,0,14006,304200,4332,0,0
47665272,0,0,14006,304200,4333,0,0
47665273,0,0,14006,304200,4333,0,0
47665274,0,0,14006,304200,4333,0,0
47665275,12026,0,14006,304200,4333,0,0
# MARK addr tick=47665275
47665276,12026,0,14006,304200,4333,0,0
47665277,0,0,14005,304200,4333,0,0
47665278,0,0,12005,304200,4333,0,0
47665279,0,0,12026,304200,4333,0,0
# MARK ram tick=47665279
47665280,0,41524,12026,103124,4333,0,0
47665281,0,41524,12026,103124,4333,0,0
47665282,0,41524,12026,103124,4333,0,0
47665283,0,41524,12000,103124,4333,0,0
47665284,0,0,12005,103124,4333,0,0
47665285,0,0,12005,103124,4333,0,0
47665989,0,0,14006,304200,4332,1,0
47665990,0,0,14006,304200,4332,0,0
47665991,0,0,14006,304200,4334,0,0
47665992,0,0,14006,304200,4334,0,0
47665993,0,0,14006,304200,4334,0,0
47665994,12027,0,14006,304200,4334,0,0
# MARK addr tick=47665994
47665995,12027,0,14006,304200,4334,0,0
47665996,0,0,14005,304200,4334,0,0
47665997,0,0,12005,304200,4334,0,0
47665998,0,0,12027,304200,4334,0,0
# MARK ram tick=47665998
47665999,0,44517,12027,111117,4334,0,0
47666000,0,44517,12027,111117,4334,0,0
47666001,0,44517,12027,111117,4334,0,0
47666002,0,44517,12000,111117,4334,0,0
47666003,0,0,12005,111117,4334,0,0
47666004,0,0,12005,111117,4334,0,0
47666164,0,0,12005,111117,1140,0,0
47666165,0,0,12005,111117,1140,0,0
47666166,0,0,12005,111117,1140,1,0
47666167,0,0,12005,111117,1141,0,0
47666168,0,0,12005,111117,1141,0,1
47666169,0,0,12027,111117,1141,1,1
# MARK ram tick=47666169
47666170,0,0,12027,111117,1142,0,1
47666171,0,0,12027,111117,1142,0,1
47666172,0,0,12027,111117,1142,1,1
47666173,0,0,12000,111117,1143,0,1
47666174,0,0,12005,111117,1143,0,1
47666175,0,0,12005,111117,1143,1,0
47672382,0,0,14006,304200,4332,1,0
47672383,0,0,14006,304200,4332,0,0
47672384,0,0,14006,304200,4333,0,0
47672385,0,0,14006,304200,4333,0,0
47672386,0,0,14006,304200,4333,0,0
47672387,12027,0,14006,304200,4333,0,0
# MARK addr tick=47672387
47672388,12027,0,14006,304200,4333,0,0
47672389,0,0,14005,304200,4333,0,0
47672390,0,0,12005,304200,4333,0,0
47672391,0,0,12027,304200,4333,0,0
# MARK ram tick=47672391
47672392,0,44517,12027,111117,4333,0,0
47672393,0,44517,12027,111117,4333,0,0
47672394,0,44517,12027,111117,4333,0,0
47672395,0,44517,12000,111117,4333,0,0
47672396,0,0,12005,111117,4333,0,0
47672397,0,0,12005,111117,4333,0,0
47714043,0,0,14006,304200,4332,1,0
47714044,0,0,14006,304200,4332,0,0
47714045,0,0,14006,304200,4334,0,0
47714046,0,0,14006,304200,4334,0,0
47714047,0,0,14006,304200,4334,0,0
47714048,12023,0,14006,304200,4334,0,0
# MARK addr tick=47714048
47714049,12023,0,14006,304200,4334,0,0
47714050,0,0,14005,304200,4334,0,0
47714051,0,0,12005,304200,4334,0,0
47714052,0,0,12023,304200,4334,0,0
# MARK ram tick=47714052
47714053,0,44516,12023,111516,4334,0,0
47714054,0,44516,12023,111516,4334,0,0
47714055,0,44516,12023,111516,4334,0,0
47714056,0,44516,12000,111516,4334,0,0
47714057,0,0,12005,111516,4334,0,0
47714058,0,0,12005,111516,4334,0,0
47714211,0,0,14006,304200,4332,1,0
47714212,0,0,14006,304200,4332,0,0
47714213,0,0,14006,304200,4334,0,0
47714214,0,0,14006,304200,4334,0,0
47714215,0,0,14006,304200,4334,0,0
47714216,12023,0,14006,304200,4334,0,0
# MARK addr tick=47714216
47714217,12023,0,14006,304200,4334,0,0
47714218,0,0,14005,304200,4334,0,0
47714219,0,0,12005,304200,4334,0,0
47714220,0,0,12023,304200,4334,0,0
# MARK ram tick=47714220
47714221,0,44516,12023,111516,4334,0,0
47714222,0,44516,12023,111516,4334,0,0
47714223,0,44516,12023,111516,4334,0,0
47714224,0,44516,12000,111516,4334,0,0
47714225,0,0,12005,111516,4334,0,0
47714226,0,0,12005,111516,4334,0,0
47714655,0,0,62031,534200,174,1,0
47714656,0,0,62031,534200,174,0,0
47714657,0,0,62031,534200,0,0,0
47714658,0,0,62031,534200,0,0,0
47714659,0,0,62031,534200,0,0,0
47714660,7426,0,62031,534200,0,0,0
# MARK addr tick=47714660
47714661,7426,0,62031,534200,0,0,0
47714662,0,0,62003,534200,0,0,0
47714663,0,0,6003,534200,0,0,0
47714664,0,0,7426,534200,0,0,0
# MARK ram tick=47714664
47714665,0,14624,7426,31224,0,0,0
47714666,0,14624,7426,31224,0,0,0
47714667,0,14624,7426,31224,0,0,0
47714668,0,14624,6000,31224,0,0,0
47714669,0,0,6003,31224,0,0,0
47714670,0,0,6003,31224,0,0,0
47714713,0,0,14006,411623,145,1,0
47714714,0,0,14006,411623,145,0,0
47714715,0,0,14006,411623,0,0,0
47714716,0,0,14006,411623,0,0,0
47714717,0,0,14006,411623,0,0,0
47714718,7425,0,14006,411623,0,0,0
# MARK addr tick=47714718
47714719,7425,0,14006,411623,0,0,0
47714720,0,0,14003,411623,0,0,0
47714721,0,0,6003,411623,0,0,0
47714722,0,0,7425,411623,0,1,0
# MARK ram tick=47714722
47714723,0,0,7425,411623,0,0,0
47714724,0,0,7425,411623,2001,0,0
47714725,0,0,7425,411623,16625,0,0
47714726,0,0,6000,411623,16625,0,0
47714727,0,0,6003,411623,0,0,0
47714728,0,0,6003,411623,0,0,0
47714872,0,0,14006,111623,170,1,0
47714873,0,0,14006,111623,170,0,0
47714874,0,0,14006,111623,0,0,0
47714875,0,0,14006,111623,0,0,0
47714876,0,0,14006,111623,0,0,0
47714877,7425,0,14006,111623,0,0,0
# MARK addr tick=47714877
47714878,7425,0,14006,111623,0,0,0
47714879,0,0,14003,111623,0,0,0
47714880,0,0,6003,111623,0,0,0
47714881,0,0,7425,111623,0,0,0
# MARK ram tick=47714881
47714882,0,0,7425,400400,0,0,0
47714883,0,0,7425,400400,0,0,0
47714884,0,0,7425,400400,0,0,0
47714885,0,0,6000,400400,0,0,0
47714886,0,0,6003,400400,0,0,0
47714887,0,0,6003,400400,0,0,0
47721143,0,0,14006,61235,152,0,0
47721144,0,0,14006,61235,152,0,0
47721145,7437,0,14006,61235,152,0,0
47721146,7437,0,14006,61235,152,0,0
47721147,0,0,14003,61235,152,0,0
47721148,12023,0,6003,61235,152,0,0
# MARK addr tick=47721148
47721149,12023,0,7437,61235,152,1,0
47721150,12023,0,7437,61235,152,0,0
47721151,12023,0,7437,61235,145,0,0
47721152,12023,0,7437,61235,145,0,0
47721153,12023,0,6000,61235,145,0,0
47721154,12023,0,6003,61235,145,0,0
47721292,0,0,6003,417026,145,1,0
47721293,0,0,6003,417026,145,0,0
47721294,0,0,6003,417026,0,0,0
47721295,0,0,6003,417026,0,0,0
47721296,0,0,6003,417026,0,0,0
47721297,7426,0,6003,417026,0,0,0
# MARK addr tick=47721297
47721298,7426,0,6003,417026,0,0,0
47721299,0,0,6003,417026,0,0,0
47721300,14624,0,6003,417026,0,0,0
47721301,14624,0,7426,417026,0,1,0
# MARK ram tick=47721301
47721302,14624,0,7426,417026,0,0,0
47721303,14624,0,7426,417026,2001,0,0
47721304,14624,0,7426,417026,17155,0,0
47721305,14624,0,6000,417026,17155,0,0
47721306,14624,0,6003,417026,0,0,0
47721307,0,0,6003,417026,0,0,0
47721981,0,0,14000,61235,152,0,1
47721982,0,0,14006,61235,152,0,1
47721983,7463,0,14006,61235,152,0,0
47721984,7463,0,14006,61235,152,0,0
47721985,0,0,14003,61235,152,0,0
47721986,12023,0,6003,61235,152,0,0
# MARK addr tick=47721986
47721987,12023,0,7463,61235,152,1,0
47721988,12023,0,7463,61235,152,0,0
47721989,12023,0,7463,61235,145,0,0
47721990,12023,0,7463,61235,145,0,0
47721991,12023,0,6000,61235,145,0,0
47721992,12023,0,6003,61235,145,0,0
47722786,0,0,14006,304200,4332,1,0
47722787,0,0,14006,304200,4332,0,0
47722788,0,0,14006,304200,4334,0,0
47722789,0,0,14006,304200,4334,0,0
47722790,0,0,14006,304200,4334,0,0
47722791,12023,0,14006,304200,4334,0,0
# MARK addr tick=47722791
47722792,12023,0,14006,304200,4334,0,0
47722793,0,0,14005,304200,4334,0,0
47722794,0,0,12005,304200,4334,0,0
47722795,0,0,12023,304200,4334,0,0
# MARK ram tick=47722795
47722796,0,44516,12023,111516,4334,0,0
47722797,0,44516,12023,111516,4334,0,0
47722798,0,44516,12023,111516,4334,0,0
47722799,0,44516,12000,111516,4334,0,0
47722800,0,0,12005,111516,4334,0,0
47722801,0,0,12005,111516,4334,0,0
47723525,0,0,14006,304200,4332,1,0
47723526,0,0,14006,304200,4332,0,0
47723527,0,0,14006,304200,4333,0,0
47723528,0,0,14006,304200,4333,0,0
47723529,0,0,14006,304200,4333,0,0
47723530,12023,0,14006,304200,4333,0,0
# MARK addr tick=47723530
47723531,12023,0,14006,304200,4333,0,0
47723532,0,0,14005,304200,4333,0,0
47723533,0,0,12005,304200,4333,0,0
47723534,0,0,12023,304200,4333,0,0
# MARK ram tick=47723534
47723535,0,44516,12023,111516,4333,0,0
47723536,0,44516,12023,111516,4333,0,0
47723537,0,44516,12023,111516,4333,0,0
47723538,0,44516,12000,111516,4333,0,0
47723539,0,0,12005,111516,4333,0,0
47723540,0,0,12005,111516,4333,0,0
47729933,0,0,14006,304200,4332,1,0
47729934,0,0,14006,304200,4332,0,0
47729935,0,0,14006,304200,4334,0,0
47729936,0,0,14006,304200,4334,0,0
47729937,0,0,14006,304200,4334,0,0
47729938,12024,0,14006,304200,4334,0,0
# MARK addr tick=47729938
47729939,12024,0,14006,304200,4334,0,0
47729940,0,0,14005,304200,4334,0,0
47729941,0,0,12005,304200,4334,0,0
47729942,0,0,12024,304200,4334,0,0
# MARK ram tick=47729942
47729943,0,51524,12024,523124,4334,0,0
47729944,0,51524,12024,523124,4334,0,0
47729945,0,51524,12024,523124,4334,0,0
47729946,0,51524,12000,523124,4334,0,0
47729947,0,0,12005,523124,4334,0,0
47729948,0,0,12005,523124,4334,0,0
47730658,0,0,14006,304200,4332,1,0
47730659,0,0,14006,304200,4332,0,0
47730660,0,0,14006,304200,4333,0,0
47730661,0,0,14006,304200,4333,0,0
47730662,0,0,14006,304200,4333,0,0
47730663,12024,0,14006,304200,4333,0,0
# MARK addr tick=47730663
47730664,12024,0,14006,304200,4333,0,0
47730665,0,0,14005,304200,4333,0,0
47730666,0,0,12005,304200,4333,0,0
47730667,0,0,12024,304200,4333,0,0
# MARK ram tick=47730667
47730668,0,51524,12024,523124,4333,0,0
47730669,0,51524,12024,523124,4333,0,0
47730670,0,51524,12024,523124,4333,0,0
47730671,0,51524,12000,523124,4333,0,0
47730672,0,0,12005,523124,4333,0,0
47730673,0,0,12005,523124,4333,0,0
47730676,0,0,12005,523124,4334,0,0
47730677,0,0,12005,523124,377,0,0
47730678,0,0,12005,523124,377,1,0
47730679,0,0,12005,523124,377,0,0
47730680,0,0,12005,523124,401,0,1
47730681,0,0,12024,523124,16363,0,1
# MARK ram tick=47730681
47730682,0,0,12024,523124,16363,0,1
47730683,0,0,12024,523124,0,0,1
47730684,0,0,12024,523124,0,0,1
47730685,0,0,12000,523124,0,0,1
47730686,0,0,12005,523124,0,0,1
47730687,14363,0,12005,523124,0,0,0
47731384,0,0,14006,304200,4332,1,0
47731385,0,0,14006,304200,4332,0,0
47731386,0,0,14006,304200,4334,0,0
47731387,0,0,14006,304200,4334,0,0
47731388,0,0,14006,304200,4334,0,0
47731389,12025,0,14006,304200,4334,0,0
# MARK addr tick=47731389
47731390,12025,0,14006,304200,4334,0,0
47731391,0,0,14005,304200,4334,0,0
47731392,0,0,12005,304200,4334,0,0
47731393,0,0,12025,304200,4334,0,0
# MARK ram tick=47731393
47731394,0,51125,12025,122525,4334,0,0
47731395,0,51125,12025,122525,4334,0,0
47731396,0,51125,12025,122525,4334,0,0
47731397,0,51125,12000,122525,4334,0,0
47731398,0,0,12005,122525,4334,0,0
47731399,0,0,12005,122525,4334,0,0
47737752,0,0,14006,304200,4332,1,0
47737753,0,0,14006,304200,4332,0,0
47737754,0,0,14006,304200,4333,0,0
47737755,0,0,14006,304200,4333,0,0
47737756,0,0,14006,304200,4333,0,0
47737757,12025,0,14006,304200,4333,0,0
# MARK addr tick=47737757
47737758,12025,0,14006,304200,4333,0,0
47737759,0,0,14005,304200,4333,0,0
47737760,0,0,12005,304200,4333,0,0
47737761,0,0,12025,304200,4333,0,0
# MARK ram tick=47737761
47737762,0,51125,12025,122525,4333,0,0
47737763,0,51125,12025,122525,4333,0,0
47737764,0,51125,12025,122525,4333,0,0
47737765,0,51125,12000,122525,4333,0,0
47737766,0,0,12005,122525,4333,0,0
47737767,0,0,12005,122525,4333,0,0
47738484,0,0,14006,304200,4332,1,0
47738485,0,0,14006,304200,4332,0,0
47738486,0,0,14006,304200,4334,0,0
47738487,0,0,14006,304200,4334,0,0
47738488,0,0,14006,304200,4334,0,0
47738489,12026,0,14006,304200,4334,0,0
# MARK addr tick=47738489
47738490,12026,0,14006,304200,4334,0,0
47738491,0,0,14005,304200,4334,0,0
47738492,0,0,12005,304200,4334,0,0
47738493,0,0,12026,304200,4334,0,0
# MARK ram tick=47738493
47738494,0,41524,12026,103124,4334,0,0
47738495,0,41524,12026,103124,4334,0,0
47738496,0,41524,12026,103124,4334,0,0
47738497,0,41524,12000,103124,4334,0,0
47738498,0,0,12005,103124,4334,0,0
47738499,0,0,12005,103124,4334,0,0
47739203,0,0,14006,304200,4332,1,0
47739204,0,0,14006,304200,4332,0,0
47739205,0,0,14006,304200,4333,0,0
47739206,0,0,14006,304200,4333,0,0
47739207,0,0,14006,304200,4333,0,0
47739208,12026,0,14006,304200,4333,0,0
# MARK addr tick=47739208
47739209,12026,0,14006,304200,4333,0,0
47739210,0,0,14005,304200,4333,0,0
47739211,0,0,12005,304200,4333,0,0
47739212,0,0,12026,304200,4333,0,0
# MARK ram tick=47739212
47739213,0,41524,12026,103124,4333,0,0
47739214,0,41524,12026,103124,4333,0,0
47739215,0,41524,12026,103124,4333,0,0
47739216,0,41524,12000,103124,4333,0,0
47739217,0,0,12005,103124,4333,0,0
47739218,0,0,12005,103124,4333,0,0
47739930,0,0,14006,304200,4332,1,0
47739931,0,0,14006,304200,4332,0,0
47739932,0,0,14006,304200,4334,0,0
47739933,0,0,14006,304200,4334,0,0
47739934,0,0,14006,304200,4334,0,0
47739935,12027,0,14006,304200,4334,0,0
# MARK addr tick=47739935
47739936,12027,0,14006,304200,4334,0,0
47739937,0,0,14005,304200,4334,0,0
47739938,0,0,12005,304200,4334,0,0
47739939,0,0,12027,304200,4334,0,0
# MARK ram tick=47739939
47739940,0,44517,12027,111117,4334,0,0
47739941,0,44517,12027,111117,4334,0,0
47739942,0,44517,12027,111117,4334,0,0
47739943,0,44517,12000,111117,4334,0,0
47739944,0,0,12005,111117,4334,0,0
47739945,0,0,12005,111117,4334,0,0
47746326,0,0,14006,304200,4332,1,0
47746327,0,0,14006,304200,4332,0,0
47746328,0,0,14006,304200,4333,0,0
47746329,0,0,14006,304200,4333,0,0
47746330,0,0,14006,304200,4333,0,0
47746331,12027,0,14006,304200,4333,0,0
# MARK addr tick=47746331
47746332,12027,0,14006,304200,4333,0,0
47746333,0,0,14005,304200,4333,0,0
47746334,0,0,12005,304200,4333,0,0
47746335,0,0,12027,304200,4333,0,0
# MARK ram tick=47746335
47746336,0,44517,12027,111117,4333,0,0
47746337,0,44517,12027,111117,4333,0,0
47746338,0,44517,12027,111117,4333,0,0
47746339,0,44517,12000,111117,4333,0,0
47746340,0,0,12005,111117,4333,0,0
47746341,0,0,12005,111117,4333,0,0
47805370,0,0,14006,304200,4332,1,0
47805371,0,0,14006,304200,4332,0,0
47805372,0,0,14006,304200,4334,0,0
47805373,0,0,14006,304200,4334,0,0
47805374,0,0,14006,304200,4334,0,0
47805375,12023,0,14006,304200,4334,0,0
# MARK addr tick=47805375
47805376,12023,0,14006,304200,4334,0,0
47805377,0,0,14005,304200,4334,0,0
47805378,0,0,12005,304200,4334,0,0
47805379,0,0,12023,304200,4334,0,0
# MARK ram tick=47805379
47805380,0,44516,12023,111516,4334,0,0
47805381,0,44516,12023,111516,4334,0,0
47805382,0,44516,12023,111516,4334,0,0
47805383,0,44516,12000,111516,4334,0,0
47805384,0,0,12005,111516,4334,0,0
47805385,0,0,12005,111516,4334,0,0
47805545,0,0,14006,304200,4332,1,0
47805546,0,0,14006,304200,4332,0,0
47805547,0,0,14006,304200,4334,0,0
47805548,0,0,14006,304200,4334,0,0
47805549,0,0,14006,304200,4334,0,0
47805550,12023,0,14006,304200,4334,0,0
# MARK addr tick=47805550
47805551,12023,0,14006,304200,4334,0,0
47805552,0,0,14005,304200,4334,0,0
47805553,0,0,12005,304200,4334,0,0
47805554,0,0,12023,304200,4334,0,0
# MARK ram tick=47805554
47805555,0,44516,12023,111516,4334,0,0
47805556,0,44516,12023,111516,4334,0,0
47805557,0,44516,12023,111516,4334,0,0
47805558,0,44516,12000,111516,4334,0,0
47805559,0,0,12005,111516,4334,0,0
47805560,0,0,12005,111516,4334,0,0
47811643,0,0,62031,534200,174,1,0
47811644,0,0,62031,534200,174,0,0
47811645,0,0,62031,534200,0,0,0
47811646,0,0,62031,534200,0,0,0
47811647,0,0,62031,534200,0,0,0
47811648,7426,0,62031,534200,0,0,0
# MARK addr tick=47811648
47811649,7426,0,62031,534200,0,0,0
47811650,0,0,62003,534200,0,0,0
47811651,0,0,6003,534200,0,0,0
47811652,0,0,7426,534200,0,0,0
# MARK ram tick=47811652
47811653,0,14624,7426,31224,0,0,0
47811654,0,14624,7426,31224,0,0,0
47811655,0,14624,7426,31224,0,0,0
47811656,0,14624,6000,31224,0,0,0
47811657,0,0,6003,31224,0,0,0
47811658,0,0,6003,31224,0,0,0
47811701,0,0,14006,411623,145,1,0
47811702,0,0,14006,411623,145,0,0
47811703,0,0,14006,411623,0,0,0
47811704,0,0,14006,411623,0,0,0
47811705,0,0,14006,411623,0,0,0
47811706,7425,0,14006,411623,0,0,0
# MARK addr tick=47811706
47811707,7425,0,14006,411623,0,0,0
47811708,0,0,14003,411623,0,0,0
47811709,0,0,6003,411623,0,0,0
47811710,0,0,7425,411623,0,1,0
# MARK ram tick=47811710
47811711,0,0,7425,411623,0,0,0
47811712,0,0,7425,411623,2001,0,0
47811713,0,0,7425,411623,16625,0,0
47811714,0,0,6000,411623,16625,0,0
47811715,0,0,6003,411623,0,0,0
47811716,0,0,6003,411623,0,0,0
47811853,0,0,14006,111623,170,1,0
47811854,0,0,14006,111623,170,0,0
47811855,0,0,14006,111623,0,0,0
47811856,0,0,14006,111623,0,0,0
47811857,0,0,14006,111623,0,0,0
47811858,7425,0,14006,111623,0,0,0
# MARK addr tick=47811858
47811859,7425,0,14006,111623,0,0,0
47811860,0,0,14003,111623,0,0,0
47811861,0,0,6003,111623,0,0,0
47811862,0,0,7425,111623,0,0,0
# MARK ram tick=47811862
47811863,0,0,7425,400400,0,0,0
47811864,0,0,7425,400400,0,0,0
47811865,0,0,7425,400400,0,0,0
47811866,0,0,6000,400400,0,0,0
47811867,0,0,6003,400400,0,0,0
47811868,0,0,6003,400400,0,0,0
47812454,0,0,14006,61235,152,0,0
47812455,0,0,14006,61235,152,0,0
47812456,7437,0,14006,61235,152,0,0
47812457,7437,0,14006,61235,152,0,0
47812458,0,0,14003,61235,152,0,0
47812459,12023,0,6003,61235,152,0,0
# MARK addr tick=47812459
47812460,12023,0,7437,61235,152,1,0
47812461,12023,0,7437,61235,152,0,0
47812462,12023,0,7437,61235,145,0,0
47812463,12023,0,7437,61235,145,0,0
47812464,12023,0,6000,61235,145,0,0
47812465,12023,0,6003,61235,145,0,0
47812605,0,0,7404,417026,0,0,1
47812606,0,0,7404,417026,0,0,1
47812607,0,0,7404,417026,0,0,0
47812608,0,0,6000,417026,0,0,0
47812609,0,0,6003,417026,0,0,0
47812610,7426,0,6003,417026,0,0,0
# MARK addr tick=47812610
47812611,7426,0,6003,417026,0,0,0
47812612,0,0,6003,417026,0,0,0
47812613,14624,0,6003,417026,0,0,0
47812614,14624,0,7426,417026,0,1,0
# MARK ram tick=47812614
47812615,14624,0,7426,417026,0,0,0
47812616,14624,0,7426,417026,2001,0,0
47812617,14624,0,7426,417026,17155,0,0
47812618,14624,0,6000,417026,17155,0,0
47812619,14624,0,6003,417026,0,0,0
47812620,0,0,6003,417026,0,0,0
47813292,0,0,14006,61235,152,0,0
47813293,0,0,14006,61235,152,0,0
47813294,7463,0,14006,61235,152,0,0
47813295,7463,0,14006,61235,152,0,0
47813296,0,0,14003,61235,152,0,0
47813297,12023,0,6003,61235,152,0,0
# MARK addr tick=47813297
47813298,12023,0,7463,61235,152,1,0
47813299,12023,0,7463,61235,152,0,0
47813300,12023,0,7463,61235,145,0,0
47813301,12023,0,7463,61235,145,0,0
47813302,12023,0,6000,61235,145,0,0
47813303,12023,0,6003,61235,145,0,0
47814093,0,0,14006,304200,4332,1,0
47814094,0,0,14006,304200,4332,0,0
47814095,0,0,14006,304200,4334,0,0
47814096,0,0,14006,304200,4334,0,0
47814097,0,0,14006,304200,4334,0,0
47814098,12023,0,14006,304200,4334,0,0
# MARK addr tick=47814098
47814099,12023,0,14006,304200,4334,0,0
47814100,0,0,14005,304200,4334,0,0
47814101,0,0,12005,304200,4334,0,0
47814102,0,0,12023,304200,4334,0,0
# MARK ram tick=47814102
47814103,0,44516,12023,111516,4334,0,0
47814104,0,44516,12023,111516,4334,0,0
47814105,0,44516,12023,111516,4334,0,0
47814106,0,44516,12000,111516,4334,0,0
47814107,0,0,12005,111516,4334,0,0
47814108,0,0,12005,111516,4334,0,0
47820508,0,0,14006,304200,4332,1,0
47820509,0,0,14006,304200,4332,0,0
47820510,0,0,14006,304200,4333,0,0
47820511,0,0,14006,304200,4333,0,0
47820512,0,0,14006,304200,4333,0,0
47820513,12023,0,14006,304200,4333,0,0
# MARK addr tick=47820513
47820514,12023,0,14006,304200,4333,0,0
47820515,0,0,14005,304200,4333,0,0
47820516,0,0,12005,304200,4333,0,0
47820517,0,0,12023,304200,4333,0,0
# MARK ram tick=47820517
47820518,0,44516,12023,111516,4333,0,0
47820519,0,44516,12023,111516,4333,0,0
47820520,0,44516,12023,111516,4333,0,0
47820521,0,44516,12000,111516,4333,0,0
47820522,0,0,12005,111516,4333,0,0
47820523,0,0,12005,111516,4333,0,0
47821257,0,0,14006,304200,4332,1,0
47821258,0,0,14006,304200,4332,0,0
47821259,0,0,14006,304200,4334,0,0
47821260,0,0,14006,304200,4334,0,0
47821261,0,0,14006,304200,4334,0,0
47821262,12024,0,14006,304200,4334,0,0
# MARK addr tick=47821262
47821263,12024,0,14006,304200,4334,0,0
47821264,0,0,14005,304200,4334,0,0
47821265,0,0,12005,304200,4334,0,0
47821266,0,0,12024,304200,4334,0,0
# MARK ram tick=47821266
47821267,0,51524,12024,523124,4334,0,0
47821268,0,51524,12024,523124,4334,0,0
47821269,0,51524,12024,523124,4334,0,0
47821270,0,51524,12000,523124,4334,0,0
47821271,0,0,12005,523124,4334,0,0
47821272,0,0,12005,523124,4334,0,0
47821991,0,0,14006,304200,4332,1,0
47821992,0,0,14006,304200,4332,0,0
47821993,0,0,14006,304200,4333,0,0
47821994,0,0,14006,304200,4333,0,0
47821995,0,0,14006,304200,4333,0,0
47821996,12024,0,14006,304200,4333,0,0
# MARK addr tick=47821996
47821997,12024,0,14006,304200,4333,0,0
47821998,0,0,14005,304200,4333,0,0
47821999,0,0,12005,304200,4333,0,0
47822000,0,0,12024,304200,4333,0,0
# MARK ram tick=47822000
47822001,0,51524,12024,523124,4333,0,0
47822002,0,51524,12024,523124,4333,0,0
47822003,0,51524,12024,523124,4333,0,0
47822004,0,51524,12000,523124,4333,0,0
47822005,0,0,12005,523124,4333,0,0
47822006,0,0,12005,523124,4333,0,0
47828372,0,0,14006,304200,4332,1,0
47828373,0,0,14006,304200,4332,0,0
47828374,0,0,14006,304200,4334,0,0
47828375,0,0,14006,304200,4334,0,0
47828376,0,0,14006,304200,4334,0,0
47828377,12025,0,14006,304200,4334,0,0
# MARK addr tick=47828377
47828378,12025,0,14006,304200,4334,0,0
47828379,0,0,14005,304200,4334,0,0
47828380,0,0,12005,304200,4334,0,0
47828381,0,0,12025,304200,4334,0,0
# MARK ram tick=47828381
47828382,0,51125,12025,122525,4334,0,0
47828383,0,51125,12025,122525,4334,0,0
47828384,0,51125,12025,122525,4334,0,0
47828385,0,51125,12000,122525,4334,0,0
47828386,0,0,12005,122525,4334,0,0
47828387,0,0,12005,122525,4334,0,0
47829098,0,0,14006,304200,4332,1,0
47829099,0,0,14006,304200,4332,0,0
47829100,0,0,14006,304200,4333,0,0
47829101,0,0,14006,304200,4333,0,0
47829102,0,0,14006,304200,4333,0,0
47829103,12025,0,14006,304200,4333,0,0
# MARK addr tick=47829103
47829104,12025,0,14006,304200,4333,0,0
47829105,0,0,14005,304200,4333,0,0
47829106,0,0,12005,304200,4333,0,0
47829107,0,0,12025,304200,4333,0,0
# MARK ram tick=47829107
47829108,0,51125,12025,122525,4333,0,0
47829109,0,51125,12025,122525,4333,0,0
47829110,0,51125,12025,122525,4333,0,0
47829111,0,51125,12000,122525,4333,0,0
47829112,0,0,12005,122525,4333,0,0
47829113,0,0,12005,122525,4333,0,0
47829820,0,0,14006,304200,4332,1,0
47829821,0,0,14006,304200,4332,0,0
47829822,0,0,14006,304200,4334,0,0
47829823,0,0,14006,304200,4334,0,0
47829824,0,0,14006,304200,4334,0,0
47829825,12026,0,14006,304200,4334,0,0
# MARK addr tick=47829825
47829826,12026,0,14006,304200,4334,0,0
47829827,0,0,14005,304200,4334,0,0
47829828,0,0,12005,304200,4334,0,0
47829829,0,0,12026,304200,4334,0,0
# MARK ram tick=47829829
47829830,0,41524,12026,103124,4334,0,0
47829831,0,41524,12026,103124,4334,0,0
47829832,0,41524,12026,103124,4334,0,0
47829833,0,41524,12000,103124,4334,0,0
47829834,0,0,12005,103124,4334,0,0
47829835,0,0,12005,103124,4334,0,0
47830548,0,0,14006,304200,4332,1,0
47830549,0,0,14006,304200,4332,0,0
47830550,0,0,14006,304200,4333,0,0
47830551,0,0,14006,304200,4333,0,0
47830552,0,0,14006,304200,4333,0,0
47830553,12026,0,14006,304200,4333,0,0
# MARK addr tick=47830553
47830554,12026,0,14006,304200,4333,0,0
47830555,0,0,14005,304200,4333,0,0
47830556,0,0,12005,304200,4333,0,0
47830557,0,0,12026,304200,4333,0,0
# MARK ram tick=47830557
47830558,0,41524,12026,103124,4333,0,0
47830559,0,41524,12026,103124,4333,0,0
47830560,0,41524,12026,103124,4333,0,0
47830561,0,41524,12000,103124,4333,0,0
47830562,0,0,12005,103124,4333,0,0
47830563,0,0,12005,103124,4333,0,0
47836941,0,0,14006,304200,4332,1,0
47836942,0,0,14006,304200,4332,0,0
47836943,0,0,14006,304200,4334,0,0
47836944,0,0,14006,304200,4334,0,0
47836945,0,0,14006,304200,4334,0,0
47836946,12027,0,14006,304200,4334,0,0
# MARK addr tick=47836946
47836947,12027,0,14006,304200,4334,0,0
47836948,0,0,14005,304200,4334,0,0
47836949,0,0,12005,304200,4334,0,0
47836950,0,0,12027,304200,4334,0,0
# MARK ram tick=47836950
47836951,0,44517,12027,111117,4334,0,0
47836952,0,44517,12027,111117,4334,0,0
47836953,0,44517,12027,111117,4334,0,0
47836954,0,44517,12000,111117,4334,0,0
47836955,0,0,12005,111117,4334,0,0
47836956,0,0,12005,111117,4334,0,0
47837690,0,0,14362,304200,4333,0,1
47837691,0,0,14362,304200,4333,0,1
47837692,0,0,14362,304200,4333,0,1
47837693,0,0,14000,304200,4333,0,1
47837694,0,0,14006,304200,4333,0,1
47837695,12027,0,14006,304200,4333,0,0
# MARK addr tick=47837695
47837696,12027,0,14006,304200,4333,0,0
47837697,0,0,14005,304200,4333,0,0
47837698,0,0,12005,304200,4333,0,0
47837699,0,0,12027,304200,4333,0,0
# MARK ram tick=47837699
47837700,0,44517,12027,111117,4333,0,0
47837701,0,44517,12027,111117,4333,0,0
47837702,0,44517,12027,111117,4333,0,0
47837703,0,44517,12000,111117,4333,0,0
47837704,0,0,12005,111117,4333,0,0
47837705,0,0,12005,111117,4333,0,0
47861462,0,0,14006,304200,4332,1,0
47861463,0,0,14006,304200,4332,0,0
47861464,0,0,14006,304200,4334,0,0
47861465,0,0,14006,304200,4334,0,0
47861466,0,0,14006,304200,4334,0,0
47861467,12023,0,14006,304200,4334,0,0
# MARK addr tick=47861467
47861468,12023,0,14006,304200,4334,0,0
47861469,0,0,14005,304200,4334,0,0
47861470,0,0,12005,304200,4334,0,0
47861471,0,0,12023,304200,4334,0,0
# MARK ram tick=47861471
47861472,0,44516,12023,111516,4334,0,0
47861473,0,44516,12023,111516,4334,0,0
47861474,0,44516,12023,111516,4334,0,0
47861475,0,44516,12000,111516,4334,0,0
47861476,0,0,12005,111516,4334,0,0
47861477,0,0,12005,111516,4334,0,0
47861630,0,0,14006,304200,4332,1,0
47861631,0,0,14006,304200,4332,0,0
47861632,0,0,14006,304200,4334,0,0
47861633,0,0,14006,304200,4334,0,0
47861634,0,0,14006,304200,4334,0,0
47861635,12023,0,14006,304200,4334,0,0
# MARK addr tick=47861635
47861636,12023,0,14006,304200,4334,0,0
47861637,0,0,14005,304200,4334,0,0
47861638,0,0,12005,304200,4334,0,0
47861639,0,0,12023,304200,4334,0,0
# MARK ram tick=47861639
47861640,0,44516,12023,111516,4334,0,0
47861641,0,44516,12023,111516,4334,0,0
47861642,0,44516,12023,111516,4334,0,0
47861643,0,44516,12000,111516,4334,0,0
47861644,0,0,12005,111516,4334,0,0
47861645,0,0,12005,111516,4334,0,0
47862071,0,0,62031,534200,174,1,0
47862072,0,0,62031,534200,174,0,0
47862073,0,0,62031,534200,0,0,0
47862074,0,0,62031,534200,0,0,0
47862075,0,0,62031,534200,0,0,0
47862076,7426,0,62031,534200,0,0,0
# MARK addr tick=47862076
47862077,7426,0,62031,534200,0,0,0
47862078,0,0,62003,534200,0,0,0
47862079,0,0,6003,534200,0,0,0
47862080,0,0,7426,534200,0,0,0
# MARK ram tick=47862080
47862081,0,14624,7426,31224,0,0,0
47862082,0,14624,7426,31224,0,0,0
47862083,0,14624,7426,31224,0,0,0
47862084,0,14624,6000,31224,0,0,0
47862085,0,0,6003,31224,0,0,0
47862086,0,0,6003,31224,0,0,0
47862129,0,0,14006,411623,145,1,0
47862130,0,0,14006,411623,145,0,0
47862131,0,0,14006,411623,0,0,0
47862132,0,0,14006,411623,0,0,0
47862133,0,0,14006,411623,0,0,0
47862134,7425,0,14006,411623,0,0,0
# MARK addr tick=47862134
47862135,7425,0,14006,411623,0,0,0
47862136,0,0,14003,411623,0,0,0
47862137,0,0,6003,411623,0,0,0
47862138,0,0,7425,411623,0,1,0
# MARK ram tick=47862138
47862139,0,0,7425,411623,0,0,0
47862140,0,0,7425,411623,2001,0,0
47862141,0,0,7425,411623,16625,0,0
47862142,0,0,6000,411623,16625,0,0
47862143,0,0,6003,411623,0,0,0
47862144,0,0,6003,411623,0,0,0
47862289,0,0,14006,111623,170,1,0
47862290,0,0,14006,111623,170,0,0
47862291,0,0,14006,111623,0,0,0
47862292,0,0,14006,111623,0,0,0
47862293,0,0,14006,111623,0,0,0
47862294,7425,0,14006,111623,0,0,0
# MARK addr tick=47862294
47862295,7425,0,14006,111623,0,0,0
47862296,0,0,14003,111623,0,0,0
47862297,0,0,6003,111623,0,0,0
47862298,0,0,7425,111623,0,0,0
# MARK ram tick=47862298
47862299,0,0,7425,400400,0,0,0
47862300,0,0,7425,400400,0,0,0
47862301,0,0,7425,400400,0,0,0
47862302,0,0,6000,400400,0,0,0
47862303,0,0,6003,400400,0,0,0
47862304,0,0,6003,400400,0,0,0
47862893,0,0,14006,61235,152,0,0
47862894,0,0,14006,61235,152,0,0
47862895,7437,0,14006,61235,152,0,0
47862896,7437,0,14006,61235,152,0,0
47862897,0,0,14003,61235,152,0,0
47862898,12023,0,6003,61235,152,0,0
# MARK addr tick=47862898
47862899,12023,0,7437,61235,152,1,0
47862900,12023,0,7437,61235,152,0,0
47862901,12023,0,7437,61235,145,0,0
47862902,12023,0,7437,61235,145,0,0
47862903,12023,0,6000,61235,145,0,0
47862904,12023,0,6003,61235,145,0,0
47863042,0,0,6003,417026,145,1,0
47863043,0,0,6003,417026,145,0,0
47863044,0,0,6003,417026,0,0,0
47863045,0,0,6003,417026,0,0,0
47863046,0,0,6003,417026,0,0,0
47863047,7426,0,6003,417026,0,0,0
# MARK addr tick=47863047
47863048,7426,0,6003,417026,0,0,0
47863049,0,0,6003,417026,0,0,0
47863050,14624,0,6003,417026,0,0,0
47863051,14624,0,7426,417026,0,1,0
# MARK ram tick=47863051
47863052,14624,0,7426,417026,0,0,0
47863053,14624,0,7426,417026,2001,0,0
47863054,14624,0,7426,417026,17155,0,0
47863055,14624,0,6000,417026,17155,0,0
47863056,14624,0,6003,417026,0,0,0
47863057,0,0,6003,417026,0,0,0
47869374,0,0,14006,61235,152,0,0
47869375,0,0,14006,61235,152,0,0
47869376,7463,0,14006,61235,152,0,0
47869377,7463,0,14006,61235,152,0,0
47869378,0,0,14003,61235,152,0,0
47869379,12023,0,6003,61235,152,0,0
# MARK addr tick=47869379
47869380,12023,0,7463,61235,152,1,0
47869381,12023,0,7463,61235,152,0,0
47869382,12023,0,7463,61235,145,0,0
47869383,12023,0,7463,61235,145,0,0
47869384,12023,0,6000,61235,145,0,0
47869385,12023,0,6003,61235,145,0,0
47870175,0,0,14006,304200,4332,1,0
47870176,0,0,14006,304200,4332,0,0
47870177,0,0,14006,304200,4334,0,0
47870178,0,0,14006,304200,4334,0,0
47870179,0,0,14006,304200,4334,0,0
47870180,12023,0,14006,304200,4334,0,0
# MARK addr tick=47870180
47870181,12023,0,14006,304200,4334,0,0
47870182,0,0,14005,304200,4334,0,0
47870183,0,0,12005,304200,4334,0,0
47870184,0,0,12023,304200,4334,0,0
# MARK ram tick=47870184
47870185,0,44516,12023,111516,4334,0,0
47870186,0,44516,12023,111516,4334,0,0
47870187,0,44516,12023,111516,4334,0,0
47870188,0,44516,12000,111516,4334,0,0
47870189,0,0,12005,111516,4334,0,0
47870190,0,0,12005,111516,4334,0,0
47870912,0,0,14006,304200,4332,1,0
47870913,0,0,14006,304200,4332,0,0
47870914,0,0,14006,304200,4333,0,0
47870915,0,0,14006,304200,4333,0,0
47870916,0,0,14006,304200,4333,0,0
47870917,12023,0,14006,304200,4333,0,0
# MARK addr tick=47870917
47870918,12023,0,14006,304200,4333,0,0
47870919,0,0,14005,304200,4333,0,0
47870920,0,0,12005,304200,4333,0,0
47870921,0,0,12023,304200,4333,0,0
# MARK ram tick=47870921
47870922,0,44516,12023,111516,4333,0,0
47870923,0,44516,12023,111516,4333,0,0
47870924,0,44516,12023,111516,4333,0,0
47870925,0,44516,12000,111516,4333,0,0
47870926,0,0,12005,111516,4333,0,0
47870927,0,0,12005,111516,4333,0,0
47871672,0,0,14006,304200,4332,1,0
47871673,0,0,14006,304200,4332,0,0
47871674,0,0,14006,304200,4334,0,0
47871675,0,0,14006,304200,4334,0,0
47871676,0,0,14006,304200,4334,0,0
47871677,12024,0,14006,304200,4334,0,0
# MARK addr tick=47871677
47871678,12024,0,14006,304200,4334,0,0
47871679,0,0,14005,304200,4334,0,0
47871680,0,0,12005,304200,4334,0,0
47871681,0,0,12024,304200,4334,0,0
# MARK ram tick=47871681
47871682,0,51524,12024,523124,4334,0,0
47871683,0,51524,12024,523124,4334,0,0
47871684,0,51524,12024,523124,4334,0,0
47871685,0,51524,12000,523124,4334,0,0
47871686,0,0,12005,523124,4334,0,0
47871687,0,0,12005,523124,4334,0,0
47878043,0,0,14006,304200,4332,1,0
47878044,0,0,14006,304200,4332,0,0
47878045,0,0,14006,304200,4333,0,0
47878046,0,0,14006,304200,4333,0,0
47878047,0,0,14006,304200,4333,0,0
47878048,12024,0,14006,304200,4333,0,0
# MARK addr tick=47878048
47878049,12024,0,14006,304200,4333,0,0
47878050,0,0,14005,304200,4333,0,0
47878051,0,0,12005,304200,4333,0,0
47878052,0,0,12024,304200,4333,0,0
# MARK ram tick=47878052
47878053,0,51524,12024,523124,4333,0,0
47878054,0,51524,12024,523124,4333,0,0
47878055,0,51524,12024,523124,4333,0,0
47878056,0,51524,12000,523124,4333,0,0
47878057,0,0,12005,523124,4333,0,0
47878058,0,0,12005,523124,4333,0,0
47878772,0,0,14006,304200,4332,1,0
47878773,0,0,14006,304200,4332,0,0
47878774,0,0,14006,304200,4334,0,0
47878775,0,0,14006,304200,4334,0,0
47878776,0,0,14006,304200,4334,0,0
47878777,12025,0,14006,304200,4334,0,0
# MARK addr tick=47878777
47878778,12025,0,14006,304200,4334,0,0
47878779,0,0,14005,304200,4334,0,0
47878780,0,0,12005,304200,4334,0,0
47878781,0,0,12025,304200,4334,0,0
# MARK ram tick=47878781
47878782,0,51125,12025,122525,4334,0,0
47878783,0,51125,12025,122525,4334,0,0
47878784,0,51125,12025,122525,4334,0,0
47878785,0,51125,12000,122525,4334,0,0
47878786,0,0,12005,122525,4334,0,0
47878787,0,0,12005,122525,4334,0,0
47879488,0,0,14006,304200,4332,1,0
47879489,0,0,14006,304200,4332,0,0
47879490,0,0,14006,304200,4333,0,0
47879491,0,0,14006,304200,4333,0,0
47879492,0,0,14006,304200,4333,0,0
47879493,12025,0,14006,304200,4333,0,0
# MARK addr tick=47879493
47879494,12025,0,14006,304200,4333,0,0
47879495,0,0,14005,304200,4333,0,0
47879496,0,0,12005,304200,4333,0,0
47879497,0,0,12025,304200,4333,0,0
# MARK ram tick=47879497
47879498,0,51125,12025,122525,4333,0,0
47879499,0,51125,12025,122525,4333,0,0
47879500,0,51125,12025,122525,4333,0,0
47879501,0,51125,12000,122525,4333,0,0
47879502,0,0,12005,122525,4333,0,0
47879503,0,0,12005,122525,4333,0,0
47885878,0,0,14006,304200,4332,1,0
47885879,0,0,14006,304200,4332,0,0
47885880,0,0,14006,304200,4334,0,0
47885881,0,0,14006,304200,4334,0,0
47885882,0,0,14006,304200,4334,0,0
47885883,12026,0,14006,304200,4334,0,0
# MARK addr tick=47885883
47885884,12026,0,14006,304200,4334,0,0
47885885,0,0,14005,304200,4334,0,0
47885886,0,0,12005,304200,4334,0,0
47885887,0,0,12026,304200,4334,0,0
# MARK ram tick=47885887
47885888,0,41524,12026,103124,4334,0,0
47885889,0,41524,12026,103124,4334,0,0
47885890,0,41524,12026,103124,4334,0,0
47885891,0,41524,12000,103124,4334,0,0
47885892,0,0,12005,103124,4334,0,0
47885893,0,0,12005,103124,4334,0,0
47886605,0,0,14006,304200,4332,1,0
47886606,0,0,14006,304200,4332,0,0
47886607,0,0,14006,304200,4333,0,0
47886608,0,0,14006,304200,4333,0,0
47886609,0,0,14006,304200,4333,0,0
47886610,12026,0,14006,304200,4333,0,0
# MARK addr tick=47886610
47886611,12026,0,14006,304200,4333,0,0
47886612,0,0,14005,304200,4333,0,0
47886613,0,0,12005,304200,4333,0,0
47886614,0,0,12026,304200,4333,0,0
# MARK ram tick=47886614
47886615,0,41524,12026,103124,4333,0,0
47886616,0,41524,12026,103124,4333,0,0
47886617,0,41524,12026,103124,4333,0,0
47886618,0,41524,12000,103124,4333,0,0
47886619,0,0,12005,103124,4333,0,0
47886620,0,0,12005,103124,4333,0,0
47887333,0,0,14006,304200,4332,1,0
47887334,0,0,14006,304200,4332,0,0
47887335,0,0,14006,304200,4334,0,0
47887336,0,0,14006,304200,4334,0,0
47887337,0,0,14006,304200,4334,0,0
47887338,12027,0,14006,304200,4334,0,0
# MARK addr tick=47887338
47887339,12027,0,14006,304200,4334,0,0
47887340,0,0,14005,304200,4334,0,0
47887341,0,0,12005,304200,4334,0,0
47887342,0,0,12027,304200,4334,0,0
# MARK ram tick=47887342
47887343,0,44517,12027,111117,4334,0,0
47887344,0,44517,12027,111117,4334,0,0
47887345,0,44517,12027,111117,4334,0,0
47887346,0,44517,12000,111117,4334,0,0
47887347,0,0,12005,111117,4334,0,0
47887348,0,0,12005,111117,4334,0,0
47887349,0,0,12005,111117,4334,0,0
47887350,0,0,12005,111117,4334,1,0
47887351,0,0,12005,111117,4334,0,0
47887352,0,0,12005,111117,4333,0,1
47887353,0,0,12027,111117,4333,1,1
# MARK ram tick=47887353
47887354,0,0,12027,111117,4333,0,1
47887355,0,0,12027,111117,377,0,1
47887356,0,0,12027,111117,377,1,1
47887357,0,0,12000,111117,377,0,1
47887358,0,0,12005,111117,401,0,1
47887359,0,0,12005,111117,16363,0,0
47888073,0,0,14006,304200,4332,1,0
47888074,0,0,14006,304200,4332,0,0
47888075,0,0,14006,304200,4333,0,0
47888076,0,0,14006,304200,4333,0,0
47888077,0,0,14006,304200,4333,0,0
47888078,12027,0,14006,304200,4333,0,0
# MARK addr tick=47888078
47888079,12027,0,14006,304200,4333,0,0
47888080,0,0,14005,304200,4333,0,0
47888081,0,0,12005,304200,4333,0,0
47888082,0,0,12027,304200,4333,0,0
# MARK ram tick=47888082
47888083,0,44517,12027,111117,4333,0,0
47888084,0,44517,12027,111117,4333,0,0
47888085,0,44517,12027,111117,4333,0,0
47888086,0,44517,12000,111117,4333,0,0
47888087,0,0,12005,111117,4333,0,0
47888088,0,0,12005,111117,4333,0,0
47937627,0,0,14006,304200,4332,1,0
47937628,0,0,14006,304200,4332,0,0
47937629,0,0,14006,304200,4334,0,0
47937630,0,0,14006,304200,4334,0,0
47937631,0,0,14006,304200,4334,0,0
47937632,12023,0,14006,304200,4334,0,0
# MARK addr tick=47937632
47937633,12023,0,14006,304200,4334,0,0
47937634,0,0,14005,304200,4334,0,0
47937635,0,0,12005,304200,4334,0,0
47937636,0,0,12023,304200,4334,0,0
# MARK ram tick=47937636
47937637,0,44516,12023,111516,4334,0,0
47937638,0,44516,12023,111516,4334,0,0
47937639,0,44516,12023,111516,4334,0,0
47937640,0,44516,12000,111516,4334,0,0
47937641,0,0,12005,111516,4334,0,0
47937642,0,0,12005,111516,4334,0,0
47937795,0,0,14006,304200,4332,1,0
47937796,0,0,14006,304200,4332,0,0
47937797,0,0,14006,304200,4334,0,0
47937798,0,0,14006,304200,4334,0,0
47937799,0,0,14006,304200,4334,0,0
47937800,12023,0,14006,304200,4334,0,0
# MARK addr tick=47937800
47937801,12023,0,14006,304200,4334,0,0
47937802,0,0,14005,304200,4334,0,0
47937803,0,0,12005,304200,4334,0,0
47937804,0,0,12023,304200,4334,0,0
# MARK ram tick=47937804
47937805,0,44516,12023,111516,4334,0,0
47937806,0,44516,12023,111516,4334,0,0
47937807,0,44516,12023,111516,4334,0,0
47937808,0,44516,12000,111516,4334,0,0
47937809,0,0,12005,111516,4334,0,0
47937810,0,0,12005,111516,4334,0,0
47938036,0,0,12005,111516,1156,0,0
47938037,0,0,12005,111516,1156,0,0
47938038,0,0,12005,111516,1156,1,0
47938039,0,0,12005,111516,1157,0,0
47938040,0,0,12005,111516,1156,0,1
47938041,0,0,12023,111516,1156,1,1
# MARK ram tick=47938041
47938042,0,0,12023,111516,1156,0,1
47938043,0,0,12023,111516,1156,0,1
47938044,0,0,12023,111516,1156,1,1
47938045,0,0,12000,111516,1156,0,1
47938046,0,0,12005,111516,1156,0,1
47938047,0,0,12005,111516,1156,1,0
47943891,0,0,62031,534200,174,1,0
47943892,0,0,62031,534200,174,0,0
47943893,0,0,62031,534200,0,0,0
47943894,0,0,62031,534200,0,0,0
47943895,0,0,62031,534200,0,0,0
47943896,7426,0,62031,534200,0,0,0
# MARK addr tick=47943896
47943897,7426,0,62031,534200,0,0,0
47943898,0,0,62003,534200,0,0,0
47943899,0,0,6003,534200,0,0,0
47943900,0,0,7426,534200,0,0,0
# MARK ram tick=47943900
47943901,0,14624,7426,31224,0,0,0
47943902,0,14624,7426,31224,0,0,0
47943903,0,14624,7426,31224,0,0,0
47943904,0,14624,6000,31224,0,0,0
47943905,0,0,6003,31224,0,0,0
47943906,0,0,6003,31224,0,0,0
47943949,0,0,14006,411623,145,1,0
47943950,0,0,14006,411623,145,0,0
47943951,0,0,14006,411623,0,0,0
47943952,0,0,14006,411623,0,0,0
47943953,0,0,14006,411623,0,0,0
47943954,7425,0,14006,411623,0,0,0
# MARK addr tick=47943954
47943955,7425,0,14006,411623,0,0,0
47943956,0,0,14003,411623,0,0,0
47943957,0,0,6003,411623,0,0,0
47943958,0,0,7425,411623,0,1,0
# MARK ram tick=47943958
47943959,0,0,7425,411623,0,0,0
47943960,0,0,7425,411623,2001,0,0
47943961,0,0,7425,411623,16625,0,0
47943962,0,0,6000,411623,16625,0,0
47943963,0,0,6003,411623,0,0,0
47943964,0,0,6003,411623,0,0,0
47944101,0,0,14006,111623,170,1,0
47944102,0,0,14006,111623,170,0,0
47944103,0,0,14006,111623,0,0,0
47944104,0,0,14006,111623,0,0,0
47944105,0,0,14006,111623,0,0,0
47944106,7425,0,14006,111623,0,0,0
# MARK addr tick=47944106
47944107,7425,0,14006,111623,0,0,0
47944108,0,0,14003,111623,0,0,0
47944109,0,0,6003,111623,0,0,0
47944110,0,0,7425,111623,0,0,0
# MARK ram tick=47944110
47944111,0,0,7425,400400,0,0,0
47944112,0,0,7425,400400,0,0,0
47944113,0,0,7425,400400,0,0,0
47944114,0,0,6000,400400,0,0,0
47944115,0,0,6003,400400,0,0,0
47944116,0,0,6003,400400,0,0,0
47944701,0,0,14000,61235,152,0,1
47944702,0,0,14006,61235,152,0,1
47944703,7437,0,14006,61235,152,0,0
47944704,7437,0,14006,61235,152,0,0
47944705,0,0,14003,61235,152,0,0
47944706,12023,0,6003,61235,152,0,0
# MARK addr tick=47944706
47944707,12023,0,7437,61235,152,1,0
47944708,12023,0,7437,61235,152,0,0
47944709,12023,0,7437,61235,145,0,0
47944710,12023,0,7437,61235,145,0,0
47944711,12023,0,6000,61235,145,0,0
47944712,12023,0,6003,61235,145,0,0
47944850,0,0,6003,417026,145,1,0
47944851,0,0,6003,417026,145,0,0
47944852,0,0,6003,417026,0,0,0
47944853,0,0,6003,417026,0,0,0
47944854,0,0,6003,417026,0,0,0
47944855,7426,0,6003,417026,0,0,0
# MARK addr tick=47944855
47944856,7426,0,6003,417026,0,0,0
47944857,0,0,6003,417026,0,0,0
47944858,14624,0,6003,417026,0,0,0
47944859,14624,0,7426,417026,0,1,0
# MARK ram tick=47944859
47944860,14624,0,7426,417026,0,0,0
47944861,14624,0,7426,417026,2001,0,0
47944862,14624,0,7426,417026,17155,0,0
47944863,14624,0,6000,417026,17155,0,0
47944864,14624,0,6003,417026,0,0,0
47944865,0,0,6003,417026,0,0,0
47945539,0,0,14006,61235,152,0,0
47945540,0,0,14006,61235,152,0,0
47945541,7463,0,14006,61235,152,0,0
47945542,7463,0,14006,61235,152,0,0
47945543,0,0,14003,61235,152,0,0
47945544,12023,0,6003,61235,152,0,0
# MARK addr tick=47945544
47945545,12023,0,7463,61235,152,1,0
47945546,12023,0,7463,61235,152,0,0
47945547,12023,0,7463,61235,145,0,0
47945548,12023,0,7463,61235,145,0,0
47945549,12023,0,6000,61235,145,0,0
47945550,12023,0,6003,61235,145,0,0
47952007,0,0,14006,304200,4332,1,0
47952008,0,0,14006,304200,4332,0,0
47952009,0,0,14006,304200,4334,0,0
47952010,0,0,14006,304200,4334,0,0
47952011,0,0,14006,304200,4334,0,0
47952012,12023,0,14006,304200,4334,0,0
# MARK addr tick=47952012
47952013,12023,0,14006,304200,4334,0,0
47952014,0,0,14005,304200,4334,0,0
47952015,0,0,12005,304200,4334,0,0
47952016,0,0,12023,304200,4334,0,0
# MARK ram tick=47952016
47952017,0,44516,12023,111516,4334,0,0
47952018,0,44516,12023,111516,4334,0,0
47952019,0,44516,12023,111516,4334,0,0
47952020,0,44516,12000,111516,4334,0,0
47952021,0,0,12005,111516,4334,0,0
47952022,0,0,12005,111516,4334,0,0
47952744,0,0,14006,304200,4332,1,0
47952745,0,0,14006,304200,4332,0,0
47952746,0,0,14006,304200,4333,0,0
47952747,0,0,14006,304200,4333,0,0
47952748,0,0,14006,304200,4333,0,0
47952749,12023,0,14006,304200,4333,0,0
# MARK addr tick=47952749
47952750,12023,0,14006,304200,4333,0,0
47952751,0,0,14005,304200,4333,0,0
47952752,0,0,12005,304200,4333,0,0
47952753,0,0,12023,304200,4333,0,0
# MARK ram tick=47952753
47952754,0,44516,12023,111516,4333,0,0
47952755,0,44516,12023,111516,4333,0,0
47952756,0,44516,12023,111516,4333,0,0
47952757,0,44516,12000,111516,4333,0,0
47952758,0,0,12005,111516,4333,0,0
47952759,0,0,12005,111516,4333,0,0
47953496,0,0,14006,304200,4332,1,0
47953497,0,0,14006,304200,4332,0,0
47953498,0,0,14006,304200,4334,0,0
47953499,0,0,14006,304200,4334,0,0
47953500,0,0,14006,304200,4334,0,0
47953501,12024,0,14006,304200,4334,0,0
# MARK addr tick=47953501
47953502,12024,0,14006,304200,4334,0,0
47953503,0,0,14005,304200,4334,0,0
47953504,0,0,12005,304200,4334,0,0
47953505,0,0,12024,304200,4334,0,0
# MARK ram tick=47953505
47953506,0,51524,12024,523124,4334,0,0
47953507,0,51524,12024,523124,4334,0,0
47953508,0,51524,12024,523124,4334,0,0
47953509,0,51524,12000,523124,4334,0,0
47953510,0,0,12005,523124,4334,0,0
47953511,0,0,12005,523124,4334,0,0
47954215,0,0,14006,304200,4332,1,0
47954216,0,0,14006,304200,4332,0,0
47954217,0,0,14006,304200,4333,0,0
47954218,0,0,14006,304200,4333,0,0
47954219,0,0,14006,304200,4333,0,0
47954220,12024,0,14006,304200,4333,0,0
# MARK addr tick=47954220
47954221,12024,0,14006,304200,4333,0,0
47954222,0,0,14005,304200,4333,0,0
47954223,0,0,12005,304200,4333,0,0
47954224,0,0,12024,304200,4333,0,0
# MARK ram tick=47954224
47954225,0,51524,12024,523124,4333,0,0
47954226,0,51524,12024,523124,4333,0,0
47954227,0,51524,12024,523124,4333,0,0
47954228,0,51524,12000,523124,4333,0,0
47954229,0,0,12005,523124,4333,0,0
47954230,0,0,12005,523124,4333,0,0
47960583,0,0,14006,304200,4332,1,0
47960584,0,0,14006,304200,4332,0,0
47960585,0,0,14006,304200,4334,0,0
47960586,0,0,14006,304200,4334,0,0
47960587,0,0,14006,304200,4334,0,0
47960588,12025,0,14006,304200,4334,0,0
# MARK addr tick=47960588
47960589,12025,0,14006,304200,4334,0,0
47960590,0,0,14005,304200,4334,0,0
47960591,0,0,12005,304200,4334,0,0
47960592,0,0,12025,304200,4334,0,0
# MARK ram tick=47960592
47960593,0,51125,12025,122525,4334,0,0
47960594,0,51125,12025,122525,4334,0,0
47960595,0,51125,12025,122525,4334,0,0
47960596,0,51125,12000,122525,4334,0,0
47960597,0,0,12005,122525,4334,0,0
47960598,0,0,12005,122525,4334,0,0
47961306,0,0,14006,304200,4332,1,0
47961307,0,0,14006,304200,4332,0,0
47961308,0,0,14006,304200,4333,0,0
47961309,0,0,14006,304200,4333,0,0
47961310,0,0,14006,304200,4333,0,0
47961311,12025,0,14006,304200,4333,0,0
# MARK addr tick=47961311
47961312,12025,0,14006,304200,4333,0,0
47961313,0,0,14005,304200,4333,0,0
47961314,0,0,12005,304200,4333,0,0
47961315,0,0,12025,304200,4333,0,0
# MARK ram tick=47961315
47961316,0,51125,12025,122525,4333,0,0
47961317,0,51125,12025,122525,4333,0,0
47961318,0,51125,12025,122525,4333,0,0
47961319,0,51125,12000,122525,4333,0,0
47961320,0,0,12005,122525,4333,0,0
47961321,0,0,12005,122525,4333,0,0
47962028,0,0,14006,304200,4332,1,0
47962029,0,0,14006,304200,4332,0,0
47962030,0,0,14006,304200,4334,0,0
47962031,0,0,14006,304200,4334,0,0
47962032,0,0,14006,304200,4334,0,0
47962033,12026,0,14006,304200,4334,0,0
# MARK addr tick=47962033
47962034,12026,0,14006,304200,4334,0,0
47962035,0,0,14005,304200,4334,0,0
47962036,0,0,12005,304200,4334,0,0
47962037,0,0,12026,304200,4334,0,0
# MARK ram tick=47962037
47962038,0,41524,12026,103124,4334,0,0
47962039,0,41524,12026,103124,4334,0,0
47962040,0,41524,12026,103124,4334,0,0
47962041,0,41524,12000,103124,4334,0,0
47962042,0,0,12005,103124,4334,0,0
47962043,0,0,12005,103124,4334,0,0
47968406,0,0,14006,304200,4332,1,0
47968407,0,0,14006,304200,4332,0,0
47968408,0,0,14006,304200,4333,0,0
47968409,0,0,14006,304200,4333,0,0
47968410,0,0,14006,304200,4333,0,0
47968411,12026,0,14006,304200,4333,0,0
# MARK addr tick=47968411
47968412,12026,0,14006,304200,4333,0,0
47968413,0,0,14005,304200,4333,0,0
47968414,0,0,12005,304200,4333,0,0
47968415,0,0,12026,304200,4333,0,0
# MARK ram tick=47968415
47968416,0,41524,12026,103124,4333,0,0
47968417,0,41524,12026,103124,4333,0,0
47968418,0,41524,12026,103124,4333,0,0
47968419,0,41524,12000,103124,4333,0,0
47968420,0,0,12005,103124,4333,0,0
47968421,0,0,12005,103124,4333,0,0
47969125,0,0,14006,304200,4332,1,0
47969126,0,0,14006,304200,4332,0,0
47969127,0,0,14006,304200,4334,0,0
47969128,0,0,14006,304200,4334,0,0
47969129,0,0,14006,304200,4334,0,0
47969130,12027,0,14006,304200,4334,0,0
# MARK addr tick=47969130
47969131,12027,0,14006,304200,4334,0,0
47969132,0,0,14005,304200,4334,0,0
47969133,0,0,12005,304200,4334,0,0
47969134,0,0,12027,304200,4334,0,0
# MARK ram tick=47969134
47969135,0,44517,12027,111117,4334,0,0
47969136,0,44517,12027,111117,4334,0,0
47969137,0,44517,12027,111117,4334,0,0
47969138,0,44517,12000,111117,4334,0,0
47969139,0,0,12005,111117,4334,0,0
47969140,0,0,12005,111117,4334,0,0
47969864,0,0,14006,304200,4332,1,0
47969865,0,0,14006,304200,4332,0,0
47969866,0,0,14006,304200,4333,0,0
47969867,0,0,14006,304200,4333,0,0
47969868,0,0,14006,304200,4333,0,0
47969869,12027,0,14006,304200,4333,0,0
# MARK addr tick=47969869
47969870,12027,0,14006,304200,4333,0,0
47969871,0,0,14005,304200,4333,0,0
47969872,0,0,12005,304200,4333,0,0
47969873,0,0,12027,304200,4333,0,0
# MARK ram tick=47969873
47969874,0,44517,12027,111117,4333,0,0
47969875,0,44517,12027,111117,4333,0,0
47969876,0,44517,12027,111117,4333,0,0
47969877,0,44517,12000,111117,4333,0,0
47969878,0,0,12005,111117,4333,0,0
47969879,0,0,12005,111117,4333,0,0
47994328,0,0,14006,304200,4332,1,0
47994329,0,0,14006,304200,4332,0,0
47994330,0,0,14006,304200,4334,0,0
47994331,0,0,14006,304200,4334,0,0
47994332,0,0,14006,304200,4334,0,0
47994333,12023,0,14006,304200,4334,0,0
# MARK addr tick=47994333
47994334,12023,0,14006,304200,4334,0,0
47994335,0,0,14005,304200,4334,0,0
47994336,0,0,12005,304200,4334,0,0
47994337,0,0,12023,304200,4334,0,0
# MARK ram tick=47994337
47994338,0,44516,12023,111516,4334,0,0
47994339,0,44516,12023,111516,4334,0,0
47994340,0,44516,12023,111516,4334,0,0
47994341,0,44516,12000,111516,4334,0,0
47994342,0,0,12005,111516,4334,0,0
47994343,0,0,12005,111516,4334,0,0
47994498,0,0,14006,304200,4332,1,0
47994499,0,0,14006,304200,4332,0,0
47994500,0,0,14006,304200,4334,0,0
47994501,0,0,14006,304200,4334,0,0
47994502,0,0,14006,304200,4334,0,0
47994503,12023,0,14006,304200,4334,0,0
# MARK addr tick=47994503
47994504,12023,0,14006,304200,4334,0,0
47994505,0,0,14005,304200,4334,0,0
47994506,0,0,12005,304200,4334,0,0
47994507,0,0,12023,304200,4334,0,0
# MARK ram tick=47994507
47994508,0,44516,12023,111516,4334,0,0
47994509,0,44516,12023,111516,4334,0,0
47994510,0,44516,12023,111516,4334,0,0
47994511,0,44516,12000,111516,4334,0,0
47994512,0,0,12005,111516,4334,0,0
47994513,0,0,12005,111516,4334,0,0
47994936,0,0,62031,534200,174,1,0
47994937,0,0,62031,534200,174,0,0
47994938,0,0,62031,534200,0,0,0
47994939,0,0,62031,534200,0,0,0
47994940,0,0,62031,534200,0,0,0
47994941,7426,0,62031,534200,0,0,0
# MARK addr tick=47994941
47994942,7426,0,62031,534200,0,0,0
47994943,0,0,62003,534200,0,0,0
47994944,0,0,6003,534200,0,0,0
47994945,0,0,7426,534200,0,0,0
# MARK ram tick=47994945
47994946,0,14624,7426,31224,0,0,0
47994947,0,14624,7426,31224,0,0,0
47994948,0,14624,7426,31224,0,0,0
47994949,0,14624,6000,31224,0,0,0
47994950,0,0,6003,31224,0,0,0
47994951,0,0,6003,31224,0,0,0
47994994,0,0,14006,411623,145,1,0
47994995,0,0,14006,411623,145,0,0
47994996,0,0,14006,411623,0,0,0
47994997,0,0,14006,411623,0,0,0
47994998,0,0,14006,411623,0,0,0
47994999,7425,0,14006,411623,0,0,0
# MARK addr tick=47994999
47995000,7425,0,14006,411623,0,0,0
47995001,0,0,14003,411623,0,0,0
47995002,0,0,6003,411623,0,0,0
47995003,0,0,7425,411623,0,1,0
# MARK ram tick=47995003
47995004,0,0,7425,411623,0,0,0
47995005,0,0,7425,411623,2001,0,0
47995006,0,0,7425,411623,16625,0,0
47995007,0,0,6000,411623,16625,0,0
47995008,0,0,6003,411623,0,0,0
47995009,0,0,6003,411623,0,0,0
47995146,0,0,14006,111623,170,1,0
47995147,0,0,14006,111623,170,0,0
47995148,0,0,14006,111623,0,0,0
47995149,0,0,14006,111623,0,0,0
47995150,0,0,14006,111623,0,0,0
47995151,7425,0,14006,111623,0,0,0
# MARK addr tick=47995151
47995152,7425,0,14006,111623,0,0,0
47995153,0,0,14003,111623,0,0,0
47995154,0,0,6003,111623,0,0,0
47995155,0,0,7425,111623,0,0,0
# MARK ram tick=47995155
47995156,0,0,7425,400400,0,0,0
47995157,0,0,7425,400400,0,0,0
47995158,0,0,7425,400400,0,0,0
47995159,0,0,6000,400400,0,0,0
47995160,0,0,6003,400400,0,0,0
47995161,0,0,6003,400400,0,0,0
47996433,0,0,2001,40364,0,0,0
47996434,0,0,2001,40364,0,0,0
47996435,2431,0,2001,40364,0,0,0
47996436,2431,0,2001,40364,0,0,0
47996437,0,0,2001,40364,0,0,0
47996438,5252,0,2001,40364,0,0,0
# MARK addr tick=47996438
47996439,5252,0,2431,40364,0,1,0
47996440,5252,0,2431,40364,0,0,0
47996441,5252,0,2431,40364,2001,0,0
47996442,5252,0,2431,40364,16445,0,0
47996443,5252,0,2000,40364,16445,0,0
47996444,5252,0,2001,40364,0,0,0
48001410,0,0,14006,61235,152,0,0
48001411,0,0,14006,61235,152,0,0
48001412,7437,0,14006,61235,152,0,0
48001413,7437,0,14006,61235,152,0,0
48001414,0,0,14003,61235,152,0,0
48001415,12023,0,6003,61235,152,0,0
# MARK addr tick=48001415
48001416,12023,0,7437,61235,152,1,0
48001417,12023,0,7437,61235,152,0,0
48001418,12023,0,7437,61235,145,0,0
48001419,12023,0,7437,61235,145,0,0
48001420,12023,0,6000,61235,145,0,0
48001421,12023,0,6003,61235,145,0,0
48001564,0,0,6003,417026,145,1,0
48001565,0,0,6003,417026,145,0,0
48001566,0,0,6003,417026,0,0,0
48001567,0,0,6003,417026,0,0,0
48001568,0,0,6003,417026,0,0,0
48001569,7426,0,6003,417026,0,0,0
# MARK addr tick=48001569
48001570,7426,0,6003,417026,0,0,0
48001571,0,0,6003,417026,0,0,0
48001572,14624,0,6003,417026,0,0,0
48001573,14624,0,7426,417026,0,1,0
# MARK ram tick=48001573
48001574,14624,0,7426,417026,0,0,0
48001575,14624,0,7426,417026,2001,0,0
48001576,14624,0,7426,417026,17155,0,0
48001577,14624,0,6000,417026,17155,0,0
48001578,14624,0,6003,417026,0,0,0
48001579,0,0,6003,417026,0,0,0
48002254,0,0,14006,61235,152,0,0
48002255,0,0,14006,61235,152,0,0
48002256,7463,0,14006,61235,152,0,0
48002257,7463,0,14006,61235,152,0,0
48002258,0,0,14003,61235,152,0,0
48002259,12023,0,6003,61235,152,0,0
# MARK addr tick=48002259
48002260,12023,0,7463,61235,152,1,0
48002261,12023,0,7463,61235,152,0,0
48002262,12023,0,7463,61235,145,0,0
48002263,12023,0,7463,61235,145,0,0
48002264,12023,0,6000,61235,145,0,0
48002265,12023,0,6003,61235,145,0,0
48003055,0,0,14006,304200,4332,1,0
48003056,0,0,14006,304200,4332,0,0
48003057,0,0,14006,304200,4334,0,0
48003058,0,0,14006,304200,4334,0,0
48003059,0,0,14006,304200,4334,0,0
48003060,12023,0,14006,304200,4334,0,0
# MARK addr tick=48003060
48003061,12023,0,14006,304200,4334,0,0
48003062,0,0,14005,304200,4334,0,0
48003063,0,0,12005,304200,4334,0,0
48003064,0,0,12023,304200,4334,0,1
# MARK ram tick=48003064
48003065,0,44516,12023,111516,4334,0,1
48003066,0,44516,12023,111516,4334,0,1
48003067,0,44516,12023,111516,4334,0,1
48003068,0,44516,12000,111516,4334,0,1
48003069,0,0,12005,111516,4334,0,1
48003070,0,0,12005,111516,4334,0,1
48003071,0,0,12005,111516,4334,0,0
48003072,0,0,12005,111516,4334,1,0
48003073,0,0,12023,111516,4334,0,0
# MARK ram tick=48003073
48003074,0,0,12023,111516,4333,0,0
48003075,0,0,12023,111516,4333,1,0
48003076,0,0,12023,111516,4333,0,0
48003077,0,0,12000,111516,377,0,0
48003078,0,0,12005,111516,377,1,0
48003079,0,0,12005,111516,377,0,0
48004676,0,0,2001,40364,0,0,0
48004677,0,0,2001,40364,0,0,0
48004678,2431,0,2001,40364,0,0,0
48004679,2431,0,2001,40364,0,0,0
48004680,0,0,2001,40364,0,0,0
48004681,5253,0,2001,40364,0,0,0
# MARK addr tick=48004681
48004682,5253,0,2431,40364,0,1,0
48004683,5253,0,2431,40364,0,0,0
48004684,5253,0,2431,40364,2001,0,0
48004685,5253,0,2431,40364,16445,0,0
48004686,5253,0,2000,40364,16445,0,0
48004687,5253,0,2001,40364,0,0,0
48009443,0,0,14006,304200,4332,1,0
48009444,0,0,14006,304200,4332,0,0
48009445,0,0,14006,304200,4333,0,0
48009446,0,0,14006,304200,4333,0,0
48009447,0,0,14006,304200,4333,0,0
48009448,12023,0,14006,304200,4333,0,0
# MARK addr tick=48009448
48009449,12023,0,14006,304200,4333,0,0
48009450,0,0,14005,304200,4333,0,0
48009451,0,0,12005,304200,4333,0,0
48009452,0,0,12023,304200,4333,0,0
# MARK ram tick=48009452
48009453,0,44516,12023,111516,4333,0,0
48009454,0,44516,12023,111516,4333,0,0
48009455,0,44516,12023,111516,4333,0,0
48009456,0,44516,12000,111516,4333,0,0
48009457,0,0,12005,111516,4333,0,0
48009458,0,0,12005,111516,4333,0,0
48010192,0,0,14006,304200,4332,1,0
48010193,0,0,14006,304200,4332,0,0
48010194,0,0,14006,304200,4334,0,0
48010195,0,0,14006,304200,4334,0,0
48010196,0,0,14006,304200,4334,0,0
48010197,12024,0,14006,304200,4334,0,0
# MARK addr tick=48010197
48010198,12024,0,14006,304200,4334,0,0
48010199,0,0,14005,304200,4334,0,0
48010200,0,0,12005,304200,4334,0,0
48010201,0,0,12024,304200,4334,0,0
# MARK ram tick=48010201
48010202,0,51524,12024,523124,4334,0,0
48010203,0,51524,12024,523124,4334,0,0
48010204,0,51524,12024,523124,4334,0,0
48010205,0,51524,12000,523124,4334,0,0
48010206,0,0,12005,523124,4334,0,0
48010207,0,0,12005,523124,4334,0,0
48010919,0,0,14006,304200,4332,1,0
48010920,0,0,14006,304200,4332,0,0
48010921,0,0,14006,304200,4333,0,0
48010922,0,0,14006,304200,4333,0,0
48010923,0,0,14006,304200,4333,0,0
48010924,12024,0,14006,304200,4333,0,0
# MARK addr tick=48010924
48010925,12024,0,14006,304200,4333,0,0
48010926,0,0,14005,304200,4333,0,0
48010927,0,0,12005,304200,4333,0,0
48010928,0,0,12024,304200,4333,0,0
# MARK ram tick=48010928
48010929,0,51524,12024,523124,4333,0,0
48010930,0,51524,12024,523124,4333,0,0
48010931,0,51524,12024,523124,4333,0,0
48010932,0,51524,12000,523124,4333,0,0
48010933,0,0,12005,523124,4333,0,0
48010934,0,0,12005,523124,4333,0,0
48011638,0,0,14006,304200,4332,1,0
48011639,0,0,14006,304200,4332,0,0
48011640,0,0,14006,304200,4334,0,0
48011641,0,0,14006,304200,4334,0,0
48011642,0,0,14006,304200,4334,0,0
48011643,12025,0,14006,304200,4334,0,0
# MARK addr tick=48011643
48011644,12025,0,14006,304200,4334,0,0
48011645,0,0,14005,304200,4334,0,0
48011646,0,0,12005,304200,4334,0,0
48011647,0,0,12025,304200,4334,0,0
# MARK ram tick=48011647
48011648,0,51125,12025,122525,4334,0,0
48011649,0,51125,12025,122525,4334,0,0
48011650,0,51125,12025,122525,4334,0,0
48011651,0,51125,12000,122525,4334,0,0
48011652,0,0,12005,122525,4334,0,0
48011653,0,0,12005,122525,4334,0,0
48012910,0,0,2001,40364,0,0,0
48012911,0,0,2001,40364,0,0,0
48012912,2431,0,2001,40364,0,0,0
48012913,2431,0,2001,40364,0,0,0
48012914,0,0,2001,40364,0,0,0
48012915,5254,0,2001,40364,0,0,0
# MARK addr tick=48012915
48012916,5254,0,2431,40364,0,1,0
48012917,5254,0,2431,40364,0,0,0
48012918,5254,0,2431,40364,2001,0,0
48012919,5254,0,2431,40364,16445,0,0
48012920,5254,0,2000,40364,16445,0,0
48012921,5254,0,2001,40364,0,0,0
48018017,0,0,14006,304200,4332,1,0
48018018,0,0,14006,304200,4332,0,0
48018019,0,0,14006,304200,4333,0,0
48018020,0,0,14006,304200,4333,0,0
48018021,0,0,14006,304200,4333,0,0
48018022,12025,0,14006,304200,4333,0,0
# MARK addr tick=48018022
48018023,12025,0,14006,304200,4333,0,0
48018024,0,0,14005,304200,4333,0,0
48018025,0,0,12005,304200,4333,0,0
48018026,0,0,12025,304200,4333,0,0
# MARK ram tick=48018026
48018027,0,51125,12025,122525,4333,0,0
48018028,0,51125,12025,122525,4333,0,0
48018029,0,51125,12025,122525,4333,0,0
48018030,0,51125,12000,122525,4333,0,0
48018031,0,0,12005,122525,4333,0,0
48018032,0,0,12005,122525,4333,0,0
48018742,0,0,14006,304200,4332,1,0
48018743,0,0,14006,304200,4332,0,0
48018744,0,0,14006,304200,4334,0,0
48018745,0,0,14006,304200,4334,0,0
48018746,0,0,14006,304200,4334,0,0
48018747,12026,0,14006,304200,4334,0,0
# MARK addr tick=48018747
48018748,12026,0,14006,304200,4334,0,0
48018749,0,0,14005,304200,4334,0,0
48018750,0,0,12005,304200,4334,0,0
48018751,0,0,12026,304200,4334,0,0
# MARK ram tick=48018751
48018752,0,41524,12026,103124,4334,0,0
48018753,0,41524,12026,103124,4334,0,0
48018754,0,41524,12026,103124,4334,0,0
48018755,0,41524,12000,103124,4334,0,0
48018756,0,0,12005,103124,4334,0,0
48018757,0,0,12005,103124,4334,0,0
48019463,0,0,14006,304200,4332,1,0
48019464,0,0,14006,304200,4332,0,0
48019465,0,0,14006,304200,4333,0,0
48019466,0,0,14006,304200,4333,0,0
48019467,0,0,14006,304200,4333,0,0
48019468,12026,0,14006,304200,4333,0,0
# MARK addr tick=48019468
48019469,12026,0,14006,304200,4333,0,0
48019470,0,0,14005,304200,4333,0,0
48019471,0,0,12005,304200,4333,0,0
48019472,0,0,12026,304200,4333,0,0
# MARK ram tick=48019472
48019473,0,41524,12026,103124,4333,0,0
48019474,0,41524,12026,103124,4333,0,0
48019475,0,41524,12026,103124,4333,0,0
48019476,0,41524,12000,103124,4333,0,0
48019477,0,0,12005,103124,4333,0,0
48019478,0,0,12005,103124,4333,0,0
48020186,0,0,14006,304200,4332,1,0
48020187,0,0,14006,304200,4332,0,0
48020188,0,0,14006,304200,4334,0,0
48020189,0,0,14006,304200,4334,0,0
48020190,0,0,14006,304200,4334,0,0
48020191,12027,0,14006,304200,4334,0,0
# MARK addr tick=48020191
48020192,12027,0,14006,304200,4334,0,0
48020193,0,0,14005,304200,4334,0,0
48020194,0,0,12005,304200,4334,0,0
48020195,0,0,12027,304200,4334,0,0
# MARK ram tick=48020195
48020196,0,44517,12027,111117,4334,0,0
48020197,0,44517,12027,111117,4334,0,0
48020198,0,44517,12027,111117,4334,0,0
48020199,0,44517,12000,111117,4334,0,0
48020200,0,0,12005,111117,4334,0,0
48020201,0,0,12005,111117,4334,0,0
48020468,0,0,12005,111117,16407,0,0
48020469,0,0,12005,111117,16407,0,0
48020470,0,0,12005,111117,0,0,0
48020471,0,0,12005,111117,0,0,0
48020472,0,0,12005,111117,0,0,1
48020473,0,0,12027,111117,0,0,1
# MARK ram tick=48020473
48020474,0,0,12027,111117,0,0,1
48020475,0,0,12027,111117,0,0,1
48020476,0,0,12027,111117,0,0,1
48020477,0,0,12000,111117,0,0,1
48020478,0,0,12005,111117,0,0,1
48020479,2407,0,12005,111117,0,0,0
48021158,0,0,2001,40364,0,0,0
48021159,0,0,2001,40364,0,0,0
48021160,2431,0,2001,40364,0,0,0
48021161,2431,0,2001,40364,0,0,0
48021162,0,0,2001,40364,0,0,0
48021163,5255,0,2001,40364,0,0,0
# MARK addr tick=48021163
48021164,5255,0,2431,40364,0,1,0
48021165,5255,0,2431,40364,0,0,0
48021166,5255,0,2431,40364,2001,0,0
48021167,5255,0,2431,40364,16445,0,0
48021168,5255,0,2000,40364,16445,0,0
48021169,5255,0,2001,40364,0,0,0
48026595,0,0,14006,304200,4332,1,0
48026596,0,0,14006,304200,4332,0,0
48026597,0,0,14006,304200,4333,0,0
48026598,0,0,14006,304200,4333,0,0
48026599,0,0,14006,304200,4333,0,0
48026600,12027,0,14006,304200,4333,0,0
# MARK addr tick=48026600
48026601,12027,0,14006,304200,4333,0,0
48026602,0,0,14005,304200,4333,0,0
48026603,0,0,12005,304200,4333,0,0
48026604,0,0,12027,304200,4333,0,0
# MARK ram tick=48026604
48026605,0,44517,12027,111117,4333,0,0
48026606,0,44517,12027,111117,4333,0,0
48026607,0,44517,12027,111117,4333,0,0
48026608,0,44517,12000,111117,4333,0,0
48026609,0,0,12005,111117,4333,0,0
48026610,0,0,12005,111117,4333,0,0
48026612,0,0,12005,111117,4333,1,0
48026613,0,0,12005,111117,4334,0,0
48026614,0,0,12005,111117,377,0,0
48026615,0,0,12005,111117,377,1,0
48026616,0,0,12005,111117,377,0,1
48026617,0,0,12027,111117,401,0,1
# MARK ram tick=48026617
48026618,0,0,12027,111117,16363,0,1
48026619,0,0,12027,111117,16363,0,1
48026620,0,0,12027,111117,0,0,1
48026621,0,0,12000,111117,0,0,1
48026622,0,0,12005,111117,0,0,1
48026623,14363,0,12005,111117,0,0,0
48029413,0,0,2001,40364,0,0,0
48029414,0,0,2001,40364,0,0,0
48029415,2431,0,2001,40364,0,0,0
48029416,2431,0,2001,40364,0,0,0
48029417,0,0,2001,40364,0,0,0
48029418,5256,0,2001,40364,0,0,0
# MARK addr tick=48029418
48029419,5256,0,2431,40364,0,1,0
48029420,5256,0,2431,40364,0,0,0
48029421,5256,0,2431,40364,2001,0,0
48029422,5256,0,2431,40364,16445,0,0
48029423,5256,0,2000,40364,16445,0,0
48029424,5256,0,2001,40364,0,0,0
48061148,0,0,14006,304200,4332,1,0
48061149,0,0,14006,304200,4332,0,0
48061150,0,0,14006,304200,4334,0,0
48061151,0,0,14006,304200,4334,0,0
48061152,0,0,14006,304200,4334,0,0
48061153,12023,0,14006,304200,4334,0,0
# MARK addr tick=48061153
48061154,12023,0,14006,304200,4334,0,0
48061155,0,0,14005,304200,4334,0,0
48061156,0,0,12005,304200,4334,0,0
48061157,0,0,12023,304200,4334,0,0
# MARK ram tick=48061157
48061158,0,44516,12023,111516,4334,0,0
48061159,0,44516,12023,111516,4334,0,0
48061160,0,44516,12023,111516,4334,0,0
48061161,0,44516,12000,111516,4334,0,0
48061162,0,0,12005,111516,4334,0,0
48061163,0,0,12005,111516,4334,0,0
48061316,0,0,14006,304200,4332,1,0
48061317,0,0,14006,304200,4332,0,0
48061318,0,0,14006,304200,4334,0,0
48061319,0,0,14006,304200,4334,0,0
48061320,0,0,14006,304200,4334,0,0
48061321,12023,0,14006,304200,4334,0,0
# MARK addr tick=48061321
48061322,12023,0,14006,304200,4334,0,0
48061323,0,0,14005,304200,4334,0,0
48061324,0,0,12005,304200,4334,0,0
48061325,0,0,12023,304200,4334,0,0
# MARK ram tick=48061325
48061326,0,44516,12023,111516,4334,0,0
48061327,0,44516,12023,111516,4334,0,0
48061328,0,44516,12023,111516,4334,0,0
48061329,0,44516,12000,111516,4334,0,0
48061330,0,0,12005,111516,4334,0,0
48061331,0,0,12005,111516,4334,0,0
48067403,0,0,62031,534200,174,1,0
48067404,0,0,62031,534200,174,0,0
48067405,0,0,62031,534200,0,0,0
48067406,0,0,62031,534200,0,0,0
48067407,0,0,62031,534200,0,0,0
48067408,7426,0,62031,534200,0,0,0
# MARK addr tick=48067408
48067409,7426,0,62031,534200,0,0,0
48067410,0,0,62003,534200,0,0,0
48067411,0,0,6003,534200,0,0,0
48067412,0,0,7426,534200,0,0,0
# MARK ram tick=48067412
48067413,0,14624,7426,31224,0,0,0
48067414,0,14624,7426,31224,0,0,0
48067415,0,14624,7426,31224,0,0,0
48067416,0,14624,6000,31224,0,0,0
48067417,0,0,6003,31224,0,0,0
48067418,0,0,6003,31224,0,0,0
48067461,0,0,14006,411623,145,1,0
48067462,0,0,14006,411623,145,0,0
48067463,0,0,14006,411623,0,0,0
48067464,0,0,14006,411623,0,0,0
48067465,0,0,14006,411623,0,0,0
48067466,7425,0,14006,411623,0,0,0
# MARK addr tick=48067466
48067467,7425,0,14006,411623,0,0,0
48067468,0,0,14003,411623,0,0,0
48067469,0,0,6003,411623,0,0,0
48067470,0,0,7425,411623,0,1,0
# MARK ram tick=48067470
48067471,0,0,7425,411623,0,0,0
48067472,0,0,7425,411623,2001,0,0
48067473,0,0,7425,411623,16625,0,0
48067474,0,0,6000,411623,16625,0,0
48067475,0,0,6003,411623,0,0,0
48067476,0,0,6003,411623,0,0,0
48067615,0,0,14006,111623,170,1,0
48067616,0,0,14006,111623,170,0,0
48067617,0,0,14006,111623,0,0,0
48067618,0,0,14006,111623,0,0,0
48067619,0,0,14006,111623,0,0,0
48067620,7425,0,14006,111623,0,0,0
# MARK addr tick=48067620
48067621,7425,0,14006,111623,0,0,0
48067622,0,0,14003,111623,0,0,0
48067623,0,0,6003,111623,0,0,0
48067624,0,0,7425,111623,0,0,0
# MARK ram tick=48067624
48067625,0,0,7425,400400,0,0,0
48067626,0,0,7425,400400,0,0,0
48067627,0,0,7425,400400,0,0,0
48067628,0,0,6000,400400,0,0,0
48067629,0,0,6003,400400,0,0,0
48067630,0,0,6003,400400,0,0,0
48068213,0,0,14006,61235,152,0,0
48068214,0,0,14006,61235,152,0,0
48068215,7437,0,14006,61235,152,0,0
48068216,7437,0,14006,61235,152,0,0
48068217,0,0,14003,61235,152,0,0
48068218,12023,0,6003,61235,152,0,0
# MARK addr tick=48068218
48068219,12023,0,7437,61235,152,1,0
48068220,12023,0,7437,61235,152,0,0
48068221,12023,0,7437,61235,145,0,0
48068222,12023,0,7437,61235,145,0,0
48068223,12023,0,6000,61235,145,0,0
48068224,12023,0,6003,61235,145,0,0
48068362,0,0,6003,417026,145,1,0
48068363,0,0,6003,417026,145,0,0
48068364,0,0,6003,417026,0,0,0
48068365,0,0,6003,417026,0,0,0
48068366,0,0,6003,417026,0,0,0
48068367,7426,0,6003,417026,0,0,0
# MARK addr tick=48068367
48068368,7426,0,6003,417026,0,0,0
48068369,0,0,6003,417026,0,0,0
48068370,14624,0,6003,417026,0,0,0
48068371,14624,0,7426,417026,0,1,0
# MARK ram tick=48068371
48068372,14624,0,7426,417026,0,0,0
48068373,14624,0,7426,417026,2001,0,0
48068374,14624,0,7426,417026,17155,0,0
48068375,14624,0,6000,417026,17155,0,0
48068376,14624,0,6003,417026,0,0,0
48068377,0,0,6003,417026,0,0,0
48069051,0,0,14006,61235,152,0,0
48069052,0,0,14006,61235,152,0,0
48069053,7463,0,14006,61235,152,0,0
48069054,7463,0,14006,61235,152,0,0
48069055,0,0,14003,61235,152,0,0
48069056,12023,0,6003,61235,152,0,0
# MARK addr tick=48069056
48069057,12023,0,7463,61235,152,1,0
48069058,12023,0,7463,61235,152,0,0
48069059,12023,0,7463,61235,145,0,0
48069060,12023,0,7463,61235,145,0,0
48069061,12023,0,6000,61235,145,0,0
48069062,12023,0,6003,61235,145,0,0
48075513,0,0,14006,304200,4332,1,0
48075514,0,0,14006,304200,4332,0,0
48075515,0,0,14006,304200,4334,0,0
48075516,0,0,14006,304200,4334,0,0
48075517,0,0,14006,304200,4334,0,0
48075518,12023,0,14006,304200,4334,0,0
# MARK addr tick=48075518
48075519,12023,0,14006,304200,4334,0,0
48075520,0,0,14005,304200,4334,0,0
48075521,0,0,12005,304200,4334,0,0
48075522,0,0,12023,304200,4334,0,0
# MARK ram tick=48075522
48075523,0,44516,12023,111516,4334,0,0
48075524,0,44516,12023,111516,4334,0,0
48075525,0,44516,12023,111516,4334,0,0
48075526,0,44516,12000,111516,4334,0,0
48075527,0,0,12005,111516,4334,0,0
48075528,0,0,12005,111516,4334,0,0
48076259,0,0,14006,304200,4332,1,0
48076260,0,0,14006,304200,4332,0,0
48076261,0,0,14006,304200,4333,0,0
48076262,0,0,14006,304200,4333,0,0
48076263,0,0,14006,304200,4333,0,0
48076264,12023,0,14006,304200,4333,0,0
# MARK addr tick=48076264
48076265,12023,0,14006,304200,4333,0,0
48076266,0,0,14005,304200,4333,0,0
48076267,0,0,12005,304200,4333,0,0
48076268,0,0,12023,304200,4333,0,0
# MARK ram tick=48076268
48076269,0,44516,12023,111516,4333,0,0
48076270,0,44516,12023,111516,4333,0,0
48076271,0,44516,12023,111516,4333,0,0
48076272,0,44516,12000,111516,4333,0,0
48076273,0,0,12005,111516,4333,0,0
48076274,0,0,12005,111516,4333,0,0
48076276,0,0,12005,111516,4333,1,0
48076277,0,0,12005,111516,4334,0,0
48076278,0,0,12005,111516,377,0,0
48076279,0,0,12005,111516,377,1,0
48076280,0,0,12005,111516,377,0,1
48076281,0,0,12023,111516,401,0,1
# MARK ram tick=48076281
48076282,0,0,12023,111516,16363,0,1
48076283,0,0,12023,111516,16363,0,1
48076284,0,0,12023,111516,0,0,1
48076285,0,0,12000,111516,0,0,1
48076286,0,0,12005,111516,0,0,1
48076287,14363,0,12005,111516,0,0,0
48077018,0,0,14006,304200,4332,1,0
48077019,0,0,14006,304200,4332,0,0
48077020,0,0,14006,304200,4334,0,0
48077021,0,0,14006,304200,4334,0,0
48077022,0,0,14006,304200,4334,0,0
48077023,12024,0,14006,304200,4334,0,0
# MARK addr tick=48077023
48077024,12024,0,14006,304200,4334,0,0
48077025,0,0,14005,304200,4334,0,0
48077026,0,0,12005,304200,4334,0,0
48077027,0,0,12024,304200,4334,0,0
# MARK ram tick=48077027
48077028,0,51524,12024,523124,4334,0,0
48077029,0,51524,12024,523124,4334,0,0
48077030,0,51524,12024,523124,4334,0,0
48077031,0,51524,12000,523124,4334,0,0
48077032,0,0,12005,523124,4334,0,0
48077033,0,0,12005,523124,4334,0,0
48077737,0,0,14006,304200,4332,1,0
48077738,0,0,14006,304200,4332,0,0
48077739,0,0,14006,304200,4333,0,0
48077740,0,0,14006,304200,4333,0,0
48077741,0,0,14006,304200,4333,0,0
48077742,12024,0,14006,304200,4333,0,0
# MARK addr tick=48077742
48077743,12024,0,14006,304200,4333,0,0
48077744,0,0,14005,304200,4333,0,0
48077745,0,0,12005,304200,4333,0,0
48077746,0,0,12024,304200,4333,0,0
# MARK ram tick=48077746
48077747,0,51524,12024,523124,4333,0,0
48077748,0,51524,12024,523124,4333,0,0
48077749,0,51524,12024,523124,4333,0,0
48077750,0,51524,12000,523124,4333,0,0
48077751,0,0,12005,523124,4333,0,0
48077752,0,0,12005,523124,4333,0,0
48084135,0,0,14006,304200,4332,1,0
48084136,0,0,14006,304200,4332,0,0
48084137,0,0,14006,304200,4334,0,0
48084138,0,0,14006,304200,4334,0,0
48084139,0,0,14006,304200,4334,0,0
48084140,12025,0,14006,304200,4334,0,0
# MARK addr tick=48084140
48084141,12025,0,14006,304200,4334,0,0
48084142,0,0,14005,304200,4334,0,0
48084143,0,0,12005,304200,4334,0,0
48084144,0,0,12025,304200,4334,0,0
# MARK ram tick=48084144
48084145,0,51125,12025,122525,4334,0,0
48084146,0,51125,12025,122525,4334,0,0
48084147,0,51125,12025,122525,4334,0,0
48084148,0,51125,12000,122525,4334,0,0
48084149,0,0,12005,122525,4334,0,0
48084150,0,0,12005,122525,4334,0,0
48084851,0,0,14006,304200,4332,1,0
48084852,0,0,14006,304200,4332,0,0
48084853,0,0,14006,304200,4333,0,0
48084854,0,0,14006,304200,4333,0,0
48084855,0,0,14006,304200,4333,0,0
48084856,12025,0,14006,304200,4333,0,0
# MARK addr tick=48084856
48084857,12025,0,14006,304200,4333,0,0
48084858,0,0,14005,304200,4333,0,0
48084859,0,0,12005,304200,4333,0,0
48084860,0,0,12025,304200,4333,0,0
# MARK ram tick=48084860
48084861,0,51125,12025,122525,4333,0,0
48084862,0,51125,12025,122525,4333,0,0
48084863,0,51125,12025,122525,4333,0,0
48084864,0,51125,12000,122525,4333,0,0
48084865,0,0,12005,122525,4333,0,0
48084866,0,0,12005,122525,4333,0,0
48085575,0,0,14006,304200,4332,1,0
48085576,0,0,14006,304200,4332,0,0
48085577,0,0,14006,304200,4334,0,0
48085578,0,0,14006,304200,4334,0,0
48085579,0,0,14006,304200,4334,0,0
48085580,12026,0,14006,304200,4334,0,0
# MARK addr tick=48085580
48085581,12026,0,14006,304200,4334,0,0
48085582,0,0,14005,304200,4334,0,0
48085583,0,0,12005,304200,4334,0,0
48085584,0,0,12026,304200,4334,0,0
# MARK ram tick=48085584
48085585,0,41524,12026,103124,4334,0,0
48085586,0,41524,12026,103124,4334,0,0
48085587,0,41524,12026,103124,4334,0,0
48085588,0,41524,12000,103124,4334,0,0
48085589,0,0,12005,103124,4334,0,0
48085590,0,0,12005,103124,4334,0,0
48091954,0,0,14006,304200,4332,1,0
48091955,0,0,14006,304200,4332,0,0
48091956,0,0,14006,304200,4333,0,0
48091957,0,0,14006,304200,4333,0,0
48091958,0,0,14006,304200,4333,0,0
48091959,12026,0,14006,304200,4333,0,0
# MARK addr tick=48091959
48091960,12026,0,14006,304200,4333,0,0
48091961,0,0,14005,304200,4333,0,0
48091962,0,0,12005,304200,4333,0,0
48091963,0,0,12026,304200,4333,0,0
# MARK ram tick=48091963
48091964,0,41524,12026,103124,4333,0,0
48091965,0,41524,12026,103124,4333,0,0
48091966,0,41524,12026,103124,4333,0,0
48091967,0,41524,12000,103124,4333,0,0
48091968,0,0,12005,103124,4333,0,0
48091969,0,0,12005,103124,4333,0,0
48092679,0,0,14006,304200,4332,1,0
48092680,0,0,14006,304200,4332,0,0
48092681,0,0,14006,304200,4334,0,0
48092682,0,0,14006,304200,4334,0,0
48092683,0,0,14006,304200,4334,0,0
48092684,12027,0,14006,304200,4334,0,0
# MARK addr tick=48092684
48092685,12027,0,14006,304200,4334,0,0
48092686,0,0,14005,304200,4334,0,0
48092687,0,0,12005,304200,4334,0,0
48092688,0,0,12027,304200,4334,0,0
# MARK ram tick=48092688
48092689,0,44517,12027,111117,4334,0,0
48092690,0,44517,12027,111117,4334,0,0
48092691,0,44517,12027,111117,4334,0,0
48092692,0,44517,12000,111117,4334,0,0
48092693,0,0,12005,111117,4334,0,0
48092694,0,0,12005,111117,4334,0,0
48093419,0,0,14006,304200,4332,1,0
48093420,0,0,14006,304200,4332,0,0
48093421,0,0,14006,304200,4333,0,0
48093422,0,0,14006,304200,4333,0,0
48093423,0,0,14006,304200,4333,0,0
48093424,12027,0,14006,304200,4333,0,0
# MARK addr tick=48093424
48093425,12027,0,14006,304200,4333,0,0
48093426,0,0,14005,304200,4333,0,0
48093427,0,0,12005,304200,4333,0,0
48093428,0,0,12027,304200,4333,0,0
# MARK ram tick=48093428
48093429,0,44517,12027,111117,4333,0,0
48093430,0,44517,12027,111117,4333,0,0
48093431,0,44517,12027,111117,4333,0,0
48093432,0,44517,12000,111117,4333,0,0
48093433,0,0,12005,111117,4333,0,0
48093434,0,0,12005,111117,4333,0,0
48134347,0,0,14006,304200,4332,1,0
48134348,0,0,14006,304200,4332,0,0
48134349,0,0,14006,304200,4334,0,0
48134350,0,0,14006,304200,4334,0,0
48134351,0,0,14006,304200,4334,0,0
48134352,12023,0,14006,304200,4334,0,0
# MARK addr tick=48134352
48134353,12023,0,14006,304200,4334,0,0
48134354,0,0,14005,304200,4334,0,0
48134355,0,0,12005,304200,4334,0,0
48134356,0,0,12023,304200,4334,0,0
# MARK ram tick=48134356
48134357,0,44516,12023,111516,4334,0,0
48134358,0,44516,12023,111516,4334,0,0
48134359,0,44516,12023,111516,4334,0,0
48134360,0,44516,12000,111516,4334,0,0
48134361,0,0,12005,111516,4334,0,0
48134362,0,0,12005,111516,4334,0,0
48134515,0,0,14006,304200,4332,1,0
48134516,0,0,14006,304200,4332,0,0
48134517,0,0,14006,304200,4334,0,0
48134518,0,0,14006,304200,4334,0,0
48134519,0,0,14006,304200,4334,0,0
48134520,12023,0,14006,304200,4334,0,0
# MARK addr tick=48134520
48134521,12023,0,14006,304200,4334,0,0
48134522,0,0,14005,304200,4334,0,0
48134523,0,0,12005,304200,4334,0,0
48134524,0,0,12023,304200,4334,0,0
# MARK ram tick=48134524
48134525,0,44516,12023,111516,4334,0,0
48134526,0,44516,12023,111516,4334,0,0
48134527,0,44516,12023,111516,4334,0,0
48134528,0,44516,12000,111516,4334,0,0
48134529,0,0,12005,111516,4334,0,0
48134530,0,0,12005,111516,4334,0,0
48134953,0,0,62031,534200,174,1,0
48134954,0,0,62031,534200,174,0,0
48134955,0,0,62031,534200,0,0,0
48134956,0,0,62031,534200,0,0,0
48134957,0,0,62031,534200,0,0,0
48134958,7426,0,62031,534200,0,0,0
# MARK addr tick=48134958
48134959,7426,0,62031,534200,0,0,0
48134960,0,0,62003,534200,0,0,0
48134961,0,0,6003,534200,0,0,0
48134962,0,0,7426,534200,0,0,0
# MARK ram tick=48134962
48134963,0,14624,7426,31224,0,0,0
48134964,0,14624,7426,31224,0,0,0
48134965,0,14624,7426,31224,0,0,0
48134966,0,14624,6000,31224,0,0,0
48134967,0,0,6003,31224,0,0,0
48134968,0,0,6003,31224,0,0,0
48135011,0,0,14006,411623,145,1,0
48135012,0,0,14006,411623,145,0,0
48135013,0,0,14006,411623,0,0,0
48135014,0,0,14006,411623,0,0,0
48135015,0,0,14006,411623,0,0,0
48135016,7425,0,14006,411623,0,0,0
# MARK addr tick=48135016
48135017,7425,0,14006,411623,0,0,0
48135018,0,0,14003,411623,0,0,0
48135019,0,0,6003,411623,0,0,0
48135020,0,0,7425,411623,0,1,0
# MARK ram tick=48135020
48135021,0,0,7425,411623,0,0,0
48135022,0,0,7425,411623,2001,0,0
48135023,0,0,7425,411623,16625,0,0
48135024,0,0,6000,411623,16625,0,0
48135025,0,0,6003,411623,0,0,0
48135026,0,0,6003,411623,0,0,0
48135165,0,0,14631,111623,0,0,1
48135166,0,0,14631,111623,0,0,1
48135167,0,0,14631,111623,0,0,0
48135168,0,0,14000,111623,0,0,0
48135169,0,0,14006,111623,0,0,0
48135170,7425,0,14006,111623,0,0,0
# MARK addr tick=48135170
48135171,7425,0,14006,111623,0,0,0
48135172,0,0,14003,111623,0,0,0
48135173,0,0,6003,111623,0,0,0
48135174,0,0,7425,111623,0,0,0
# MARK ram tick=48135174
48135175,0,0,7425,400400,0,0,0
48135176,0,0,7425,400400,0,0,0
48135177,0,0,7425,400400,0,0,0
48135178,0,0,6000,400400,0,0,0
48135179,0,0,6003,400400,0,0,0
48135180,0,0,6003,400400,0,0,0
48141425,0,0,14006,61235,152,0,0
48141426,0,0,14006,61235,152,0,0
48141427,7437,0,14006,61235,152,0,0
48141428,7437,0,14006,61235,152,0,0
48141429,0,0,14003,61235,152,0,0
48141430,12023,0,6003,61235,152,0,0
# MARK addr tick=48141430
48141431,12023,0,7437,61235,152,1,0
48141432,12023,0,7437,61235,152,0,0
48141433,12023,0,7437,61235,145,0,0
48141434,12023,0,7437,61235,145,0,0
48141435,12023,0,6000,61235,145,0,0
48141436,12023,0,6003,61235,145,0,0
48141574,0,0,6003,417026,145,1,0
48141575,0,0,6003,417026,145,0,0
48141576,0,0,6003,417026,0,0,0
48141577,0,0,6003,417026,0,0,0
48141578,0,0,6003,417026,0,0,0
48141579,7426,0,6003,417026,0,0,0
# MARK addr tick=48141579
48141580,7426,0,6003,417026,0,0,0
48141581,0,0,6003,417026,0,0,0
48141582,14624,0,6003,417026,0,0,0
48141583,14624,0,7426,417026,0,1,0
# MARK ram tick=48141583
48141584,14624,0,7426,417026,0,0,0
48141585,14624,0,7426,417026,2001,0,0
48141586,14624,0,7426,417026,17155,0,0
48141587,14624,0,6000,417026,17155,0,0
48141588,14624,0,6003,417026,0,0,0
48141589,0,0,6003,417026,0,0,0
48142257,0,0,14006,61235,152,0,0
48142258,0,0,14006,61235,152,0,0
48142259,7463,0,14006,61235,152,0,0
48142260,7463,0,14006,61235,152,0,0
48142261,0,0,14003,61235,152,0,0
48142262,12023,0,6003,61235,152,0,0
# MARK addr tick=48142262
48142263,12023,0,7463,61235,152,1,0
48142264,12023,0,7463,61235,152,0,0
48142265,12023,0,7463,61235,145,0,0
48142266,12023,0,7463,61235,145,0,0
48142267,12023,0,6000,61235,145,0,0
48142268,12023,0,6003,61235,145,0,0
48143066,0,0,14006,304200,4332,1,0
48143067,0,0,14006,304200,4332,0,0
48143068,0,0,14006,304200,4334,0,0
48143069,0,0,14006,304200,4334,0,0
48143070,0,0,14006,304200,4334,0,0
48143071,12023,0,14006,304200,4334,0,0
# MARK addr tick=48143071
48143072,12023,0,14006,304200,4334,0,0
48143073,0,0,14005,304200,4334,0,0
48143074,0,0,12005,304200,4334,0,0
48143075,0,0,12023,304200,4334,0,0
# MARK ram tick=48143075
48143076,0,44516,12023,111516,4334,0,0
48143077,0,44516,12023,111516,4334,0,0
48143078,0,44516,12023,111516,4334,0,0
48143079,0,44516,12000,111516,4334,0,0
48143080,0,0,12005,111516,4334,0,0
48143081,0,0,12005,111516,4334,0,0
48149456,0,0,14006,304200,4332,1,0
48149457,0,0,14006,304200,4332,0,0
48149458,0,0,14006,304200,4333,0,0
48149459,0,0,14006,304200,4333,0,0
48149460,0,0,14006,304200,4333,0,0
48149461,12023,0,14006,304200,4333,0,0
# MARK addr tick=48149461
48149462,12023,0,14006,304200,4333,0,0
48149463,0,0,14005,304200,4333,0,0
48149464,0,0,12005,304200,4333,0,0
48149465,0,0,12023,304200,4333,0,0
# MARK ram tick=48149465
48149466,0,44516,12023,111516,4333,0,0
48149467,0,44516,12023,111516,4333,0,0
48149468,0,44516,12023,111516,4333,0,0
48149469,0,44516,12000,111516,4333,0,0
48149470,0,0,12005,111516,4333,0,0
48149471,0,0,12005,111516,4333,0,0
48150217,0,0,14006,304200,4332,1,0
48150218,0,0,14006,304200,4332,0,0
48150219,0,0,14006,304200,4334,0,0
48150220,0,0,14006,304200,4334,0,0
48150221,0,0,14006,304200,4334,0,0
48150222,12024,0,14006,304200,4334,0,0
# MARK addr tick=48150222
48150223,12024,0,14006,304200,4334,0,0
48150224,0,0,14005,304200,4334,0,0
48150225,0,0,12005,304200,4334,0,0
48150226,0,0,12024,304200,4334,0,0
# MARK ram tick=48150226
48150227,0,51524,12024,523124,4334,0,0
48150228,0,51524,12024,523124,4334,0,0
48150229,0,51524,12024,523124,4334,0,0
48150230,0,51524,12000,523124,4334,0,0
48150231,0,0,12005,523124,4334,0,0
48150232,0,0,12005,523124,4334,0,0
48150936,0,0,14006,304200,4332,1,0
48150937,0,0,14006,304200,4332,0,0
48150938,0,0,14006,304200,4333,0,0
48150939,0,0,14006,304200,4333,0,0
48150940,0,0,14006,304200,4333,0,0
48150941,12024,0,14006,304200,4333,0,0
# MARK addr tick=48150941
48150942,12024,0,14006,304200,4333,0,0
48150943,0,0,14005,304200,4333,0,0
48150944,0,0,12005,304200,4333,0,0
48150945,0,0,12024,304200,4333,0,0
# MARK ram tick=48150945
48150946,0,51524,12024,523124,4333,0,0
48150947,0,51524,12024,523124,4333,0,0
48150948,0,51524,12024,523124,4333,0,0
48150949,0,51524,12000,523124,4333,0,0
48150950,0,0,12005,523124,4333,0,0
48150951,0,0,12005,523124,4333,0,0
48151665,0,0,14006,304200,4332,1,0
48151666,0,0,14006,304200,4332,0,0
48151667,0,0,14006,304200,4334,0,0
48151668,0,0,14006,304200,4334,0,0
48151669,0,0,14006,304200,4334,0,0
48151670,12025,0,14006,304200,4334,0,0
# MARK addr tick=48151670
48151671,12025,0,14006,304200,4334,0,0
48151672,0,0,14005,304200,4334,0,0
48151673,0,0,12005,304200,4334,0,0
48151674,0,0,12025,304200,4334,0,0
# MARK ram tick=48151674
48151675,0,51125,12025,122525,4334,0,0
48151676,0,51125,12025,122525,4334,0,0
48151677,0,51125,12025,122525,4334,0,0
48151678,0,51125,12000,122525,4334,0,0
48151679,0,0,12005,122525,4334,0,0
48151680,0,0,12005,122525,4334,0,0
48158037,0,0,14006,304200,4332,1,0
48158038,0,0,14006,304200,4332,0,0
48158039,0,0,14006,304200,4333,0,0
48158040,0,0,14006,304200,4333,0,0
48158041,0,0,14006,304200,4333,0,0
48158042,12025,0,14006,304200,4333,0,0
# MARK addr tick=48158042
48158043,12025,0,14006,304200,4333,0,0
48158044,0,0,14005,304200,4333,0,0
48158045,0,0,12005,304200,4333,0,0
48158046,0,0,12025,304200,4333,0,0
# MARK ram tick=48158046
48158047,0,51125,12025,122525,4333,0,0
48158048,0,51125,12025,122525,4333,0,0
48158049,0,51125,12025,122525,4333,0,0
48158050,0,51125,12000,122525,4333,0,0
48158051,0,0,12005,122525,4333,0,0
48158052,0,0,12005,122525,4333,0,0
48158766,0,0,14006,304200,4332,1,0
48158767,0,0,14006,304200,4332,0,0
48158768,0,0,14006,304200,4334,0,0
48158769,0,0,14006,304200,4334,0,0
48158770,0,0,14006,304200,4334,0,0
48158771,12026,0,14006,304200,4334,0,0
# MARK addr tick=48158771
48158772,12026,0,14006,304200,4334,0,0
48158773,0,0,14005,304200,4334,0,0
48158774,0,0,12005,304200,4334,0,0
48158775,0,0,12026,304200,4334,0,0
# MARK ram tick=48158775
48158776,0,41524,12026,103124,4334,0,0
48158777,0,41524,12026,103124,4334,0,0
48158778,0,41524,12026,103124,4334,0,0
48158779,0,41524,12000,103124,4334,0,0
48158780,0,0,12005,103124,4334,0,0
48158781,0,0,12005,103124,4334,0,0
48159487,0,0,14006,304200,4332,1,0
48159488,0,0,14006,304200,4332,0,0
48159489,0,0,14006,304200,4333,0,0
48159490,0,0,14006,304200,4333,0,0
48159491,0,0,14006,304200,4333,0,0
48159492,12026,0,14006,304200,4333,0,0
# MARK addr tick=48159492
48159493,12026,0,14006,304200,4333,0,0
48159494,0,0,14005,304200,4333,0,0
48159495,0,0,12005,304200,4333,0,0
48159496,0,0,12026,304200,4333,0,0
# MARK ram tick=48159496
48159497,0,41524,12026,103124,4333,0,0
48159498,0,41524,12026,103124,4333,0,0
48159499,0,41524,12026,103124,4333,0,0
48159500,0,41524,12000,103124,4333,0,0
48159501,0,0,12005,103124,4333,0,0
48159502,0,0,12005,103124,4333,0,0
48160212,0,0,14006,304200,4332,1,0
48160213,0,0,14006,304200,4332,0,0
48160214,0,0,14006,304200,4334,0,0
48160215,0,0,14006,304200,4334,0,0
48160216,0,0,14006,304200,4334,0,0
48160217,12027,0,14006,304200,4334,0,0
# MARK addr tick=48160217
48160218,12027,0,14006,304200,4334,0,0
48160219,0,0,14005,304200,4334,0,0
48160220,0,0,12005,304200,4334,0,0
48160221,0,0,12027,304200,4334,0,0
# MARK ram tick=48160221
48160222,0,44517,12027,111117,4334,0,0
48160223,0,44517,12027,111117,4334,0,0
48160224,0,44517,12027,111117,4334,0,0
48160225,0,44517,12000,111117,4334,0,0
48160226,0,0,12005,111117,4334,0,0
48160227,0,0,12005,111117,4334,0,0
48167608,0,0,14006,304200,4332,1,0
48167609,0,0,14006,304200,4332,0,0
48167610,0,0,14006,304200,4333,0,0
48167611,0,0,14006,304200,4333,0,0
48167612,0,0,14006,304200,4333,0,0
48167613,12027,0,14006,304200,4333,0,0
# MARK addr tick=48167613
48167614,12027,0,14006,304200,4333,0,0
48167615,0,0,14005,304200,4333,0,0
48167616,0,0,12005,304200,4333,0,0
48167617,0,0,12027,304200,4333,0,0
# MARK ram tick=48167617
48167618,0,44517,12027,111117,4333,0,0
48167619,0,44517,12027,111117,4333,0,0
48167620,0,44517,12027,111117,4333,0,0
48167621,0,44517,12000,111117,4333,0,0
48167622,0,0,12005,111117,4333,0,0
48167623,0,0,12005,111117,4333,0,0
48209279,0,0,14006,304200,4332,1,0
48209280,0,0,14006,304200,4332,0,0
48209281,0,0,14006,304200,4334,0,0
48209282,0,0,14006,304200,4334,0,0
48209283,0,0,14006,304200,4334,0,0
48209284,12023,0,14006,304200,4334,0,0
# MARK addr tick=48209284
48209285,12023,0,14006,304200,4334,0,0
48209286,0,0,14005,304200,4334,0,0
48209287,0,0,12005,304200,4334,0,0
48209288,0,0,12023,304200,4334,0,0
# MARK ram tick=48209288
48209289,0,44516,12023,111516,4334,0,0
48209290,0,44516,12023,111516,4334,0,0
48209291,0,44516,12023,111516,4334,0,0
48209292,0,44516,12000,111516,4334,0,0
48209293,0,0,12005,111516,4334,0,0
48209294,0,0,12005,111516,4334,0,0
48209449,0,0,14006,304200,4332,1,0
48209450,0,0,14006,304200,4332,0,0
48209451,0,0,14006,304200,4334,0,0
48209452,0,0,14006,304200,4334,0,0
48209453,0,0,14006,304200,4334,0,0
48209454,12023,0,14006,304200,4334,0,0
# MARK addr tick=48209454
48209455,12023,0,14006,304200,4334,0,0
48209456,0,0,14005,304200,4334,0,0
48209457,0,0,12005,304200,4334,0,0
48209458,0,0,12023,304200,4334,0,0
# MARK ram tick=48209458
48209459,0,44516,12023,111516,4334,0,0
48209460,0,44516,12023,111516,4334,0,0
48209461,0,44516,12023,111516,4334,0,0
48209462,0,44516,12000,111516,4334,0,0
48209463,0,0,12005,111516,4334,0,0
48209464,0,0,12005,111516,4334,0,0
48215546,0,0,63210,534200,0,0,1
48215547,0,0,63210,534200,0,0,1
48215548,0,0,63210,534200,0,0,1
48215549,0,0,62000,534200,0,0,1
48215550,0,0,62031,534200,0,0,1
48215551,7426,0,62031,534200,0,0,0
# MARK addr tick=48215551
48215552,7426,0,62031,534200,0,0,0
48215553,0,0,62003,534200,0,0,0
48215554,0,0,6003,534200,0,0,0
48215555,0,0,7426,534200,0,0,0
# MARK ram tick=48215555
48215556,0,14624,7426,31224,0,0,0
48215557,0,14624,7426,31224,0,0,0
48215558,0,14624,7426,31224,0,0,0
48215559,0,14624,6000,31224,0,0,0
48215560,0,0,6003,31224,0,0,0
48215561,0,0,6003,31224,0,0,0
48215604,0,0,14006,411623,145,1,0
48215605,0,0,14006,411623,145,0,0
48215606,0,0,14006,411623,0,0,0
48215607,0,0,14006,411623,0,0,0
48215608,0,0,14006,411623,0,0,0
48215609,7425,0,14006,411623,0,0,0
# MARK addr tick=48215609
48215610,7425,0,14006,411623,0,0,0
48215611,0,0,14003,411623,0,0,0
48215612,0,0,6003,411623,0,0,0
48215613,0,0,7425,411623,0,1,0
# MARK ram tick=48215613
48215614,0,0,7425,411623,0,0,0
48215615,0,0,7425,411623,2001,0,0
48215616,0,0,7425,411623,16625,0,0
48215617,0,0,6000,411623,16625,0,0
48215618,0,0,6003,411623,0,0,0
48215619,0,0,6003,411623,0,0,0
48215756,0,0,14006,111623,170,1,0
48215757,0,0,14006,111623,170,0,0
48215758,0,0,14006,111623,0,0,0
48215759,0,0,14006,111623,0,0,0
48215760,0,0,14006,111623,0,0,0
48215761,7425,0,14006,111623,0,0,0
# MARK addr tick=48215761
48215762,7425,0,14006,111623,0,0,0
48215763,0,0,14003,111623,0,0,0
48215764,0,0,6003,111623,0,0,0
48215765,0,0,7425,111623,0,0,0
# MARK ram tick=48215765
48215766,0,0,7425,400400,0,0,0
48215767,0,0,7425,400400,0,0,0
48215768,0,0,7425,400400,0,0,0
48215769,0,0,6000,400400,0,0,0
48215770,0,0,6003,400400,0,0,0
48215771,0,0,6003,400400,0,0,0
48216356,0,0,14006,61235,152,0,0
48216357,0,0,14006,61235,152,0,0
48216358,7437,0,14006,61235,152,0,0
48216359,7437,0,14006,61235,152,0,0
48216360,0,0,14003,61235,152,0,0
48216361,12023,0,6003,61235,152,0,0
# MARK addr tick=48216361
48216362,12023,0,7437,61235,152,1,0
48216363,12023,0,7437,61235,152,0,0
48216364,12023,0,7437,61235,145,0,0
48216365,12023,0,7437,61235,145,0,0
48216366,12023,0,6000,61235,145,0,0
48216367,12023,0,6003,61235,145,0,0
48216505,0,0,6003,417026,145,1,0
48216506,0,0,6003,417026,145,0,0
48216507,0,0,6003,417026,0,0,0
48216508,0,0,6003,417026,0,0,0
48216509,0,0,6003,417026,0,0,0
48216510,7426,0,6003,417026,0,0,0
# MARK addr tick=48216510
48216511,7426,0,6003,417026,0,0,0
48216512,0,0,6003,417026,0,0,0
48216513,14624,0,6003,417026,0,0,0
48216514,14624,0,7426,417026,0,1,0
# MARK ram tick=48216514
48216515,14624,0,7426,417026,0,0,0
48216516,14624,0,7426,417026,2001,0,0
48216517,14624,0,7426,417026,17155,0,0
48216518,14624,0,6000,417026,17155,0,0
48216519,14624,0,6003,417026,0,0,0
48216520,0,0,6003,417026,0,0,0
48217198,0,0,14006,61235,152,0,0
48217199,0,0,14006,61235,152,0,0
48217200,7463,0,14006,61235,152,0,0
48217201,7463,0,14006,61235,152,0,0
48217202,0,0,14003,61235,152,0,0
48217203,12023,0,6003,61235,152,0,0
# MARK addr tick=48217203
48217204,12023,0,7463,61235,152,1,0
48217205,12023,0,7463,61235,152,0,0
48217206,12023,0,7463,61235,145,0,0
48217207,12023,0,7463,61235,145,0,0
48217208,12023,0,6000,61235,145,0,0
48217209,12023,0,6003,61235,145,0,0
48223645,0,0,14006,304200,4332,1,0
48223646,0,0,14006,304200,4332,0,0
48223647,0,0,14006,304200,4334,0,0
48223648,0,0,14006,304200,4334,0,0
48223649,0,0,14006,304200,4334,0,0
48223650,12023,0,14006,304200,4334,0,0
# MARK addr tick=48223650
48223651,12023,0,14006,304200,4334,0,0
48223652,0,0,14005,304200,4334,0,0
48223653,0,0,12005,304200,4334,0,0
48223654,0,0,12023,304200,4334,0,0
# MARK ram tick=48223654
48223655,0,44516,12023,111516,4334,0,0
48223656,0,44516,12023,111516,4334,0,0
48223657,0,44516,12023,111516,4334,0,0
48223658,0,44516,12000,111516,4334,0,0
48223659,0,0,12005,111516,4334,0,0
48223660,0,0,12005,111516,4334,0,0
48224392,0,0,14006,304200,4332,1,0
48224393,0,0,14006,304200,4332,0,0
48224394,0,0,14006,304200,4333,0,0
48224395,0,0,14006,304200,4333,0,0
48224396,0,0,14006,304200,4333,0,0
48224397,12023,0,14006,304200,4333,0,0
# MARK addr tick=48224397
48224398,12023,0,14006,304200,4333,0,0
48224399,0,0,14005,304200,4333,0,0
48224400,0,0,12005,304200,4333,0,0
48224401,0,0,12023,304200,4333,0,0
# MARK ram tick=48224401
48224402,0,44516,12023,111516,4333,0,0
48224403,0,44516,12023,111516,4333,0,0
48224404,0,44516,12023,111516,4333,0,0
48224405,0,44516,12000,111516,4333,0,0
48224406,0,0,12005,111516,4333,0,0
48224407,0,0,12005,111516,4333,0,0
48225141,0,0,14006,304200,4332,1,0
48225142,0,0,14006,304200,4332,0,0
48225143,0,0,14006,304200,4334,0,0
48225144,0,0,14006,304200,4334,0,0
48225145,0,0,14006,304200,4334,0,0
48225146,12024,0,14006,304200,4334,0,0
# MARK addr tick=48225146
48225147,12024,0,14006,304200,4334,0,0
48225148,0,0,14005,304200,4334,0,0
48225149,0,0,12005,304200,4334,0,0
48225150,0,0,12024,304200,4334,0,0
# MARK ram tick=48225150
48225151,0,51524,12024,523124,4334,0,0
48225152,0,51524,12024,523124,4334,0,0
48225153,0,51524,12024,523124,4334,0,0
48225154,0,51524,12000,523124,4334,0,0
48225155,0,0,12005,523124,4334,0,0
48225156,0,0,12005,523124,4334,0,0
48225863,0,0,14006,304200,4332,1,0
48225864,0,0,14006,304200,4332,0,0
48225865,0,0,14006,304200,4333,0,0
48225866,0,0,14006,304200,4333,0,0
48225867,0,0,14006,304200,4333,0,0
48225868,12024,0,14006,304200,4333,0,0
# MARK addr tick=48225868
48225869,12024,0,14006,304200,4333,0,0
48225870,0,0,14005,304200,4333,0,0
48225871,0,0,12005,304200,4333,0,0
48225872,0,0,12024,304200,4333,0,0
# MARK ram tick=48225872
48225873,0,51524,12024,523124,4333,0,0
48225874,0,51524,12024,523124,4333,0,0
48225875,0,51524,12024,523124,4333,0,0
48225876,0,51524,12000,523124,4333,0,0
48225877,0,0,12005,523124,4333,0,0
48225878,0,0,12005,523124,4333,0,0
48232246,0,0,14006,304200,4332,1,0
48232247,0,0,14006,304200,4332,0,0
48232248,0,0,14006,304200,4334,0,0
48232249,0,0,14006,304200,4334,0,0
48232250,0,0,14006,304200,4334,0,0
48232251,12025,0,14006,304200,4334,0,0
# MARK addr tick=48232251
48232252,12025,0,14006,304200,4334,0,0
48232253,0,0,14005,304200,4334,0,0
48232254,0,0,12005,304200,4334,0,0
48232255,0,0,12025,304200,4334,0,0
# MARK ram tick=48232255
48232256,0,51125,12025,122525,4334,0,0
48232257,0,51125,12025,122525,4334,0,0
48232258,0,51125,12025,122525,4334,0,0
48232259,0,51125,12000,122525,4334,0,0
48232260,0,0,12005,122525,4334,0,0
48232261,0,0,12005,122525,4334,0,0
48232964,0,0,14006,304200,4332,1,0
48232965,0,0,14006,304200,4332,0,0
48232966,0,0,14006,304200,4333,0,0
48232967,0,0,14006,304200,4333,0,0
48232968,0,0,14006,304200,4333,0,0
48232969,12025,0,14006,304200,4333,0,0
# MARK addr tick=48232969
48232970,12025,0,14006,304200,4333,0,0
48232971,0,0,14005,304200,4333,0,0
48232972,0,0,12005,304200,4333,0,0
48232973,0,0,12025,304200,4333,0,0
# MARK ram tick=48232973
48232974,0,51125,12025,122525,4333,0,0
48232975,0,51125,12025,122525,4333,0,0
48232976,0,51125,12025,122525,4333,0,0
48232977,0,51125,12000,122525,4333,0,0
48232978,0,0,12005,122525,4333,0,0
48232979,0,0,12005,122525,4333,0,0
48233690,0,0,14006,304200,4332,1,0
48233691,0,0,14006,304200,4332,0,0
48233692,0,0,14006,304200,4334,0,0
48233693,0,0,14006,304200,4334,0,0
48233694,0,0,14006,304200,4334,0,0
48233695,12026,0,14006,304200,4334,0,0
# MARK addr tick=48233695
48233696,12026,0,14006,304200,4334,0,0
48233697,0,0,14005,304200,4334,0,0
48233698,0,0,12005,304200,4334,0,0
48233699,0,0,12026,304200,4334,0,0
# MARK ram tick=48233699
48233700,0,41524,12026,103124,4334,0,0
48233701,0,41524,12026,103124,4334,0,0
48233702,0,41524,12026,103124,4334,0,0
48233703,0,41524,12000,103124,4334,0,0
48233704,0,0,12005,103124,4334,0,0
48233705,0,0,12005,103124,4334,0,0
48234409,0,0,14006,304200,4332,1,0
48234410,0,0,14006,304200,4332,0,0
48234411,0,0,14006,304200,4333,0,0
48234412,0,0,14006,304200,4333,0,0
48234413,0,0,14006,304200,4333,0,0
48234414,12026,0,14006,304200,4333,0,0
# MARK addr tick=48234414
48234415,12026,0,14006,304200,4333,0,0
48234416,0,0,14005,304200,4333,0,0
48234417,0,0,12005,304200,4333,0,0
48234418,0,0,12026,304200,4333,0,0
# MARK ram tick=48234418
48234419,0,41524,12026,103124,4333,0,0
48234420,0,41524,12026,103124,4333,0,0
48234421,0,41524,12026,103124,4333,0,0
48234422,0,41524,12000,103124,4333,0,0
48234423,0,0,12005,103124,4333,0,0
48234424,0,0,12005,103124,4333,0,0
48240792,0,0,14006,304200,4332,1,0
48240793,0,0,14006,304200,4332,0,0
48240794,0,0,14006,304200,4334,0,0
48240795,0,0,14006,304200,4334,0,0
48240796,0,0,14006,304200,4334,0,0
48240797,12027,0,14006,304200,4334,0,0
# MARK addr tick=48240797
48240798,12027,0,14006,304200,4334,0,0
48240799,0,0,14005,304200,4334,0,0
48240800,0,0,12005,304200,4334,0,0
48240801,0,0,12027,304200,4334,0,0
# MARK ram tick=48240801
48240802,0,44517,12027,111117,4334,0,0
48240803,0,44517,12027,111117,4334,0,0
48240804,0,44517,12027,111117,4334,0,0
48240805,0,44517,12000,111117,4334,0,0
48240806,0,0,12005,111117,4334,0,0
48240807,0,0,12005,111117,4334,0,0
48241529,0,0,14006,304200,4332,1,0
48241530,0,0,14006,304200,4332,0,0
48241531,0,0,14006,304200,4333,0,0
48241532,0,0,14006,304200,4333,0,0
48241533,0,0,14006,304200,4333,0,0
48241534,12027,0,14006,304200,4333,0,0
# MARK addr tick=48241534
48241535,12027,0,14006,304200,4333,0,0
48241536,0,0,14005,304200,4333,0,0
48241537,0,0,12005,304200,4333,0,0
48241538,0,0,12027,304200,4333,0,0
# MARK ram tick=48241538
48241539,0,44517,12027,111117,4333,0,0
48241540,0,44517,12027,111117,4333,0,0
48241541,0,44517,12027,111117,4333,0,0
48241542,0,44517,12000,111117,4333,0,0
48241543,0,0,12005,111117,4333,0,0
48241544,0,0,12005,111117,4333,0,0
48283248,0,0,14006,304200,4332,1,0
48283249,0,0,14006,304200,4332,0,0
48283250,0,0,14006,304200,4334,0,0
48283251,0,0,14006,304200,4334,0,0
48283252,0,0,14006,304200,4334,0,0
48283253,12023,0,14006,304200,4334,0,0
# MARK addr tick=48283253
48283254,12023,0,14006,304200,4334,0,0
48283255,0,0,14005,304200,4334,0,0
48283256,0,0,12005,304200,4334,0,0
48283257,0,0,12023,304200,4334,0,0
# MARK ram tick=48283257
48283258,0,44516,12023,111516,4334,0,0
48283259,0,44516,12023,111516,4334,0,0
48283260,0,44516,12023,111516,4334,0,0
48283261,0,44516,12000,111516,4334,0,0
48283262,0,0,12005,111516,4334,0,0
48283263,0,0,12005,111516,4334,0,0
48283416,0,0,14006,304200,4332,1,0
48283417,0,0,14006,304200,4332,0,0
48283418,0,0,14006,304200,4334,0,0
48283419,0,0,14006,304200,4334,0,0
48283420,0,0,14006,304200,4334,0,0
48283421,12023,0,14006,304200,4334,0,0
# MARK addr tick=48283421
48283422,12023,0,14006,304200,4334,0,0
48283423,0,0,14005,304200,4334,0,0
48283424,0,0,12005,304200,4334,0,0
48283425,0,0,12023,304200,4334,0,0
# MARK ram tick=48283425
48283426,0,44516,12023,111516,4334,0,0
48283427,0,44516,12023,111516,4334,0,0
48283428,0,44516,12023,111516,4334,0,0
48283429,0,44516,12000,111516,4334,0,0
48283430,0,0,12005,111516,4334,0,0
48283431,0,0,12005,111516,4334,0,0
48283859,0,0,62031,534200,174,1,0
48283860,0,0,62031,534200,174,0,0
48283861,0,0,62031,534200,0,0,0
48283862,0,0,62031,534200,0,0,0
48283863,0,0,62031,534200,0,0,0
48283864,7426,0,62031,534200,0,0,0
# MARK addr tick=48283864
48283865,7426,0,62031,534200,0,0,0
48283866,0,0,62003,534200,0,0,0
48283867,0,0,6003,534200,0,0,0
48283868,0,0,7426,534200,0,0,0
# MARK ram tick=48283868
48283869,0,14624,7426,31224,0,0,0
48283870,0,14624,7426,31224,0,0,0
48283871,0,14624,7426,31224,0,0,0
48283872,0,14624,6000,31224,0,0,0
48283873,0,0,6003,31224,0,0,0
48283874,0,0,6003,31224,0,0,0
48283917,0,0,14006,411623,145,1,0
48283918,0,0,14006,411623,145,0,0
48283919,0,0,14006,411623,0,0,0
48283920,0,0,14006,411623,0,0,0
48283921,0,0,14006,411623,0,0,0
48283922,7425,0,14006,411623,0,0,0
# MARK addr tick=48283922
48283923,7425,0,14006,411623,0,0,0
48283924,0,0,14003,411623,0,0,0
48283925,0,0,6003,411623,0,0,0
48283926,0,0,7425,411623,0,1,0
# MARK ram tick=48283926
48283927,0,0,7425,411623,0,0,0
48283928,0,0,7425,411623,2001,0,0
48283929,0,0,7425,411623,16625,0,0
48283930,0,0,6000,411623,16625,0,0
48283931,0,0,6003,411623,0,0,0
48283932,0,0,6003,411623,0,0,0
48289729,0,0,14006,111623,170,1,0
48289730,0,0,14006,111623,170,0,0
48289731,0,0,14006,111623,0,0,0
48289732,0,0,14006,111623,0,0,0
48289733,0,0,14006,111623,0,0,0
48289734,7425,0,14006,111623,0,0,0
# MARK addr tick=48289734
48289735,7425,0,14006,111623,0,0,0
48289736,0,0,14003,111623,0,0,0
48289737,0,0,6003,111623,0,0,0
48289738,0,0,7425,111623,0,0,0
# MARK ram tick=48289738
48289739,0,0,7425,400400,0,0,0
48289740,0,0,7425,400400,0,0,0
48289741,0,0,7425,400400,0,0,0
48289742,0,0,6000,400400,0,0,0
48289743,0,0,6003,400400,0,0,0
48289744,0,0,6003,400400,0,0,0
48290335,0,0,14006,61235,152,0,0
48290336,0,0,14006,61235,152,0,0
48290337,7437,0,14006,61235,152,0,0
48290338,7437,0,14006,61235,152,0,0
48290339,0,0,14003,61235,152,0,0
48290340,12023,0,6003,61235,152,0,0
# MARK addr tick=48290340
48290341,12023,0,7437,61235,152,1,0
48290342,12023,0,7437,61235,152,0,0
48290343,12023,0,7437,61235,145,0,0
48290344,12023,0,7437,61235,145,0,0
48290345,12023,0,6000,61235,145,0,0
48290346,12023,0,6003,61235,145,0,0
48290484,0,0,6003,417026,145,1,0
48290485,0,0,6003,417026,145,0,0
48290486,0,0,6003,417026,0,0,0
48290487,0,0,6003,417026,0,0,0
48290488,0,0,6003,417026,0,0,0
48290489,7426,0,6003,417026,0,0,0
# MARK addr tick=48290489
48290490,7426,0,6003,417026,0,0,0
48290491,0,0,6003,417026,0,0,0
48290492,14624,0,6003,417026,0,0,0
48290493,14624,0,7426,417026,0,1,0
# MARK ram tick=48290493
48290494,14624,0,7426,417026,0,0,0
48290495,14624,0,7426,417026,2001,0,0
48290496,14624,0,7426,417026,17155,0,0
48290497,14624,0,6000,417026,17155,0,0
48290498,14624,0,6003,417026,0,0,0
48290499,0,0,6003,417026,0,0,0
48291167,0,0,14006,61235,152,0,0
48291168,0,0,14006,61235,152,0,0
48291169,7463,0,14006,61235,152,0,0
48291170,7463,0,14006,61235,152,0,0
48291171,0,0,14003,61235,152,0,0
48291172,12023,0,6003,61235,152,0,0
# MARK addr tick=48291172
48291173,12023,0,7463,61235,152,1,0
48291174,12023,0,7463,61235,152,0,0
48291175,12023,0,7463,61235,145,0,0
48291176,12023,0,7463,61235,145,0,0
48291177,12023,0,6000,61235,145,0,0
48291178,12023,0,6003,61235,145,0,0
48291973,0,0,14006,304200,4332,1,0
48291974,0,0,14006,304200,4332,0,0
48291975,0,0,14006,304200,4334,0,0
48291976,0,0,14006,304200,4334,0,0
48291977,0,0,14006,304200,4334,0,0
48291978,12023,0,14006,304200,4334,0,0
# MARK addr tick=48291978
48291979,12023,0,14006,304200,4334,0,0
48291980,0,0,14005,304200,4334,0,0
48291981,0,0,12005,304200,4334,0,0
48291982,0,0,12023,304200,4334,0,0
# MARK ram tick=48291982
48291983,0,44516,12023,111516,4334,0,0
48291984,0,44516,12023,111516,4334,0,0
48291985,0,44516,12023,111516,4334,0,0
48291986,0,44516,12000,111516,4334,0,0
48291987,0,0,12005,111516,4334,0,0
48291988,0,0,12005,111516,4334,0,0
48298371,0,0,14006,304200,4332,1,0
48298372,0,0,14006,304200,4332,0,0
48298373,0,0,14006,304200,4333,0,0
48298374,0,0,14006,304200,4333,0,0
48298375,0,0,14006,304200,4333,0,0
48298376,12023,0,14006,304200,4333,0,0
# MARK addr tick=48298376
48298377,12023,0,14006,304200,4333,0,0
48298378,0,0,14005,304200,4333,0,0
48298379,0,0,12005,304200,4333,0,0
48298380,0,0,12023,304200,4333,0,0
# MARK ram tick=48298380
48298381,0,44516,12023,111516,4333,0,0
48298382,0,44516,12023,111516,4333,0,0
48298383,0,44516,12023,111516,4333,0,0
48298384,0,44516,12000,111516,4333,0,0
48298385,0,0,12005,111516,4333,0,0
48298386,0,0,12005,111516,4333,0,0
48299125,0,0,14006,304200,4332,1,0
48299126,0,0,14006,304200,4332,0,0
48299127,0,0,14006,304200,4334,0,0
48299128,0,0,14006,304200,4334,0,0
48299129,0,0,14006,304200,4334,0,0
48299130,12024,0,14006,304200,4334,0,0
# MARK addr tick=48299130
48299131,12024,0,14006,304200,4334,0,0
48299132,0,0,14005,304200,4334,0,0
48299133,0,0,12005,304200,4334,0,0
48299134,0,0,12024,304200,4334,0,0
# MARK ram tick=48299134
48299135,0,51524,12024,523124,4334,0,0
48299136,0,51524,12024,523124,4334,0,0
48299137,0,51524,12024,523124,4334,0,0
48299138,0,51524,12000,523124,4334,0,0
48299139,0,0,12005,523124,4334,0,0
48299140,0,0,12005,523124,4334,0,0
48299844,0,0,14006,304200,4332,1,0
48299845,0,0,14006,304200,4332,0,0
48299846,0,0,14006,304200,4333,0,0
48299847,0,0,14006,304200,4333,0,0
48299848,0,0,14006,304200,4333,0,0
48299849,12024,0,14006,304200,4333,0,0
# MARK addr tick=48299849
48299850,12024,0,14006,304200,4333,0,0
48299851,0,0,14005,304200,4333,0,0
48299852,0,0,12005,304200,4333,0,0
48299853,0,0,12024,304200,4333,0,0
# MARK ram tick=48299853
48299854,0,51524,12024,523124,4333,0,0
48299855,0,51524,12024,523124,4333,0,0
48299856,0,51524,12024,523124,4333,0,0
48299857,0,51524,12000,523124,4333,0,0
48299858,0,0,12005,523124,4333,0,0
48299859,0,0,12005,523124,4333,0,0
48306230,0,0,14006,304200,4332,1,0
48306231,0,0,14006,304200,4332,0,0
48306232,0,0,14006,304200,4334,0,0
48306233,0,0,14006,304200,4334,0,0
48306234,0,0,14006,304200,4334,0,0
48306235,12025,0,14006,304200,4334,0,0
# MARK addr tick=48306235
48306236,12025,0,14006,304200,4334,0,0
48306237,0,0,14005,304200,4334,0,0
48306238,0,0,12005,304200,4334,0,0
48306239,0,0,12025,304200,4334,0,0
# MARK ram tick=48306239
48306240,0,51125,12025,122525,4334,0,0
48306241,0,51125,12025,122525,4334,0,0
48306242,0,51125,12025,122525,4334,0,0
48306243,0,51125,12000,122525,4334,0,0
48306244,0,0,12005,122525,4334,0,0
48306245,0,0,12005,122525,4334,0,0
48306948,0,0,14006,304200,4332,1,0
48306949,0,0,14006,304200,4332,0,0
48306950,0,0,14006,304200,4333,0,0
48306951,0,0,14006,304200,4333,0,0
48306952,0,0,14006,304200,4333,0,0
48306953,12025,0,14006,304200,4333,0,0
# MARK addr tick=48306953
48306954,12025,0,14006,304200,4333,0,0
48306955,0,0,14005,304200,4333,0,0
48306956,0,0,12005,304200,4333,0,0
48306957,0,0,12025,304200,4333,0,0
# MARK ram tick=48306957
48306958,0,51125,12025,122525,4333,0,0
48306959,0,51125,12025,122525,4333,0,0
48306960,0,51125,12025,122525,4333,0,0
48306961,0,51125,12000,122525,4333,0,0
48306962,0,0,12005,122525,4333,0,0
48306963,0,0,12005,122525,4333,0,0
48307672,0,0,14006,304200,4332,1,0
48307673,0,0,14006,304200,4332,0,0
48307674,0,0,14006,304200,4334,0,0
48307675,0,0,14006,304200,4334,0,0
48307676,0,0,14006,304200,4334,0,0
48307677,12026,0,14006,304200,4334,0,0
# MARK addr tick=48307677
48307678,12026,0,14006,304200,4334,0,0
48307679,0,0,14005,304200,4334,0,0
48307680,0,0,12005,304200,4334,0,0
48307681,0,0,12026,304200,4334,0,0
# MARK ram tick=48307681
48307682,0,41524,12026,103124,4334,0,0
48307683,0,41524,12026,103124,4334,0,0
48307684,0,41524,12026,103124,4334,0,0
48307685,0,41524,12000,103124,4334,0,0
48307686,0,0,12005,103124,4334,0,0
48307687,0,0,12005,103124,4334,0,0
48308395,0,0,14006,304200,4332,1,0
48308396,0,0,14006,304200,4332,0,0
48308397,0,0,14006,304200,4333,0,0
48308398,0,0,14006,304200,4333,0,0
48308399,0,0,14006,304200,4333,0,0
48308400,12026,0,14006,304200,4333,0,0
# MARK addr tick=48308400
48308401,12026,0,14006,304200,4333,0,0
48308402,0,0,14005,304200,4333,0,0
48308403,0,0,12005,304200,4333,0,0
48308404,0,0,12026,304200,4333,0,0
# MARK ram tick=48308404
48308405,0,41524,12026,103124,4333,0,0
48308406,0,41524,12026,103124,4333,0,0
48308407,0,41524,12026,103124,4333,0,0
48308408,0,41524,12000,103124,4333,0,0
48308409,0,0,12005,103124,4333,0,0
48308410,0,0,12005,103124,4333,0,0
48314782,0,0,14006,304200,4332,1,0
48314783,0,0,14006,304200,4332,0,0
48314784,0,0,14006,304200,4334,0,0
48314785,0,0,14006,304200,4334,0,0
48314786,0,0,14006,304200,4334,0,0
48314787,12027,0,14006,304200,4334,0,0
# MARK addr tick=48314787
48314788,12027,0,14006,304200,4334,0,0
48314789,0,0,14005,304200,4334,0,0
48314790,0,0,12005,304200,4334,0,0
48314791,0,0,12027,304200,4334,0,0
# MARK ram tick=48314791
48314792,0,44517,12027,111117,4334,0,0
48314793,0,44517,12027,111117,4334,0,0
48314794,0,44517,12027,111117,4334,0,0
48314795,0,44517,12000,111117,4334,0,0
48314796,0,0,12005,111117,4334,0,0
48314797,0,0,12005,111117,4334,0,0
48315528,0,0,14006,304200,4332,1,0
48315529,0,0,14006,304200,4332,0,0
48315530,0,0,14006,304200,4333,0,0
48315531,0,0,14006,304200,4333,0,0
48315532,0,0,14006,304200,4333,0,0
48315533,12027,0,14006,304200,4333,0,0
# MARK addr tick=48315533
48315534,12027,0,14006,304200,4333,0,0
48315535,0,0,14005,304200,4333,0,0
48315536,0,0,12005,304200,4333,0,0
48315537,0,0,12027,304200,4333,0,0
# MARK ram tick=48315537
48315538,0,44517,12027,111117,4333,0,0
48315539,0,44517,12027,111117,4333,0,0
48315540,0,44517,12027,111117,4333,0,0
48315541,0,44517,12000,111117,4333,0,0
48315542,0,0,12005,111117,4333,0,0
48315543,0,0,12005,111117,4333,0,0
48357264,0,0,14006,304200,4332,1,0
48357265,0,0,14006,304200,4332,0,0
48357266,0,0,14006,304200,4334,0,0
48357267,0,0,14006,304200,4334,0,0
48357268,0,0,14006,304200,4334,0,0
48357269,12023,0,14006,304200,4334,0,0
# MARK addr tick=48357269
48357270,12023,0,14006,304200,4334,0,0
48357271,0,0,14005,304200,4334,0,0
48357272,0,0,12005,304200,4334,0,0
48357273,0,0,12023,304200,4334,0,0
# MARK ram tick=48357273
48357274,0,44516,12023,111516,4334,0,0
48357275,0,44516,12023,111516,4334,0,0
48357276,0,44516,12023,111516,4334,0,0
48357277,0,44516,12000,111516,4334,0,0
48357278,0,0,12005,111516,4334,0,0
48357279,0,0,12005,111516,4334,0,0
48357434,0,0,14006,304200,4332,1,0
48357435,0,0,14006,304200,4332,0,0
48357436,0,0,14006,304200,4334,0,0
48357437,0,0,14006,304200,4334,0,0
48357438,0,0,14006,304200,4334,0,0
48357439,12023,0,14006,304200,4334,0,0
# MARK addr tick=48357439
48357440,12023,0,14006,304200,4334,0,0
48357441,0,0,14005,304200,4334,0,0
48357442,0,0,12005,304200,4334,0,0
48357443,0,0,12023,304200,4334,0,0
# MARK ram tick=48357443
48357444,0,44516,12023,111516,4334,0,0
48357445,0,44516,12023,111516,4334,0,0
48357446,0,44516,12023,111516,4334,0,0
48357447,0,44516,12000,111516,4334,0,0
48357448,0,0,12005,111516,4334,0,0
48357449,0,0,12005,111516,4334,0,0
48357870,0,0,62031,534200,174,1,0
48357871,0,0,62031,534200,174,0,0
48357872,0,0,62031,534200,0,0,0
48357873,0,0,62031,534200,0,0,0
48357874,0,0,62031,534200,0,0,0
48357875,7426,0,62031,534200,0,0,0
# MARK addr tick=48357875
48357876,7426,0,62031,534200,0,0,0
48357877,0,0,62003,534200,0,0,0
48357878,0,0,6003,534200,0,0,0
48357879,0,0,7426,534200,0,0,0
# MARK ram tick=48357879
48357880,0,14624,7426,31224,0,0,1
48357881,0,14624,7426,31224,0,0,1
48357882,0,14624,7426,31224,0,0,1
48357883,0,14624,6000,31224,0,0,1
48357884,0,0,6003,31224,0,0,1
48357885,0,0,6003,31224,0,0,1
48357886,0,0,6003,31224,0,0,1
48357887,0,0,6003,31224,0,1,0
48357888,0,0,7426,31224,0,0,0
# MARK ram tick=48357888
48357889,0,0,7426,31224,2001,0,0
48357890,0,0,7426,31224,17211,0,0
48357891,0,0,7426,31224,17211,0,0
48357892,0,0,6000,31224,0,0,0
48357893,0,0,6003,31224,0,0,0
48357894,63211,0,6003,31224,0,0,0
48357930,0,0,14006,411623,145,1,0
48357931,0,0,14006,411623,145,0,0
48357932,0,0,14006,411623,0,0,0
48357933,0,0,14006,411623,0,0,0
48357934,0,0,14006,411623,0,0,0
48357935,7425,0,14006,411623,0,0,0
# MARK addr tick=48357935
48357936,7425,0,14006,411623,0,0,0
48357937,0,0,14003,411623,0,0,0
48357938,0,0,6003,411623,0,0,0
48357939,0,0,7425,411623,0,1,0
# MARK ram tick=48357939
48357940,0,0,7425,411623,0,0,0
48357941,0,0,7425,411623,2001,0,0
48357942,0,0,7425,411623,16625,0,0
48357943,0,0,6000,411623,16625,0,0
48357944,0,0,6003,411623,0,0,0
48357945,0,0,6003,411623,0,0,0
48363734,0,0,14006,111623,170,1,0
48363735,0,0,14006,111623,170,0,0
48363736,0,0,14006,111623,0,0,0
48363737,0,0,14006,111623,0,0,0
48363738,0,0,14006,111623,0,0,0
48363739,7425,0,14006,111623,0,0,0
# MARK addr tick=48363739
48363740,7425,0,14006,111623,0,0,0
48363741,0,0,14003,111623,0,0,0
48363742,0,0,6003,111623,0,0,0
48363743,0,0,7425,111623,0,0,0
# MARK ram tick=48363743
48363744,0,0,7425,400400,0,0,0
48363745,0,0,7425,400400,0,0,0
48363746,0,0,7425,400400,0,0,0
48363747,0,0,6000,400400,0,0,0
48363748,0,0,6003,400400,0,0,0
48363749,0,0,6003,400400,0,0,0
48364332,0,0,14006,61235,152,0,0
48364333,0,0,14006,61235,152,0,0
48364334,7437,0,14006,61235,152,0,0
48364335,7437,0,14006,61235,152,0,0
48364336,0,0,14003,61235,152,0,0
48364337,12023,0,6003,61235,152,0,0
# MARK addr tick=48364337
48364338,12023,0,7437,61235,152,1,0
48364339,12023,0,7437,61235,152,0,0
48364340,12023,0,7437,61235,145,0,0
48364341,12023,0,7437,61235,145,0,0
48364342,12023,0,6000,61235,145,0,0
48364343,12023,0,6003,61235,145,0,0
48364481,0,0,6003,417026,145,1,0
48364482,0,0,6003,417026,145,0,0
48364483,0,0,6003,417026,0,0,0
48364484,0,0,6003,417026,0,0,0
48364485,0,0,6003,417026,0,0,0
48364486,7426,0,6003,417026,0,0,0
# MARK addr tick=48364486
48364487,7426,0,6003,417026,0,0,0
48364488,0,0,6003,417026,0,0,0
48364489,14624,0,6003,417026,0,0,0
48364490,14624,0,7426,417026,0,1,0
# MARK ram tick=48364490
48364491,14624,0,7426,417026,0,0,0
48364492,14624,0,7426,417026,2001,0,0
48364493,14624,0,7426,417026,17155,0,0
48364494,14624,0,6000,417026,17155,0,0
48364495,14624,0,6003,417026,0,0,0
48364496,0,0,6003,417026,0,0,0
48365166,0,0,14006,61235,152,0,0
48365167,0,0,14006,61235,152,0,0
48365168,7463,0,14006,61235,152,0,0
48365169,7463,0,14006,61235,152,0,0
48365170,0,0,14003,61235,152,0,0
48365171,12023,0,6003,61235,152,0,0
# MARK addr tick=48365171
48365172,12023,0,7463,61235,152,1,0
48365173,12023,0,7463,61235,152,0,0
48365174,12023,0,7463,61235,145,0,0
48365175,12023,0,7463,61235,145,0,0
48365176,12023,0,6000,61235,145,0,0
48365177,12023,0,6003,61235,145,0,0
48365965,0,0,14006,304200,4332,1,0
48365966,0,0,14006,304200,4332,0,0
48365967,0,0,14006,304200,4334,0,0
48365968,0,0,14006,304200,4334,0,0
48365969,0,0,14006,304200,4334,0,0
48365970,12023,0,14006,304200,4334,0,0
# MARK addr tick=48365970
48365971,12023,0,14006,304200,4334,0,0
48365972,0,0,14005,304200,4334,0,0
48365973,0,0,12005,304200,4334,0,0
48365974,0,0,12023,304200,4334,0,0
# MARK ram tick=48365974
48365975,0,44516,12023,111516,4334,0,0
48365976,0,44516,12023,111516,4334,0,0
48365977,0,44516,12023,111516,4334,0,0
48365978,0,44516,12000,111516,4334,0,0
48365979,0,0,12005,111516,4334,0,0
48365980,0,0,12005,111516,4334,0,0
48372364,0,0,14006,304200,4332,1,0
48372365,0,0,14006,304200,4332,0,0
48372366,0,0,14006,304200,4333,0,0
48372367,0,0,14006,304200,4333,0,0
48372368,0,0,14006,304200,4333,0,0
48372369,12023,0,14006,304200,4333,0,0
# MARK addr tick=48372369
48372370,12023,0,14006,304200,4333,0,0
48372371,0,0,14005,304200,4333,0,0
48372372,0,0,12005,304200,4333,0,0
48372373,0,0,12023,304200,4333,0,0
# MARK ram tick=48372373
48372374,0,44516,12023,111516,4333,0,0
48372375,0,44516,12023,111516,4333,0,0
48372376,0,44516,12023,111516,4333,0,0
48372377,0,44516,12000,111516,4333,0,0
48372378,0,0,12005,111516,4333,0,0
48372379,0,0,12005,111516,4333,0,0
48373113,0,0,14006,304200,4332,1,0
48373114,0,0,14006,304200,4332,0,0
48373115,0,0,14006,304200,4334,0,0
48373116,0,0,14006,304200,4334,0,0
48373117,0,0,14006,304200,4334,0,0
48373118,12024,0,14006,304200,4334,0,0
# MARK addr tick=48373118
48373119,12024,0,14006,304200,4334,0,0
48373120,0,0,14005,304200,4334,0,0
48373121,0,0,12005,304200,4334,0,0
48373122,0,0,12024,304200,4334,0,0
# MARK ram tick=48373122
48373123,0,51524,12024,523124,4334,0,0
48373124,0,51524,12024,523124,4334,0,0
48373125,0,51524,12024,523124,4334,0,0
48373126,0,51524,12000,523124,4334,0,0
48373127,0,0,12005,523124,4334,0,0
48373128,0,0,12005,523124,4334,0,0
48373834,0,0,14006,304200,4332,1,0
48373835,0,0,14006,304200,4332,0,0
48373836,0,0,14006,304200,4333,0,0
48373837,0,0,14006,304200,4333,0,0
48373838,0,0,14006,304200,4333,0,0
48373839,12024,0,14006,304200,4333,0,0
# MARK addr tick=48373839
48373840,12024,0,14006,304200,4333,0,0
48373841,0,0,14005,304200,4333,0,0
48373842,0,0,12005,304200,4333,0,0
48373843,0,0,12024,304200,4333,0,0
# MARK ram tick=48373843
48373844,0,51524,12024,523124,4333,0,0
48373845,0,51524,12024,523124,4333,0,0
48373846,0,51524,12024,523124,4333,0,0
48373847,0,51524,12000,523124,4333,0,0
48373848,0,0,12005,523124,4333,0,0
48373849,0,0,12005,523124,4333,0,0
48374558,0,0,14006,304200,4332,1,0
48374559,0,0,14006,304200,4332,0,0
48374560,0,0,14006,304200,4334,0,0
48374561,0,0,14006,304200,4334,0,0
48374562,0,0,14006,304200,4334,0,0
48374563,12025,0,14006,304200,4334,0,0
# MARK addr tick=48374563
48374564,12025,0,14006,304200,4334,0,0
48374565,0,0,14005,304200,4334,0,0
48374566,0,0,12005,304200,4334,0,0
48374567,0,0,12025,304200,4334,0,0
# MARK ram tick=48374567
48374568,0,51125,12025,122525,4334,0,0
48374569,0,51125,12025,122525,4334,0,0
48374570,0,51125,12025,122525,4334,0,0
48374571,0,51125,12000,122525,4334,0,0
48374572,0,0,12005,122525,4334,0,0
48374573,0,0,12005,122525,4334,0,0
48374772,0,0,12005,122525,1151,0,0
48374773,0,0,12005,122525,1151,0,0
48374774,0,0,12005,122525,1151,1,0
48374775,0,0,12005,122525,1151,0,0
48374776,0,0,12005,122525,1151,0,1
48374777,0,0,12025,122525,1151,1,1
# MARK ram tick=48374777
48374778,0,0,12025,122525,1151,0,1
48374779,0,0,12025,122525,1151,0,1
48374780,0,0,12025,122525,1151,1,1
48374781,0,0,12000,122525,1151,0,1
48374782,0,0,12005,122525,1151,0,1
48374783,0,0,12005,122525,1151,1,0
48380935,0,0,14006,304200,4332,1,0
48380936,0,0,14006,304200,4332,0,0
48380937,0,0,14006,304200,4333,0,0
48380938,0,0,14006,304200,4333,0,0
48380939,0,0,14006,304200,4333,0,0
48380940,12025,0,14006,304200,4333,0,0
# MARK addr tick=48380940
48380941,12025,0,14006,304200,4333,0,0
48380942,0,0,14005,304200,4333,0,0
48380943,0,0,12005,304200,4333,0,0
48380944,0,0,12025,304200,4333,0,0
# MARK ram tick=48380944
48380945,0,51125,12025,122525,4333,0,0
48380946,0,51125,12025,122525,4333,0,0
48380947,0,51125,12025,122525,4333,0,0
48380948,0,51125,12000,122525,4333,0,0
48380949,0,0,12005,122525,4333,0,0
48380950,0,0,12005,122525,4333,0,0
48381659,0,0,14006,304200,4332,1,0
48381660,0,0,14006,304200,4332,0,0
48381661,0,0,14006,304200,4334,0,0
48381662,0,0,14006,304200,4334,0,0
48381663,0,0,14006,304200,4334,0,0
48381664,12026,0,14006,304200,4334,0,0
# MARK addr tick=48381664
48381665,12026,0,14006,304200,4334,0,0
48381666,0,0,14005,304200,4334,0,0
48381667,0,0,12005,304200,4334,0,0
48381668,0,0,12026,304200,4334,0,0
# MARK ram tick=48381668
48381669,0,41524,12026,103124,4334,0,0
48381670,0,41524,12026,103124,4334,0,0
48381671,0,41524,12026,103124,4334,0,0
48381672,0,41524,12000,103124,4334,0,0
48381673,0,0,12005,103124,4334,0,0
48381674,0,0,12005,103124,4334,0,0
48382378,0,0,14006,304200,4332,1,0
48382379,0,0,14006,304200,4332,0,0
48382380,0,0,14006,304200,4333,0,0
48382381,0,0,14006,304200,4333,0,0
48382382,0,0,14006,304200,4333,0,0
48382383,12026,0,14006,304200,4333,0,0
# MARK addr tick=48382383
48382384,12026,0,14006,304200,4333,0,0
48382385,0,0,14005,304200,4333,0,0
48382386,0,0,12005,304200,4333,0,0
48382387,0,0,12026,304200,4333,0,0
# MARK ram tick=48382387
48382388,0,41524,12026,103124,4333,0,0
48382389,0,41524,12026,103124,4333,0,0
48382390,0,41524,12026,103124,4333,0,0
48382391,0,41524,12000,103124,4333,0,0
48382392,0,0,12005,103124,4333,0,0
48382393,0,0,12005,103124,4333,0,0
48388760,0,0,14006,304200,4332,1,0
48388761,0,0,14006,304200,4332,0,0
48388762,0,0,14006,304200,4334,0,0
48388763,0,0,14006,304200,4334,0,0
48388764,0,0,14006,304200,4334,0,0
48388765,12027,0,14006,304200,4334,0,0
# MARK addr tick=48388765
48388766,12027,0,14006,304200,4334,0,0
48388767,0,0,14005,304200,4334,0,0
48388768,0,0,12005,304200,4334,0,0
48388769,0,0,12027,304200,4334,0,0
# MARK ram tick=48388769
48388770,0,44517,12027,111117,4334,0,0
48388771,0,44517,12027,111117,4334,0,0
48388772,0,44517,12027,111117,4334,0,0
48388773,0,44517,12000,111117,4334,0,0
48388774,0,0,12005,111117,4334,0,0
48388775,0,0,12005,111117,4334,0,0
48389497,0,0,14006,304200,4332,1,0
48389498,0,0,14006,304200,4332,0,0
48389499,0,0,14006,304200,4333,0,0
48389500,0,0,14006,304200,4333,0,0
48389501,0,0,14006,304200,4333,0,0
48389502,12027,0,14006,304200,4333,0,0
# MARK addr tick=48389502
48389503,12027,0,14006,304200,4333,0,0
48389504,0,0,14005,304200,4333,0,0
48389505,0,0,12005,304200,4333,0,0
48389506,0,0,12027,304200,4333,0,0
# MARK ram tick=48389506
48389507,0,44517,12027,111117,4333,0,0
48389508,0,44517,12027,111117,4333,0,0
48389509,0,44517,12027,111117,4333,0,0
48389510,0,44517,12000,111117,4333,0,0
48389511,0,0,12005,111117,4333,0,0
48389512,0,0,12005,111117,4333,0,0
48414021,0,0,14006,304200,4332,1,0
48414022,0,0,14006,304200,4332,0,0
48414023,0,0,14006,304200,4334,0,0
48414024,0,0,14006,304200,4334,0,0
48414025,0,0,14006,304200,4334,0,0
48414026,12023,0,14006,304200,4334,0,0
# MARK addr tick=48414026
48414027,12023,0,14006,304200,4334,0,0
48414028,0,0,14005,304200,4334,0,0
48414029,0,0,12005,304200,4334,0,0
48414030,0,0,12023,304200,4334,0,0
# MARK ram tick=48414030
48414031,0,44516,12023,111516,4334,0,0
48414032,0,44516,12023,111516,4334,0,0
48414033,0,44516,12023,111516,4334,0,0
48414034,0,44516,12000,111516,4334,0,0
48414035,0,0,12005,111516,4334,0,0
48414036,0,0,12005,111516,4334,0,0
48414189,0,0,14006,304200,4332,1,0
48414190,0,0,14006,304200,4332,0,0
48414191,0,0,14006,304200,4334,0,0
48414192,0,0,14006,304200,4334,0,0
48414193,0,0,14006,304200,4334,0,0
48414194,12023,0,14006,304200,4334,0,0
# MARK addr tick=48414194
48414195,12023,0,14006,304200,4334,0,0
48414196,0,0,14005,304200,4334,0,0
48414197,0,0,12005,304200,4334,0,0
48414198,0,0,12023,304200,4334,0,0
# MARK ram tick=48414198
48414199,0,44516,12023,111516,4334,0,0
48414200,0,44516,12023,111516,4334,0,1
48414201,0,44516,12023,111516,4334,0,1
48414202,0,44516,12000,111516,4334,0,1
48414203,0,0,12005,111516,4334,0,1
48414204,0,0,12005,111516,4334,0,1
48414205,0,0,12005,111516,4334,0,1
48414206,0,0,12005,111516,4334,1,1
48414207,0,0,12023,111516,4334,0,0
# MARK ram tick=48414207
48414208,0,0,12023,111516,4333,0,0
48414209,0,0,12023,111516,4333,1,0
48414210,0,0,12023,111516,4333,0,0
48414211,0,0,12000,111516,377,0,0
48414212,0,0,12005,111516,377,1,0
48414213,0,0,12005,111516,377,0,0
48414625,0,0,62031,534200,174,1,0
48414626,0,0,62031,534200,174,0,0
48414627,0,0,62031,534200,0,0,0
48414628,0,0,62031,534200,0,0,0
48414629,0,0,62031,534200,0,0,0
48414630,7426,0,62031,534200,0,0,0
# MARK addr tick=48414630
48414631,7426,0,62031,534200,0,0,0
48414632,0,0,62003,534200,0,0,0
48414633,0,0,6003,534200,0,0,0
48414634,0,0,7426,534200,0,0,0
# MARK ram tick=48414634
48414635,0,14624,7426,31224,0,0,0
48414636,0,14624,7426,31224,0,0,0
48414637,0,14624,7426,31224,0,0,0
48414638,0,14624,6000,31224,0,0,0
48414639,0,0,6003,31224,0,0,0
48414640,0,0,6003,31224,0,0,0
48414683,0,0,14006,411623,145,1,0
48414684,0,0,14006,411623,145,0,0
48414685,0,0,14006,411623,0,0,0
48414686,0,0,14006,411623,0,0,0
48414687,0,0,14006,411623,0,0,0
48414688,7425,0,14006,411623,0,0,0
# MARK addr tick=48414688
48414689,7425,0,14006,411623,0,0,0
48414690,0,0,14003,411623,0,0,0
48414691,0,0,6003,411623,0,0,0
48414692,0,0,7425,411623,0,1,0
# MARK ram tick=48414692
48414693,0,0,7425,411623,0,0,0
48414694,0,0,7425,411623,2001,0,0
48414695,0,0,7425,411623,16625,0,0
48414696,0,0,6000,411623,16625,0,0
48414697,0,0,6003,411623,0,0,0
48414698,0,0,6003,411623,0,0,0
48414838,0,0,14006,111623,170,1,0
48414839,0,0,14006,111623,170,0,0
48414840,0,0,14006,111623,0,0,0
48414841,0,0,14006,111623,0,0,0
48414842,0,0,14006,111623,0,0,0
48414843,7425,0,14006,111623,0,0,0
# MARK addr tick=48414843
48414844,7425,0,14006,111623,0,0,0
48414845,0,0,14003,111623,0,0,0
48414846,0,0,6003,111623,0,0,0
48414847,0,0,7425,111623,0,0,0
# MARK ram tick=48414847
48414848,0,0,7425,400400,0,0,0
48414849,0,0,7425,400400,0,0,0
48414850,0,0,7425,400400,0,0,0
48414851,0,0,6000,400400,0,0,0
48414852,0,0,6003,400400,0,0,0
48414853,0,0,6003,400400,0,0,0
48415436,0,0,14006,61235,152,0,0
48415437,0,0,14006,61235,152,0,0
48415438,7437,0,14006,61235,152,0,0
48415439,7437,0,14006,61235,152,0,0
48415440,0,0,14003,61235,152,0,0
48415441,12023,0,6003,61235,152,0,0
# MARK addr tick=48415441
48415442,12023,0,7437,61235,152,1,0
48415443,12023,0,7437,61235,152,0,0
48415444,12023,0,7437,61235,145,0,0
48415445,12023,0,7437,61235,145,0,0
48415446,12023,0,6000,61235,145,0,0
48415447,12023,0,6003,61235,145,0,0
48415585,0,0,6003,417026,145,1,0
48415586,0,0,6003,417026,145,0,0
48415587,0,0,6003,417026,0,0,0
48415588,0,0,6003,417026,0,0,0
48415589,0,0,6003,417026,0,0,0
48415590,7426,0,6003,417026,0,0,0
# MARK addr tick=48415590
48415591,7426,0,6003,417026,0,0,0
48415592,0,0,6003,417026,0,0,0
48415593,14624,0,6003,417026,0,0,0
48415594,14624,0,7426,417026,0,1,0
# MARK ram tick=48415594
48415595,14624,0,7426,417026,0,0,0
48415596,14624,0,7426,417026,2001,0,0
48415597,14624,0,7426,417026,17155,0,0
48415598,14624,0,6000,417026,17155,0,0
48415599,14624,0,6003,417026,0,0,0
48415600,0,0,6003,417026,0,0,0
48421928,0,0,14006,61235,152,0,0
48421929,0,0,14006,61235,152,0,0
48421930,7463,0,14006,61235,152,0,0
48421931,7463,0,14006,61235,152,0,0
48421932,0,0,14003,61235,152,0,0
48421933,12023,0,6003,61235,152,0,0
# MARK addr tick=48421933
48421934,12023,0,7463,61235,152,1,0
48421935,12023,0,7463,61235,152,0,0
48421936,12023,0,7463,61235,145,0,0
48421937,12023,0,7463,61235,145,0,0
48421938,12023,0,6000,61235,145,0,0
48421939,12023,0,6003,61235,145,0,0
48422731,0,0,14006,304200,4332,1,0
48422732,0,0,14006,304200,4332,0,0
48422733,0,0,14006,304200,4334,0,0
48422734,0,0,14006,304200,4334,0,0
48422735,0,0,14006,304200,4334,0,0
48422736,12023,0,14006,304200,4334,0,0
# MARK addr tick=48422736
48422737,12023,0,14006,304200,4334,0,0
48422738,0,0,14005,304200,4334,0,0
48422739,0,0,12005,304200,4334,0,0
48422740,0,0,12023,304200,4334,0,0
# MARK ram tick=48422740
48422741,0,44516,12023,111516,4334,0,0
48422742,0,44516,12023,111516,4334,0,0
48422743,0,44516,12023,111516,4334,0,0
48422744,0,44516,12000,111516,4334,0,0
48422745,0,0,12005,111516,4334,0,0
48422746,0,0,12005,111516,4334,0,0
48423478,0,0,14006,304200,4332,1,0
48423479,0,0,14006,304200,4332,0,0
48423480,0,0,14006,304200,4333,0,0
48423481,0,0,14006,304200,4333,0,0
48423482,0,0,14006,304200,4333,0,0
48423483,12023,0,14006,304200,4333,0,0
# MARK addr tick=48423483
48423484,12023,0,14006,304200,4333,0,0
48423485,0,0,14005,304200,4333,0,0
48423486,0,0,12005,304200,4333,0,0
48423487,0,0,12023,304200,4333,0,0
# MARK ram tick=48423487
48423488,0,44516,12023,111516,4333,0,0
48423489,0,44516,12023,111516,4333,0,0
48423490,0,44516,12023,111516,4333,0,0
48423491,0,44516,12000,111516,4333,0,0
48423492,0,0,12005,111516,4333,0,0
48423493,0,0,12005,111516,4333,0,0
48429887,0,0,14006,304200,4332,1,0
48429888,0,0,14006,304200,4332,0,0
48429889,0,0,14006,304200,4334,0,0
48429890,0,0,14006,304200,4334,0,0
48429891,0,0,14006,304200,4334,0,0
48429892,12024,0,14006,304200,4334,0,0
# MARK addr tick=48429892
48429893,12024,0,14006,304200,4334,0,0
48429894,0,0,14005,304200,4334,0,0
48429895,0,0,12005,304200,4334,0,0
48429896,0,0,12024,304200,4334,0,0
# MARK ram tick=48429896
48429897,0,51524,12024,523124,4334,0,0
48429898,0,51524,12024,523124,4334,0,0
48429899,0,51524,12024,523124,4334,0,0
48429900,0,51524,12000,523124,4334,0,0
48429901,0,0,12005,523124,4334,0,0
48429902,0,0,12005,523124,4334,0,0
48430615,0,0,14006,304200,4332,1,0
48430616,0,0,14006,304200,4332,0,0
48430617,0,0,14006,304200,4333,0,0
48430618,0,0,14006,304200,4333,0,0
48430619,0,0,14006,304200,4333,0,0
48430620,12024,0,14006,304200,4333,0,0
# MARK addr tick=48430620
48430621,12024,0,14006,304200,4333,0,0
48430622,0,0,14005,304200,4333,0,0
48430623,0,0,12005,304200,4333,0,0
48430624,0,0,12024,304200,4333,0,0
# MARK ram tick=48430624
48430625,0,51524,12024,523124,4333,0,0
48430626,0,51524,12024,523124,4333,0,0
48430627,0,51524,12024,523124,4333,0,0
48430628,0,51524,12000,523124,4333,0,0
48430629,0,0,12005,523124,4333,0,0
48430630,0,0,12005,523124,4333,0,0
48431339,0,0,14006,304200,4332,1,0
48431340,0,0,14006,304200,4332,0,0
48431341,0,0,14006,304200,4334,0,0
48431342,0,0,14006,304200,4334,0,0
48431343,0,0,14006,304200,4334,0,0
48431344,12025,0,14006,304200,4334,0,0
# MARK addr tick=48431344
48431345,12025,0,14006,304200,4334,0,0
48431346,0,0,14005,304200,4334,0,0
48431347,0,0,12005,304200,4334,0,0
48431348,0,0,12025,304200,4334,0,0
# MARK ram tick=48431348
48431349,0,51125,12025,122525,4334,0,0
48431350,0,51125,12025,122525,4334,0,0
48431351,0,51125,12025,122525,4334,0,0
48431352,0,51125,12000,122525,4334,0,0
48431353,0,0,12005,122525,4334,0,0
48431354,0,0,12005,122525,4334,0,0
48432061,0,0,14006,304200,4332,1,0
48432062,0,0,14006,304200,4332,0,0
48432063,0,0,14006,304200,4333,0,0
48432064,0,0,14006,304200,4333,0,0
48432065,0,0,14006,304200,4333,0,0
48432066,12025,0,14006,304200,4333,0,0
# MARK addr tick=48432066
48432067,12025,0,14006,304200,4333,0,0
48432068,0,0,14005,304200,4333,0,0
48432069,0,0,12005,304200,4333,0,0
48432070,0,0,12025,304200,4333,0,0
# MARK ram tick=48432070
48432071,0,51125,12025,122525,4333,0,0
48432072,0,51125,12025,122525,4333,0,0
48432073,0,51125,12025,122525,4333,0,0
48432074,0,51125,12000,122525,4333,0,0
48432075,0,0,12005,122525,4333,0,0
48432076,0,0,12005,122525,4333,0,0
48438446,0,0,14006,304200,4332,1,0
48438447,0,0,14006,304200,4332,0,0
48438448,0,0,14006,304200,4334,0,0
48438449,0,0,14006,304200,4334,0,0
48438450,0,0,14006,304200,4334,0,0
48438451,12026,0,14006,304200,4334,0,0
# MARK addr tick=48438451
48438452,12026,0,14006,304200,4334,0,0
48438453,0,0,14005,304200,4334,0,0
48438454,0,0,12005,304200,4334,0,0
48438455,0,0,12026,304200,4334,0,0
# MARK ram tick=48438455
48438456,0,41524,12026,103124,4334,0,0
48438457,0,41524,12026,103124,4334,0,0
48438458,0,41524,12026,103124,4334,0,0
48438459,0,41524,12000,103124,4334,0,0
48438460,0,0,12005,103124,4334,0,0
48438461,0,0,12005,103124,4334,0,0
48439171,0,0,14006,304200,4332,1,0
48439172,0,0,14006,304200,4332,0,0
48439173,0,0,14006,304200,4333,0,0
48439174,0,0,14006,304200,4333,0,0
48439175,0,0,14006,304200,4333,0,0
48439176,12026,0,14006,304200,4333,0,0
# MARK addr tick=48439176
48439177,12026,0,14006,304200,4333,0,0
48439178,0,0,14005,304200,4333,0,0
48439179,0,0,12005,304200,4333,0,0
48439180,0,0,12026,304200,4333,0,0
# MARK ram tick=48439180
48439181,0,41524,12026,103124,4333,0,0
48439182,0,41524,12026,103124,4333,0,0
48439183,0,41524,12026,103124,4333,0,0
48439184,0,41524,12000,103124,4333,0,0
48439185,0,0,12005,103124,4333,0,0
48439186,0,0,12005,103124,4333,0,0
48439896,0,0,14006,304200,4332,1,0
48439897,0,0,14006,304200,4332,0,0
48439898,0,0,14006,304200,4334,0,0
48439899,0,0,14006,304200,4334,0,0
48439900,0,0,14006,304200,4334,0,0
48439901,12027,0,14006,304200,4334,0,0
# MARK addr tick=48439901
48439902,12027,0,14006,304200,4334,0,0
48439903,0,0,14005,304200,4334,0,0
48439904,0,0,12005,304200,4334,0,0
48439905,0,0,12027,304200,4334,0,0
# MARK ram tick=48439905
48439906,0,44517,12027,111117,4334,0,0
48439907,0,44517,12027,111117,4334,0,0
48439908,0,44517,12027,111117,4334,0,0
48439909,0,44517,12000,111117,4334,0,0
48439910,0,0,12005,111117,4334,0,0
48439911,0,0,12005,111117,4334,0,0
48446288,0,0,14006,304200,4332,1,0
48446289,0,0,14006,304200,4332,0,0
48446290,0,0,14006,304200,4333,0,0
48446291,0,0,14006,304200,4333,0,0
48446292,0,0,14006,304200,4333,0,0
48446293,12027,0,14006,304200,4333,0,0
# MARK addr tick=48446293
48446294,12027,0,14006,304200,4333,0,0
48446295,0,0,14005,304200,4333,0,0
48446296,0,0,12005,304200,4333,0,0
48446297,0,0,12027,304200,4333,0,0
# MARK ram tick=48446297
48446298,0,44517,12027,111117,4333,0,0
48446299,0,44517,12027,111117,4333,0,0
48446300,0,44517,12027,111117,4333,0,0
48446301,0,44517,12000,111117,4333,0,0
48446302,0,0,12005,111117,4333,0,0
48446303,0,0,12005,111117,4333,0,0
48480856,0,0,14006,304200,4332,1,0
48480857,0,0,14006,304200,4332,0,0
48480858,0,0,14006,304200,4334,0,0
48480859,0,0,14006,304200,4334,0,0
48480860,0,0,14006,304200,4334,0,0
48480861,12023,0,14006,304200,4334,0,0
# MARK addr tick=48480861
48480862,12023,0,14006,304200,4334,0,0
48480863,0,0,14005,304200,4334,0,0
48480864,0,0,12005,304200,4334,0,0
48480865,0,0,12023,304200,4334,0,0
# MARK ram tick=48480865
48480866,0,44516,12023,111516,4334,0,0
48480867,0,44516,12023,111516,4334,0,0
48480868,0,44516,12023,111516,4334,0,0
48480869,0,44516,12000,111516,4334,0,0
48480870,0,0,12005,111516,4334,0,0
48480871,0,0,12005,111516,4334,0,0
48481024,0,0,14006,304200,4332,1,0
48481025,0,0,14006,304200,4332,0,0
48481026,0,0,14006,304200,4334,0,0
48481027,0,0,14006,304200,4334,0,0
48481028,0,0,14006,304200,4334,0,0
48481029,12023,0,14006,304200,4334,0,0
# MARK addr tick=48481029
48481030,12023,0,14006,304200,4334,0,0
48481031,0,0,14005,304200,4334,0,0
48481032,0,0,12005,304200,4334,0,0
48481033,0,0,12023,304200,4334,0,0
# MARK ram tick=48481033
48481034,0,44516,12023,111516,4334,0,0
48481035,0,44516,12023,111516,4334,0,0
48481036,0,44516,12023,111516,4334,0,0
48481037,0,44516,12000,111516,4334,0,0
48481038,0,0,12005,111516,4334,0,0
48481039,0,0,12005,111516,4334,0,0
48481462,0,0,62031,534200,174,1,0
48481463,0,0,62031,534200,174,0,0
48481464,0,0,62031,534200,0,0,0
48481465,0,0,62031,534200,0,0,0
48481466,0,0,62031,534200,0,0,0
48481467,7426,0,62031,534200,0,0,0
# MARK addr tick=48481467
48481468,7426,0,62031,534200,0,0,0
48481469,0,0,62003,534200,0,0,0
48481470,0,0,6003,534200,0,0,0
48481471,0,0,7426,534200,0,0,0
# MARK ram tick=48481471
48481472,0,14624,7426,31224,0,0,0
48481473,0,14624,7426,31224,0,0,0
48481474,0,14624,7426,31224,0,0,0
48481475,0,14624,6000,31224,0,0,0
48481476,0,0,6003,31224,0,0,0
48481477,0,0,6003,31224,0,0,0
48481520,0,0,14006,411623,145,1,0
48481521,0,0,14006,411623,145,0,0
48481522,0,0,14006,411623,0,0,0
48481523,0,0,14006,411623,0,0,0
48481524,0,0,14006,411623,0,0,0
48481525,7425,0,14006,411623,0,0,0
# MARK addr tick=48481525
48481526,7425,0,14006,411623,0,0,0
48481527,0,0,14003,411623,0,0,0
48481528,0,0,6003,411623,0,0,0
48481529,0,0,7425,411623,0,1,0
# MARK ram tick=48481529
48481530,0,0,7425,411623,0,0,0
48481531,0,0,7425,411623,2001,0,0
48481532,0,0,7425,411623,16625,0,0
48481533,0,0,6000,411623,16625,0,0
48481534,0,0,6003,411623,0,0,0
48481535,0,0,6003,411623,0,0,0
48487327,0,0,14006,111623,170,1,0
48487328,0,0,14006,111623,170,0,0
48487329,0,0,14006,111623,0,0,0
48487330,0,0,14006,111623,0,0,0
48487331,0,0,14006,111623,0,0,0
48487332,7425,0,14006,111623,0,0,0
# MARK addr tick=48487332
48487333,7425,0,14006,111623,0,0,0
48487334,0,0,14003,111623,0,0,0
48487335,0,0,6003,111623,0,0,0
48487336,0,0,7425,111623,0,0,0
# MARK ram tick=48487336
48487337,0,0,7425,400400,0,0,0
48487338,0,0,7425,400400,0,0,0
48487339,0,0,7425,400400,0,0,0
48487340,0,0,6000,400400,0,0,0
48487341,0,0,6003,400400,0,0,0
48487342,0,0,6003,400400,0,0,0
48488232,0,0,14006,61235,152,0,0
48488233,0,0,14006,61235,152,0,0
48488234,7437,0,14006,61235,152,0,0
48488235,7437,0,14006,61235,152,0,0
48488236,0,0,14003,61235,152,0,0
48488237,12023,0,6003,61235,152,0,0
# MARK addr tick=48488237
48488238,12023,0,7437,61235,152,1,0
48488239,12023,0,7437,61235,152,0,0
48488240,12023,0,7437,61235,145,0,0
48488241,12023,0,7437,61235,145,0,0
48488242,12023,0,6000,61235,145,0,0
48488243,12023,0,6003,61235,145,0,0
48488381,0,0,6003,417026,145,1,0
48488382,0,0,6003,417026,145,0,0
48488383,0,0,6003,417026,0,0,0
48488384,0,0,6003,417026,0,0,0
48488385,0,0,6003,417026,0,0,0
48488386,7426,0,6003,417026,0,0,0
# MARK addr tick=48488386
48488387,7426,0,6003,417026,0,0,0
48488388,0,0,6003,417026,0,0,0
48488389,14624,0,6003,417026,0,0,0
48488390,14624,0,7426,417026,0,1,0
# MARK ram tick=48488390
48488391,14624,0,7426,417026,0,0,0
48488392,14624,0,7426,417026,2001,0,0
48488393,14624,0,7426,417026,17155,0,0
48488394,14624,0,6000,417026,17155,0,0
48488395,14624,0,6003,417026,0,0,0
48488396,0,0,6003,417026,0,0,0
48489070,0,0,14006,61235,152,0,0
48489071,0,0,14006,61235,152,0,0
48489072,7463,0,14006,61235,152,0,0
48489073,7463,0,14006,61235,152,0,0
48489074,0,0,14003,61235,152,0,0
48489075,12023,0,6003,61235,152,0,0
# MARK addr tick=48489075
48489076,12023,0,7463,61235,152,1,0
48489077,12023,0,7463,61235,152,0,0
48489078,12023,0,7463,61235,145,0,0
48489079,12023,0,7463,61235,145,0,0
48489080,12023,0,6000,61235,145,0,0
48489081,12023,0,6003,61235,145,0,0
48489869,0,0,14006,304200,4332,1,0
48489870,0,0,14006,304200,4332,0,0
48489871,0,0,14006,304200,4334,0,0
48489872,0,0,14006,304200,4334,0,0
48489873,0,0,14006,304200,4334,0,0
48489874,12023,0,14006,304200,4334,0,0
# MARK addr tick=48489874
48489875,12023,0,14006,304200,4334,0,0
48489876,0,0,14005,304200,4334,0,0
48489877,0,0,12005,304200,4334,0,0
48489878,0,0,12023,304200,4334,0,0
# MARK ram tick=48489878
48489879,0,44516,12023,111516,4334,0,0
48489880,0,44516,12023,111516,4334,0,0
48489881,0,44516,12023,111516,4334,0,0
48489882,0,44516,12000,111516,4334,0,0
48489883,0,0,12005,111516,4334,0,0
48489884,0,0,12005,111516,4334,0,0
48489972,0,0,12005,111516,2546,0,0
48489973,0,0,12005,111516,2544,0,0
48489974,0,0,12005,111516,2544,1,0
48489975,0,0,12005,111516,2544,0,0
48489976,0,0,12005,111516,2545,0,1
48489977,0,0,12023,111516,2545,0,1
# MARK ram tick=48489977
48489978,0,0,12023,111516,2545,0,1
48489979,0,0,12023,111516,2545,0,1
48489980,0,0,12023,111516,2545,0,1
48489981,0,0,12000,111516,2545,0,1
48489982,0,0,12005,111516,2545,1,1
48489983,0,0,12005,111516,2546,0,0
48496264,0,0,14006,304200,4332,1,0
48496265,0,0,14006,304200,4332,0,0
48496266,0,0,14006,304200,4333,0,0
48496267,0,0,14006,304200,4333,0,0
48496268,0,0,14006,304200,4333,0,0
48496269,12023,0,14006,304200,4333,0,0
# MARK addr tick=48496269
48496270,12023,0,14006,304200,4333,0,0
48496271,0,0,14005,304200,4333,0,0
48496272,0,0,12005,304200,4333,0,0
48496273,0,0,12023,304200,4333,0,0
# MARK ram tick=48496273
48496274,0,44516,12023,111516,4333,0,0
48496275,0,44516,12023,111516,4333,0,0
48496276,0,44516,12023,111516,4333,0,0
48496277,0,44516,12000,111516,4333,0,0
48496278,0,0,12005,111516,4333,0,0
48496279,0,0,12005,111516,4333,0,0
48497013,0,0,14006,304200,4332,1,0
48497014,0,0,14006,304200,4332,0,0
48497015,0,0,14006,304200,4334,0,0
48497016,0,0,14006,304200,4334,0,0
48497017,0,0,14006,304200,4334,0,0
48497018,12024,0,14006,304200,4334,0,0
# MARK addr tick=48497018
48497019,12024,0,14006,304200,4334,0,0
48497020,0,0,14005,304200,4334,0,0
48497021,0,0,12005,304200,4334,0,0
48497022,0,0,12024,304200,4334,0,0
# MARK ram tick=48497022
48497023,0,51524,12024,523124,4334,0,0
48497024,0,51524,12024,523124,4334,0,0
48497025,0,51524,12024,523124,4334,0,0
48497026,0,51524,12000,523124,4334,0,0
48497027,0,0,12005,523124,4334,0,0
48497028,0,0,12005,523124,4334,0,0
48497735,0,0,14006,304200,4332,1,0
48497736,0,0,14006,304200,4332,0,0
48497737,0,0,14006,304200,4333,0,0
48497738,0,0,14006,304200,4333,0,0
48497739,0,0,14006,304200,4333,0,0
48497740,12024,0,14006,304200,4333,0,0
# MARK addr tick=48497740
48497741,12024,0,14006,304200,4333,0,0
48497742,0,0,14005,304200,4333,0,0
48497743,0,0,12005,304200,4333,0,0
48497744,0,0,12024,304200,4333,0,0
# MARK ram tick=48497744
48497745,0,51524,12024,523124,4333,0,0
48497746,0,51524,12024,523124,4333,0,0
48497747,0,51524,12024,523124,4333,0,0
48497748,0,51524,12000,523124,4333,0,0
48497749,0,0,12005,523124,4333,0,0
48497750,0,0,12005,523124,4333,0,0
48504118,0,0,14006,304200,4332,1,0
48504119,0,0,14006,304200,4332,0,0
48504120,0,0,14006,304200,4334,0,0
48504121,0,0,14006,304200,4334,0,0
48504122,0,0,14006,304200,4334,0,0
48504123,12025,0,14006,304200,4334,0,0
# MARK addr tick=48504123
48504124,12025,0,14006,304200,4334,0,0
48504125,0,0,14005,304200,4334,0,0
48504126,0,0,12005,304200,4334,0,0
48504127,0,0,12025,304200,4334,0,0
# MARK ram tick=48504127
48504128,0,51125,12025,122525,4334,0,0
48504129,0,51125,12025,122525,4334,0,0
48504130,0,51125,12025,122525,4334,0,0
48504131,0,51125,12000,122525,4334,0,0
48504132,0,0,12005,122525,4334,0,0
48504133,0,0,12005,122525,4334,0,0
48504836,0,0,14006,304200,4332,1,0
48504837,0,0,14006,304200,4332,0,0
48504838,0,0,14006,304200,4333,0,0
48504839,0,0,14006,304200,4333,0,0
48504840,0,0,14006,304200,4333,0,0
48504841,12025,0,14006,304200,4333,0,0
# MARK addr tick=48504841
48504842,12025,0,14006,304200,4333,0,0
48504843,0,0,14005,304200,4333,0,0
48504844,0,0,12005,304200,4333,0,0
48504845,0,0,12025,304200,4333,0,0
# MARK ram tick=48504845
48504846,0,51125,12025,122525,4333,0,0
48504847,0,51125,12025,122525,4333,0,0
48504848,0,51125,12025,122525,4333,0,0
48504849,0,51125,12000,122525,4333,0,0
48504850,0,0,12005,122525,4333,0,0
48504851,0,0,12005,122525,4333,0,0
48505562,0,0,14006,304200,4332,1,0
48505563,0,0,14006,304200,4332,0,0
48505564,0,0,14006,304200,4334,0,0
48505565,0,0,14006,304200,4334,0,0
48505566,0,0,14006,304200,4334,0,0
48505567,12026,0,14006,304200,4334,0,0
# MARK addr tick=48505567
48505568,12026,0,14006,304200,4334,0,0
48505569,0,0,14005,304200,4334,0,0
48505570,0,0,12005,304200,4334,0,0
48505571,0,0,12026,304200,4334,0,0
# MARK ram tick=48505571
48505572,0,41524,12026,103124,4334,0,0
48505573,0,41524,12026,103124,4334,0,0
48505574,0,41524,12026,103124,4334,0,0
48505575,0,41524,12000,103124,4334,0,0
48505576,0,0,12005,103124,4334,0,0
48505577,0,0,12005,103124,4334,0,0
48506281,0,0,14006,304200,4332,1,0
48506282,0,0,14006,304200,4332,0,0
48506283,0,0,14006,304200,4333,0,0
48506284,0,0,14006,304200,4333,0,0
48506285,0,0,14006,304200,4333,0,0
48506286,12026,0,14006,304200,4333,0,0
# MARK addr tick=48506286
48506287,12026,0,14006,304200,4333,0,0
48506288,0,0,14005,304200,4333,0,0
48506289,0,0,12005,304200,4333,0,0
48506290,0,0,12026,304200,4333,0,0
# MARK ram tick=48506290
48506291,0,41524,12026,103124,4333,0,0
48506292,0,41524,12026,103124,4333,0,0
48506293,0,41524,12026,103124,4333,0,0
48506294,0,41524,12000,103124,4333,0,0
48506295,0,0,12005,103124,4333,0,0
48506296,0,0,12005,103124,4333,0,0
48512664,0,0,14006,304200,4332,1,0
48512665,0,0,14006,304200,4332,0,0
48512666,0,0,14006,304200,4334,0,0
48512667,0,0,14006,304200,4334,0,0
48512668,0,0,14006,304200,4334,0,0
48512669,12027,0,14006,304200,4334,0,0
# MARK addr tick=48512669
48512670,12027,0,14006,304200,4334,0,0
48512671,0,0,14005,304200,4334,0,0
48512672,0,0,12005,304200,4334,0,0
48512673,0,0,12027,304200,4334,0,0
# MARK ram tick=48512673
48512674,0,44517,12027,111117,4334,0,0
48512675,0,44517,12027,111117,4334,0,0
48512676,0,44517,12027,111117,4334,0,0
48512677,0,44517,12000,111117,4334,0,0
48512678,0,0,12005,111117,4334,0,0
48512679,0,0,12005,111117,4334,0,0
48513401,0,0,14006,304200,4332,1,0
48513402,0,0,14006,304200,4332,0,0
48513403,0,0,14006,304200,4333,0,0
48513404,0,0,14006,304200,4333,0,0
48513405,0,0,14006,304200,4333,0,0
48513406,12027,0,14006,304200,4333,0,0
# MARK addr tick=48513406
48513407,12027,0,14006,304200,4333,0,0
48513408,0,0,14005,304200,4333,0,0
48513409,0,0,12005,304200,4333,0,0
48513410,0,0,12027,304200,4333,0,0
# MARK ram tick=48513410
48513411,0,44517,12027,111117,4333,0,0
48513412,0,44517,12027,111117,4333,0,0
48513413,0,44517,12027,111117,4333,0,0
48513414,0,44517,12000,111117,4333,0,0
48513415,0,0,12005,111117,4333,0,0
48513416,0,0,12005,111117,4333,0,0
48555066,0,0,14006,304200,4332,1,0
48555067,0,0,14006,304200,4332,0,0
48555068,0,0,14006,304200,4334,0,0
48555069,0,0,14006,304200,4334,0,0
48555070,0,0,14006,304200,4334,0,0
48555071,12023,0,14006,304200,4334,0,0
# MARK addr tick=48555071
48555072,12023,0,14006,304200,4334,0,0
48555073,0,0,14005,304200,4334,0,0
48555074,0,0,12005,304200,4334,0,0
48555075,0,0,12023,304200,4334,0,0
# MARK ram tick=48555075
48555076,0,44516,12023,111516,4334,0,0
48555077,0,44516,12023,111516,4334,0,0
48555078,0,44516,12023,111516,4334,0,0
48555079,0,44516,12000,111516,4334,0,0
48555080,0,0,12005,111516,4334,0,0
48555081,0,0,12005,111516,4334,0,0
48555234,0,0,14006,304200,4332,1,0
48555235,0,0,14006,304200,4332,0,0
48555236,0,0,14006,304200,4334,0,0
48555237,0,0,14006,304200,4334,0,0
48555238,0,0,14006,304200,4334,0,0
48555239,12023,0,14006,304200,4334,0,0
# MARK addr tick=48555239
48555240,12023,0,14006,304200,4334,0,0
48555241,0,0,14005,304200,4334,0,0
48555242,0,0,12005,304200,4334,0,0
48555243,0,0,12023,304200,4334,0,0
# MARK ram tick=48555243
48555244,0,44516,12023,111516,4334,0,0
48555245,0,44516,12023,111516,4334,0,0
48555246,0,44516,12023,111516,4334,0,0
48555247,0,44516,12000,111516,4334,0,0
48555248,0,0,12005,111516,4334,0,0
48555249,0,0,12005,111516,4334,0,0
48555672,0,0,62031,534200,174,1,0
48555673,0,0,62031,534200,174,0,0
48555674,0,0,62031,534200,0,0,0
48555675,0,0,62031,534200,0,0,0
48555676,0,0,62031,534200,0,0,0
48555677,7426,0,62031,534200,0,0,0
# MARK addr tick=48555677
48555678,7426,0,62031,534200,0,0,0
48555679,0,0,62003,534200,0,0,0
48555680,0,0,6003,534200,0,0,0
48555681,0,0,7426,534200,0,0,0
# MARK ram tick=48555681
48555682,0,14624,7426,31224,0,0,0
48555683,0,14624,7426,31224,0,0,0
48555684,0,14624,7426,31224,0,0,0
48555685,0,14624,6000,31224,0,0,0
48555686,0,0,6003,31224,0,0,0
48555687,0,0,6003,31224,0,0,0
48555730,0,0,14006,411623,145,1,0
48555731,0,0,14006,411623,145,0,0
48555732,0,0,14006,411623,0,0,0
48555733,0,0,14006,411623,0,0,0
48555734,0,0,14006,411623,0,0,0
48555735,7425,0,14006,411623,0,0,0
# MARK addr tick=48555735
48555736,7425,0,14006,411623,0,0,0
48555737,0,0,14003,411623,0,0,0
48555738,0,0,6003,411623,0,0,0
48555739,0,0,7425,411623,0,1,0
# MARK ram tick=48555739
48555740,0,0,7425,411623,0,0,0
48555741,0,0,7425,411623,2001,0,0
48555742,0,0,7425,411623,16625,0,0
48555743,0,0,6000,411623,16625,0,0
48555744,0,0,6003,411623,0,0,0
48555745,0,0,6003,411623,0,0,0
48561533,0,0,14006,111623,170,1,0
48561534,0,0,14006,111623,170,0,0
48561535,0,0,14006,111623,0,0,0
48561536,0,0,14006,111623,0,0,0
48561537,0,0,14006,111623,0,0,0
48561538,7425,0,14006,111623,0,0,0
# MARK addr tick=48561538
48561539,7425,0,14006,111623,0,0,0
48561540,0,0,14003,111623,0,0,0
48561541,0,0,6003,111623,0,0,0
48561542,0,0,7425,111623,0,0,0
# MARK ram tick=48561542
48561543,0,0,7425,400400,0,0,0
48561544,0,0,7425,400400,0,0,0
48561545,0,0,7425,400400,0,0,0
48561546,0,0,6000,400400,0,0,0
48561547,0,0,6003,400400,0,0,0
48561548,0,0,6003,400400,0,0,0
48562135,0,0,14006,61235,152,0,0
48562136,0,0,14006,61235,152,0,0
48562137,7437,0,14006,61235,152,0,0
48562138,7437,0,14006,61235,152,0,0
48562139,0,0,14003,61235,152,0,0
48562140,12023,0,6003,61235,152,0,0
# MARK addr tick=48562140
48562141,12023,0,7437,61235,152,1,0
48562142,12023,0,7437,61235,152,0,0
48562143,12023,0,7437,61235,145,0,0
48562144,12023,0,7437,61235,145,0,0
48562145,12023,0,6000,61235,145,0,0
48562146,12023,0,6003,61235,145,0,0
48562292,0,0,6003,417026,145,1,0
48562293,0,0,6003,417026,145,0,0
48562294,0,0,6003,417026,0,0,0
48562295,0,0,6003,417026,0,0,0
48562296,0,0,6003,417026,0,0,0
48562297,7426,0,6003,417026,0,0,0
# MARK addr tick=48562297
48562298,7426,0,6003,417026,0,0,0
48562299,0,0,6003,417026,0,0,0
48562300,14624,0,6003,417026,0,0,0
48562301,14624,0,7426,417026,0,1,0
# MARK ram tick=48562301
48562302,14624,0,7426,417026,0,0,0
48562303,14624,0,7426,417026,2001,0,0
48562304,14624,0,7426,417026,17155,0,0
48562305,14624,0,6000,417026,17155,0,0
48562306,14624,0,6003,417026,0,0,0
48562307,0,0,6003,417026,0,0,0
48562975,0,0,14006,61235,152,0,0
48562976,0,0,14006,61235,152,0,0
48562977,7463,0,14006,61235,152,0,0
48562978,7463,0,14006,61235,152,0,0
48562979,0,0,14003,61235,152,0,0
48562980,12023,0,6003,61235,152,0,0
# MARK addr tick=48562980
48562981,12023,0,7463,61235,152,1,0
48562982,12023,0,7463,61235,152,0,0
48562983,12023,0,7463,61235,145,0,0
48562984,12023,0,7463,61235,145,0,0
48562985,12023,0,6000,61235,145,0,0
48562986,12023,0,6003,61235,145,0,0
48563783,0,0,14006,304200,4332,1,0
48563784,0,0,14006,304200,4332,0,0
48563785,0,0,14006,304200,4334,0,0
48563786,0,0,14006,304200,4334,0,0
48563787,0,0,14006,304200,4334,0,0
48563788,12023,0,14006,304200,4334,0,0
# MARK addr tick=48563788
48563789,12023,0,14006,304200,4334,0,0
48563790,0,0,14005,304200,4334,0,0
48563791,0,0,12005,304200,4334,0,0
48563792,0,0,12023,304200,4334,0,0
# MARK ram tick=48563792
48563793,0,44516,12023,111516,4334,0,0
48563794,0,44516,12023,111516,4334,0,0
48563795,0,44516,12023,111516,4334,0,0
48563796,0,44516,12000,111516,4334,0,0
48563797,0,0,12005,111516,4334,0,0
48563798,0,0,12005,111516,4334,0,0
48570175,0,0,14006,304200,4332,1,0
48570176,0,0,14006,304200,4332,0,0
48570177,0,0,14006,304200,4333,0,0
48570178,0,0,14006,304200,4333,0,0
48570179,0,0,14006,304200,4333,0,0
48570180,12023,0,14006,304200,4333,0,0
# MARK addr tick=48570180
48570181,12023,0,14006,304200,4333,0,0
48570182,0,0,14005,304200,4333,0,0
48570183,0,0,12005,304200,4333,0,0
48570184,0,0,12023,304200,4333,0,0
# MARK ram tick=48570184
48570185,0,44516,12023,111516,4333,0,0
48570186,0,44516,12023,111516,4333,0,0
48570187,0,44516,12023,111516,4333,0,0
48570188,0,44516,12000,111516,4333,0,0
48570189,0,0,12005,111516,4333,0,0
48570190,0,0,12005,111516,4333,0,0
48570934,0,0,14006,304200,4332,1,0
48570935,0,0,14006,304200,4332,0,0
48570936,0,0,14006,304200,4334,0,0
48570937,0,0,14006,304200,4334,0,0
48570938,0,0,14006,304200,4334,0,0
48570939,12024,0,14006,304200,4334,0,0
# MARK addr tick=48570939
48570940,12024,0,14006,304200,4334,0,0
48570941,0,0,14005,304200,4334,0,0
48570942,0,0,12005,304200,4334,0,0
48570943,0,0,12024,304200,4334,0,0
# MARK ram tick=48570943
48570944,0,51524,12024,523124,4334,0,0
48570945,0,51524,12024,523124,4334,0,0
48570946,0,51524,12024,523124,4334,0,0
48570947,0,51524,12000,523124,4334,0,0
48570948,0,0,12005,523124,4334,0,0
48570949,0,0,12005,523124,4334,0,0
48571661,0,0,14006,304200,4332,1,0
48571662,0,0,14006,304200,4332,0,0
48571663,0,0,14006,304200,4333,0,0
48571664,0,0,14006,304200,4333,0,0
48571665,0,0,14006,304200,4333,0,0
48571666,12024,0,14006,304200,4333,0,0
# MARK addr tick=48571666
48571667,12024,0,14006,304200,4333,0,0
48571668,0,0,14005,304200,4333,0,0
48571669,0,0,12005,304200,4333,0,0
48571670,0,0,12024,304200,4333,0,0
# MARK ram tick=48571670
48571671,0,51524,12024,523124,4333,0,0
48571672,0,51524,12024,523124,4333,0,0
48571673,0,51524,12024,523124,4333,0,0
48571674,0,51524,12000,523124,4333,0,0
48571675,0,0,12005,523124,4333,0,0
48571676,0,0,12005,523124,4333,0,0
48579066,0,0,14362,304200,4334,0,1
48579067,0,0,14362,304200,4334,0,1
48579068,0,0,14362,304200,4334,0,1
48579069,0,0,14000,304200,4334,0,1
48579070,0,0,14006,304200,4334,0,1
48579071,12025,0,14006,304200,4334,0,0
# MARK addr tick=48579071
48579072,12025,0,14006,304200,4334,0,0
48579073,0,0,14005,304200,4334,0,0
48579074,0,0,12005,304200,4334,0,0
48579075,0,0,12025,304200,4334,0,0
# MARK ram tick=48579075
48579076,0,51125,12025,122525,4334,0,0
48579077,0,51125,12025,122525,4334,0,0
48579078,0,51125,12025,122525,4334,0,0
48579079,0,51125,12000,122525,4334,0,0
48579080,0,0,12005,122525,4334,0,0
48579081,0,0,12005,122525,4334,0,0
48579785,0,0,14006,304200,4332,1,0
48579786,0,0,14006,304200,4332,0,0
48579787,0,0,14006,304200,4333,0,0
48579788,0,0,14006,304200,4333,0,0
48579789,0,0,14006,304200,4333,0,0
48579790,12025,0,14006,304200,4333,0,0
# MARK addr tick=48579790
48579791,12025,0,14006,304200,4333,0,0
48579792,0,0,14005,304200,4333,0,0
48579793,0,0,12005,304200,4333,0,0
48579794,0,0,12025,304200,4333,0,0
# MARK ram tick=48579794
48579795,0,51125,12025,122525,4333,0,0
48579796,0,51125,12025,122525,4333,0,0
48579797,0,51125,12025,122525,4333,0,0
48579798,0,51125,12000,122525,4333,0,0
48579799,0,0,12005,122525,4333,0,0
48579800,0,0,12005,122525,4333,0,0
48586155,0,0,14006,304200,4332,1,0
48586156,0,0,14006,304200,4332,0,0
48586157,0,0,14006,304200,4334,0,0
48586158,0,0,14006,304200,4334,0,0
48586159,0,0,14006,304200,4334,0,0
48586160,12026,0,14006,304200,4334,0,0
# MARK addr tick=48586160
48586161,12026,0,14006,304200,4334,0,0
48586162,0,0,14005,304200,4334,0,0
48586163,0,0,12005,304200,4334,0,0
48586164,0,0,12026,304200,4334,0,0
# MARK ram tick=48586164
48586165,0,41524,12026,103124,4334,0,0
48586166,0,41524,12026,103124,4334,0,0
48586167,0,41524,12026,103124,4334,0,0
48586168,0,41524,12000,103124,4334,0,0
48586169,0,0,12005,103124,4334,0,0
48586170,0,0,12005,103124,4334,0,0
48586885,0,0,14006,304200,4332,1,0
48586886,0,0,14006,304200,4332,0,0
48586887,0,0,14006,304200,4333,0,0
48586888,0,0,14006,304200,4333,0,0
48586889,0,0,14006,304200,4333,0,0
48586890,12026,0,14006,304200,4333,0,0
# MARK addr tick=48586890
48586891,12026,0,14006,304200,4333,0,0
48586892,0,0,14005,304200,4333,0,0
48586893,0,0,12005,304200,4333,0,0
48586894,0,0,12026,304200,4333,0,0
# MARK ram tick=48586894
48586895,0,41524,12026,103124,4333,0,0
48586896,0,41524,12026,103124,4333,0,0
48586897,0,41524,12026,103124,4333,0,0
48586898,0,41524,12000,103124,4333,0,0
48586899,0,0,12005,103124,4333,0,0
48586900,0,0,12005,103124,4333,0,0
48587604,0,0,14006,304200,4332,1,0
48587605,0,0,14006,304200,4332,0,0
48587606,0,0,14006,304200,4334,0,0
48587607,0,0,14006,304200,4334,0,0
48587608,0,0,14006,304200,4334,0,0
48587609,12027,0,14006,304200,4334,0,0
# MARK addr tick=48587609
48587610,12027,0,14006,304200,4334,0,0
48587611,0,0,14005,304200,4334,0,0
48587612,0,0,12005,304200,4334,0,0
48587613,0,0,12027,304200,4334,0,0
# MARK ram tick=48587613
48587614,0,44517,12027,111117,4334,0,0
48587615,0,44517,12027,111117,4334,0,0
48587616,0,44517,12027,111117,4334,0,0
48587617,0,44517,12000,111117,4334,0,0
48587618,0,0,12005,111117,4334,0,0
48587619,0,0,12005,111117,4334,0,0
48588346,0,0,14006,304200,4332,1,0
48588347,0,0,14006,304200,4332,0,0
48588348,0,0,14006,304200,4333,0,0
48588349,0,0,14006,304200,4333,0,0
48588350,0,0,14006,304200,4333,0,0
48588351,12027,0,14006,304200,4333,0,0
# MARK addr tick=48588351
48588352,12027,0,14006,304200,4333,0,0
48588353,0,0,14005,304200,4333,0,0
48588354,0,0,12005,304200,4333,0,0
48588355,0,0,12027,304200,4333,0,0
# MARK ram tick=48588355
48588356,0,44517,12027,111117,4333,0,0
48588357,0,44517,12027,111117,4333,0,0
48588358,0,44517,12027,111117,4333,0,0
48588359,0,44517,12000,111117,4333,0,0
48588360,0,0,12005,111117,4333,0,0
48588361,0,0,12005,111117,4333,0,0
48636350,0,0,14006,304200,4332,1,0
48636351,0,0,14006,304200,4332,0,0
48636352,0,0,14006,304200,4334,0,0
48636353,0,0,14006,304200,4334,0,0
48636354,0,0,14006,304200,4334,0,0
48636355,12023,0,14006,304200,4334,0,0
# MARK addr tick=48636355
48636356,12023,0,14006,304200,4334,0,0
48636357,0,0,14005,304200,4334,0,0
48636358,0,0,12005,304200,4334,0,0
48636359,0,0,12023,304200,4334,0,0
# MARK ram tick=48636359
48636360,0,44516,12023,111516,4334,0,0
48636361,0,44516,12023,111516,4334,0,0
48636362,0,44516,12023,111516,4334,0,0
48636363,0,44516,12000,111516,4334,0,0
48636364,0,0,12005,111516,4334,0,0
48636365,0,0,12005,111516,4334,0,0
48636521,0,0,14006,304200,4332,1,0
48636522,0,0,14006,304200,4332,0,0
48636523,0,0,14006,304200,4334,0,0
48636524,0,0,14006,304200,4334,0,0
48636525,0,0,14006,304200,4334,0,0
48636526,12023,0,14006,304200,4334,0,0
# MARK addr tick=48636526
48636527,12023,0,14006,304200,4334,0,0
48636528,0,0,14005,304200,4334,0,0
48636529,0,0,12005,304200,4334,0,0
48636530,0,0,12023,304200,4334,0,0
# MARK ram tick=48636530
48636531,0,44516,12023,111516,4334,0,0
48636532,0,44516,12023,111516,4334,0,0
48636533,0,44516,12023,111516,4334,0,0
48636534,0,44516,12000,111516,4334,0,0
48636535,0,0,12005,111516,4334,0,0
48636536,0,0,12005,111516,4334,0,0
48636962,0,0,62031,534200,174,1,0
48636963,0,0,62031,534200,174,0,0
48636964,0,0,62031,534200,0,0,0
48636965,0,0,62031,534200,0,0,0
48636966,0,0,62031,534200,0,0,0
48636967,7426,0,62031,534200,0,0,0
# MARK addr tick=48636967
48636968,7426,0,62031,534200,0,0,0
48636969,0,0,62003,534200,0,0,0
48636970,0,0,6003,534200,0,0,0
48636971,0,0,7426,534200,0,0,0
# MARK ram tick=48636971
48636972,0,14624,7426,31224,0,0,0
48636973,0,14624,7426,31224,0,0,0
48636974,0,14624,7426,31224,0,0,0
48636975,0,14624,6000,31224,0,0,0
48636976,0,0,6003,31224,0,0,0
48636977,0,0,6003,31224,0,0,0
48637020,0,0,14006,411623,145,1,0
48637021,0,0,14006,411623,145,0,0
48637022,0,0,14006,411623,0,0,0
48637023,0,0,14006,411623,0,0,0
48637024,0,0,14006,411623,0,0,0
48637025,7425,0,14006,411623,0,0,0
# MARK addr tick=48637025
48637026,7425,0,14006,411623,0,0,0
48637027,0,0,14003,411623,0,0,0
48637028,0,0,6003,411623,0,0,0
48637029,0,0,7425,411623,0,1,0
# MARK ram tick=48637029
48637030,0,0,7425,411623,0,0,0
48637031,0,0,7425,411623,2001,0,0
48637032,0,0,7425,411623,16625,0,0
48637033,0,0,6000,411623,16625,0,0
48637034,0,0,6003,411623,0,0,0
48637035,0,0,6003,411623,0,0,0
48637172,0,0,14006,111623,170,1,0
48637173,0,0,14006,111623,170,0,0
48637174,0,0,14006,111623,0,0,0
48637175,0,0,14006,111623,0,0,0
48637176,0,0,14006,111623,0,0,0
48637177,7425,0,14006,111623,0,0,0
# MARK addr tick=48637177
48637178,7425,0,14006,111623,0,0,0
48637179,0,0,14003,111623,0,0,0
48637180,0,0,6003,111623,0,0,0
48637181,0,0,7425,111623,0,0,0
# MARK ram tick=48637181
48637182,0,0,7425,400400,0,0,0
48637183,0,0,7425,400400,0,0,0
48637184,0,0,7425,400400,0,0,0
48637185,0,0,6000,400400,0,0,0
48637186,0,0,6003,400400,0,0,0
48637187,0,0,6003,400400,0,0,0
48638071,0,0,14006,61235,152,0,0
48638072,0,0,14006,61235,152,0,0
48638073,7437,0,14006,61235,152,0,0
48638074,7437,0,14006,61235,152,0,0
48638075,0,0,14003,61235,152,0,0
48638076,12023,0,6003,61235,152,0,0
# MARK addr tick=48638076
48638077,12023,0,7437,61235,152,1,0
48638078,12023,0,7437,61235,152,0,0
48638079,12023,0,7437,61235,145,0,0
48638080,12023,0,7437,61235,145,0,0
48638081,12023,0,6000,61235,145,0,0
48638082,12023,0,6003,61235,145,0,0
48643883,0,0,6003,417026,145,1,0
48643884,0,0,6003,417026,145,0,0
48643885,0,0,6003,417026,0,0,0
48643886,0,0,6003,417026,0,0,0
48643887,0,0,6003,417026,0,0,0
48643888,7426,0,6003,417026,0,0,0
# MARK addr tick=48643888
48643889,7426,0,6003,417026,0,0,0
48643890,0,0,6003,417026,0,0,0
48643891,14624,0,6003,417026,0,0,0
48643892,14624,0,7426,417026,0,1,0
# MARK ram tick=48643892
48643893,14624,0,7426,417026,0,0,0
48643894,14624,0,7426,417026,2001,0,0
48643895,14624,0,7426,417026,17155,0,0
48643896,14624,0,6000,417026,17155,0,0
48643897,14624,0,6003,417026,0,0,0
48643898,0,0,6003,417026,0,0,0
48644564,0,0,14006,61235,152,0,0
48644565,0,0,14006,61235,152,0,0
48644566,7463,0,14006,61235,152,0,0
48644567,7463,0,14006,61235,152,0,0
48644568,0,0,14003,61235,152,0,0
48644569,12023,0,6003,61235,152,0,0
# MARK addr tick=48644569
48644570,12023,0,7463,61235,152,1,0
48644571,12023,0,7463,61235,152,0,0
48644572,12023,0,7463,61235,145,0,0
48644573,12023,0,7463,61235,145,0,0
48644574,12023,0,6000,61235,145,0,0
48644575,12023,0,6003,61235,145,0,0
48645372,0,0,14006,304200,4332,1,0
48645373,0,0,14006,304200,4332,0,0
48645374,0,0,14006,304200,4334,0,0
48645375,0,0,14006,304200,4334,0,0
48645376,0,0,14006,304200,4334,0,0
48645377,12023,0,14006,304200,4334,0,0
# MARK addr tick=48645377
48645378,12023,0,14006,304200,4334,0,0
48645379,0,0,14005,304200,4334,0,0
48645380,0,0,12005,304200,4334,0,0
48645381,0,0,12023,304200,4334,0,0
# MARK ram tick=48645381
48645382,0,44516,12023,111516,4334,0,0
48645383,0,44516,12023,111516,4334,0,0
48645384,0,44516,12023,111516,4334,0,0
48645385,0,44516,12000,111516,4334,0,0
48645386,0,0,12005,111516,4334,0,0
48645387,0,0,12005,111516,4334,0,0
48646115,0,0,14006,304200,4332,1,0
48646116,0,0,14006,304200,4332,0,0
48646117,0,0,14006,304200,4333,0,0
48646118,0,0,14006,304200,4333,0,0
48646119,0,0,14006,304200,4333,0,0
48646120,12023,0,14006,304200,4333,0,0
# MARK addr tick=48646120
48646121,12023,0,14006,304200,4333,0,0
48646122,0,0,14005,304200,4333,0,0
48646123,0,0,12005,304200,4333,0,0
48646124,0,0,12023,304200,4333,0,0
# MARK ram tick=48646124
48646125,0,44516,12023,111516,4333,0,0
48646126,0,44516,12023,111516,4333,0,0
48646127,0,44516,12023,111516,4333,0,0
48646128,0,44516,12000,111516,4333,0,0
48646129,0,0,12005,111516,4333,0,0
48646130,0,0,12005,111516,4333,0,0
48646132,0,0,12005,111516,4333,1,0
48646133,0,0,12005,111516,4334,0,0
48646134,0,0,12005,111516,377,0,0
48646135,0,0,12005,111516,377,1,0
48646136,0,0,12005,111516,377,0,1
48646137,0,0,12023,111516,401,0,1
# MARK ram tick=48646137
48646138,0,0,12023,111516,16363,0,1
48646139,0,0,12023,111516,16363,0,1
48646140,0,0,12023,111516,0,0,1
48646141,0,0,12000,111516,0,0,1
48646142,0,0,12005,111516,0,0,1
48646143,14363,0,12005,111516,0,0,0
48652523,0,0,14006,304200,4332,1,0
48652524,0,0,14006,304200,4332,0,0
48652525,0,0,14006,304200,4334,0,0
48652526,0,0,14006,304200,4334,0,0
48652527,0,0,14006,304200,4334,0,0
48652528,12024,0,14006,304200,4334,0,0
# MARK addr tick=48652528
48652529,12024,0,14006,304200,4334,0,0
48652530,0,0,14005,304200,4334,0,0
48652531,0,0,12005,304200,4334,0,0
48652532,0,0,12024,304200,4334,0,0
# MARK ram tick=48652532
48652533,0,51524,12024,523124,4334,0,0
48652534,0,51524,12024,523124,4334,0,0
48652535,0,51524,12024,523124,4334,0,0
48652536,0,51524,12000,523124,4334,0,0
48652537,0,0,12005,523124,4334,0,0
48652538,0,0,12005,523124,4334,0,0
48653248,0,0,14006,304200,4332,1,0
48653249,0,0,14006,304200,4332,0,0
48653250,0,0,14006,304200,4333,0,0
48653251,0,0,14006,304200,4333,0,0
48653252,0,0,14006,304200,4333,0,0
48653253,12024,0,14006,304200,4333,0,0
# MARK addr tick=48653253
48653254,12024,0,14006,304200,4333,0,0
48653255,0,0,14005,304200,4333,0,0
48653256,0,0,12005,304200,4333,0,0
48653257,0,0,12024,304200,4333,0,0
# MARK ram tick=48653257
48653258,0,51524,12024,523124,4333,0,0
48653259,0,51524,12024,523124,4333,0,0
48653260,0,51524,12024,523124,4333,0,0
48653261,0,51524,12000,523124,4333,0,0
48653262,0,0,12005,523124,4333,0,0
48653263,0,0,12005,523124,4333,0,0
48653974,0,0,14006,304200,4332,1,0
48653975,0,0,14006,304200,4332,0,0
48653976,0,0,14006,304200,4334,0,0
48653977,0,0,14006,304200,4334,0,0
48653978,0,0,14006,304200,4334,0,0
48653979,12025,0,14006,304200,4334,0,0
# MARK addr tick=48653979
48653980,12025,0,14006,304200,4334,0,0
48653981,0,0,14005,304200,4334,0,0
48653982,0,0,12005,304200,4334,0,0
48653983,0,0,12025,304200,4334,0,0
# MARK ram tick=48653983
48653984,0,51125,12025,122525,4334,0,0
48653985,0,51125,12025,122525,4334,0,0
48653986,0,51125,12025,122525,4334,0,0
48653987,0,51125,12000,122525,4334,0,0
48653988,0,0,12005,122525,4334,0,0
48653989,0,0,12005,122525,4334,0,0
48660347,0,0,14006,304200,4332,1,0
48660348,0,0,14006,304200,4332,0,0
48660349,0,0,14006,304200,4333,0,0
48660350,0,0,14006,304200,4333,0,0
48660351,0,0,14006,304200,4333,0,0
48660352,12025,0,14006,304200,4333,0,0
# MARK addr tick=48660352
48660353,12025,0,14006,304200,4333,0,0
48660354,0,0,14005,304200,4333,0,0
48660355,0,0,12005,304200,4333,0,0
48660356,0,0,12025,304200,4333,0,0
# MARK ram tick=48660356
48660357,0,51125,12025,122525,4333,0,0
48660358,0,51125,12025,122525,4333,0,0
48660359,0,51125,12025,122525,4333,0,0
48660360,0,51125,12000,122525,4333,0,0
48660361,0,0,12005,122525,4333,0,0
48660362,0,0,12005,122525,4333,0,0
48661071,0,0,14006,304200,4332,1,0
48661072,0,0,14006,304200,4332,0,0
48661073,0,0,14006,304200,4334,0,0
48661074,0,0,14006,304200,4334,0,0
48661075,0,0,14006,304200,4334,0,0
48661076,12026,0,14006,304200,4334,0,0
# MARK addr tick=48661076
48661077,12026,0,14006,304200,4334,0,0
48661078,0,0,14005,304200,4334,0,0
48661079,0,0,12005,304200,4334,0,0
48661080,0,0,12026,304200,4334,0,0
# MARK ram tick=48661080
48661081,0,41524,12026,103124,4334,0,0
48661082,0,41524,12026,103124,4334,0,0
48661083,0,41524,12026,103124,4334,0,0
48661084,0,41524,12000,103124,4334,0,0
48661085,0,0,12005,103124,4334,0,0
48661086,0,0,12005,103124,4334,0,0
48661790,0,0,14006,304200,4332,1,0
48661791,0,0,14006,304200,4332,0,0
48661792,0,0,14006,304200,4333,0,0
48661793,0,0,14006,304200,4333,0,0
48661794,0,0,14006,304200,4333,0,0
48661795,12026,0,14006,304200,4333,0,0
# MARK addr tick=48661795
48661796,12026,0,14006,304200,4333,0,0
48661797,0,0,14005,304200,4333,0,0
48661798,0,0,12005,304200,4333,0,0
48661799,0,0,12026,304200,4333,0,0
# MARK ram tick=48661799
48661800,0,41524,12026,103124,4333,0,0
48661801,0,41524,12026,103124,4333,0,0
48661802,0,41524,12026,103124,4333,0,0
48661803,0,41524,12000,103124,4333,0,0
48661804,0,0,12005,103124,4333,0,0
48661805,0,0,12005,103124,4333,0,0
48662522,0,0,14362,304200,4334,0,1
48662523,0,0,14362,304200,4334,0,1
48662524,0,0,14362,304200,4334,0,1
48662525,0,0,14000,304200,4334,0,1
48662526,0,0,14006,304200,4334,0,1
48662527,12027,0,14006,304200,4334,0,0
# MARK addr tick=48662527
48662528,12027,0,14006,304200,4334,0,0
48662529,0,0,14005,304200,4334,0,0
48662530,0,0,12005,304200,4334,0,0
48662531,0,0,12027,304200,4334,0,0
# MARK ram tick=48662531
48662532,0,44517,12027,111117,4334,0,0
48662533,0,44517,12027,111117,4334,0,0
48662534,0,44517,12027,111117,4334,0,0
48662535,0,44517,12000,111117,4334,0,0
48662536,0,0,12005,111117,4334,0,0
48662537,0,0,12005,111117,4334,0,0
48668925,0,0,14006,304200,4332,1,0
48668926,0,0,14006,304200,4332,0,0
48668927,0,0,14006,304200,4333,0,0
48668928,0,0,14006,304200,4333,0,0
48668929,0,0,14006,304200,4333,0,0
48668930,12027,0,14006,304200,4333,0,0
# MARK addr tick=48668930
48668931,12027,0,14006,304200,4333,0,0
48668932,0,0,14005,304200,4333,0,0
48668933,0,0,12005,304200,4333,0,0
48668934,0,0,12027,304200,4333,0,0
# MARK ram tick=48668934
48668935,0,44517,12027,111117,4333,0,0
48668936,0,44517,12027,111117,4333,0,0
48668937,0,44517,12027,111117,4333,0,0
48668938,0,44517,12000,111117,4333,0,0
48668939,0,0,12005,111117,4333,0,0
48668940,0,0,12005,111117,4333,0,0
48742834,0,0,14006,304200,4332,1,0
48742835,0,0,14006,304200,4332,0,0
48742836,0,0,14006,304200,4334,0,0
48742837,0,0,14006,304200,4334,0,0
48742838,0,0,14006,304200,4334,0,0
48742839,12023,0,14006,304200,4334,0,0
# MARK addr tick=48742839
48742840,12023,0,14006,304200,4334,0,0
48742841,0,0,14005,304200,4334,0,0
48742842,0,0,12005,304200,4334,0,0
48742843,0,0,12023,304200,4334,0,0
# MARK ram tick=48742843
48742844,0,44516,12023,111516,4334,0,0
48742845,0,44516,12023,111516,4334,0,0
48742846,0,44516,12023,111516,4334,0,0
48742847,0,44516,12000,111516,4334,0,0
48742848,0,0,12005,111516,4334,0,0
48742849,0,0,12005,111516,4334,0,0
48743004,0,0,14006,304200,4332,1,0
48743005,0,0,14006,304200,4332,0,0
48743006,0,0,14006,304200,4334,0,0
48743007,0,0,14006,304200,4334,0,0
48743008,0,0,14006,304200,4334,0,0
48743009,12023,0,14006,304200,4334,0,0
# MARK addr tick=48743009
48743010,12023,0,14006,304200,4334,0,0
48743011,0,0,14005,304200,4334,0,0
48743012,0,0,12005,304200,4334,0,0
48743013,0,0,12023,304200,4334,0,0
# MARK ram tick=48743013
48743014,0,44516,12023,111516,4334,0,0
48743015,0,44516,12023,111516,4334,0,0
48743016,0,44516,12023,111516,4334,0,0
48743017,0,44516,12000,111516,4334,0,0
48743018,0,0,12005,111516,4334,0,0
48743019,0,0,12005,111516,4334,0,0
48743440,0,0,62031,534200,174,1,0
48743441,0,0,62031,534200,174,0,0
48743442,0,0,62031,534200,0,0,0
48743443,0,0,62031,534200,0,0,0
48743444,0,0,62031,534200,0,0,0
48743445,7426,0,62031,534200,0,0,0
# MARK addr tick=48743445
48743446,7426,0,62031,534200,0,0,0
48743447,0,0,62003,534200,0,0,0
48743448,0,0,6003,534200,0,0,0
48743449,0,0,7426,534200,0,0,0
# MARK ram tick=48743449
48743450,0,14624,7426,31224,0,0,0
48743451,0,14624,7426,31224,0,0,0
48743452,0,14624,7426,31224,0,0,0
48743453,0,14624,6000,31224,0,0,0
48743454,0,0,6003,31224,0,0,0
48743455,0,0,6003,31224,0,0,0
48743498,0,0,14006,411623,145,1,0
48743499,0,0,14006,411623,145,0,0
48743500,0,0,14006,411623,0,0,0
48743501,0,0,14006,411623,0,0,0
48743502,0,0,14006,411623,0,0,0
48743503,7425,0,14006,411623,0,0,0
# MARK addr tick=48743503
48743504,7425,0,14006,411623,0,0,0
48743505,0,0,14003,411623,0,0,0
48743506,0,0,6003,411623,0,0,0
48743507,0,0,7425,411623,0,1,0
# MARK ram tick=48743507
48743508,0,0,7425,411623,0,0,0
48743509,0,0,7425,411623,2001,0,0
48743510,0,0,7425,411623,16625,0,0
48743511,0,0,6000,411623,16625,0,0
48743512,0,0,6003,411623,0,0,0
48743513,0,0,6003,411623,0,0,0
48743650,0,0,14006,111623,170,1,0
48743651,0,0,14006,111623,170,0,0
48743652,0,0,14006,111623,0,0,0
48743653,0,0,14006,111623,0,0,0
48743654,0,0,14006,111623,0,0,0
48743655,7425,0,14006,111623,0,0,0
# MARK addr tick=48743655
48743656,7425,0,14006,111623,0,0,0
48743657,0,0,14003,111623,0,0,0
48743658,0,0,6003,111623,0,0,0
48743659,0,0,7425,111623,0,0,0
# MARK ram tick=48743659
48743660,0,0,7425,400400,0,0,0
48743661,0,0,7425,400400,0,0,0
48743662,0,0,7425,400400,0,0,0
48743663,0,0,6000,400400,0,0,0
48743664,0,0,6003,400400,0,0,0
48743665,0,0,6003,400400,0,0,0
48744248,0,0,14006,61235,152,0,0
48744249,0,0,14006,61235,152,0,0
48744250,7437,0,14006,61235,152,0,0
48744251,7437,0,14006,61235,152,0,0
48744252,0,0,14003,61235,152,0,0
48744253,12023,0,6003,61235,152,0,0
# MARK addr tick=48744253
48744254,12023,0,7437,61235,152,1,0
48744255,12023,0,7437,61235,152,0,0
48744256,12023,0,7437,61235,145,0,0
48744257,12023,0,7437,61235,145,0,0
48744258,12023,0,6000,61235,145,0,0
48744259,12023,0,6003,61235,145,0,0
48744397,0,0,6003,417026,145,1,0
48744398,0,0,6003,417026,145,0,0
48744399,0,0,6003,417026,0,0,0
48744400,0,0,6003,417026,0,0,0
48744401,0,0,6003,417026,0,0,0
48744402,7426,0,6003,417026,0,0,0
# MARK addr tick=48744402
48744403,7426,0,6003,417026,0,0,0
48744404,0,0,6003,417026,0,0,0
48744405,14624,0,6003,417026,0,0,0
48744406,14624,0,7426,417026,0,1,0
# MARK ram tick=48744406
48744407,14624,0,7426,417026,0,0,0
48744408,14624,0,7426,417026,2001,0,0
48744409,14624,0,7426,417026,17155,0,0
48744410,14624,0,6000,417026,17155,0,0
48744411,14624,0,6003,417026,0,0,0
48744412,0,0,6003,417026,0,0,0
48745087,0,0,14006,61235,152,0,0
48745088,0,0,14006,61235,152,0,0
48745089,7463,0,14006,61235,152,0,0
48745090,7463,0,14006,61235,152,0,0
48745091,0,0,14003,61235,152,0,0
48745092,12023,0,6003,61235,152,0,0
# MARK addr tick=48745092
48745093,12023,0,7463,61235,152,1,0
48745094,12023,0,7463,61235,152,0,0
48745095,12023,0,7463,61235,145,0,0
48745096,12023,0,7463,61235,145,0,0
48745097,12023,0,6000,61235,145,0,0
48745098,12023,0,6003,61235,145,0,0
48751556,0,0,14006,304200,4332,1,0
48751557,0,0,14006,304200,4332,0,0
48751558,0,0,14006,304200,4334,0,0
48751559,0,0,14006,304200,4334,0,0
48751560,0,0,14006,304200,4334,0,0
48751561,12023,0,14006,304200,4334,0,0
# MARK addr tick=48751561
48751562,12023,0,14006,304200,4334,0,0
48751563,0,0,14005,304200,4334,0,0
48751564,0,0,12005,304200,4334,0,0
48751565,0,0,12023,304200,4334,0,0
# MARK ram tick=48751565
48751566,0,44516,12023,111516,4334,0,0
48751567,0,44516,12023,111516,4334,0,0
48751568,0,44516,12023,111516,4334,0,0
48751569,0,44516,12000,111516,4334,0,0
48751570,0,0,12005,111516,4334,0,0
48751571,0,0,12005,111516,4334,0,0
48752303,0,0,14006,304200,4332,1,0
48752304,0,0,14006,304200,4332,0,0
48752305,0,0,14006,304200,4333,0,0
48752306,0,0,14006,304200,4333,0,0
48752307,0,0,14006,304200,4333,0,0
48752308,12023,0,14006,304200,4333,0,0
# MARK addr tick=48752308
48752309,12023,0,14006,304200,4333,0,0
48752310,0,0,14005,304200,4333,0,0
48752311,0,0,12005,304200,4333,0,0
48752312,0,0,12023,304200,4333,0,0
# MARK ram tick=48752312
48752313,0,44516,12023,111516,4333,0,0
48752314,0,44516,12023,111516,4333,0,0
48752315,0,44516,12023,111516,4333,0,0
48752316,0,44516,12000,111516,4333,0,0
48752317,0,0,12005,111516,4333,0,0
48752318,0,0,12005,111516,4333,0,0
48753052,0,0,14006,304200,4332,1,0
48753053,0,0,14006,304200,4332,0,0
48753054,0,0,14006,304200,4334,0,0
48753055,0,0,14006,304200,4334,0,0
48753056,0,0,14006,304200,4334,0,0
48753057,12024,0,14006,304200,4334,0,0
# MARK addr tick=48753057
48753058,12024,0,14006,304200,4334,0,0
48753059,0,0,14005,304200,4334,0,0
48753060,0,0,12005,304200,4334,0,0
48753061,0,0,12024,304200,4334,0,0
# MARK ram tick=48753061
48753062,0,51524,12024,523124,4334,0,0
48753063,0,51524,12024,523124,4334,0,0
48753064,0,51524,12024,523124,4334,0,0
48753065,0,51524,12000,523124,4334,0,0
48753066,0,0,12005,523124,4334,0,0
48753067,0,0,12005,523124,4334,0,0
48759438,0,0,14006,304200,4332,1,0
48759439,0,0,14006,304200,4332,0,0
48759440,0,0,14006,304200,4333,0,0
48759441,0,0,14006,304200,4333,0,0
48759442,0,0,14006,304200,4333,0,0
48759443,12024,0,14006,304200,4333,0,0
# MARK addr tick=48759443
48759444,12024,0,14006,304200,4333,0,0
48759445,0,0,14005,304200,4333,0,0
48759446,0,0,12005,304200,4333,0,0
48759447,0,0,12024,304200,4333,0,0
# MARK ram tick=48759447
48759448,0,51524,12024,523124,4333,0,0
48759449,0,51524,12024,523124,4333,0,0
48759450,0,51524,12024,523124,4333,0,0
48759451,0,51524,12000,523124,4333,0,0
48759452,0,0,12005,523124,4333,0,0
48759453,0,0,12005,523124,4333,0,0
48760157,0,0,14006,304200,4332,1,0
48760158,0,0,14006,304200,4332,0,0
48760159,0,0,14006,304200,4334,0,0
48760160,0,0,14006,304200,4334,0,0
48760161,0,0,14006,304200,4334,0,0
48760162,12025,0,14006,304200,4334,0,0
# MARK addr tick=48760162
48760163,12025,0,14006,304200,4334,0,0
48760164,0,0,14005,304200,4334,0,0
48760165,0,0,12005,304200,4334,0,0
48760166,0,0,12025,304200,4334,0,0
# MARK ram tick=48760166
48760167,0,51125,12025,122525,4334,0,0
48760168,0,51125,12025,122525,4334,0,0
48760169,0,51125,12025,122525,4334,0,0
48760170,0,51125,12000,122525,4334,0,0
48760171,0,0,12005,122525,4334,0,0
48760172,0,0,12005,122525,4334,0,0
48760875,0,0,14006,304200,4332,1,0
48760876,0,0,14006,304200,4332,0,0
48760877,0,0,14006,304200,4333,0,0
48760878,0,0,14006,304200,4333,0,0
48760879,0,0,14006,304200,4333,0,0
48760880,12025,0,14006,304200,4333,0,0
# MARK addr tick=48760880
48760881,12025,0,14006,304200,4333,0,0
48760882,0,0,14005,304200,4333,0,0
48760883,0,0,12005,304200,4333,0,0
48760884,0,0,12025,304200,4333,0,0
# MARK ram tick=48760884
48760885,0,51125,12025,122525,4333,0,0
48760886,0,51125,12025,122525,4333,0,0
48760887,0,51125,12025,122525,4333,0,0
48760888,0,51125,12000,122525,4333,0,0
48760889,0,0,12005,122525,4333,0,0
48760890,0,0,12005,122525,4333,0,0
48761599,0,0,14006,304200,4332,1,0
48761600,0,0,14006,304200,4332,0,0
48761601,0,0,14006,304200,4334,0,0
48761602,0,0,14006,304200,4334,0,0
48761603,0,0,14006,304200,4334,0,0
48761604,12026,0,14006,304200,4334,0,0
# MARK addr tick=48761604
48761605,12026,0,14006,304200,4334,0,0
48761606,0,0,14005,304200,4334,0,0
48761607,0,0,12005,304200,4334,0,0
48761608,0,0,12026,304200,4334,0,0
# MARK ram tick=48761608
48761609,0,41524,12026,103124,4334,0,0
48761610,0,41524,12026,103124,4334,0,0
48761611,0,41524,12026,103124,4334,0,0
48761612,0,41524,12000,103124,4334,0,0
48761613,0,0,12005,103124,4334,0,0
48761614,0,0,12005,103124,4334,0,0
48767994,0,0,14362,304200,4333,0,1
48767995,0,0,14362,304200,4333,0,1
48767996,0,0,14362,304200,4333,0,1
48767997,0,0,14000,304200,4333,0,1
48767998,0,0,14006,304200,4333,0,1
48767999,12026,0,14006,304200,4333,0,0
# MARK addr tick=48767999
48768000,12026,0,14006,304200,4333,0,0
48768001,0,0,14005,304200,4333,0,0
48768002,0,0,12005,304200,4333,0,0
48768003,0,0,12026,304200,4333,0,0
# MARK ram tick=48768003
48768004,0,41524,12026,103124,4333,0,0
48768005,0,41524,12026,103124,4333,0,0
48768006,0,41524,12026,103124,4333,0,0
48768007,0,41524,12000,103124,4333,0,0
48768008,0,0,12005,103124,4333,0,0
48768009,0,0,12005,103124,4333,0,0
48768715,0,0,14006,304200,4332,1,0
48768716,0,0,14006,304200,4332,0,0
48768717,0,0,14006,304200,4334,0,0
48768718,0,0,14006,304200,4334,0,0
48768719,0,0,14006,304200,4334,0,0
48768720,12027,0,14006,304200,4334,0,0
# MARK addr tick=48768720
48768721,12027,0,14006,304200,4334,0,0
48768722,0,0,14005,304200,4334,0,0
48768723,0,0,12005,304200,4334,0,0
48768724,0,0,12027,304200,4334,0,0
# MARK ram tick=48768724
48768725,0,44517,12027,111117,4334,0,0
48768726,0,44517,12027,111117,4334,0,0
48768727,0,44517,12027,111117,4334,0,0
48768728,0,44517,12000,111117,4334,0,0
48768729,0,0,12005,111117,4334,0,0
48768730,0,0,12005,111117,4334,0,0
48769452,0,0,14006,304200,4332,1,0
48769453,0,0,14006,304200,4332,0,0
48769454,0,0,14006,304200,4333,0,0
48769455,0,0,14006,304200,4333,0,0
48769456,0,0,14006,304200,4333,0,0
48769457,12027,0,14006,304200,4333,0,0
# MARK addr tick=48769457
48769458,12027,0,14006,304200,4333,0,0
48769459,0,0,14005,304200,4333,0,0
48769460,0,0,12005,304200,4333,0,0
48769461,0,0,12027,304200,4333,0,0
# MARK ram tick=48769461
48769462,0,44517,12027,111117,4333,0,0
48769463,0,44517,12027,111117,4333,0,0
48769464,0,44517,12027,111117,4333,0,0
48769465,0,44517,12000,111117,4333,0,0
48769466,0,0,12005,111117,4333,0,0
48769467,0,0,12005,111117,4333,0,0
48843214,0,0,14006,304200,4332,1,0
48843215,0,0,14006,304200,4332,0,0
48843216,0,0,14006,304200,4334,0,0
48843217,0,0,14006,304200,4334,0,0
48843218,0,0,14006,304200,4334,0,0
48843219,12023,0,14006,304200,4334,0,0
# MARK addr tick=48843219
48843220,12023,0,14006,304200,4334,0,0
48843221,0,0,14005,304200,4334,0,0
48843222,0,0,12005,304200,4334,0,0
48843223,0,0,12023,304200,4334,0,0
# MARK ram tick=48843223
48843224,0,44516,12023,111516,4334,0,0
48843225,0,44516,12023,111516,4334,0,0
48843226,0,44516,12023,111516,4334,0,0
48843227,0,44516,12000,111516,4334,0,0
48843228,0,0,12005,111516,4334,0,0
48843229,0,0,12005,111516,4334,0,0
48843386,0,0,14006,304200,4332,1,0
48843387,0,0,14006,304200,4332,0,0
48843388,0,0,14006,304200,4334,0,0
48843389,0,0,14006,304200,4334,0,0
48843390,0,0,14006,304200,4334,0,0
48843391,12023,0,14006,304200,4334,0,0
# MARK addr tick=48843391
48843392,12023,0,14006,304200,4334,0,0
48843393,0,0,14005,304200,4334,0,0
48843394,0,0,12005,304200,4334,0,0
48843395,0,0,12023,304200,4334,0,0
# MARK ram tick=48843395
48843396,0,44516,12023,111516,4334,0,0
48843397,0,44516,12023,111516,4334,0,0
48843398,0,44516,12023,111516,4334,0,0
48843399,0,44516,12000,111516,4334,0,0
48843400,0,0,12005,111516,4334,0,0
48843401,0,0,12005,111516,4334,0,0
48843827,0,0,62031,534200,174,1,0
48843828,0,0,62031,534200,174,0,0
48843829,0,0,62031,534200,0,0,0
48843830,0,0,62031,534200,0,0,0
48843831,0,0,62031,534200,0,0,0
48843832,7426,0,62031,534200,0,0,0
# MARK addr tick=48843832
48843833,7426,0,62031,534200,0,0,0
48843834,0,0,62003,534200,0,0,0
48843835,0,0,6003,534200,0,0,0
48843836,0,0,7426,534200,0,0,0
# MARK ram tick=48843836
48843837,0,14624,7426,31224,0,0,0
48843838,0,14624,7426,31224,0,0,0
48843839,0,14624,7426,31224,0,0,0
48843840,0,14624,6000,31224,0,0,0
48843841,0,0,6003,31224,0,0,0
48843842,0,0,6003,31224,0,0,0
48843885,0,0,14006,411623,145,1,0
48843886,0,0,14006,411623,145,0,0
48843887,0,0,14006,411623,0,0,0
48843888,0,0,14006,411623,0,0,0
48843889,0,0,14006,411623,0,0,0
48843890,7425,0,14006,411623,0,0,0
# MARK addr tick=48843890
48843891,7425,0,14006,411623,0,0,0
48843892,0,0,14003,411623,0,0,0
48843893,0,0,6003,411623,0,0,0
48843894,0,0,7425,411623,0,1,0
# MARK ram tick=48843894
48843895,0,0,7425,411623,0,0,0
48843896,0,0,7425,411623,2001,0,0
48843897,0,0,7425,411623,16625,0,0
48843898,0,0,6000,411623,16625,0,0
48843899,0,0,6003,411623,0,0,0
48843900,0,0,6003,411623,0,0,0
48844037,0,0,14006,111623,170,1,0
48844038,0,0,14006,111623,170,0,0
48844039,0,0,14006,111623,0,0,0
48844040,0,0,14006,111623,0,0,0
48844041,0,0,14006,111623,0,0,0
48844042,7425,0,14006,111623,0,0,0
# MARK addr tick=48844042
48844043,7425,0,14006,111623,0,0,0
48844044,0,0,14003,111623,0,0,0
48844045,0,0,6003,111623,0,0,0
48844046,0,0,7425,111623,0,0,0
# MARK ram tick=48844046
48844047,0,0,7425,400400,0,0,0
48844048,0,0,7425,400400,0,0,0
48844049,0,0,7425,400400,0,0,0
48844050,0,0,6000,400400,0,0,0
48844051,0,0,6003,400400,0,0,0
48844052,0,0,6003,400400,0,0,0
48844276,0,0,6003,400400,1156,0,0
48844277,0,0,6003,400400,1156,1,0
48844278,0,0,6003,400400,1156,0,0
48844279,0,0,6003,400400,1156,0,0
48844280,0,0,6003,400400,1156,1,1
48844281,0,0,7425,400400,1156,0,1
# MARK ram tick=48844281
48844282,0,0,7425,400400,1156,0,1
48844283,0,0,7425,400400,1156,1,1
48844284,0,0,7425,400400,1156,0,1
48844285,0,0,6000,400400,1156,0,1
48844286,0,0,6003,400400,1156,1,1
48844287,0,0,6003,400400,1156,0,0
48850295,0,0,14006,61235,152,0,0
48850296,0,0,14006,61235,152,0,0
48850297,7437,0,14006,61235,152,0,0
48850298,7437,0,14006,61235,152,0,0
48850299,0,0,14003,61235,152,0,0
48850300,12023,0,6003,61235,152,0,0
# MARK addr tick=48850300
48850301,12023,0,7437,61235,152,1,0
48850302,12023,0,7437,61235,152,0,0
48850303,12023,0,7437,61235,145,0,0
48850304,12023,0,7437,61235,145,0,0
48850305,12023,0,6000,61235,145,0,0
48850306,12023,0,6003,61235,145,0,0
48850446,0,0,6003,417026,145,1,0
48850447,0,0,6003,417026,145,0,0
48850448,0,0,6003,417026,0,0,0
48850449,0,0,6003,417026,0,0,0
48850450,0,0,6003,417026,0,0,0
48850451,7426,0,6003,417026,0,0,0
# MARK addr tick=48850451
48850452,7426,0,6003,417026,0,0,0
48850453,0,0,6003,417026,0,0,0
48850454,14624,0,6003,417026,0,0,0
48850455,14624,0,7426,417026,0,1,0
# MARK ram tick=48850455
48850456,14624,0,7426,417026,0,0,0
48850457,14624,0,7426,417026,2001,0,0
48850458,14624,0,7426,417026,17155,0,0
48850459,14624,0,6000,417026,17155,0,0
48850460,14624,0,6003,417026,0,0,0
48850461,0,0,6003,417026,0,0,0
48851133,0,0,14006,61235,152,0,0
48851134,0,0,14006,61235,152,0,0
48851135,7463,0,14006,61235,152,0,0
48851136,7463,0,14006,61235,152,0,0
48851137,0,0,14003,61235,152,0,0
48851138,12023,0,6003,61235,152,0,0
# MARK addr tick=48851138
48851139,12023,0,7463,61235,152,1,0
48851140,12023,0,7463,61235,152,0,0
48851141,12023,0,7463,61235,145,0,0
48851142,12023,0,7463,61235,145,0,0
48851143,12023,0,6000,61235,145,0,0
48851144,12023,0,6003,61235,145,0,0
48851934,0,0,14006,304200,4332,1,0
48851935,0,0,14006,304200,4332,0,0
48851936,0,0,14006,304200,4334,0,0
48851937,0,0,14006,304200,4334,0,0
48851938,0,0,14006,304200,4334,0,0
48851939,12023,0,14006,304200,4334,0,0
# MARK addr tick=48851939
48851940,12023,0,14006,304200,4334,0,0
48851941,0,0,14005,304200,4334,0,0
48851942,0,0,12005,304200,4334,0,0
48851943,0,0,12023,304200,4334,0,0
# MARK ram tick=48851943
48851944,0,44516,12023,111516,4334,0,0
48851945,0,44516,12023,111516,4334,0,0
48851946,0,44516,12023,111516,4334,0,0
48851947,0,44516,12000,111516,4334,0,0
48851948,0,0,12005,111516,4334,0,0
48851949,0,0,12005,111516,4334,0,0
48851956,0,0,12005,111516,377,0,0
48851957,0,0,12005,111516,377,1,0
48851958,0,0,12005,111516,377,0,0
48851959,0,0,12005,111516,401,0,0
48851960,0,0,12005,111516,16363,0,1
48851961,0,0,12023,111516,16363,0,1
# MARK ram tick=48851961
48851962,0,0,12023,111516,0,0,1
48851963,0,0,12023,111516,0,0,1
48851964,0,0,12023,111516,0,0,1
48851965,0,0,12000,111516,0,0,1
48851966,0,0,12005,111516,0,0,1
48851967,14363,0,12005,111516,0,0,0
48858337,0,0,14006,304200,4332,1,0
48858338,0,0,14006,304200,4332,0,0
48858339,0,0,14006,304200,4333,0,0
48858340,0,0,14006,304200,4333,0,0
48858341,0,0,14006,304200,4333,0,0
48858342,12023,0,14006,304200,4333,0,0
# MARK addr tick=48858342
48858343,12023,0,14006,304200,4333,0,0
48858344,0,0,14005,304200,4333,0,0
48858345,0,0,12005,304200,4333,0,0
48858346,0,0,12023,304200,4333,0,0
# MARK ram tick=48858346
48858347,0,44516,12023,111516,4333,0,0
48858348,0,44516,12023,111516,4333,0,0
48858349,0,44516,12023,111516,4333,0,0
48858350,0,44516,12000,111516,4333,0,0
48858351,0,0,12005,111516,4333,0,0
48858352,0,0,12005,111516,4333,0,0
48859086,0,0,14006,304200,4332,1,0
48859087,0,0,14006,304200,4332,0,0
48859088,0,0,14006,304200,4334,0,0
48859089,0,0,14006,304200,4334,0,0
48859090,0,0,14006,304200,4334,0,0
48859091,12024,0,14006,304200,4334,0,0
# MARK addr tick=48859091
48859092,12024,0,14006,304200,4334,0,0
48859093,0,0,14005,304200,4334,0,0
48859094,0,0,12005,304200,4334,0,0
48859095,0,0,12024,304200,4334,0,0
# MARK ram tick=48859095
48859096,0,51524,12024,523124,4334,0,0
48859097,0,51524,12024,523124,4334,0,0
48859098,0,51524,12024,523124,4334,0,0
48859099,0,51524,12000,523124,4334,0,0
48859100,0,0,12005,523124,4334,0,0
48859101,0,0,12005,523124,4334,0,0
48859815,0,0,14006,304200,4332,1,0
48859816,0,0,14006,304200,4332,0,0
48859817,0,0,14006,304200,4333,0,0
48859818,0,0,14006,304200,4333,0,0
48859819,0,0,14006,304200,4333,0,0
48859820,12024,0,14006,304200,4333,0,0
# MARK addr tick=48859820
48859821,12024,0,14006,304200,4333,0,0
48859822,0,0,14005,304200,4333,0,0
48859823,0,0,12005,304200,4333,0,0
48859824,0,0,12024,304200,4333,0,0
# MARK ram tick=48859824
48859825,0,51524,12024,523124,4333,0,0
48859826,0,51524,12024,523124,4333,0,0
48859827,0,51524,12024,523124,4333,0,0
48859828,0,51524,12000,523124,4333,0,0
48859829,0,0,12005,523124,4333,0,0
48859830,0,0,12005,523124,4333,0,0
48866188,0,0,14006,304200,4332,1,0
48866189,0,0,14006,304200,4332,0,0
48866190,0,0,14006,304200,4334,0,0
48866191,0,0,14006,304200,4334,0,0
48866192,0,0,14006,304200,4334,0,0
48866193,12025,0,14006,304200,4334,0,0
# MARK addr tick=48866193
48866194,12025,0,14006,304200,4334,0,0
48866195,0,0,14005,304200,4334,0,0
48866196,0,0,12005,304200,4334,0,0
48866197,0,0,12025,304200,4334,0,0
# MARK ram tick=48866197
48866198,0,51125,12025,122525,4334,0,0
48866199,0,51125,12025,122525,4334,0,0
48866200,0,51125,12025,122525,4334,0,0
48866201,0,51125,12000,122525,4334,0,0
48866202,0,0,12005,122525,4334,0,0
48866203,0,0,12005,122525,4334,0,0
48866921,0,0,14006,304200,4332,1,0
48866922,0,0,14006,304200,4332,0,0
48866923,0,0,14006,304200,4333,0,0
48866924,0,0,14006,304200,4333,0,0
48866925,0,0,14006,304200,4333,0,0
48866926,12025,0,14006,304200,4333,0,0
# MARK addr tick=48866926
48866927,12025,0,14006,304200,4333,0,0
48866928,0,0,14005,304200,4333,0,0
48866929,0,0,12005,304200,4333,0,0
48866930,0,0,12025,304200,4333,0,0
# MARK ram tick=48866930
48866931,0,51125,12025,122525,4333,0,0
48866932,0,51125,12025,122525,4333,0,0
48866933,0,51125,12025,122525,4333,0,0
48866934,0,51125,12000,122525,4333,0,0
48866935,0,0,12005,122525,4333,0,0
48866936,0,0,12005,122525,4333,0,0
48867643,0,0,14006,304200,4332,1,0
48867644,0,0,14006,304200,4332,0,0
48867645,0,0,14006,304200,4334,0,0
48867646,0,0,14006,304200,4334,0,0
48867647,0,0,14006,304200,4334,0,0
48867648,12026,0,14006,304200,4334,0,0
# MARK addr tick=48867648
48867649,12026,0,14006,304200,4334,0,0
48867650,0,0,14005,304200,4334,0,0
48867651,0,0,12005,304200,4334,0,0
48867652,0,0,12026,304200,4334,0,0
# MARK ram tick=48867652
48867653,0,41524,12026,103124,4334,0,0
48867654,0,41524,12026,103124,4334,0,0
48867655,0,41524,12026,103124,4334,0,0
48867656,0,41524,12000,103124,4334,0,0
48867657,0,0,12005,103124,4334,0,0
48867658,0,0,12005,103124,4334,0,0
48868372,0,0,14006,304200,4332,1,0
48868373,0,0,14006,304200,4332,0,0
48868374,0,0,14006,304200,4333,0,0
48868375,0,0,14006,304200,4333,0,0
48868376,0,0,14006,304200,4333,0,0
48868377,12026,0,14006,304200,4333,0,0
# MARK addr tick=48868377
48868378,12026,0,14006,304200,4333,0,0
48868379,0,0,14005,304200,4333,0,0
48868380,0,0,12005,304200,4333,0,0
48868381,0,0,12026,304200,4333,0,0
# MARK ram tick=48868381
48868382,0,41524,12026,103124,4333,0,0
48868383,0,41524,12026,103124,4333,0,0
48868384,0,41524,12026,103124,4333,0,0
48868385,0,41524,12000,103124,4333,0,0
48868386,0,0,12005,103124,4333,0,0
48868387,0,0,12005,103124,4333,0,0
48874748,0,0,14006,304200,4332,1,0
48874749,0,0,14006,304200,4332,0,0
48874750,0,0,14006,304200,4334,0,0
48874751,0,0,14006,304200,4334,0,0
48874752,0,0,14006,304200,4334,0,0
48874753,12027,0,14006,304200,4334,0,0
# MARK addr tick=48874753
48874754,12027,0,14006,304200,4334,0,0
48874755,0,0,14005,304200,4334,0,0
48874756,0,0,12005,304200,4334,0,0
48874757,0,0,12027,304200,4334,0,0
# MARK ram tick=48874757
48874758,0,44517,12027,111117,4334,0,0
48874759,0,44517,12027,111117,4334,0,0
48874760,0,44517,12027,111117,4334,0,0
48874761,0,44517,12000,111117,4334,0,0
48874762,0,0,12005,111117,4334,0,0
48874763,0,0,12005,111117,4334,0,0
48875491,0,0,14006,304200,4332,1,0
48875492,0,0,14006,304200,4332,0,0
48875493,0,0,14006,304200,4333,0,0
48875494,0,0,14006,304200,4333,0,0
48875495,0,0,14006,304200,4333,0,0
48875496,12027,0,14006,304200,4333,0,0
# MARK addr tick=48875496
48875497,12027,0,14006,304200,4333,0,0
48875498,0,0,14005,304200,4333,0,0
48875499,0,0,12005,304200,4333,0,0
48875500,0,0,12027,304200,4333,0,0
# MARK ram tick=48875500
48875501,0,44517,12027,111117,4333,0,0
48875502,0,44517,12027,111117,4333,0,0
48875503,0,44517,12027,111117,4333,0,0
48875504,0,44517,12000,111117,4333,0,0
48875505,0,0,12005,111117,4333,0,0
48875506,0,0,12005,111117,4333,0,0
48875508,0,0,12005,111117,4333,1,0
48875509,0,0,12005,111117,4334,0,0
48875510,0,0,12005,111117,377,0,0
48875511,0,0,12005,111117,377,1,0
48875512,0,0,12005,111117,377,0,1
48875513,0,0,12027,111117,401,0,1
# MARK ram tick=48875513
48875514,0,0,12027,111117,16363,0,1
48875515,0,0,12027,111117,16363,0,1
48875516,0,0,12027,111117,0,0,1
48875517,0,0,12000,111117,0,0,1
48875518,0,0,12005,111117,0,0,1
48875519,14363,0,12005,111117,0,0,0
48925767,0,0,14006,304200,4332,1,0
48925768,0,0,14006,304200,4332,0,0
48925769,0,0,14006,304200,4334,0,0
48925770,0,0,14006,304200,4334,0,0
48925771,0,0,14006,304200,4334,0,0
48925772,12023,0,14006,304200,4334,0,0
# MARK addr tick=48925772
48925773,12023,0,14006,304200,4334,0,0
48925774,0,0,14005,304200,4334,0,0
48925775,0,0,12005,304200,4334,0,0
48925776,0,0,12023,304200,4334,0,0
# MARK ram tick=48925776
48925777,0,44516,12023,111516,4334,0,0
48925778,0,44516,12023,111516,4334,0,0
48925779,0,44516,12023,111516,4334,0,0
48925780,0,44516,12000,111516,4334,0,0
48925781,0,0,12005,111516,4334,0,0
48925782,0,0,12005,111516,4334,0,0
48925935,0,0,14006,304200,4332,1,0
48925936,0,0,14006,304200,4332,0,0
48925937,0,0,14006,304200,4334,0,0
48925938,0,0,14006,304200,4334,0,0
48925939,0,0,14006,304200,4334,0,0
48925940,12023,0,14006,304200,4334,0,0
# MARK addr tick=48925940
48925941,12023,0,14006,304200,4334,0,0
48925942,0,0,14005,304200,4334,0,0
48925943,0,0,12005,304200,4334,0,0
48925944,0,0,12023,304200,4334,0,0
# MARK ram tick=48925944
48925945,0,44516,12023,111516,4334,0,0
48925946,0,44516,12023,111516,4334,0,0
48925947,0,44516,12023,111516,4334,0,0
48925948,0,44516,12000,111516,4334,0,0
48925949,0,0,12005,111516,4334,0,0
48925950,0,0,12005,111516,4334,0,0
48926373,0,0,62031,534200,174,1,0
48926374,0,0,62031,534200,174,0,0
48926375,0,0,62031,534200,0,0,0
48926376,0,0,62031,534200,0,0,0
48926377,0,0,62031,534200,0,0,0
48926378,7426,0,62031,534200,0,0,0
# MARK addr tick=48926378
48926379,7426,0,62031,534200,0,0,0
48926380,0,0,62003,534200,0,0,0
48926381,0,0,6003,534200,0,0,0
48926382,0,0,7426,534200,0,0,0
# MARK ram tick=48926382
48926383,0,14624,7426,31224,0,0,0
48926384,0,14624,7426,31224,0,0,0
48926385,0,14624,7426,31224,0,0,0
48926386,0,14624,6000,31224,0,0,0
48926387,0,0,6003,31224,0,0,0
48926388,0,0,6003,31224,0,0,0
48926431,0,0,14006,411623,145,1,0
48926432,0,0,14006,411623,145,0,0
48926433,0,0,14006,411623,0,0,0
48926434,0,0,14006,411623,0,0,0
48926435,0,0,14006,411623,0,0,0
48926436,7425,0,14006,411623,0,0,0
# MARK addr tick=48926436
48926437,7425,0,14006,411623,0,0,0
48926438,0,0,14003,411623,0,0,0
48926439,0,0,6003,411623,0,0,0
48926440,0,0,7425,411623,0,1,0
# MARK ram tick=48926440
48926441,0,0,7425,411623,0,0,0
48926442,0,0,7425,411623,17,0,0
48926443,0,0,7425,411623,16,0,0
48926444,0,0,6000,411623,16,1,0
48926445,0,0,6003,411623,16,1,0
48926446,0,0,6003,411623,16,0,0
48932238,0,0,14006,111623,170,1,0
48932239,0,0,14006,111623,170,0,0
48932240,0,0,14006,111623,0,0,0
48932241,0,0,14006,111623,0,0,0
48932242,0,0,14006,111623,0,0,0
48932243,7425,0,14006,111623,0,0,0
# MARK addr tick=48932243
48932244,7425,0,14006,111623,0,0,0
48932245,0,0,14003,111623,0,0,0
48932246,0,0,6003,111623,0,0,0
48932247,0,0,7425,111623,0,0,0
# MARK ram tick=48932247
48932248,0,0,7425,400400,0,0,0
48932249,0,0,7425,400400,0,0,0
48932250,0,0,7425,400400,0,0,0
48932251,0,0,6000,400400,0,0,0
48932252,0,0,6003,400400,0,0,0
48932253,0,0,6003,400400,0,0,0
48932840,0,0,14006,61235,152,0,0
48932841,0,0,14006,61235,152,0,0
48932842,7437,0,14006,61235,152,0,0
48932843,7437,0,14006,61235,152,0,0
48932844,0,0,14003,61235,152,0,0
48932845,12023,0,6003,61235,152,0,0
# MARK addr tick=48932845
48932846,12023,0,7437,61235,152,1,0
48932847,12023,0,7437,61235,152,0,0
48932848,12023,0,7437,61235,145,0,0
48932849,12023,0,7437,61235,145,0,0
48932850,12023,0,6000,61235,145,0,0
48932851,12023,0,6003,61235,145,0,0
48932997,0,0,6003,417026,145,1,0
48932998,0,0,6003,417026,145,0,0
48932999,0,0,6003,417026,0,0,0
48933000,0,0,6003,417026,0,0,0
48933001,0,0,6003,417026,0,0,0
48933002,7426,0,6003,417026,0,0,0
# MARK addr tick=48933002
48933003,7426,0,6003,417026,0,0,0
48933004,0,0,6003,417026,0,0,0
48933005,14624,0,6003,417026,0,0,0
48933006,14624,0,7426,417026,0,1,0
# MARK ram tick=48933006
48933007,14624,0,7426,417026,0,0,0
48933008,14624,0,7426,417026,2001,0,0
48933009,14624,0,7426,417026,17155,0,0
48933010,14624,0,6000,417026,17155,0,0
48933011,14624,0,6003,417026,0,0,0
48933012,0,0,6003,417026,0,0,0
48933680,0,0,14006,61235,152,0,0
48933681,0,0,14006,61235,152,0,0
48933682,7463,0,14006,61235,152,0,0
48933683,7463,0,14006,61235,152,0,0
48933684,0,0,14003,61235,152,0,0
48933685,12023,0,6003,61235,152,0,0
# MARK addr tick=48933685
48933686,12023,0,7463,61235,152,1,0
48933687,12023,0,7463,61235,152,0,0
48933688,12023,0,7463,61235,145,0,0
48933689,12023,0,7463,61235,145,0,0
48933690,12023,0,6000,61235,145,0,0
48933691,12023,0,6003,61235,145,0,0
48934493,0,0,14006,304200,4332,1,0
48934494,0,0,14006,304200,4332,0,0
48934495,0,0,14006,304200,4334,0,0
48934496,0,0,14006,304200,4334,0,0
48934497,0,0,14006,304200,4334,0,0
48934498,12023,0,14006,304200,4334,0,0
# MARK addr tick=48934498
48934499,12023,0,14006,304200,4334,0,0
48934500,0,0,14005,304200,4334,0,0
48934501,0,0,12005,304200,4334,0,0
48934502,0,0,12023,304200,4334,0,0
# MARK ram tick=48934502
48934503,0,44516,12023,111516,4334,0,0
48934504,0,44516,12023,111516,4334,0,0
48934505,0,44516,12023,111516,4334,0,0
48934506,0,44516,12000,111516,4334,0,0
48934507,0,0,12005,111516,4334,0,0
48934508,0,0,12005,111516,4334,0,0
48940891,0,0,14006,304200,4332,1,0
48940892,0,0,14006,304200,4332,0,0
48940893,0,0,14006,304200,4333,0,0
48940894,0,0,14006,304200,4333,0,0
48940895,0,0,14006,304200,4333,0,0
48940896,12023,0,14006,304200,4333,0,0
# MARK addr tick=48940896
48940897,12023,0,14006,304200,4333,0,0
48940898,0,0,14005,304200,4333,0,0
48940899,0,0,12005,304200,4333,0,0
48940900,0,0,12023,304200,4333,0,0
# MARK ram tick=48940900
48940901,0,44516,12023,111516,4333,0,0
48940902,0,44516,12023,111516,4333,0,0
48940903,0,44516,12023,111516,4333,0,0
48940904,0,44516,12000,111516,4333,0,0
48940905,0,0,12005,111516,4333,0,0
48940906,0,0,12005,111516,4333,0,0
48941642,0,0,14006,304200,4332,1,0
48941643,0,0,14006,304200,4332,0,0
48941644,0,0,14006,304200,4334,0,0
48941645,0,0,14006,304200,4334,0,0
48941646,0,0,14006,304200,4334,0,0
48941647,12024,0,14006,304200,4334,0,0
# MARK addr tick=48941647
48941648,12024,0,14006,304200,4334,0,0
48941649,0,0,14005,304200,4334,0,0
48941650,0,0,12005,304200,4334,0,0
48941651,0,0,12024,304200,4334,0,0
# MARK ram tick=48941651
48941652,0,51524,12024,523124,4334,0,0
48941653,0,51524,12024,523124,4334,0,0
48941654,0,51524,12024,523124,4334,0,0
48941655,0,51524,12000,523124,4334,0,0
48941656,0,0,12005,523124,4334,0,0
48941657,0,0,12005,523124,4334,0,0
48942366,0,0,14006,304200,4332,1,0
48942367,0,0,14006,304200,4332,0,0
48942368,0,0,14006,304200,4333,0,0
48942369,0,0,14006,304200,4333,0,0
48942370,0,0,14006,304200,4333,0,0
48942371,12024,0,14006,304200,4333,0,0
# MARK addr tick=48942371
48942372,12024,0,14006,304200,4333,0,0
48942373,0,0,14005,304200,4333,0,0
48942374,0,0,12005,304200,4333,0,0
48942375,0,0,12024,304200,4333,0,0
# MARK ram tick=48942375
48942376,0,51524,12024,523124,4333,0,0
48942377,0,51524,12024,523124,4333,0,0
48942378,0,51524,12024,523124,4333,0,0
48942379,0,51524,12000,523124,4333,0,0
48942380,0,0,12005,523124,4333,0,0
48942381,0,0,12005,523124,4333,0,0
48948756,0,0,14006,304200,4332,1,0
48948757,0,0,14006,304200,4332,0,0
48948758,0,0,14006,304200,4334,0,0
48948759,0,0,14006,304200,4334,0,0
48948760,0,0,14006,304200,4334,0,0
48948761,12025,0,14006,304200,4334,0,0
# MARK addr tick=48948761
48948762,12025,0,14006,304200,4334,0,0
48948763,0,0,14005,304200,4334,0,0
48948764,0,0,12005,304200,4334,0,0
48948765,0,0,12025,304200,4334,0,0
# MARK ram tick=48948765
48948766,0,51125,12025,122525,4334,0,0
48948767,0,51125,12025,122525,4334,0,0
48948768,0,51125,12025,122525,4334,0,0
48948769,0,51125,12000,122525,4334,0,0
48948770,0,0,12005,122525,4334,0,0
48948771,0,0,12005,122525,4334,0,0
48949474,0,0,14006,304200,4332,1,0
48949475,0,0,14006,304200,4332,0,0
48949476,0,0,14006,304200,4333,0,0
48949477,0,0,14006,304200,4333,0,0
48949478,0,0,14006,304200,4333,0,0
48949479,12025,0,14006,304200,4333,0,0
# MARK addr tick=48949479
48949480,12025,0,14006,304200,4333,0,0
48949481,0,0,14005,304200,4333,0,0
48949482,0,0,12005,304200,4333,0,0
48949483,0,0,12025,304200,4333,0,0
# MARK ram tick=48949483
48949484,0,51125,12025,122525,4333,0,0
48949485,0,51125,12025,122525,4333,0,0
48949486,0,51125,12025,122525,4333,0,0
48949487,0,51125,12000,122525,4333,0,0
48949488,0,0,12005,122525,4333,0,0
48949489,0,0,12005,122525,4333,0,0
48950196,0,0,14006,304200,4332,1,0
48950197,0,0,14006,304200,4332,0,0
48950198,0,0,14006,304200,4334,0,0
48950199,0,0,14006,304200,4334,0,0
48950200,0,0,14006,304200,4334,0,0
48950201,12026,0,14006,304200,4334,0,0
# MARK addr tick=48950201
48950202,12026,0,14006,304200,4334,0,0
48950203,0,0,14005,304200,4334,0,0
48950204,0,0,12005,304200,4334,0,0
48950205,0,0,12026,304200,4334,0,0
# MARK ram tick=48950205
48950206,0,41524,12026,103124,4334,0,0
48950207,0,41524,12026,103124,4334,0,0
48950208,0,41524,12026,103124,4334,0,0
48950209,0,41524,12000,103124,4334,0,0
48950210,0,0,12005,103124,4334,0,0
48950211,0,0,12005,103124,4334,0,0
48950919,0,0,14006,304200,4332,1,0
48950920,0,0,14006,304200,4332,0,0
48950921,0,0,14006,304200,4333,0,0
48950922,0,0,14006,304200,4333,0,0
48950923,0,0,14006,304200,4333,0,0
48950924,12026,0,14006,304200,4333,0,0
# MARK addr tick=48950924
48950925,12026,0,14006,304200,4333,0,0
48950926,0,0,14005,304200,4333,0,0
48950927,0,0,12005,304200,4333,0,0
48950928,0,0,12026,304200,4333,0,0
# MARK ram tick=48950928
48950929,0,41524,12026,103124,4333,0,0
48950930,0,41524,12026,103124,4333,0,0
48950931,0,41524,12026,103124,4333,0,0
48950932,0,41524,12000,103124,4333,0,0
48950933,0,0,12005,103124,4333,0,0
48950934,0,0,12005,103124,4333,0,0
48957294,0,0,14006,304200,4332,1,0
48957295,0,0,14006,304200,4332,0,0
48957296,0,0,14006,304200,4334,0,0
48957297,0,0,14006,304200,4334,0,0
48957298,0,0,14006,304200,4334,0,0
48957299,12027,0,14006,304200,4334,0,0
# MARK addr tick=48957299
48957300,12027,0,14006,304200,4334,0,0
48957301,0,0,14005,304200,4334,0,0
48957302,0,0,12005,304200,4334,0,0
48957303,0,0,12027,304200,4334,0,0
# MARK ram tick=48957303
48957304,0,44517,12027,111117,4334,0,0
48957305,0,44517,12027,111117,4334,0,0
48957306,0,44517,12027,111117,4334,0,0
48957307,0,44517,12000,111117,4334,0,0
48957308,0,0,12005,111117,4334,0,0
48957309,0,0,12005,111117,4334,0,0
48958040,0,0,14006,304200,4332,1,0
48958041,0,0,14006,304200,4332,0,0
48958042,0,0,14006,304200,4333,0,0
48958043,0,0,14006,304200,4333,0,0
48958044,0,0,14006,304200,4333,0,0
48958045,12027,0,14006,304200,4333,0,0
# MARK addr tick=48958045
48958046,12027,0,14006,304200,4333,0,0
48958047,0,0,14005,304200,4333,0,0
48958048,0,0,12005,304200,4333,0,0
48958049,0,0,12027,304200,4333,0,0
# MARK ram tick=48958049
48958050,0,44517,12027,111117,4333,0,0
48958051,0,44517,12027,111117,4333,0,0
48958052,0,44517,12027,111117,4333,0,0
48958053,0,44517,12000,111117,4333,0,0
48958054,0,0,12005,111117,4333,0,0
48958055,0,0,12005,111117,4333,0,0
49015669,0,0,14006,304200,4332,1,0
49015670,0,0,14006,304200,4332,0,0
49015671,0,0,14006,304200,4334,0,0
49015672,0,0,14006,304200,4334,0,0
49015673,0,0,14006,304200,4334,0,0
49015674,12023,0,14006,304200,4334,0,0
# MARK addr tick=49015674
49015675,12023,0,14006,304200,4334,0,0
49015676,0,0,14005,304200,4334,0,0
49015677,0,0,12005,304200,4334,0,0
49015678,0,0,12023,304200,4334,0,0
# MARK ram tick=49015678
49015679,0,44516,12023,111516,4334,0,0
49015680,0,44516,12023,111516,4334,0,0
49015681,0,44516,12023,111516,4334,0,0
49015682,0,44516,12000,111516,4334,0,0
49015683,0,0,12005,111516,4334,0,0
49015684,0,0,12005,111516,4334,0,0
49015845,0,0,14006,304200,4332,1,0
49015846,0,0,14006,304200,4332,0,0
49015847,0,0,14006,304200,4334,0,0
49015848,0,0,14006,304200,4334,0,0
49015849,0,0,14006,304200,4334,0,0
49015850,12023,0,14006,304200,4334,0,0
# MARK addr tick=49015850
49015851,12023,0,14006,304200,4334,0,0
49015852,0,0,14005,304200,4334,0,0
49015853,0,0,12005,304200,4334,0,0
49015854,0,0,12023,304200,4334,0,0
# MARK ram tick=49015854
49015855,0,44516,12023,111516,4334,0,0
49015856,0,44516,12023,111516,4334,0,0
49015857,0,44516,12023,111516,4334,0,0
49015858,0,44516,12000,111516,4334,0,0
49015859,0,0,12005,111516,4334,0,0
49015860,0,0,12005,111516,4334,0,0
49016281,0,0,62031,534200,174,1,0
49016282,0,0,62031,534200,174,0,0
49016283,0,0,62031,534200,0,0,0
49016284,0,0,62031,534200,0,0,0
49016285,0,0,62031,534200,0,0,0
49016286,7426,0,62031,534200,0,0,0
# MARK addr tick=49016286
49016287,7426,0,62031,534200,0,0,0
49016288,0,0,62003,534200,0,0,0
49016289,0,0,6003,534200,0,0,0
49016290,0,0,7426,534200,0,0,0
# MARK ram tick=49016290
49016291,0,14624,7426,31224,0,0,0
49016292,0,14624,7426,31224,0,0,0
49016293,0,14624,7426,31224,0,0,0
49016294,0,14624,6000,31224,0,0,0
49016295,0,0,6003,31224,0,0,0
49016296,0,0,6003,31224,0,0,0
49016339,0,0,14006,411623,145,1,0
49016340,0,0,14006,411623,145,0,0
49016341,0,0,14006,411623,0,0,0
49016342,0,0,14006,411623,0,0,0
49016343,0,0,14006,411623,0,0,0
49016344,7425,0,14006,411623,0,0,0
# MARK addr tick=49016344
49016345,7425,0,14006,411623,0,0,0
49016346,0,0,14003,411623,0,0,0
49016347,0,0,6003,411623,0,0,0
49016348,0,0,7425,411623,0,1,0
# MARK ram tick=49016348
49016349,0,0,7425,411623,0,0,0
49016350,0,0,7425,411623,2001,0,0
49016351,0,0,7425,411623,16625,0,0
49016352,0,0,6000,411623,16625,0,0
49016353,0,0,6003,411623,0,0,0
49016354,0,0,6003,411623,0,0,0
49016491,0,0,14006,111623,170,1,0
49016492,0,0,14006,111623,170,0,0
49016493,0,0,14006,111623,0,0,0
49016494,0,0,14006,111623,0,0,0
49016495,0,0,14006,111623,0,0,0
49016496,7425,0,14006,111623,0,0,0
# MARK addr tick=49016496
49016497,7425,0,14006,111623,0,0,0
49016498,0,0,14003,111623,0,0,0
49016499,0,0,6003,111623,0,0,0
49016500,0,0,7425,111623,0,0,0
# MARK ram tick=49016500
49016501,0,0,7425,400400,0,0,0
49016502,0,0,7425,400400,0,0,0
49016503,0,0,7425,400400,0,0,0
49016504,0,0,6000,400400,0,0,0
49016505,0,0,6003,400400,0,0,0
49016506,0,0,6003,400400,0,0,0
49022749,0,0,14006,61235,152,0,0
49022750,0,0,14006,61235,152,0,0
49022751,7437,0,14006,61235,152,0,0
49022752,7437,0,14006,61235,152,0,0
49022753,0,0,14003,61235,152,0,0
49022754,12023,0,6003,61235,152,0,0
# MARK addr tick=49022754
49022755,12023,0,7437,61235,152,1,0
49022756,12023,0,7437,61235,152,0,0
49022757,12023,0,7437,61235,145,0,0
49022758,12023,0,7437,61235,145,0,0
49022759,12023,0,6000,61235,145,0,0
49022760,12023,0,6003,61235,145,0,0
49022898,0,0,6003,417026,145,1,0
49022899,0,0,6003,417026,145,0,0
49022900,0,0,6003,417026,0,0,0
49022901,0,0,6003,417026,0,0,0
49022902,0,0,6003,417026,0,0,0
49022903,7426,0,6003,417026,0,0,0
# MARK addr tick=49022903
49022904,7426,0,6003,417026,0,0,0
49022905,0,0,6003,417026,0,0,0
49022906,14624,0,6003,417026,0,0,0
49022907,14624,0,7426,417026,0,1,0
# MARK ram tick=49022907
49022908,14624,0,7426,417026,0,0,0
49022909,14624,0,7426,417026,2001,0,0
49022910,14624,0,7426,417026,17155,0,0
49022911,14624,0,6000,417026,17155,0,0
49022912,14624,0,6003,417026,0,0,0
49022913,0,0,6003,417026,0,0,0
49023583,0,0,14006,61235,152,0,0
49023584,0,0,14006,61235,152,0,0
49023585,7463,0,14006,61235,152,0,0
49023586,7463,0,14006,61235,152,0,0
49023587,0,0,14003,61235,152,0,0
49023588,12023,0,6003,61235,152,0,0
# MARK addr tick=49023588
49023589,12023,0,7463,61235,152,1,0
49023590,12023,0,7463,61235,152,0,0
49023591,12023,0,7463,61235,145,0,0
49023592,12023,0,7463,61235,145,0,0
49023593,12023,0,6000,61235,145,0,0
49023594,12023,0,6003,61235,145,0,0
49024388,0,0,14006,304200,4332,1,0
49024389,0,0,14006,304200,4332,0,0
49024390,0,0,14006,304200,4334,0,0
49024391,0,0,14006,304200,4334,0,0
49024392,0,0,14006,304200,4334,0,0
49024393,12023,0,14006,304200,4334,0,0
# MARK addr tick=49024393
49024394,12023,0,14006,304200,4334,0,0
49024395,0,0,14005,304200,4334,0,0
49024396,0,0,12005,304200,4334,0,0
49024397,0,0,12023,304200,4334,0,0
# MARK ram tick=49024397
49024398,0,44516,12023,111516,4334,0,0
49024399,0,44516,12023,111516,4334,0,0
49024400,0,44516,12023,111516,4334,0,0
49024401,0,44516,12000,111516,4334,0,0
49024402,0,0,12005,111516,4334,0,0
49024403,0,0,12005,111516,4334,0,0
49025135,0,0,14006,304200,4332,1,0
49025136,0,0,14006,304200,4332,0,0
49025137,0,0,14006,304200,4333,0,0
49025138,0,0,14006,304200,4333,0,0
49025139,0,0,14006,304200,4333,0,0
49025140,12023,0,14006,304200,4333,0,0
# MARK addr tick=49025140
49025141,12023,0,14006,304200,4333,0,0
49025142,0,0,14005,304200,4333,0,0
49025143,0,0,12005,304200,4333,0,0
49025144,0,0,12023,304200,4333,0,0
# MARK ram tick=49025144
49025145,0,44516,12023,111516,4333,0,0
49025146,0,44516,12023,111516,4333,0,0
49025147,0,44516,12023,111516,4333,0,0
49025148,0,44516,12000,111516,4333,0,0
49025149,0,0,12005,111516,4333,0,0
49025150,0,0,12005,111516,4333,0,0
49031555,0,0,14006,304200,4332,1,0
49031556,0,0,14006,304200,4332,0,0
49031557,0,0,14006,304200,4334,0,0
49031558,0,0,14006,304200,4334,0,0
49031559,0,0,14006,304200,4334,0,0
49031560,12024,0,14006,304200,4334,0,0
# MARK addr tick=49031560
49031561,12024,0,14006,304200,4334,0,0
49031562,0,0,14005,304200,4334,0,0
49031563,0,0,12005,304200,4334,0,0
49031564,0,0,12024,304200,4334,0,0
# MARK ram tick=49031564
49031565,0,51524,12024,523124,4334,0,0
49031566,0,51524,12024,523124,4334,0,0
49031567,0,51524,12024,523124,4334,0,0
49031568,0,51524,12000,523124,4334,0,0
49031569,0,0,12005,523124,4334,0,0
49031570,0,0,12005,523124,4334,0,0
49032280,0,0,14006,304200,4332,1,0
49032281,0,0,14006,304200,4332,0,0
49032282,0,0,14006,304200,4333,0,0
49032283,0,0,14006,304200,4333,0,0
49032284,0,0,14006,304200,4333,0,0
49032285,12024,0,14006,304200,4333,0,0
# MARK addr tick=49032285
49032286,12024,0,14006,304200,4333,0,0
49032287,0,0,14005,304200,4333,0,0
49032288,0,0,12005,304200,4333,0,0
49032289,0,0,12024,304200,4333,0,0
# MARK ram tick=49032289
49032290,0,51524,12024,523124,4333,0,0
49032291,0,51524,12024,523124,4333,0,0
49032292,0,51524,12024,523124,4333,0,0
49032293,0,51524,12000,523124,4333,0,0
49032294,0,0,12005,523124,4333,0,0
49032295,0,0,12005,523124,4333,0,0
49032999,0,0,14006,304200,4332,1,0
49033000,0,0,14006,304200,4332,0,0
49033001,0,0,14006,304200,4334,0,0
49033002,0,0,14006,304200,4334,0,0
49033003,0,0,14006,304200,4334,0,0
49033004,12025,0,14006,304200,4334,0,0
# MARK addr tick=49033004
49033005,12025,0,14006,304200,4334,0,0
49033006,0,0,14005,304200,4334,0,0
49033007,0,0,12005,304200,4334,0,0
49033008,0,0,12025,304200,4334,0,0
# MARK ram tick=49033008
49033009,0,51125,12025,122525,4334,0,0
49033010,0,51125,12025,122525,4334,0,0
49033011,0,51125,12025,122525,4334,0,0
49033012,0,51125,12000,122525,4334,0,0
49033013,0,0,12005,122525,4334,0,0
49033014,0,0,12005,122525,4334,0,0
49039382,0,0,14006,304200,4332,1,0
49039383,0,0,14006,304200,4332,0,0
49039384,0,0,14006,304200,4333,0,0
49039385,0,0,14006,304200,4333,0,0
49039386,0,0,14006,304200,4333,0,0
49039387,12025,0,14006,304200,4333,0,0
# MARK addr tick=49039387
49039388,12025,0,14006,304200,4333,0,0
49039389,0,0,14005,304200,4333,0,0
49039390,0,0,12005,304200,4333,0,0
49039391,0,0,12025,304200,4333,0,0
# MARK ram tick=49039391
49039392,0,51125,12025,122525,4333,0,0
49039393,0,51125,12025,122525,4333,0,0
49039394,0,51125,12025,122525,4333,0,0
49039395,0,51125,12000,122525,4333,0,0
49039396,0,0,12005,122525,4333,0,0
49039397,0,0,12005,122525,4333,0,0
49040107,0,0,14006,304200,4332,1,0
49040108,0,0,14006,304200,4332,0,0
49040109,0,0,14006,304200,4334,0,0
49040110,0,0,14006,304200,4334,0,0
49040111,0,0,14006,304200,4334,0,0
49040112,12026,0,14006,304200,4334,0,0
# MARK addr tick=49040112
49040113,12026,0,14006,304200,4334,0,0
49040114,0,0,14005,304200,4334,0,0
49040115,0,0,12005,304200,4334,0,0
49040116,0,0,12026,304200,4334,0,0
# MARK ram tick=49040116
49040117,0,41524,12026,103124,4334,0,0
49040118,0,41524,12026,103124,4334,0,0
49040119,0,41524,12026,103124,4334,0,0
49040120,0,41524,12000,103124,4334,0,0
49040121,0,0,12005,103124,4334,0,0
49040122,0,0,12005,103124,4334,0,0
49040832,0,0,14006,304200,4332,1,0
49040833,0,0,14006,304200,4332,0,0
49040834,0,0,14006,304200,4333,0,0
49040835,0,0,14006,304200,4333,0,0
49040836,0,0,14006,304200,4333,0,0
49040837,12026,0,14006,304200,4333,0,0
# MARK addr tick=49040837
49040838,12026,0,14006,304200,4333,0,0
49040839,0,0,14005,304200,4333,0,0
49040840,0,0,12005,304200,4333,0,0
49040841,0,0,12026,304200,4333,0,0
# MARK ram tick=49040841
49040842,0,41524,12026,103124,4333,0,0
49040843,0,41524,12026,103124,4333,0,0
49040844,0,41524,12026,103124,4333,0,0
49040845,0,41524,12000,103124,4333,0,0
49040846,0,0,12005,103124,4333,0,0
49040847,0,0,12005,103124,4333,0,0
49041558,0,0,14006,304200,4332,1,0
49041559,0,0,14006,304200,4332,0,0
49041560,0,0,14006,304200,4334,0,0
49041561,0,0,14006,304200,4334,0,0
49041562,0,0,14006,304200,4334,0,0
49041563,12027,0,14006,304200,4334,0,0
# MARK addr tick=49041563
49041564,12027,0,14006,304200,4334,0,0
49041565,0,0,14005,304200,4334,0,0
49041566,0,0,12005,304200,4334,0,0
49041567,0,0,12027,304200,4334,0,0
# MARK ram tick=49041567
49041568,0,44517,12027,111117,4334,0,0
49041569,0,44517,12027,111117,4334,0,0
49041570,0,44517,12027,111117,4334,0,0
49041571,0,44517,12000,111117,4334,0,0
49041572,0,0,12005,111117,4334,0,0
49041573,0,0,12005,111117,4334,0,0
49047950,0,0,14006,304200,4332,1,0
49047951,0,0,14006,304200,4332,0,0
49047952,0,0,14006,304200,4333,0,0
49047953,0,0,14006,304200,4333,0,0
49047954,0,0,14006,304200,4333,0,0
49047955,12027,0,14006,304200,4333,0,0
# MARK addr tick=49047955
49047956,12027,0,14006,304200,4333,0,0
49047957,0,0,14005,304200,4333,0,0
49047958,0,0,12005,304200,4333,0,0
49047959,0,0,12027,304200,4333,0,0
# MARK ram tick=49047959
49047960,0,44517,12027,111117,4333,0,0
49047961,0,44517,12027,111117,4333,0,0
49047962,0,44517,12027,111117,4333,0,0
49047963,0,44517,12000,111117,4333,0,0
49047964,0,0,12005,111117,4333,0,0
49047965,0,0,12005,111117,4333,0,0
49090408,0,0,14006,304200,4332,1,0
49090409,0,0,14006,304200,4332,0,0
49090410,0,0,14006,304200,4334,0,0
49090411,0,0,14006,304200,4334,0,0
49090412,0,0,14006,304200,4334,0,0
49090413,12023,0,14006,304200,4334,0,0
# MARK addr tick=49090413
49090414,12023,0,14006,304200,4334,0,0
49090415,0,0,14005,304200,4334,0,0
49090416,0,0,12005,304200,4334,0,0
49090417,0,0,12023,304200,4334,0,0
# MARK ram tick=49090417
49090418,0,44516,12023,111516,4334,0,0
49090419,0,44516,12023,111516,4334,0,0
49090420,0,44516,12023,111516,4334,0,0
49090421,0,44516,12000,111516,4334,0,0
49090422,0,0,12005,111516,4334,0,0
49090423,0,0,12005,111516,4334,0,0
49090580,0,0,14006,304200,4332,1,0
49090581,0,0,14006,304200,4332,0,0
49090582,0,0,14006,304200,4334,0,0
49090583,0,0,14006,304200,4334,0,0
49090584,0,0,14006,304200,4334,0,0
49090585,12023,0,14006,304200,4334,0,0
# MARK addr tick=49090585
49090586,12023,0,14006,304200,4334,0,0
49090587,0,0,14005,304200,4334,0,0
49090588,0,0,12005,304200,4334,0,0
49090589,0,0,12023,304200,4334,0,0
# MARK ram tick=49090589
49090590,0,44516,12023,111516,4334,0,0
49090591,0,44516,12023,111516,4334,0,0
49090592,0,44516,12023,111516,4334,0,0
49090593,0,44516,12000,111516,4334,0,0
49090594,0,0,12005,111516,4334,0,0
49090595,0,0,12005,111516,4334,0,0
49091016,0,0,62031,534200,174,1,0
49091017,0,0,62031,534200,174,0,0
49091018,0,0,62031,534200,0,0,0
49091019,0,0,62031,534200,0,0,0
49091020,0,0,62031,534200,0,0,0
49091021,7426,0,62031,534200,0,0,0
# MARK addr tick=49091021
49091022,7426,0,62031,534200,0,0,0
49091023,0,0,62003,534200,0,0,0
49091024,0,0,6003,534200,0,0,0
49091025,0,0,7426,534200,0,0,0
# MARK ram tick=49091025
49091026,0,14624,7426,31224,0,0,0
49091027,0,14624,7426,31224,0,0,0
49091028,0,14624,7426,31224,0,0,0
49091029,0,14624,6000,31224,0,0,0
49091030,0,0,6003,31224,0,0,0
49091031,0,0,6003,31224,0,0,0
49091083,0,0,14006,411623,145,1,0
49091084,0,0,14006,411623,145,0,0
49091085,0,0,14006,411623,0,0,0
49091086,0,0,14006,411623,0,0,0
49091087,0,0,14006,411623,0,0,0
49091088,7425,0,14006,411623,0,0,0
# MARK addr tick=49091088
49091089,7425,0,14006,411623,0,0,0
49091090,0,0,14003,411623,0,0,0
49091091,0,0,6003,411623,0,0,0
49091092,0,0,7425,411623,0,1,0
# MARK ram tick=49091092
49091093,0,0,7425,411623,0,0,0
49091094,0,0,7425,411623,2001,0,0
49091095,0,0,7425,411623,16625,0,0
49091096,0,0,6000,411623,16625,0,0
49091097,0,0,6003,411623,0,0,0
49091098,0,0,6003,411623,0,0,0
49096895,0,0,14006,111623,170,1,0
49096896,0,0,14006,111623,170,0,0
49096897,0,0,14006,111623,0,0,0
49096898,0,0,14006,111623,0,0,0
49096899,0,0,14006,111623,0,0,0
49096900,7425,0,14006,111623,0,0,0
# MARK addr tick=49096900
49096901,7425,0,14006,111623,0,0,0
49096902,0,0,14003,111623,0,0,0
49096903,0,0,6003,111623,0,0,0
49096904,0,0,7425,111623,0,0,0
# MARK ram tick=49096904
49096905,0,0,7425,400400,0,0,0
49096906,0,0,7425,400400,0,0,0
49096907,0,0,7425,400400,0,0,0
49096908,0,0,6000,400400,0,0,0
49096909,0,0,6003,400400,0,0,0
49096910,0,0,6003,400400,0,0,0
49098103,0,0,14006,61235,152,0,0
49098104,0,0,14006,61235,152,0,0
49098105,7437,0,14006,61235,152,0,0
49098106,7437,0,14006,61235,152,0,0
49098107,0,0,14003,61235,152,0,0
49098108,12023,0,6003,61235,152,0,0
# MARK addr tick=49098108
49098109,12023,0,7437,61235,152,1,0
49098110,12023,0,7437,61235,152,0,0
49098111,12023,0,7437,61235,145,0,0
49098112,12023,0,7437,61235,145,0,0
49098113,12023,0,6000,61235,145,0,0
49098114,12023,0,6003,61235,145,0,0
49098254,0,0,6003,417026,145,1,0
49098255,0,0,6003,417026,145,0,0
49098256,0,0,6003,417026,0,0,0
49098257,0,0,6003,417026,0,0,0
49098258,0,0,6003,417026,0,0,0
49098259,7426,0,6003,417026,0,0,0
# MARK addr tick=49098259
49098260,7426,0,6003,417026,0,0,0
49098261,0,0,6003,417026,0,0,0
49098262,14624,0,6003,417026,0,0,0
49098263,14624,0,7426,417026,0,1,0
# MARK ram tick=49098263
49098264,14624,0,7426,417026,0,0,0
49098265,14624,0,7426,417026,2001,0,0
49098266,14624,0,7426,417026,17155,0,0
49098267,14624,0,6000,417026,17155,0,0
49098268,14624,0,6003,417026,0,0,0
49098269,0,0,6003,417026,0,0,0
49098941,0,0,14006,61235,152,0,0
49098942,0,0,14006,61235,152,0,0
49098943,7463,0,14006,61235,152,0,0
49098944,7463,0,14006,61235,152,0,0
49098945,0,0,14003,61235,152,0,0
49098946,12023,0,6003,61235,152,0,0
# MARK addr tick=49098946
49098947,12023,0,7463,61235,152,1,0
49098948,12023,0,7463,61235,152,0,0
49098949,12023,0,7463,61235,145,0,0
49098950,12023,0,7463,61235,145,0,0
49098951,12023,0,6000,61235,145,0,0
49098952,12023,0,6003,61235,145,0,0
49105402,0,0,14362,304200,4334,0,1
49105403,0,0,14362,304200,4334,0,1
49105404,0,0,14362,304200,4334,0,1
49105405,0,0,14000,304200,4334,0,1
49105406,0,0,14006,304200,4334,0,1
49105407,12023,0,14006,304200,4334,0,0
# MARK addr tick=49105407
49105408,12023,0,14006,304200,4334,0,0
49105409,0,0,14005,304200,4334,0,0
49105410,0,0,12005,304200,4334,0,0
49105411,0,0,12023,304200,4334,0,0
# MARK ram tick=49105411
49105412,0,44516,12023,111516,4334,0,0
49105413,0,44516,12023,111516,4334,0,0
49105414,0,44516,12023,111516,4334,0,0
49105415,0,44516,12000,111516,4334,0,0
49105416,0,0,12005,111516,4334,0,0
49105417,0,0,12005,111516,4334,0,0
49106141,0,0,14006,304200,4332,1,0
49106142,0,0,14006,304200,4332,0,0
49106143,0,0,14006,304200,4333,0,0
49106144,0,0,14006,304200,4333,0,0
49106145,0,0,14006,304200,4333,0,0
49106146,12023,0,14006,304200,4333,0,0
# MARK addr tick=49106146
49106147,12023,0,14006,304200,4333,0,0
49106148,0,0,14005,304200,4333,0,0
49106149,0,0,12005,304200,4333,0,0
49106150,0,0,12023,304200,4333,0,0
# MARK ram tick=49106150
49106151,0,44516,12023,111516,4333,0,0
49106152,0,44516,12023,111516,4333,0,0
49106153,0,44516,12023,111516,4333,0,0
49106154,0,44516,12000,111516,4333,0,0
49106155,0,0,12005,111516,4333,0,0
49106156,0,0,12005,111516,4333,0,0
49106890,0,0,14006,304200,4332,1,0
49106891,0,0,14006,304200,4332,0,0
49106892,0,0,14006,304200,4334,0,0
49106893,0,0,14006,304200,4334,0,0
49106894,0,0,14006,304200,4334,0,0
49106895,12024,0,14006,304200,4334,0,0
# MARK addr tick=49106895
49106896,12024,0,14006,304200,4334,0,0
49106897,0,0,14005,304200,4334,0,0
49106898,0,0,12005,304200,4334,0,0
49106899,0,0,12024,304200,4334,0,0
# MARK ram tick=49106899
49106900,0,51524,12024,523124,4334,0,0
49106901,0,51524,12024,523124,4334,0,0
49106902,0,51524,12024,523124,4334,0,0
49106903,0,51524,12000,523124,4334,0,0
49106904,0,0,12005,523124,4334,0,0
49106905,0,0,12005,523124,4334,0,0
49107623,0,0,14006,304200,4332,1,0
49107624,0,0,14006,304200,4332,0,0
49107625,0,0,14006,304200,4333,0,0
49107626,0,0,14006,304200,4333,0,0
49107627,0,0,14006,304200,4333,0,0
49107628,12024,0,14006,304200,4333,0,0
# MARK addr tick=49107628
49107629,12024,0,14006,304200,4333,0,0
49107630,0,0,14005,304200,4333,0,0
49107631,0,0,12005,304200,4333,0,0
49107632,0,0,12024,304200,4333,0,0
# MARK ram tick=49107632
49107633,0,51524,12024,523124,4333,0,0
49107634,0,51524,12024,523124,4333,0,0
49107635,0,51524,12024,523124,4333,0,0
49107636,0,51524,12000,523124,4333,0,0
49107637,0,0,12005,523124,4333,0,0
49107638,0,0,12005,523124,4333,0,0
49114001,0,0,14006,304200,4332,1,0
49114002,0,0,14006,304200,4332,0,0
49114003,0,0,14006,304200,4334,0,0
49114004,0,0,14006,304200,4334,0,0
49114005,0,0,14006,304200,4334,0,0
49114006,12025,0,14006,304200,4334,0,0
# MARK addr tick=49114006
49114007,12025,0,14006,304200,4334,0,0
49114008,0,0,14005,304200,4334,0,0
49114009,0,0,12005,304200,4334,0,0
49114010,0,0,12025,304200,4334,0,0
# MARK ram tick=49114010
49114011,0,51125,12025,122525,4334,0,0
49114012,0,51125,12025,122525,4334,0,0
49114013,0,51125,12025,122525,4334,0,0
49114014,0,51125,12000,122525,4334,0,0
49114015,0,0,12005,122525,4334,0,0
49114016,0,0,12005,122525,4334,0,0
49114729,0,0,14006,304200,4332,1,0
49114730,0,0,14006,304200,4332,0,0
49114731,0,0,14006,304200,4333,0,0
49114732,0,0,14006,304200,4333,0,0
49114733,0,0,14006,304200,4333,0,0
49114734,12025,0,14006,304200,4333,0,0
# MARK addr tick=49114734
49114735,12025,0,14006,304200,4333,0,0
49114736,0,0,14005,304200,4333,0,0
49114737,0,0,12005,304200,4333,0,0
49114738,0,0,12025,304200,4333,0,0
# MARK ram tick=49114738
49114739,0,51125,12025,122525,4333,0,0
49114740,0,51125,12025,122525,4333,0,0
49114741,0,51125,12025,122525,4333,0,0
49114742,0,51125,12000,122525,4333,0,0
49114743,0,0,12005,122525,4333,0,0
49114744,0,0,12005,122525,4333,0,0
49115451,0,0,14006,304200,4332,1,0
49115452,0,0,14006,304200,4332,0,0
49115453,0,0,14006,304200,4334,0,0
49115454,0,0,14006,304200,4334,0,0
49115455,0,0,14006,304200,4334,0,0
49115456,12026,0,14006,304200,4334,0,0
# MARK addr tick=49115456
49115457,12026,0,14006,304200,4334,0,0
49115458,0,0,14005,304200,4334,0,0
49115459,0,0,12005,304200,4334,0,0
49115460,0,0,12026,304200,4334,0,0
# MARK ram tick=49115460
49115461,0,41524,12026,103124,4334,0,0
49115462,0,41524,12026,103124,4334,0,0
49115463,0,41524,12026,103124,4334,0,0
49115464,0,41524,12000,103124,4334,0,0
49115465,0,0,12005,103124,4334,0,0
49115466,0,0,12005,103124,4334,0,0
49121831,0,0,14006,304200,4332,1,0
49121832,0,0,14006,304200,4332,0,0
49121833,0,0,14006,304200,4333,0,0
49121834,0,0,14006,304200,4333,0,0
49121835,0,0,14006,304200,4333,0,0
49121836,12026,0,14006,304200,4333,0,0
# MARK addr tick=49121836
49121837,12026,0,14006,304200,4333,0,0
49121838,0,0,14005,304200,4333,0,0
49121839,0,0,12005,304200,4333,0,0
49121840,0,0,12026,304200,4333,0,0
# MARK ram tick=49121840
49121841,0,41524,12026,103124,4333,0,0
49121842,0,41524,12026,103124,4333,0,0
49121843,0,41524,12026,103124,4333,0,0
49121844,0,41524,12000,103124,4333,0,0
49121845,0,0,12005,103124,4333,0,0
49121846,0,0,12005,103124,4333,0,0
49122556,0,0,14006,304200,4332,1,0
49122557,0,0,14006,304200,4332,0,0
49122558,0,0,14006,304200,4334,0,0
49122559,0,0,14006,304200,4334,0,0
49122560,0,0,14006,304200,4334,0,0
49122561,12027,0,14006,304200,4334,0,0
# MARK addr tick=49122561
49122562,12027,0,14006,304200,4334,0,0
49122563,0,0,14005,304200,4334,0,0
49122564,0,0,12005,304200,4334,0,0
49122565,0,0,12027,304200,4334,0,0
# MARK ram tick=49122565
49122566,0,44517,12027,111117,4334,0,0
49122567,0,44517,12027,111117,4334,0,0
49122568,0,44517,12027,111117,4334,0,0
49122569,0,44517,12000,111117,4334,0,0
49122570,0,0,12005,111117,4334,0,0
49122571,0,0,12005,111117,4334,0,0
49123299,0,0,14006,304200,4332,1,0
49123300,0,0,14006,304200,4332,0,0
49123301,0,0,14006,304200,4333,0,0
49123302,0,0,14006,304200,4333,0,0
49123303,0,0,14006,304200,4333,0,0
49123304,12027,0,14006,304200,4333,0,0
# MARK addr tick=49123304
49123305,12027,0,14006,304200,4333,0,0
49123306,0,0,14005,304200,4333,0,0
49123307,0,0,12005,304200,4333,0,0
49123308,0,0,12027,304200,4333,0,0
# MARK ram tick=49123308
49123309,0,44517,12027,111117,4333,0,0
49123310,0,44517,12027,111117,4333,0,0
49123311,0,44517,12027,111117,4333,0,0
49123312,0,44517,12000,111117,4333,0,0
49123313,0,0,12005,111117,4333,0,0
49123314,0,0,12005,111117,4333,0,0
49123316,0,0,12005,111117,4333,1,0
49123317,0,0,12005,111117,4334,0,0
49123318,0,0,12005,111117,377,0,0
49123319,0,0,12005,111117,377,1,0
49123320,0,0,12005,111117,377,0,1
49123321,0,0,12027,111117,401,0,1
# MARK ram tick=49123321
49123322,0,0,12027,111117,16363,0,1
49123323,0,0,12027,111117,16363,0,1
49123324,0,0,12027,111117,0,0,1
49123325,0,0,12000,111117,0,0,1
49123326,0,0,12005,111117,0,0,1
49123327,14363,0,12005,111117,0,0,0
49148458,0,0,14006,304200,4332,1,0
49148459,0,0,14006,304200,4332,0,0
49148460,0,0,14006,304200,4334,0,0
49148461,0,0,14006,304200,4334,0,0
49148462,0,0,14006,304200,4334,0,0
49148463,12023,0,14006,304200,4334,0,0
# MARK addr tick=49148463
49148464,12023,0,14006,304200,4334,0,0
49148465,0,0,14005,304200,4334,0,0
49148466,0,0,12005,304200,4334,0,0
49148467,0,0,12023,304200,4334,0,0
# MARK ram tick=49148467
49148468,0,44516,12023,111516,4334,0,0
49148469,0,44516,12023,111516,4334,0,0
49148470,0,44516,12023,111516,4334,0,0
49148471,0,44516,12000,111516,4334,0,0
49148472,0,0,12005,111516,4334,0,0
49148473,0,0,12005,111516,4334,0,0
49148626,0,0,14006,304200,4332,1,0
49148627,0,0,14006,304200,4332,0,0
49148628,0,0,14006,304200,4334,0,0
49148629,0,0,14006,304200,4334,0,0
49148630,0,0,14006,304200,4334,0,0
49148631,12023,0,14006,304200,4334,0,0
# MARK addr tick=49148631
49148632,12023,0,14006,304200,4334,0,0
49148633,0,0,14005,304200,4334,0,0
49148634,0,0,12005,304200,4334,0,0
49148635,0,0,12023,304200,4334,0,0
# MARK ram tick=49148635
49148636,0,44516,12023,111516,4334,0,0
49148637,0,44516,12023,111516,4334,0,0
49148638,0,44516,12023,111516,4334,0,0
49148639,0,44516,12000,111516,4334,0,0
49148640,0,0,12005,111516,4334,0,0
49148641,0,0,12005,111516,4334,0,0
49154720,0,0,62031,534200,174,1,0
49154721,0,0,62031,534200,174,0,0
49154722,0,0,62031,534200,0,0,0
49154723,0,0,62031,534200,0,0,0
49154724,0,0,62031,534200,0,0,0
49154725,7426,0,62031,534200,0,0,0
# MARK addr tick=49154725
49154726,7426,0,62031,534200,0,0,0
49154727,0,0,62003,534200,0,0,0
49154728,0,0,6003,534200,0,0,0
49154729,0,0,7426,534200,0,0,0
# MARK ram tick=49154729
49154730,0,14624,7426,31224,0,0,0
49154731,0,14624,7426,31224,0,0,0
49154732,0,14624,7426,31224,0,0,0
49154733,0,14624,6000,31224,0,0,0
49154734,0,0,6003,31224,0,0,0
49154735,0,0,6003,31224,0,0,0
49154778,0,0,14006,411623,145,1,0
49154779,0,0,14006,411623,145,0,0
49154780,0,0,14006,411623,0,0,0
49154781,0,0,14006,411623,0,0,0
49154782,0,0,14006,411623,0,0,0
49154783,7425,0,14006,411623,0,0,0
# MARK addr tick=49154783
49154784,7425,0,14006,411623,0,0,0
49154785,0,0,14003,411623,0,0,0
49154786,0,0,6003,411623,0,0,0
49154787,0,0,7425,411623,0,1,0
# MARK ram tick=49154787
49154788,0,0,7425,411623,0,0,0
49154789,0,0,7425,411623,2001,0,0
49154790,0,0,7425,411623,16625,0,0
49154791,0,0,6000,411623,16625,0,0
49154792,0,0,6003,411623,0,0,0
49154793,0,0,6003,411623,0,0,0
49154930,0,0,14006,111623,170,1,0
49154931,0,0,14006,111623,170,0,0
49154932,0,0,14006,111623,0,0,0
49154933,0,0,14006,111623,0,0,0
49154934,0,0,14006,111623,0,0,0
49154935,7425,0,14006,111623,0,0,0
# MARK addr tick=49154935
49154936,7425,0,14006,111623,0,0,0
49154937,0,0,14003,111623,0,0,0
49154938,0,0,6003,111623,0,0,0
49154939,0,0,7425,111623,0,0,0
# MARK ram tick=49154939
49154940,0,0,7425,400400,0,0,0
49154941,0,0,7425,400400,0,0,0
49154942,0,0,7425,400400,0,0,0
49154943,0,0,6000,400400,0,0,0
49154944,0,0,6003,400400,0,0,0
49154945,0,0,6003,400400,0,0,0
49155182,0,0,14006,111620,170,1,0
49155183,0,0,14006,111620,170,0,0
49155184,0,0,14006,111620,0,0,0
49155185,0,0,14006,111620,0,0,0
49155186,0,0,14006,111620,0,0,0
49155187,7422,0,14006,111620,0,0,0
# MARK addr tick=49155187
49155188,7422,0,14006,111620,0,0,0
49155189,0,0,14003,111620,0,0,0
49155190,0,0,6003,111620,0,0,0
49155191,0,0,7422,111620,0,0,0
# MARK ram tick=49155191
49155192,0,0,7422,400400,0,0,0
49155193,0,0,7422,400400,0,0,0
49155194,0,0,7422,400400,0,0,0
49155195,0,0,6000,400400,0,0,0
49155196,0,0,6003,400400,0,0,0
49155197,0,0,6003,400400,0,0,0
49155319,0,0,14006,531221,174,1,0
49155320,0,0,14006,531221,174,0,0
49155321,0,0,14006,531221,0,0,0
49155322,0,0,14006,531221,0,0,0
49155323,0,0,14006,531221,0,0,0
49155324,7423,0,14006,531221,0,0,0
# MARK addr tick=49155324
49155325,7423,0,14006,531221,0,0,0
49155326,0,0,14003,531221,0,0,0
49155327,0,0,6003,531221,0,0,0
49155328,0,0,7423,531221,0,0,0
# MARK ram tick=49155328
49155329,0,14701,7423,31301,0,0,0
49155330,0,14701,7423,31301,0,0,0
49155331,0,14701,7423,31301,0,0,0
49155332,0,14701,6000,31301,0,0,0
49155333,0,0,6003,31301,0,0,0
49155334,0,0,6003,31301,0,0,0
49155568,0,0,14006,31221,145,1,0
49155569,0,0,14006,31221,145,0,0
49155570,0,0,14006,31221,0,0,0
49155571,0,0,14006,31221,0,0,0
49155572,0,0,14006,31221,0,0,0
49155573,7423,0,14006,31221,0,0,0
# MARK addr tick=49155573
49155574,7423,0,14006,31221,0,0,0
49155575,0,0,14003,31221,0,0,0
49155576,14721,0,6003,31221,0,0,1
49155577,14721,0,7423,31221,0,1,1
# MARK ram tick=49155577
49155578,14721,0,7423,31221,0,0,1
49155579,14721,0,7423,31221,2001,0,1
49155580,14721,0,7423,31221,16577,0,1
49155581,14721,0,6000,31221,16577,0,1
49155582,14721,0,6003,31221,0,0,1
49155583,0,0,6003,31221,0,0,0
49155584,0,0,6003,31221,0,0,0
49155585,0,0,6003,31221,0,0,0
49155586,0,0,7423,31221,0,0,0
# MARK ram tick=49155586
49155587,0,0,7423,31221,0,0,0
49155588,0,0,7423,31221,0,0,0
49155589,0,0,7423,31221,0,0,0
49155590,0,0,6000,31221,0,0,0
49155591,0,0,6003,31221,0,0,0
49155592,14577,0,6003,31221,0,0,0
49156740,0,0,14006,61235,152,0,0
49156741,0,0,14006,61235,152,0,0
49156742,7437,0,14006,61235,152,0,0
49156743,7437,0,14006,61235,152,0,0
49156744,0,0,14003,61235,152,0,0
49156745,12023,0,6003,61235,152,0,0
# MARK addr tick=49156745
49156746,12023,0,7437,61235,152,1,0
49156747,12023,0,7437,61235,152,0,0
49156748,12023,0,7437,61235,145,0,0
49156749,12023,0,7437,61235,145,0,0
49156750,12023,0,6000,61235,145,0,0
49156751,12023,0,6003,61235,145,0,0
49156889,0,0,6003,417026,145,1,0
49156890,0,0,6003,417026,145,0,0
49156891,0,0,6003,417026,0,0,0
49156892,0,0,6003,417026,0,0,0
49156893,0,0,6003,417026,0,0,0
49156894,7426,0,6003,417026,0,0,0
# MARK addr tick=49156894
49156895,7426,0,6003,417026,0,0,0
49156896,0,0,6003,417026,0,0,0
49156897,14624,0,6003,417026,0,0,0
49156898,14624,0,7426,417026,0,1,0
# MARK ram tick=49156898
49156899,14624,0,7426,417026,0,0,0
49156900,14624,0,7426,417026,2001,0,0
49156901,14624,0,7426,417026,17155,0,0
49156902,14624,0,6000,417026,17155,0,0
49156903,14624,0,6003,417026,0,0,0
49156904,0,0,6003,417026,0,0,0
49163235,0,0,14006,61235,152,0,0
49163236,0,0,14006,61235,152,0,0
49163237,7463,0,14006,61235,152,0,0
49163238,7463,0,14006,61235,152,0,0
49163239,0,0,14003,61235,152,0,0
49163240,12023,0,6003,61235,152,0,0
# MARK addr tick=49163240
49163241,12023,0,7463,61235,152,1,0
49163242,12023,0,7463,61235,152,0,0
49163243,12023,0,7463,61235,145,0,0
49163244,12023,0,7463,61235,145,0,0
49163245,12023,0,6000,61235,145,0,0
49163246,12023,0,6003,61235,145,0,0
49164045,0,0,14006,304200,4332,1,0
49164046,0,0,14006,304200,4332,0,0
49164047,0,0,14006,304200,4334,0,0
49164048,0,0,14006,304200,4334,0,0
49164049,0,0,14006,304200,4334,0,0
49164050,12023,0,14006,304200,4334,0,0
# MARK addr tick=49164050
49164051,12023,0,14006,304200,4334,0,0
49164052,0,0,14005,304200,4334,0,0
49164053,0,0,12005,304200,4334,0,0
49164054,0,0,12023,304200,4334,0,0
# MARK ram tick=49164054
49164055,0,44516,12023,111516,4334,0,0
49164056,0,44516,12023,111516,4334,0,0
49164057,0,44516,12023,111516,4334,0,0
49164058,0,44516,12000,111516,4334,0,0
49164059,0,0,12005,111516,4334,0,0
49164060,0,0,12005,111516,4334,0,0
49164794,0,0,14362,304200,4333,0,1
49164795,0,0,14362,304200,4333,0,1
49164796,0,0,14362,304200,4333,0,1
49164797,0,0,14000,304200,4333,0,1
49164798,0,0,14006,304200,4333,0,1
49164799,12023,0,14006,304200,4333,0,0
# MARK addr tick=49164799
49164800,12023,0,14006,304200,4333,0,0
49164801,0,0,14005,304200,4333,0,0
49164802,0,0,12005,304200,4333,0,0
49164803,0,0,12023,304200,4333,0,0
# MARK ram tick=49164803
49164804,0,44516,12023,111516,4333,0,0
49164805,0,44516,12023,111516,4333,0,0
49164806,0,44516,12023,111516,4333,0,0
49164807,0,44516,12000,111516,4333,0,0
49164808,0,0,12005,111516,4333,0,0
49164809,0,0,12005,111516,4333,0,0
49171196,0,0,14006,304200,4332,1,0
49171197,0,0,14006,304200,4332,0,0
49171198,0,0,14006,304200,4334,0,0
49171199,0,0,14006,304200,4334,0,0
49171200,0,0,14006,304200,4334,0,0
49171201,12024,0,14006,304200,4334,0,0
# MARK addr tick=49171201
49171202,12024,0,14006,304200,4334,0,0
49171203,0,0,14005,304200,4334,0,0
49171204,0,0,12005,304200,4334,0,0
49171205,0,0,12024,304200,4334,0,0
# MARK ram tick=49171205
49171206,0,51524,12024,523124,4334,0,0
49171207,0,51524,12024,523124,4334,0,0
49171208,0,51524,12024,523124,4334,0,0
49171209,0,51524,12000,523124,4334,0,0
49171210,0,0,12005,523124,4334,0,0
49171211,0,0,12005,523124,4334,0,0
49171921,0,0,14006,304200,4332,1,0
49171922,0,0,14006,304200,4332,0,0
49171923,0,0,14006,304200,4333,0,0
49171924,0,0,14006,304200,4333,0,0
49171925,0,0,14006,304200,4333,0,0
49171926,12024,0,14006,304200,4333,0,0
# MARK addr tick=49171926
49171927,12024,0,14006,304200,4333,0,0
49171928,0,0,14005,304200,4333,0,0
49171929,0,0,12005,304200,4333,0,0
49171930,0,0,12024,304200,4333,0,0
# MARK ram tick=49171930
49171931,0,51524,12024,523124,4333,0,0
49171932,0,51524,12024,523124,4333,0,0
49171933,0,51524,12024,523124,4333,0,0
49171934,0,51524,12000,523124,4333,0,0
49171935,0,0,12005,523124,4333,0,0
49171936,0,0,12005,523124,4333,0,0
49172647,0,0,14006,304200,4332,1,0
49172648,0,0,14006,304200,4332,0,0
49172649,0,0,14006,304200,4334,0,0
49172650,0,0,14006,304200,4334,0,0
49172651,0,0,14006,304200,4334,0,0
49172652,12025,0,14006,304200,4334,0,0
# MARK addr tick=49172652
49172653,12025,0,14006,304200,4334,0,0
49172654,0,0,14005,304200,4334,0,0
49172655,0,0,12005,304200,4334,0,0
49172656,0,0,12025,304200,4334,0,0
# MARK ram tick=49172656
49172657,0,51125,12025,122525,4334,0,0
49172658,0,51125,12025,122525,4334,0,0
49172659,0,51125,12025,122525,4334,0,0
49172660,0,51125,12000,122525,4334,0,0
49172661,0,0,12005,122525,4334,0,0
49172662,0,0,12005,122525,4334,0,0
49173363,0,0,14006,304200,4332,1,0
49173364,0,0,14006,304200,4332,0,0
49173365,0,0,14006,304200,4333,0,0
49173366,0,0,14006,304200,4333,0,0
49173367,0,0,14006,304200,4333,0,0
49173368,12025,0,14006,304200,4333,0,0
# MARK addr tick=49173368
49173369,12025,0,14006,304200,4333,0,0
49173370,0,0,14005,304200,4333,0,0
49173371,0,0,12005,304200,4333,0,0
49173372,0,0,12025,304200,4333,0,0
# MARK ram tick=49173372
49173373,0,51125,12025,122525,4333,0,0
49173374,0,51125,12025,122525,4333,0,0
49173375,0,51125,12025,122525,4333,0,0
49173376,0,51125,12000,122525,4333,0,0
49173377,0,0,12005,122525,4333,0,0
49173378,0,0,12005,122525,4333,0,0
49179744,0,0,14006,304200,4332,1,0
49179745,0,0,14006,304200,4332,0,0
49179746,0,0,14006,304200,4334,0,0
49179747,0,0,14006,304200,4334,0,0
49179748,0,0,14006,304200,4334,0,0
49179749,12026,0,14006,304200,4334,0,0
# MARK addr tick=49179749
49179750,12026,0,14006,304200,4334,0,0
49179751,0,0,14005,304200,4334,0,0
49179752,0,0,12005,304200,4334,0,0
49179753,0,0,12026,304200,4334,0,0
# MARK ram tick=49179753
49179754,0,41524,12026,103124,4334,0,0
49179755,0,41524,12026,103124,4334,0,0
49179756,0,41524,12026,103124,4334,0,0
49179757,0,41524,12000,103124,4334,0,0
49179758,0,0,12005,103124,4334,0,0
49179759,0,0,12005,103124,4334,0,0
49180470,0,0,14006,304200,4332,1,0
49180471,0,0,14006,304200,4332,0,0
49180472,0,0,14006,304200,4333,0,0
49180473,0,0,14006,304200,4333,0,0
49180474,0,0,14006,304200,4333,0,0
49180475,12026,0,14006,304200,4333,0,0
# MARK addr tick=49180475
49180476,12026,0,14006,304200,4333,0,0
49180477,0,0,14005,304200,4333,0,0
49180478,0,0,12005,304200,4333,0,0
49180479,0,0,12026,304200,4333,0,0
# MARK ram tick=49180479
49180480,0,41524,12026,103124,4333,0,0
49180481,0,41524,12026,103124,4333,0,0
49180482,0,41524,12026,103124,4333,0,0
49180483,0,41524,12000,103124,4333,0,0
49180484,0,0,12005,103124,4333,0,0
49180485,0,0,12005,103124,4333,0,0
49181191,0,0,14006,304200,4332,1,0
49181192,0,0,14006,304200,4332,0,0
49181193,0,0,14006,304200,4334,0,0
49181194,0,0,14006,304200,4334,0,0
49181195,0,0,14006,304200,4334,0,0
49181196,12027,0,14006,304200,4334,0,0
# MARK addr tick=49181196
49181197,12027,0,14006,304200,4334,0,0
49181198,0,0,14005,304200,4334,0,0
49181199,0,0,12005,304200,4334,0,0
49181200,0,0,12027,304200,4334,0,0
# MARK ram tick=49181200
49181201,0,44517,12027,111117,4334,0,0
49181202,0,44517,12027,111117,4334,0,0
49181203,0,44517,12027,111117,4334,0,0
49181204,0,44517,12000,111117,4334,0,0
49181205,0,0,12005,111117,4334,0,0
49181206,0,0,12005,111117,4334,0,0
49187596,0,0,14006,304200,4332,1,0
49187597,0,0,14006,304200,4332,0,0
49187598,0,0,14006,304200,4333,0,0
49187599,0,0,14006,304200,4333,0,0
49187600,0,0,14006,304200,4333,0,0
49187601,12027,0,14006,304200,4333,0,0
# MARK addr tick=49187601
49187602,12027,0,14006,304200,4333,0,0
49187603,0,0,14005,304200,4333,0,0
49187604,0,0,12005,304200,4333,0,0
49187605,0,0,12027,304200,4333,0,0
# MARK ram tick=49187605
49187606,0,44517,12027,111117,4333,0,0
49187607,0,44517,12027,111117,4333,0,0
49187608,0,44517,12027,111117,4333,0,0
49187609,0,44517,12000,111117,4333,0,0
49187610,0,0,12005,111117,4333,0,0
49187611,0,0,12005,111117,4333,0,0
49212763,0,0,14006,304200,4332,1,0
49212764,0,0,14006,304200,4332,0,0
49212765,0,0,14006,304200,4334,0,0
49212766,0,0,14006,304200,4334,0,0
49212767,0,0,14006,304200,4334,0,0
49212768,12023,0,14006,304200,4334,0,0
# MARK addr tick=49212768
49212769,12023,0,14006,304200,4334,0,0
49212770,0,0,14005,304200,4334,0,0
49212771,0,0,12005,304200,4334,0,0
49212772,0,0,12023,304200,4334,0,0
# MARK ram tick=49212772
49212773,0,44516,12023,111516,4334,0,0
49212774,0,44516,12023,111516,4334,0,0
49212775,0,44516,12023,111516,4334,0,0
49212776,0,44516,12000,111516,4334,0,0
49212777,0,0,12005,111516,4334,0,0
49212778,0,0,12005,111516,4334,0,0
49212931,0,0,14006,304200,4332,1,0
49212932,0,0,14006,304200,4332,0,0
49212933,0,0,14006,304200,4334,0,0
49212934,0,0,14006,304200,4334,0,0
49212935,0,0,14006,304200,4334,0,0
49212936,12023,0,14006,304200,4334,0,0
# MARK addr tick=49212936
49212937,12023,0,14006,304200,4334,0,0
49212938,0,0,14005,304200,4334,0,0
49212939,0,0,12005,304200,4334,0,0
49212940,0,0,12023,304200,4334,0,0
# MARK ram tick=49212940
49212941,0,44516,12023,111516,4334,0,0
49212942,0,44516,12023,111516,4334,0,0
49212943,0,44516,12023,111516,4334,0,0
49212944,0,44516,12000,111516,4334,0,0
49212945,0,0,12005,111516,4334,0,0
49212946,0,0,12005,111516,4334,0,0
49213367,0,0,62031,534200,174,1,0
49213368,0,0,62031,534200,174,0,0
49213369,0,0,62031,534200,0,0,0
49213370,0,0,62031,534200,0,0,0
49213371,0,0,62031,534200,0,0,0
49213372,7426,0,62031,534200,0,0,0
# MARK addr tick=49213372
49213373,7426,0,62031,534200,0,0,0
49213374,0,0,62003,534200,0,0,0
49213375,0,0,6003,534200,0,0,0
49213376,0,0,7426,534200,0,0,0
# MARK ram tick=49213376
49213377,0,14624,7426,31224,0,0,0
49213378,0,14624,7426,31224,0,0,0
49213379,0,14624,7426,31224,0,0,0
49213380,0,14624,6000,31224,0,0,0
49213381,0,0,6003,31224,0,0,0
49213382,0,0,6003,31224,0,0,0
49213434,0,0,14624,411623,0,0,1
49213435,0,0,14624,411623,0,0,1
49213436,0,0,14624,411623,0,0,1
49213437,0,0,14000,411623,0,0,1
49213438,0,0,14006,411623,0,0,1
49213439,7425,0,14006,411623,0,0,0
# MARK addr tick=49213439
49213440,7425,0,14006,411623,0,0,0
49213441,0,0,14003,411623,0,0,0
49213442,0,0,6003,411623,0,0,0
49213443,0,0,7425,411623,0,1,0
# MARK ram tick=49213443
49213444,0,0,7425,411623,0,0,0
49213445,0,0,7425,411623,2001,0,0
49213446,0,0,7425,411623,16625,0,0
49213447,0,0,6000,411623,16625,0,0
49213448,0,0,6003,411623,0,0,0
49213449,0,0,6003,411623,0,0,0
49213586,0,0,14006,111623,170,1,0
49213587,0,0,14006,111623,170,0,0
49213588,0,0,14006,111623,0,0,0
49213589,0,0,14006,111623,0,0,0
49213590,0,0,14006,111623,0,0,0
49213591,7425,0,14006,111623,0,0,0
# MARK addr tick=49213591
49213592,7425,0,14006,111623,0,0,0
49213593,0,0,14003,111623,0,0,0
49213594,0,0,6003,111623,0,0,0
49213595,0,0,7425,111623,0,0,0
# MARK ram tick=49213595
49213596,0,0,7425,400400,0,0,0
49213597,0,0,7425,400400,0,0,0
49213598,0,0,7425,400400,0,0,0
49213599,0,0,6000,400400,0,0,0
49213600,0,0,6003,400400,0,0,0
49213601,0,0,6003,400400,0,0,0
49229095,0,0,14006,61235,152,0,0
49229096,0,0,14006,61235,152,0,0
49229097,7437,0,14006,61235,152,0,0
49229098,7437,0,14006,61235,152,0,0
49229099,0,0,14003,61235,152,0,0
49229100,12023,0,6003,61235,152,0,0
# MARK addr tick=49229100
49229101,12023,0,7437,61235,152,1,0
49229102,12023,0,7437,61235,152,0,0
49229103,12023,0,7437,61235,145,0,0
49229104,12023,0,7437,61235,145,0,0
49229105,12023,0,6000,61235,145,0,0
49229106,12023,0,6003,61235,145,0,0
49229244,0,0,6003,417026,145,1,0
49229245,0,0,6003,417026,145,0,0
49229246,0,0,6003,417026,0,0,0
49229247,0,0,6003,417026,0,0,0
49229248,0,0,6003,417026,0,0,0
49229249,7426,0,6003,417026,0,0,0
# MARK addr tick=49229249
49229250,7426,0,6003,417026,0,0,0
49229251,0,0,6003,417026,0,0,0
49229252,14624,0,6003,417026,0,0,0
49229253,14624,0,7426,417026,0,1,0
# MARK ram tick=49229253
49229254,14624,0,7426,417026,0,0,0
49229255,14624,0,7426,417026,2001,0,0
49229256,14624,0,7426,417026,17155,0,0
49229257,14624,0,6000,417026,17155,0,0
49229258,14624,0,6003,417026,0,0,0
49229259,0,0,6003,417026,0,0,0
49229934,0,0,14006,61235,152,0,0
49229935,0,0,14006,61235,152,0,0
49229936,7463,0,14006,61235,152,0,0
49229937,7463,0,14006,61235,152,0,0
49229938,0,0,14003,61235,152,0,0
49229939,12023,0,6003,61235,152,0,0
# MARK addr tick=49229939
49229940,12023,0,7463,61235,152,1,0
49229941,12023,0,7463,61235,152,0,0
49229942,12023,0,7463,61235,145,0,0
49229943,12023,0,7463,61235,145,0,0
49229944,12023,0,6000,61235,145,0,0
49229945,12023,0,6003,61235,145,0,0
49230733,0,0,14006,304200,4332,1,0
49230734,0,0,14006,304200,4332,0,0
49230735,0,0,14006,304200,4334,0,0
49230736,0,0,14006,304200,4334,0,0
49230737,0,0,14006,304200,4334,0,0
49230738,12023,0,14006,304200,4334,0,0
# MARK addr tick=49230738
49230739,12023,0,14006,304200,4334,0,0
49230740,0,0,14005,304200,4334,0,0
49230741,0,0,12005,304200,4334,0,0
49230742,0,0,12023,304200,4334,0,0
# MARK ram tick=49230742
49230743,0,44516,12023,111516,4334,0,0
49230744,0,44516,12023,111516,4334,0,0
49230745,0,44516,12023,111516,4334,0,0
49230746,0,44516,12000,111516,4334,0,0
49230747,0,0,12005,111516,4334,0,0
49230748,0,0,12005,111516,4334,0,0
49237132,0,0,14006,304200,4332,1,0
49237133,0,0,14006,304200,4332,0,0
49237134,0,0,14006,304200,4333,0,0
49237135,0,0,14006,304200,4333,0,0
49237136,0,0,14006,304200,4333,0,0
49237137,12023,0,14006,304200,4333,0,0
# MARK addr tick=49237137
49237138,12023,0,14006,304200,4333,0,0
49237139,0,0,14005,304200,4333,0,0
49237140,0,0,12005,304200,4333,0,0
49237141,0,0,12023,304200,4333,0,0
# MARK ram tick=49237141
49237142,0,44516,12023,111516,4333,0,0
49237143,0,44516,12023,111516,4333,0,0
49237144,0,44516,12023,111516,4333,0,0
49237145,0,44516,12000,111516,4333,0,0
49237146,0,0,12005,111516,4333,0,0
49237147,0,0,12005,111516,4333,0,0
49237881,0,0,14006,304200,4332,1,0
49237882,0,0,14006,304200,4332,0,0
49237883,0,0,14006,304200,4334,0,0
49237884,0,0,14006,304200,4334,0,0
49237885,0,0,14006,304200,4334,0,0
49237886,12024,0,14006,304200,4334,0,0
# MARK addr tick=49237886
49237887,12024,0,14006,304200,4334,0,0
49237888,0,0,14005,304200,4334,0,0
49237889,0,0,12005,304200,4334,0,0
49237890,0,0,12024,304200,4334,0,0
# MARK ram tick=49237890
49237891,0,51524,12024,523124,4334,0,0
49237892,0,51524,12024,523124,4334,0,0
49237893,0,51524,12024,523124,4334,0,0
49237894,0,51524,12000,523124,4334,0,0
49237895,0,0,12005,523124,4334,0,0
49237896,0,0,12005,523124,4334,0,0
49238602,0,0,14006,304200,4332,1,0
49238603,0,0,14006,304200,4332,0,0
49238604,0,0,14006,304200,4333,0,0
49238605,0,0,14006,304200,4333,0,0
49238606,0,0,14006,304200,4333,0,0
49238607,12024,0,14006,304200,4333,0,0
# MARK addr tick=49238607
49238608,12024,0,14006,304200,4333,0,0
49238609,0,0,14005,304200,4333,0,0
49238610,0,0,12005,304200,4333,0,0
49238611,0,0,12024,304200,4333,0,0
# MARK ram tick=49238611
49238612,0,51524,12024,523124,4333,0,0
49238613,0,51524,12024,523124,4333,0,0
49238614,0,51524,12024,523124,4333,0,0
49238615,0,51524,12000,523124,4333,0,0
49238616,0,0,12005,523124,4333,0,0
49238617,0,0,12005,523124,4333,0,0
49239326,0,0,14006,304200,4332,1,0
49239327,0,0,14006,304200,4332,0,0
49239328,0,0,14006,304200,4334,0,0
49239329,0,0,14006,304200,4334,0,0
49239330,0,0,14006,304200,4334,0,0
49239331,12025,0,14006,304200,4334,0,0
# MARK addr tick=49239331
49239332,12025,0,14006,304200,4334,0,0
49239333,0,0,14005,304200,4334,0,0
49239334,0,0,12005,304200,4334,0,0
49239335,0,0,12025,304200,4334,0,0
# MARK ram tick=49239335
49239336,0,51125,12025,122525,4334,0,0
49239337,0,51125,12025,122525,4334,0,0
49239338,0,51125,12025,122525,4334,0,0
49239339,0,51125,12000,122525,4334,0,0
49239340,0,0,12005,122525,4334,0,0
49239341,0,0,12005,122525,4334,0,0
49245697,0,0,14006,304200,4332,1,0
49245698,0,0,14006,304200,4332,0,0
49245699,0,0,14006,304200,4333,0,0
49245700,0,0,14006,304200,4333,0,0
49245701,0,0,14006,304200,4333,0,0
49245702,12025,0,14006,304200,4333,0,0
# MARK addr tick=49245702
49245703,12025,0,14006,304200,4333,0,0
49245704,0,0,14005,304200,4333,0,0
49245705,0,0,12005,304200,4333,0,0
49245706,0,0,12025,304200,4333,0,0
# MARK ram tick=49245706
49245707,0,51125,12025,122525,4333,0,0
49245708,0,51125,12025,122525,4333,0,0
49245709,0,51125,12025,122525,4333,0,0
49245710,0,51125,12000,122525,4333,0,0
49245711,0,0,12005,122525,4333,0,0
49245712,0,0,12005,122525,4333,0,0
49246426,0,0,14006,304200,4332,1,0
49246427,0,0,14006,304200,4332,0,0
49246428,0,0,14006,304200,4334,0,0
49246429,0,0,14006,304200,4334,0,0
49246430,0,0,14006,304200,4334,0,0
49246431,12026,0,14006,304200,4334,0,0
# MARK addr tick=49246431
49246432,12026,0,14006,304200,4334,0,0
49246433,0,0,14005,304200,4334,0,0
49246434,0,0,12005,304200,4334,0,0
49246435,0,0,12026,304200,4334,0,0
# MARK ram tick=49246435
49246436,0,41524,12026,103124,4334,0,0
49246437,0,41524,12026,103124,4334,0,0
49246438,0,41524,12026,103124,4334,0,0
49246439,0,41524,12000,103124,4334,0,0
49246440,0,0,12005,103124,4334,0,0
49246441,0,0,12005,103124,4334,0,0
49247145,0,0,14006,304200,4332,1,0
49247146,0,0,14006,304200,4332,0,0
49247147,0,0,14006,304200,4333,0,0
49247148,0,0,14006,304200,4333,0,0
49247149,0,0,14006,304200,4333,0,0
49247150,12026,0,14006,304200,4333,0,0
# MARK addr tick=49247150
49247151,12026,0,14006,304200,4333,0,0
49247152,0,0,14005,304200,4333,0,0
49247153,0,0,12005,304200,4333,0,0
49247154,0,0,12026,304200,4333,0,0
# MARK ram tick=49247154
49247155,0,41524,12026,103124,4333,0,0
49247156,0,41524,12026,103124,4333,0,0
49247157,0,41524,12026,103124,4333,0,0
49247158,0,41524,12000,103124,4333,0,0
49247159,0,0,12005,103124,4333,0,0
49247160,0,0,12005,103124,4333,0,0
49253517,0,0,14006,304200,4332,1,0
49253518,0,0,14006,304200,4332,0,0
49253519,0,0,14006,304200,4334,0,0
49253520,0,0,14006,304200,4334,0,0
49253521,0,0,14006,304200,4334,0,0
49253522,12027,0,14006,304200,4334,0,0
# MARK addr tick=49253522
49253523,12027,0,14006,304200,4334,0,0
49253524,0,0,14005,304200,4334,0,0
49253525,0,0,12005,304200,4334,0,0
49253526,0,0,12027,304200,4334,0,0
# MARK ram tick=49253526
49253527,0,44517,12027,111117,4334,0,0
49253528,0,44517,12027,111117,4334,0,0
49253529,0,44517,12027,111117,4334,0,0
49253530,0,44517,12000,111117,4334,0,0
49253531,0,0,12005,111117,4334,0,0
49253532,0,0,12005,111117,4334,0,0
49254254,0,0,14006,304200,4332,1,0
49254255,0,0,14006,304200,4332,0,0
49254256,0,0,14006,304200,4333,0,0
49254257,0,0,14006,304200,4333,0,0
49254258,0,0,14006,304200,4333,0,0
49254259,12027,0,14006,304200,4333,0,0
# MARK addr tick=49254259
49254260,12027,0,14006,304200,4333,0,0
49254261,0,0,14005,304200,4333,0,0
49254262,0,0,12005,304200,4333,0,0
49254263,0,0,12027,304200,4333,0,0
# MARK ram tick=49254263
49254264,0,44517,12027,111117,4333,0,0
49254265,0,44517,12027,111117,4333,0,0
49254266,0,44517,12027,111117,4333,0,0
49254267,0,44517,12000,111117,4333,0,0
49254268,0,0,12005,111117,4333,0,0
49254269,0,0,12005,111117,4333,0,0
49321690,0,0,14006,304200,4332,1,0
49321691,0,0,14006,304200,4332,0,0
49321692,0,0,14006,304200,4334,0,0
49321693,0,0,14006,304200,4334,0,0
49321694,0,0,14006,304200,4334,0,0
49321695,12023,0,14006,304200,4334,0,0
# MARK addr tick=49321695
49321696,12023,0,14006,304200,4334,0,0
49321697,0,0,14005,304200,4334,0,0
49321698,0,0,12005,304200,4334,0,0
49321699,0,0,12023,304200,4334,0,0
# MARK ram tick=49321699
49321700,0,44516,12023,111516,4334,0,0
49321701,0,44516,12023,111516,4334,0,0
49321702,0,44516,12023,111516,4334,0,0
49321703,0,44516,12000,111516,4334,0,0
49321704,0,0,12005,111516,4334,0,0
49321705,0,0,12005,111516,4334,0,0
49327517,0,0,14006,304200,4332,1,0
49327518,0,0,14006,304200,4332,0,0
49327519,0,0,14006,304200,4334,0,0
49327520,0,0,14006,304200,4334,0,0
49327521,0,0,14006,304200,4334,0,0
49327522,12023,0,14006,304200,4334,0,0
# MARK addr tick=49327522
49327523,12023,0,14006,304200,4334,0,0
49327524,0,0,14005,304200,4334,0,0
49327525,0,0,12005,304200,4334,0,0
49327526,0,0,12023,304200,4334,0,0
# MARK ram tick=49327526
49327527,0,44516,12023,111516,4334,0,0
49327528,0,44516,12023,111516,4334,0,0
49327529,0,44516,12023,111516,4334,0,0
49327530,0,44516,12000,111516,4334,0,0
49327531,0,0,12005,111516,4334,0,0
49327532,0,0,12005,111516,4334,0,0
49327961,0,0,62031,534200,174,1,0
49327962,0,0,62031,534200,174,0,0
49327963,0,0,62031,534200,0,0,0
49327964,0,0,62031,534200,0,0,0
49327965,0,0,62031,534200,0,0,0
49327966,7426,0,62031,534200,0,0,0
# MARK addr tick=49327966
49327967,7426,0,62031,534200,0,0,0
49327968,0,0,62003,534200,0,0,0
49327969,0,0,6003,534200,0,0,0
49327970,0,0,7426,534200,0,0,0
# MARK ram tick=49327970
49327971,0,14624,7426,31224,0,0,0
49327972,0,14624,7426,31224,0,0,0
49327973,0,14624,7426,31224,0,0,0
49327974,0,14624,6000,31224,0,0,0
49327975,0,0,6003,31224,0,0,0
49327976,0,0,6003,31224,0,0,0
49328019,0,0,14006,411623,145,1,0
49328020,0,0,14006,411623,145,0,0
49328021,0,0,14006,411623,0,0,0
49328022,0,0,14006,411623,0,0,0
49328023,0,0,14006,411623,0,0,0
49328024,7425,0,14006,411623,0,0,0
# MARK addr tick=49328024
49328025,7425,0,14006,411623,0,0,0
49328026,0,0,14003,411623,0,0,0
49328027,0,0,6003,411623,0,0,0
49328028,0,0,7425,411623,0,1,0
# MARK ram tick=49328028
49328029,0,0,7425,411623,0,0,0
49328030,0,0,7425,411623,2001,0,0
49328031,0,0,7425,411623,16625,0,0
49328032,0,0,6000,411623,16625,0,0
49328033,0,0,6003,411623,0,0,0
49328034,0,0,6003,411623,0,0,0
49328173,0,0,14006,111623,170,1,0
49328174,0,0,14006,111623,170,0,0
49328175,0,0,14006,111623,0,0,0
49328176,0,0,14006,111623,0,0,0
49328177,0,0,14006,111623,0,0,0
49328178,7425,0,14006,111623,0,0,0
# MARK addr tick=49328178
49328179,7425,0,14006,111623,0,0,0
49328180,0,0,14003,111623,0,0,0
49328181,0,0,6003,111623,0,0,0
49328182,0,0,7425,111623,0,0,0
# MARK ram tick=49328182
49328183,0,0,7425,400400,0,0,0
49328184,0,0,7425,400400,0,0,0
49328185,0,0,7425,400400,0,0,0
49328186,0,0,6000,400400,0,0,0
49328187,0,0,6003,400400,0,0,0
49328188,0,0,6003,400400,0,0,0
49329372,0,0,14006,61235,152,0,0
49329373,0,0,14006,61235,152,0,0
49329374,7437,0,14006,61235,152,0,0
49329375,7437,0,14006,61235,152,0,0
49329376,0,0,14003,61235,152,0,0
49329377,12023,0,6003,61235,152,0,0
# MARK addr tick=49329377
49329378,12023,0,7437,61235,152,1,0
49329379,12023,0,7437,61235,152,0,0
49329380,12023,0,7437,61235,145,0,0
49329381,12023,0,7437,61235,145,0,0
49329382,12023,0,6000,61235,145,0,0
49329383,12023,0,6003,61235,145,0,0
49329521,0,0,6003,417026,145,1,0
49329522,0,0,6003,417026,145,0,0
49329523,0,0,6003,417026,0,0,0
49329524,0,0,6003,417026,0,0,0
49329525,0,0,6003,417026,0,0,0
49329526,7426,0,6003,417026,0,0,0
# MARK addr tick=49329526
49329527,7426,0,6003,417026,0,0,0
49329528,0,0,6003,417026,0,0,0
49329529,14624,0,6003,417026,0,0,0
49329530,14624,0,7426,417026,0,1,0
# MARK ram tick=49329530
49329531,14624,0,7426,417026,0,0,0
49329532,14624,0,7426,417026,2001,0,0
49329533,14624,0,7426,417026,17155,0,0
49329534,14624,0,6000,417026,17155,0,0
49329535,14624,0,6003,417026,0,0,0
49329536,0,0,6003,417026,0,0,0
49335874,0,0,14006,61235,152,0,0
49335875,0,0,14006,61235,152,0,0
49335876,7463,0,14006,61235,152,0,0
49335877,7463,0,14006,61235,152,0,0
49335878,0,0,14003,61235,152,0,0
49335879,12023,0,6003,61235,152,0,0
# MARK addr tick=49335879
49335880,12023,0,7463,61235,152,1,0
49335881,12023,0,7463,61235,152,0,0
49335882,12023,0,7463,61235,145,0,0
49335883,12023,0,7463,61235,145,0,0
49335884,12023,0,6000,61235,145,0,0
49335885,12023,0,6003,61235,145,0,0
49336673,0,0,14006,304200,4332,1,0
49336674,0,0,14006,304200,4332,0,0
49336675,0,0,14006,304200,4334,0,0
49336676,0,0,14006,304200,4334,0,0
49336677,0,0,14006,304200,4334,0,0
49336678,12023,0,14006,304200,4334,0,0
# MARK addr tick=49336678
49336679,12023,0,14006,304200,4334,0,0
49336680,0,0,14005,304200,4334,0,0
49336681,0,0,12005,304200,4334,0,0
49336682,0,0,12023,304200,4334,0,0
# MARK ram tick=49336682
49336683,0,44516,12023,111516,4334,0,0
49336684,0,44516,12023,111516,4334,0,0
49336685,0,44516,12023,111516,4334,0,0
49336686,0,44516,12000,111516,4334,0,0
49336687,0,0,12005,111516,4334,0,0
49336688,0,0,12005,111516,4334,0,0
49337415,0,0,14006,304200,4332,1,0
49337416,0,0,14006,304200,4332,0,0
49337417,0,0,14006,304200,4333,0,0
49337418,0,0,14006,304200,4333,0,0
49337419,0,0,14006,304200,4333,0,0
49337420,12023,0,14006,304200,4333,0,0
# MARK addr tick=49337420
49337421,12023,0,14006,304200,4333,0,0
49337422,0,0,14005,304200,4333,0,0
49337423,0,0,12005,304200,4333,0,0
49337424,0,0,12023,304200,4333,0,0
# MARK ram tick=49337424
49337425,0,44516,12023,111516,4333,0,0
49337426,0,44516,12023,111516,4333,0,0
49337427,0,44516,12023,111516,4333,0,0
49337428,0,44516,12000,111516,4333,0,0
49337429,0,0,12005,111516,4333,0,0
49337430,0,0,12005,111516,4333,0,0
49338166,0,0,14006,304200,4332,1,0
49338167,0,0,14006,304200,4332,0,0
49338168,0,0,14006,304200,4334,0,0
49338169,0,0,14006,304200,4334,0,0
49338170,0,0,14006,304200,4334,0,0
49338171,12024,0,14006,304200,4334,0,0
# MARK addr tick=49338171
49338172,12024,0,14006,304200,4334,0,0
49338173,0,0,14005,304200,4334,0,0
49338174,0,0,12005,304200,4334,0,0
49338175,0,0,12024,304200,4334,0,0
# MARK ram tick=49338175
49338176,0,51524,12024,523124,4334,0,0
49338177,0,51524,12024,523124,4334,0,0
49338178,0,51524,12024,523124,4334,0,0
49338179,0,51524,12000,523124,4334,0,0
49338180,0,0,12005,523124,4334,0,0
49338181,0,0,12005,523124,4334,0,0
49338356,0,0,12005,523124,1145,0,0
49338357,0,0,12005,523124,1145,0,0
49338358,0,0,12005,523124,1145,1,0
49338359,0,0,12005,523124,1146,0,0
49338360,0,0,12005,523124,1146,0,1
49338361,0,0,12024,523124,1146,1,1
# MARK ram tick=49338361
49338362,0,0,12024,523124,1147,0,1
49338363,0,0,12024,523124,1147,0,1
49338364,0,0,12024,523124,1147,1,1
49338365,0,0,12000,523124,1150,0,1
49338366,0,0,12005,523124,1150,0,1
49338367,0,0,12005,523124,1150,1,0
49344549,0,0,14006,304200,4332,1,0
49344550,0,0,14006,304200,4332,0,0
49344551,0,0,14006,304200,4333,0,0
49344552,0,0,14006,304200,4333,0,0
49344553,0,0,14006,304200,4333,0,0
49344554,12024,0,14006,304200,4333,0,0
# MARK addr tick=49344554
49344555,12024,0,14006,304200,4333,0,0
49344556,0,0,14005,304200,4333,0,0
49344557,0,0,12005,304200,4333,0,0
49344558,0,0,12024,304200,4333,0,0
# MARK ram tick=49344558
49344559,0,51524,12024,523124,4333,0,0
49344560,0,51524,12024,523124,4333,0,0
49344561,0,51524,12024,523124,4333,0,0
49344562,0,51524,12000,523124,4333,0,0
49344563,0,0,12005,523124,4333,0,0
49344564,0,0,12005,523124,4333,0,0
49345276,0,0,14006,304200,4332,1,0
49345277,0,0,14006,304200,4332,0,0
49345278,0,0,14006,304200,4334,0,0
49345279,0,0,14006,304200,4334,0,0
49345280,0,0,14006,304200,4334,0,0
49345281,12025,0,14006,304200,4334,0,0
# MARK addr tick=49345281
49345282,12025,0,14006,304200,4334,0,0
49345283,0,0,14005,304200,4334,0,0
49345284,0,0,12005,304200,4334,0,0
49345285,0,0,12025,304200,4334,0,0
# MARK ram tick=49345285
49345286,0,51125,12025,122525,4334,0,0
49345287,0,51125,12025,122525,4334,0,0
49345288,0,51125,12025,122525,4334,0,0
49345289,0,51125,12000,122525,4334,0,0
49345290,0,0,12005,122525,4334,0,0
49345291,0,0,12005,122525,4334,0,0
49345998,0,0,14006,304200,4332,1,0
49345999,0,0,14006,304200,4332,0,0
49346000,0,0,14006,304200,4333,0,0
49346001,0,0,14006,304200,4333,0,0
49346002,0,0,14006,304200,4333,0,0
49346003,12025,0,14006,304200,4333,0,0
# MARK addr tick=49346003
49346004,12025,0,14006,304200,4333,0,0
49346005,0,0,14005,304200,4333,0,0
49346006,0,0,12005,304200,4333,0,0
49346007,0,0,12025,304200,4333,0,0
# MARK ram tick=49346007
49346008,0,51125,12025,122525,4333,0,0
49346009,0,51125,12025,122525,4333,0,0
49346010,0,51125,12025,122525,4333,0,0
49346011,0,51125,12000,122525,4333,0,0
49346012,0,0,12005,122525,4333,0,0
49346013,0,0,12005,122525,4333,0,0
49352385,0,0,14006,304200,4332,1,0
49352386,0,0,14006,304200,4332,0,0
49352387,0,0,14006,304200,4334,0,0
49352388,0,0,14006,304200,4334,0,0
49352389,0,0,14006,304200,4334,0,0
49352390,12026,0,14006,304200,4334,0,0
# MARK addr tick=49352390
49352391,12026,0,14006,304200,4334,0,0
49352392,0,0,14005,304200,4334,0,0
49352393,0,0,12005,304200,4334,0,0
49352394,0,0,12026,304200,4334,0,0
# MARK ram tick=49352394
49352395,0,41524,12026,103124,4334,0,0
49352396,0,41524,12026,103124,4334,0,0
49352397,0,41524,12026,103124,4334,0,0
49352398,0,41524,12000,103124,4334,0,0
49352399,0,0,12005,103124,4334,0,0
49352400,0,0,12005,103124,4334,0,0
49353104,0,0,14006,304200,4332,1,0
49353105,0,0,14006,304200,4332,0,0
49353106,0,0,14006,304200,4333,0,0
49353107,0,0,14006,304200,4333,0,0
49353108,0,0,14006,304200,4333,0,0
49353109,12026,0,14006,304200,4333,0,0
# MARK addr tick=49353109
49353110,12026,0,14006,304200,4333,0,0
49353111,0,0,14005,304200,4333,0,0
49353112,0,0,12005,304200,4333,0,0
49353113,0,0,12026,304200,4333,0,0
# MARK ram tick=49353113
49353114,0,41524,12026,103124,4333,0,0
49353115,0,41524,12026,103124,4333,0,0
49353116,0,41524,12026,103124,4333,0,0
49353117,0,41524,12000,103124,4333,0,0
49353118,0,0,12005,103124,4333,0,0
49353119,0,0,12005,103124,4333,0,0
49353838,0,0,14006,304200,4332,1,0
49353839,0,0,14006,304200,4332,0,0
49353840,0,0,14006,304200,4334,0,0
49353841,0,0,14006,304200,4334,0,0
49353842,0,0,14006,304200,4334,0,0
49353843,12027,0,14006,304200,4334,0,0
# MARK addr tick=49353843
49353844,12027,0,14006,304200,4334,0,0
49353845,0,0,14005,304200,4334,0,0
49353846,0,0,12005,304200,4334,0,0
49353847,0,0,12027,304200,4334,0,0
# MARK ram tick=49353847
49353848,0,44517,12027,111117,4334,0,0
49353849,0,44517,12027,111117,4334,0,0
49353850,0,44517,12027,111117,4334,0,0
49353851,0,44517,12000,111117,4334,0,0
49353852,0,0,12005,111117,4334,0,0
49353853,0,0,12005,111117,4334,0,0
49354575,0,0,14006,304200,4332,1,0
49354576,0,0,14006,304200,4332,0,0
49354577,0,0,14006,304200,4333,0,0
49354578,0,0,14006,304200,4333,0,0
49354579,0,0,14006,304200,4333,0,0
49354580,12027,0,14006,304200,4333,0,0
# MARK addr tick=49354580
49354581,12027,0,14006,304200,4333,0,0
49354582,0,0,14005,304200,4333,0,0
49354583,0,0,12005,304200,4333,0,0
49354584,0,0,12027,304200,4333,0,0
# MARK ram tick=49354584
49354585,0,44517,12027,111117,4333,0,0
49354586,0,44517,12027,111117,4333,0,0
49354587,0,44517,12027,111117,4333,0,0
49354588,0,44517,12000,111117,4333,0,0
49354589,0,0,12005,111117,4333,0,0
49354590,0,0,12005,111117,4333,0,0
49394853,0,0,14006,304200,4332,1,0
49394854,0,0,14006,304200,4332,0,0
49394855,0,0,14006,304200,4334,0,0
49394856,0,0,14006,304200,4334,0,0
49394857,0,0,14006,304200,4334,0,0
49394858,12023,0,14006,304200,4334,0,0
# MARK addr tick=49394858
49394859,12023,0,14006,304200,4334,0,0
49394860,0,0,14005,304200,4334,0,0
49394861,0,0,12005,304200,4334,0,0
49394862,0,0,12023,304200,4334,0,0
# MARK ram tick=49394862
49394863,0,44516,12023,111516,4334,0,0
49394864,0,44516,12023,111516,4334,0,0
49394865,0,44516,12023,111516,4334,0,0
49394866,0,44516,12000,111516,4334,0,0
49394867,0,0,12005,111516,4334,0,0
49394868,0,0,12005,111516,4334,0,0
49395021,0,0,14006,304200,4332,1,0
49395022,0,0,14006,304200,4332,0,0
49395023,0,0,14006,304200,4334,0,0
49395024,0,0,14006,304200,4334,0,0
49395025,0,0,14006,304200,4334,0,0
49395026,12023,0,14006,304200,4334,0,0
# MARK addr tick=49395026
49395027,12023,0,14006,304200,4334,0,0
49395028,0,0,14005,304200,4334,0,0
49395029,0,0,12005,304200,4334,0,0
49395030,0,0,12023,304200,4334,0,0
# MARK ram tick=49395030
49395031,0,44516,12023,111516,4334,0,0
49395032,0,44516,12023,111516,4334,0,0
49395033,0,44516,12023,111516,4334,0,0
49395034,0,44516,12000,111516,4334,0,0
49395035,0,0,12005,111516,4334,0,0
49395036,0,0,12005,111516,4334,0,0
49395457,0,0,62031,534200,174,1,0
49395458,0,0,62031,534200,174,0,0
49395459,0,0,62031,534200,0,0,0
49395460,0,0,62031,534200,0,0,0
49395461,0,0,62031,534200,0,0,0
49395462,7426,0,62031,534200,0,0,0
# MARK addr tick=49395462
49395463,7426,0,62031,534200,0,0,0
49395464,0,0,62003,534200,0,0,0
49395465,0,0,6003,534200,0,0,0
49395466,0,0,7426,534200,0,0,0
# MARK ram tick=49395466
49395467,0,14624,7426,31224,0,0,0
49395468,0,14624,7426,31224,0,0,0
49395469,0,14624,7426,31224,0,0,0
49395470,0,14624,6000,31224,0,0,0
49395471,0,0,6003,31224,0,0,0
49395472,0,0,6003,31224,0,0,0
49395515,0,0,14006,411623,145,1,0
49395516,0,0,14006,411623,145,0,0
49395517,0,0,14006,411623,0,0,0
49395518,0,0,14006,411623,0,0,0
49395519,0,0,14006,411623,0,0,0
49395520,7425,0,14006,411623,0,0,0
# MARK addr tick=49395520
49395521,7425,0,14006,411623,0,0,0
49395522,0,0,14003,411623,0,0,0
49395523,0,0,6003,411623,0,0,0
49395524,0,0,7425,411623,0,1,0
# MARK ram tick=49395524
49395525,0,0,7425,411623,0,0,0
49395526,0,0,7425,411623,2001,0,0
49395527,0,0,7425,411623,16625,0,0
49395528,0,0,6000,411623,16625,0,0
49395529,0,0,6003,411623,0,0,0
49395530,0,0,6003,411623,0,0,0
49395667,0,0,14006,111623,170,1,0
49395668,0,0,14006,111623,170,0,0
49395669,0,0,14006,111623,0,0,0
49395670,0,0,14006,111623,0,0,0
49395671,0,0,14006,111623,0,0,0
49395672,7425,0,14006,111623,0,0,0
# MARK addr tick=49395672
49395673,7425,0,14006,111623,0,0,0
49395674,0,0,14003,111623,0,0,0
49395675,0,0,6003,111623,0,0,0
49395676,0,0,7425,111623,0,0,0
# MARK ram tick=49395676
49395677,0,0,7425,400400,0,0,0
49395678,0,0,7425,400400,0,0,0
49395679,0,0,7425,400400,0,0,0
49395680,0,0,6000,400400,0,0,0
49395681,0,0,6003,400400,0,0,0
49395682,0,0,6003,400400,0,0,0
49410079,0,0,14006,61235,152,0,0
49410080,0,0,14006,61235,152,0,0
49410081,7437,0,14006,61235,152,0,0
49410082,7437,0,14006,61235,152,0,0
49410083,0,0,14003,61235,152,0,0
49410084,12023,0,6003,61235,152,0,0
# MARK addr tick=49410084
49410085,12023,0,7437,61235,152,1,0
49410086,12023,0,7437,61235,152,0,0
49410087,12023,0,7437,61235,145,0,0
49410088,12023,0,7437,61235,145,0,0
49410089,12023,0,6000,61235,145,0,0
49410090,12023,0,6003,61235,145,0,0
49410228,0,0,6003,417026,145,1,0
49410229,0,0,6003,417026,145,0,0
49410230,0,0,6003,417026,0,0,0
49410231,0,0,6003,417026,0,0,0
49410232,0,0,6003,417026,0,0,0
49410233,7426,0,6003,417026,0,0,0
# MARK addr tick=49410233
49410234,7426,0,6003,417026,0,0,0
49410235,0,0,6003,417026,0,0,0
49410236,14624,0,6003,417026,0,0,0
49410237,14624,0,7426,417026,0,1,0
# MARK ram tick=49410237
49410238,14624,0,7426,417026,0,0,0
49410239,14624,0,7426,417026,2001,0,0
49410240,14624,0,7426,417026,17155,0,0
49410241,14624,0,6000,417026,17155,0,0
49410242,14624,0,6003,417026,0,0,0
49410243,0,0,6003,417026,0,0,0
49410911,0,0,14006,61235,152,0,0
49410912,0,0,14006,61235,152,0,0
49410913,7463,0,14006,61235,152,0,0
49410914,7463,0,14006,61235,152,0,0
49410915,0,0,14003,61235,152,0,0
49410916,12023,0,6003,61235,152,0,0
# MARK addr tick=49410916
49410917,12023,0,7463,61235,152,1,0
49410918,12023,0,7463,61235,152,0,0
49410919,12023,0,7463,61235,145,0,0
49410920,12023,0,7463,61235,145,0,0
49410921,12023,0,6000,61235,145,0,0
49410922,12023,0,6003,61235,145,0,0
49411717,0,0,14006,304200,4332,1,0
49411718,0,0,14006,304200,4332,0,0
49411719,0,0,14006,304200,4334,0,0
49411720,0,0,14006,304200,4334,0,0
49411721,0,0,14006,304200,4334,0,0
49411722,12023,0,14006,304200,4334,0,0
# MARK addr tick=49411722
49411723,12023,0,14006,304200,4334,0,0
49411724,0,0,14005,304200,4334,0,0
49411725,0,0,12005,304200,4334,0,0
49411726,0,0,12023,304200,4334,0,0
# MARK ram tick=49411726
49411727,0,44516,12023,111516,4334,0,0
49411728,0,44516,12023,111516,4334,0,0
49411729,0,44516,12023,111516,4334,0,0
49411730,0,44516,12000,111516,4334,0,0
49411731,0,0,12005,111516,4334,0,0
49411732,0,0,12005,111516,4334,0,0
49418113,0,0,14006,304200,4332,1,0
49418114,0,0,14006,304200,4332,0,0
49418115,0,0,14006,304200,4333,0,0
49418116,0,0,14006,304200,4333,0,0
49418117,0,0,14006,304200,4333,0,0
49418118,12023,0,14006,304200,4333,0,0
# MARK addr tick=49418118
49418119,12023,0,14006,304200,4333,0,0
49418120,0,0,14005,304200,4333,0,0
49418121,0,0,12005,304200,4333,0,0
49418122,0,0,12023,304200,4333,0,0
# MARK ram tick=49418122
49418123,0,44516,12023,111516,4333,0,0
49418124,0,44516,12023,111516,4333,0,0
49418125,0,44516,12023,111516,4333,0,0
49418126,0,44516,12000,111516,4333,0,0
49418127,0,0,12005,111516,4333,0,0
49418128,0,0,12005,111516,4333,0,0
49418869,0,0,14006,304200,4332,1,0
49418870,0,0,14006,304200,4332,0,0
49418871,0,0,14006,304200,4334,0,0
49418872,0,0,14006,304200,4334,0,0
49418873,0,0,14006,304200,4334,0,0
49418874,12024,0,14006,304200,4334,0,0
# MARK addr tick=49418874
49418875,12024,0,14006,304200,4334,0,0
49418876,0,0,14005,304200,4334,0,0
49418877,0,0,12005,304200,4334,0,0
49418878,0,0,12024,304200,4334,0,0
# MARK ram tick=49418878
49418879,0,51524,12024,523124,4334,0,0
49418880,0,51524,12024,523124,4334,0,0
49418881,0,51524,12024,523124,4334,0,0
49418882,0,51524,12000,523124,4334,0,0
49418883,0,0,12005,523124,4334,0,0
49418884,0,0,12005,523124,4334,0,0
49419588,0,0,14006,304200,4332,1,0
49419589,0,0,14006,304200,4332,0,0
49419590,0,0,14006,304200,4333,0,0
49419591,0,0,14006,304200,4333,0,0
49419592,0,0,14006,304200,4333,0,0
49419593,12024,0,14006,304200,4333,0,0
# MARK addr tick=49419593
49419594,12024,0,14006,304200,4333,0,0
49419595,0,0,14005,304200,4333,0,0
49419596,0,0,12005,304200,4333,0,0
49419597,0,0,12024,304200,4333,0,0
# MARK ram tick=49419597
49419598,0,51524,12024,523124,4333,0,0
49419599,0,51524,12024,523124,4333,0,0
49419600,0,51524,12024,523124,4333,0,0
49419601,0,51524,12000,523124,4333,0,0
49419602,0,0,12005,523124,4333,0,0
49419603,0,0,12005,523124,4333,0,0
49420314,0,0,14006,304200,4332,1,0
49420315,0,0,14006,304200,4332,0,0
49420316,0,0,14006,304200,4334,0,0
49420317,0,0,14006,304200,4334,0,0
49420318,0,0,14006,304200,4334,0,0
49420319,12025,0,14006,304200,4334,0,0
# MARK addr tick=49420319
49420320,12025,0,14006,304200,4334,0,0
49420321,0,0,14005,304200,4334,0,0
49420322,0,0,12005,304200,4334,0,0
49420323,0,0,12025,304200,4334,0,0
# MARK ram tick=49420323
49420324,0,51125,12025,122525,4334,0,0
49420325,0,51125,12025,122525,4334,0,0
49420326,0,51125,12025,122525,4334,0,0
49420327,0,51125,12000,122525,4334,0,0
49420328,0,0,12005,122525,4334,0,0
49420329,0,0,12005,122525,4334,0,0
49426685,0,0,14006,304200,4332,1,0
49426686,0,0,14006,304200,4332,0,0
49426687,0,0,14006,304200,4333,0,0
49426688,0,0,14006,304200,4333,0,0
49426689,0,0,14006,304200,4333,0,0
49426690,12025,0,14006,304200,4333,0,0
# MARK addr tick=49426690
49426691,12025,0,14006,304200,4333,0,0
49426692,0,0,14005,304200,4333,0,0
49426693,0,0,12005,304200,4333,0,0
49426694,0,0,12025,304200,4333,0,0
# MARK ram tick=49426694
49426695,0,51125,12025,122525,4333,0,0
49426696,0,51125,12025,122525,4333,0,0
49426697,0,51125,12025,122525,4333,0,0
49426698,0,51125,12000,122525,4333,0,0
49426699,0,0,12005,122525,4333,0,0
49426700,0,0,12005,122525,4333,0,0
49427415,0,0,14006,304200,4332,1,0
49427416,0,0,14006,304200,4332,0,0
49427417,0,0,14006,304200,4334,0,0
49427418,0,0,14006,304200,4334,0,0
49427419,0,0,14006,304200,4334,0,0
49427420,12026,0,14006,304200,4334,0,0
# MARK addr tick=49427420
49427421,12026,0,14006,304200,4334,0,0
49427422,0,0,14005,304200,4334,0,0
49427423,0,0,12005,304200,4334,0,0
49427424,0,0,12026,304200,4334,0,0
# MARK ram tick=49427424
49427425,0,41524,12026,103124,4334,0,0
49427426,0,41524,12026,103124,4334,0,0
49427427,0,41524,12026,103124,4334,0,0
49427428,0,41524,12000,103124,4334,0,0
49427429,0,0,12005,103124,4334,0,0
49427430,0,0,12005,103124,4334,0,0
49428138,0,0,14006,304200,4332,1,0
49428139,0,0,14006,304200,4332,0,0
49428140,0,0,14006,304200,4333,0,0
49428141,0,0,14006,304200,4333,0,0
49428142,0,0,14006,304200,4333,0,0
49428143,12026,0,14006,304200,4333,0,0
# MARK addr tick=49428143
49428144,12026,0,14006,304200,4333,0,0
49428145,0,0,14005,304200,4333,0,0
49428146,0,0,12005,304200,4333,0,0
49428147,0,0,12026,304200,4333,0,0
# MARK ram tick=49428147
49428148,0,41524,12026,103124,4333,0,0
49428149,0,41524,12026,103124,4333,0,0
49428150,0,41524,12026,103124,4333,0,0
49428151,0,41524,12000,103124,4333,0,0
49428152,0,0,12005,103124,4333,0,0
49428153,0,0,12005,103124,4333,0,0
49428857,0,0,14006,304200,4332,1,0
49428858,0,0,14006,304200,4332,0,0
49428859,0,0,14006,304200,4334,0,0
49428860,0,0,14006,304200,4334,0,0
49428861,0,0,14006,304200,4334,0,0
49428862,12027,0,14006,304200,4334,0,0
# MARK addr tick=49428862
49428863,12027,0,14006,304200,4334,0,0
49428864,0,0,14005,304200,4334,0,0
49428865,0,0,12005,304200,4334,0,0
49428866,0,0,12027,304200,4334,0,0
# MARK ram tick=49428866
49428867,0,44517,12027,111117,4334,0,0
49428868,0,44517,12027,111117,4334,0,0
49428869,0,44517,12027,111117,4334,0,0
49428870,0,44517,12000,111117,4334,0,0
49428871,0,0,12005,111117,4334,0,0
49428872,0,0,12005,111117,4334,0,0
49428980,0,0,12005,111117,145,0,0
49428981,0,0,12005,111117,145,0,0
49428982,0,0,12005,111117,145,0,0
49428983,0,0,12005,111117,145,0,0
49428984,0,0,12005,111117,145,0,1
49428985,0,0,12027,111117,145,0,1
# MARK ram tick=49428985
49428986,0,0,12027,111117,145,1,1
49428987,0,0,12027,111117,145,0,1
49428988,0,0,12027,111117,0,0,1
49428989,0,0,12000,111117,0,1,1
49428990,0,0,12005,111117,0,0,1
49428991,0,0,12005,111117,17,0,0
49435255,0,0,14006,304200,4332,1,0
49435256,0,0,14006,304200,4332,0,0
49435257,0,0,14006,304200,4333,0,0
49435258,0,0,14006,304200,4333,0,0
49435259,0,0,14006,304200,4333,0,0
49435260,12027,0,14006,304200,4333,0,0
# MARK addr tick=49435260
49435261,12027,0,14006,304200,4333,0,0
49435262,0,0,14005,304200,4333,0,0
49435263,0,0,12005,304200,4333,0,0
49435264,0,0,12027,304200,4333,0,0
# MARK ram tick=49435264
49435265,0,44517,12027,111117,4333,0,0
49435266,0,44517,12027,111117,4333,0,0
49435267,0,44517,12027,111117,4333,0,0
49435268,0,44517,12000,111117,4333,0,0
49435269,0,0,12005,111117,4333,0,0
49435270,0,0,12005,111117,4333,0,0
49486244,0,0,14006,304200,4332,1,0
49486245,0,0,14006,304200,4332,0,0
49486246,0,0,14006,304200,4334,0,0
49486247,0,0,14006,304200,4334,0,0
49486248,0,0,14006,304200,4334,0,0
49486249,12023,0,14006,304200,4334,0,0
# MARK addr tick=49486249
49486250,12023,0,14006,304200,4334,0,0
49486251,0,0,14005,304200,4334,0,0
49486252,0,0,12005,304200,4334,0,0
49486253,0,0,12023,304200,4334,0,0
# MARK ram tick=49486253
49486254,0,44516,12023,111516,4334,0,0
49486255,0,44516,12023,111516,4334,0,0
49486256,0,44516,12023,111516,4334,0,0
49486257,0,44516,12000,111516,4334,0,0
49486258,0,0,12005,111516,4334,0,0
49486259,0,0,12005,111516,4334,0,0
49486414,0,0,14006,304200,4332,1,0
49486415,0,0,14006,304200,4332,0,0
49486416,0,0,14006,304200,4334,0,0
49486417,0,0,14006,304200,4334,0,0
49486418,0,0,14006,304200,4334,0,0
49486419,12023,0,14006,304200,4334,0,0
# MARK addr tick=49486419
49486420,12023,0,14006,304200,4334,0,0
49486421,0,0,14005,304200,4334,0,0
49486422,0,0,12005,304200,4334,0,0
49486423,0,0,12023,304200,4334,0,0
# MARK ram tick=49486423
49486424,0,44516,12023,111516,4334,0,0
49486425,0,44516,12023,111516,4334,0,0
49486426,0,44516,12023,111516,4334,0,0
49486427,0,44516,12000,111516,4334,0,0
49486428,0,0,12005,111516,4334,0,0
49486429,0,0,12005,111516,4334,0,0
49492514,0,0,62031,534200,174,1,0
49492515,0,0,62031,534200,174,0,0
49492516,0,0,62031,534200,0,0,0
49492517,0,0,62031,534200,0,0,0
49492518,0,0,62031,534200,0,0,0
49492519,7426,0,62031,534200,0,0,0
# MARK addr tick=49492519
49492520,7426,0,62031,534200,0,0,0
49492521,0,0,62003,534200,0,0,0
49492522,0,0,6003,534200,0,0,0
49492523,0,0,7426,534200,0,0,0
# MARK ram tick=49492523
49492524,0,14624,7426,31224,0,0,0
49492525,0,14624,7426,31224,0,0,0
49492526,0,14624,7426,31224,0,0,0
49492527,0,14624,6000,31224,0,0,0
49492528,0,0,6003,31224,0,0,0
49492529,0,0,6003,31224,0,0,0
49492572,0,0,14006,411623,145,1,0
49492573,0,0,14006,411623,145,0,0
49492574,0,0,14006,411623,0,0,0
49492575,0,0,14006,411623,0,0,0
49492576,0,0,14006,411623,0,0,0
49492577,7425,0,14006,411623,0,0,0
# MARK addr tick=49492577
49492578,7425,0,14006,411623,0,0,0
49492579,0,0,14003,411623,0,0,0
49492580,0,0,6003,411623,0,0,0
49492581,0,0,7425,411623,0,1,0
# MARK ram tick=49492581
49492582,0,0,7425,411623,0,0,0
49492583,0,0,7425,411623,2001,0,0
49492584,0,0,7425,411623,16625,0,0
49492585,0,0,6000,411623,16625,0,0
49492586,0,0,6003,411623,0,0,0
49492587,0,0,6003,411623,0,0,0
49492724,0,0,14006,111623,170,1,0
49492725,0,0,14006,111623,170,0,0
49492726,0,0,14006,111623,0,0,0
49492727,0,0,14006,111623,0,0,0
49492728,0,0,14006,111623,0,0,0
49492729,7425,0,14006,111623,0,0,0
# MARK addr tick=49492729
49492730,7425,0,14006,111623,0,0,0
49492731,0,0,14003,111623,0,0,0
49492732,0,0,6003,111623,0,0,0
49492733,0,0,7425,111623,0,0,0
# MARK ram tick=49492733
49492734,0,0,7425,400400,0,0,0
49492735,0,0,7425,400400,0,0,0
49492736,0,0,7425,400400,0,0,0
49492737,0,0,6000,400400,0,0,0
49492738,0,0,6003,400400,0,0,0
49492739,0,0,6003,400400,0,0,0
49493323,0,0,14006,61235,152,0,0
49493324,0,0,14006,61235,152,0,0
49493325,7437,0,14006,61235,152,0,0
49493326,7437,0,14006,61235,152,0,0
49493327,0,0,14003,61235,152,0,0
49493328,12023,0,6003,61235,152,0,0
# MARK addr tick=49493328
49493329,12023,0,7437,61235,152,1,0
49493330,12023,0,7437,61235,152,0,0
49493331,12023,0,7437,61235,145,0,0
49493332,12023,0,7437,61235,145,0,0
49493333,12023,0,6000,61235,145,0,0
49493334,12023,0,6003,61235,145,0,0
49493472,0,0,6003,417026,145,1,0
49493473,0,0,6003,417026,145,0,0
49493474,0,0,6003,417026,0,0,0
49493475,0,0,6003,417026,0,0,0
49493476,0,0,6003,417026,0,0,0
49493477,7426,0,6003,417026,0,0,0
# MARK addr tick=49493477
49493478,7426,0,6003,417026,0,0,0
49493479,0,0,6003,417026,0,0,0
49493480,14624,0,6003,417026,0,0,0
49493481,14624,0,7426,417026,0,1,0
# MARK ram tick=49493481
49493482,14624,0,7426,417026,0,0,0
49493483,14624,0,7426,417026,2001,0,0
49493484,14624,0,7426,417026,17155,0,0
49493485,14624,0,6000,417026,17155,0,0
49493486,14624,0,6003,417026,0,0,0
49493487,0,0,6003,417026,0,0,0
49494163,0,0,14006,61235,152,0,0
49494164,0,0,14006,61235,152,0,0
49494165,7463,0,14006,61235,152,0,0
49494166,7463,0,14006,61235,152,0,0
49494167,0,0,14003,61235,152,0,0
49494168,12023,0,6003,61235,152,0,0
# MARK addr tick=49494168
49494169,12023,0,7463,61235,152,1,0
49494170,12023,0,7463,61235,152,0,0
49494171,12023,0,7463,61235,145,0,0
49494172,12023,0,7463,61235,145,0,0
49494173,12023,0,6000,61235,145,0,0
49494174,12023,0,6003,61235,145,0,0
49500624,0,0,14006,304200,4332,1,0
49500625,0,0,14006,304200,4332,0,0
49500626,0,0,14006,304200,4334,0,0
49500627,0,0,14006,304200,4334,0,0
49500628,0,0,14006,304200,4334,0,0
49500629,12023,0,14006,304200,4334,0,0
# MARK addr tick=49500629
49500630,12023,0,14006,304200,4334,0,0
49500631,0,0,14005,304200,4334,0,0
49500632,0,0,12005,304200,4334,0,0
49500633,0,0,12023,304200,4334,0,0
# MARK ram tick=49500633
49500634,0,44516,12023,111516,4334,0,0
49500635,0,44516,12023,111516,4334,0,0
49500636,0,44516,12023,111516,4334,0,0
49500637,0,44516,12000,111516,4334,0,0
49500638,0,0,12005,111516,4334,0,0
49500639,0,0,12005,111516,4334,0,0
49501368,0,0,14006,304200,4332,1,0
49501369,0,0,14006,304200,4332,0,0
49501370,0,0,14006,304200,4333,0,0
49501371,0,0,14006,304200,4333,0,0
49501372,0,0,14006,304200,4333,0,0
49501373,12023,0,14006,304200,4333,0,0
# MARK addr tick=49501373
49501374,12023,0,14006,304200,4333,0,0
49501375,0,0,14005,304200,4333,0,0
49501376,0,0,12005,304200,4333,0,0
49501377,0,0,12023,304200,4333,0,0
# MARK ram tick=49501377
49501378,0,44516,12023,111516,4333,0,0
49501379,0,44516,12023,111516,4333,0,0
49501380,0,44516,12023,111516,4333,0,0
49501381,0,44516,12000,111516,4333,0,0
49501382,0,0,12005,111516,4333,0,0
49501383,0,0,12005,111516,4333,0,0
49502117,0,0,14006,304200,4332,1,0
49502118,0,0,14006,304200,4332,0,0
49502119,0,0,14006,304200,4334,0,0
49502120,0,0,14006,304200,4334,0,0
49502121,0,0,14006,304200,4334,0,0
49502122,12024,0,14006,304200,4334,0,0
# MARK addr tick=49502122
49502123,12024,0,14006,304200,4334,0,0
49502124,0,0,14005,304200,4334,0,0
49502125,0,0,12005,304200,4334,0,0
49502126,0,0,12024,304200,4334,0,0
# MARK ram tick=49502126
49502127,0,51524,12024,523124,4334,0,0
49502128,0,51524,12024,523124,4334,0,0
49502129,0,51524,12024,523124,4334,0,0
49502130,0,51524,12000,523124,4334,0,0
49502131,0,0,12005,523124,4334,0,0
49502132,0,0,12005,523124,4334,0,0
49502840,0,0,14006,304200,4332,1,0
49502841,0,0,14006,304200,4332,0,0
49502842,0,0,14006,304200,4333,0,0
49502843,0,0,14006,304200,4333,0,0
49502844,0,0,14006,304200,4333,0,0
49502845,12024,0,14006,304200,4333,0,0
# MARK addr tick=49502845
49502846,12024,0,14006,304200,4333,0,0
49502847,0,0,14005,304200,4333,0,0
49502848,0,0,12005,304200,4333,0,0
49502849,0,0,12024,304200,4333,0,0
# MARK ram tick=49502849
49502850,0,51524,12024,523124,4333,0,0
49502851,0,51524,12024,523124,4333,0,0
49502852,0,51524,12024,523124,4333,0,0
49502853,0,51524,12000,523124,4333,0,0
49502854,0,0,12005,523124,4333,0,0
49502855,0,0,12005,523124,4333,0,0
49509219,0,0,14006,304200,4332,1,0
49509220,0,0,14006,304200,4332,0,0
49509221,0,0,14006,304200,4334,0,0
49509222,0,0,14006,304200,4334,0,0
49509223,0,0,14006,304200,4334,0,0
49509224,12025,0,14006,304200,4334,0,0
# MARK addr tick=49509224
49509225,12025,0,14006,304200,4334,0,0
49509226,0,0,14005,304200,4334,0,0
49509227,0,0,12005,304200,4334,0,0
49509228,0,0,12025,304200,4334,0,0
# MARK ram tick=49509228
49509229,0,51125,12025,122525,4334,0,0
49509230,0,51125,12025,122525,4334,0,0
49509231,0,51125,12025,122525,4334,0,0
49509232,0,51125,12000,122525,4334,0,0
49509233,0,0,12005,122525,4334,0,0
49509234,0,0,12005,122525,4334,0,0
49509942,0,0,14006,304200,4332,1,0
49509943,0,0,14006,304200,4332,0,0
49509944,0,0,14006,304200,4333,0,0
49509945,0,0,14006,304200,4333,0,0
49509946,0,0,14006,304200,4333,0,0
49509947,12025,0,14006,304200,4333,0,0
# MARK addr tick=49509947
49509948,12025,0,14006,304200,4333,0,0
49509949,0,0,14005,304200,4333,0,0
49509950,0,0,12005,304200,4333,0,0
49509951,0,0,12025,304200,4333,0,0
# MARK ram tick=49509951
49509952,0,51125,12025,122525,4333,0,0
49509953,0,51125,12025,122525,4333,0,0
49509954,0,51125,12025,122525,4333,0,0
49509955,0,51125,12000,122525,4333,0,0
49509956,0,0,12005,122525,4333,0,0
49509957,0,0,12005,122525,4333,0,0
49510669,0,0,14006,304200,4332,1,0
49510670,0,0,14006,304200,4332,0,0
49510671,0,0,14006,304200,4334,0,0
49510672,0,0,14006,304200,4334,0,0
49510673,0,0,14006,304200,4334,0,0
49510674,12026,0,14006,304200,4334,0,0
# MARK addr tick=49510674
49510675,12026,0,14006,304200,4334,0,0
49510676,0,0,14005,304200,4334,0,0
49510677,0,0,12005,304200,4334,0,0
49510678,0,0,12026,304200,4334,0,0
# MARK ram tick=49510678
49510679,0,41524,12026,103124,4334,0,0
49510680,0,41524,12026,103124,4334,0,0
49510681,0,41524,12026,103124,4334,0,0
49510682,0,41524,12000,103124,4334,0,0
49510683,0,0,12005,103124,4334,0,0
49510684,0,0,12005,103124,4334,0,0
49517053,0,0,14000,304200,4332,1,1
49517054,0,0,14006,304200,4332,0,1
49517055,0,0,14006,304200,4333,0,0
49517056,0,0,14006,304200,4333,0,0
49517057,0,0,14006,304200,4333,0,0
49517058,12026,0,14006,304200,4333,0,0
# MARK addr tick=49517058
49517059,12026,0,14006,304200,4333,0,0
49517060,0,0,14005,304200,4333,0,0
49517061,0,0,12005,304200,4333,0,0
49517062,0,0,12026,304200,4333,0,0
# MARK ram tick=49517062
49517063,0,41524,12026,103124,4333,0,0
49517064,0,41524,12026,103124,4333,0,0
49517065,0,41524,12026,103124,4333,0,0
49517066,0,41524,12000,103124,4333,0,0
49517067,0,0,12005,103124,4333,0,0
49517068,0,0,12005,103124,4333,0,0
49517774,0,0,14006,304200,4332,1,0
49517775,0,0,14006,304200,4332,0,0
49517776,0,0,14006,304200,4334,0,0
49517777,0,0,14006,304200,4334,0,0
49517778,0,0,14006,304200,4334,0,0
49517779,12027,0,14006,304200,4334,0,0
# MARK addr tick=49517779
49517780,12027,0,14006,304200,4334,0,0
49517781,0,0,14005,304200,4334,0,0
49517782,0,0,12005,304200,4334,0,0
49517783,0,0,12027,304200,4334,0,0
# MARK ram tick=49517783
49517784,0,44517,12027,111117,4334,0,0
49517785,0,44517,12027,111117,4334,0,0
49517786,0,44517,12027,111117,4334,0,0
49517787,0,44517,12000,111117,4334,0,0
49517788,0,0,12005,111117,4334,0,0
49517789,0,0,12005,111117,4334,0,0
49518511,0,0,14006,304200,4332,1,0
49518512,0,0,14006,304200,4332,0,0
49518513,0,0,14006,304200,4333,0,0
49518514,0,0,14006,304200,4333,0,0
49518515,0,0,14006,304200,4333,0,0
49518516,12027,0,14006,304200,4333,0,0
# MARK addr tick=49518516
49518517,12027,0,14006,304200,4333,0,0
49518518,0,0,14005,304200,4333,0,0
49518519,0,0,12005,304200,4333,0,0
49518520,0,0,12027,304200,4333,0,0
# MARK ram tick=49518520
49518521,0,44517,12027,111117,4333,0,0
49518522,0,44517,12027,111117,4333,0,0
49518523,0,44517,12027,111117,4333,0,0
49518524,0,44517,12000,111117,4333,0,0
49518525,0,0,12005,111117,4333,0,0
49518526,0,0,12005,111117,4333,0,0
49608762,0,0,14006,304200,4332,1,0
49608763,0,0,14006,304200,4332,0,0
49608764,0,0,14006,304200,4334,0,0
49608765,0,0,14006,304200,4334,0,0
49608766,0,0,14006,304200,4334,0,0
49608767,12023,0,14006,304200,4334,0,0
# MARK addr tick=49608767
49608768,12023,0,14006,304200,4334,0,0
49608769,0,0,14005,304200,4334,0,0
49608770,0,0,12005,304200,4334,0,0
49608771,0,0,12023,304200,4334,0,0
# MARK ram tick=49608771
49608772,0,44516,12023,111516,4334,0,0
49608773,0,44516,12023,111516,4334,0,0
49608774,0,44516,12023,111516,4334,0,0
49608775,0,44516,12000,111516,4334,0,0
49608776,0,0,12005,111516,4334,0,0
49608777,0,0,12005,111516,4334,0,0
49608930,0,0,14006,304200,4332,1,0
49608931,0,0,14006,304200,4332,0,0
49608932,0,0,14006,304200,4334,0,0
49608933,0,0,14006,304200,4334,0,0
49608934,0,0,14006,304200,4334,0,0
49608935,12023,0,14006,304200,4334,0,0
# MARK addr tick=49608935
49608936,12023,0,14006,304200,4334,0,0
49608937,0,0,14005,304200,4334,0,0
49608938,0,0,12005,304200,4334,0,0
49608939,0,0,12023,304200,4334,0,0
# MARK ram tick=49608939
49608940,0,44516,12023,111516,4334,0,0
49608941,0,44516,12023,111516,4334,0,0
49608942,0,44516,12023,111516,4334,0,0
49608943,0,44516,12000,111516,4334,0,0
49608944,0,0,12005,111516,4334,0,0
49608945,0,0,12005,111516,4334,0,0
49609368,0,0,62031,534200,174,1,0
49609369,0,0,62031,534200,174,0,0
49609370,0,0,62031,534200,0,0,0
49609371,0,0,62031,534200,0,0,0
49609372,0,0,62031,534200,0,0,0
49609373,7426,0,62031,534200,0,0,0
# MARK addr tick=49609373
49609374,7426,0,62031,534200,0,0,0
49609375,0,0,62003,534200,0,0,0
49609376,0,0,6003,534200,0,0,0
49609377,0,0,7426,534200,0,0,0
# MARK ram tick=49609377
49609378,0,14624,7426,31224,0,0,0
49609379,0,14624,7426,31224,0,0,0
49609380,0,14624,7426,31224,0,0,0
49609381,0,14624,6000,31224,0,0,0
49609382,0,0,6003,31224,0,0,0
49609383,0,0,6003,31224,0,0,0
49609426,0,0,14006,411623,145,1,0
49609427,0,0,14006,411623,145,0,0
49609428,0,0,14006,411623,0,0,0
49609429,0,0,14006,411623,0,0,0
49609430,0,0,14006,411623,0,0,0
49609431,7425,0,14006,411623,0,0,0
# MARK addr tick=49609431
49609432,7425,0,14006,411623,0,0,0
49609433,0,0,14003,411623,0,0,0
49609434,0,0,6003,411623,0,0,0
49609435,0,0,7425,411623,0,1,0
# MARK ram tick=49609435
49609436,0,0,7425,411623,0,0,0
49609437,0,0,7425,411623,2001,0,0
49609438,0,0,7425,411623,16625,0,0
49609439,0,0,6000,411623,16625,0,0
49609440,0,0,6003,411623,0,0,0
49609441,0,0,6003,411623,0,0,0
49609578,0,0,14006,111623,170,1,0
49609579,0,0,14006,111623,170,0,0
49609580,0,0,14006,111623,0,0,0
49609581,0,0,14006,111623,0,0,0
49609582,0,0,14006,111623,0,0,0
49609583,7425,0,14006,111623,0,0,0
# MARK addr tick=49609583
49609584,7425,0,14006,111623,0,0,0
49609585,0,0,14003,111623,0,0,0
49609586,0,0,6003,111623,0,0,0
49609587,0,0,7425,111623,0,0,0
# MARK ram tick=49609587
49609588,0,0,7425,400400,0,0,0
49609589,0,0,7425,400400,0,0,0
49609590,0,0,7425,400400,0,0,0
49609591,0,0,6000,400400,0,0,0
49609592,0,0,6003,400400,0,0,0
49609593,0,0,6003,400400,0,0,0
49615792,0,0,14006,111620,170,1,0
49615793,0,0,14006,111620,170,0,0
49615794,0,0,14006,111620,0,0,0
49615795,0,0,14006,111620,0,0,0
49615796,0,0,14006,111620,0,0,0
49615797,7422,0,14006,111620,0,0,0
# MARK addr tick=49615797
49615798,7422,0,14006,111620,0,0,0
49615799,0,0,14003,111620,0,0,0
49615800,0,0,6003,111620,0,0,0
49615801,0,0,7422,111620,0,0,0
# MARK ram tick=49615801
49615802,0,0,7422,400400,0,0,0
49615803,0,0,7422,400400,0,0,0
49615804,0,0,7422,400400,0,0,0
49615805,0,0,6000,400400,0,0,0
49615806,0,0,6003,400400,0,0,0
49615807,0,0,6003,400400,0,0,0
49615931,0,0,14006,531221,174,1,0
49615932,0,0,14006,531221,174,0,0
49615933,0,0,14006,531221,0,0,0
49615934,0,0,14006,531221,0,0,0
49615935,0,0,14006,531221,0,0,0
49615936,7423,0,14006,531221,0,0,0
# MARK addr tick=49615936
49615937,7423,0,14006,531221,0,0,0
49615938,0,0,14003,531221,0,0,0
49615939,0,0,6003,531221,0,0,0
49615940,0,0,7423,531221,0,0,0
# MARK ram tick=49615940
49615941,0,14721,7423,31721,0,0,0
49615942,0,14721,7423,31721,0,0,0
49615943,0,14721,7423,31721,0,0,0
49615944,0,14721,6000,31721,0,0,0
49615945,0,0,6003,31721,0,0,0
49615946,0,0,6003,31721,0,0,0
49624372,0,0,36017,411211,0,0,0
49624373,0,0,36017,411211,0,0,0
49624374,7413,0,36017,411211,0,0,0
49624375,7413,0,36017,411211,0,0,0
49624376,0,0,36003,411211,0,0,0
49624377,7422,0,6003,411211,0,0,0
# MARK addr tick=49624377
49624378,7422,0,7413,411211,0,1,0
49624379,7422,0,7413,411211,0,0,0
49624380,7422,0,7413,411211,2001,0,0
49624381,7422,0,7413,411211,16206,0,0
49624382,7422,0,6000,411211,16206,0,0
49624383,7422,0,6003,411211,0,0,0
49633003,0,0,14006,304200,4332,1,0
49633004,0,0,14006,304200,4332,0,0
49633005,0,0,14006,304200,4334,0,0
49633006,0,0,14006,304200,4334,0,0
49633007,0,0,14006,304200,4334,0,0
49633008,12023,0,14006,304200,4334,0,0
# MARK addr tick=49633008
49633009,12023,0,14006,304200,4334,0,0
49633010,0,0,14005,304200,4334,0,0
49633011,0,0,12005,304200,4334,0,0
49633012,0,0,12023,304200,4334,0,0
# MARK ram tick=49633012
49633013,0,44516,12023,111516,4334,0,0
49633014,0,44516,12023,111516,4334,0,0
49633015,0,44516,12023,111516,4334,0,0
49633016,0,44516,12000,111516,4334,0,0
49633017,0,0,12005,111516,4334,0,0
49633018,0,0,12005,111516,4334,0,0
49633952,0,0,14006,304200,4332,1,0
49633953,0,0,14006,304200,4332,0,0
49633954,0,0,14006,304200,4334,0,0
49633955,0,0,14006,304200,4334,0,0
49633956,0,0,14006,304200,4334,0,0
49633957,12023,0,14006,304200,4334,0,0
# MARK addr tick=49633957
49633958,12023,0,14006,304200,4334,0,0
49633959,0,0,14005,304200,4334,0,0
49633960,0,0,12005,304200,4334,0,0
49633961,0,0,12023,304200,4334,0,0
# MARK ram tick=49633961
49633962,0,44516,12023,111516,4334,0,0
49633963,0,44516,12023,111516,4334,0,0
49633964,0,44516,12023,111516,4334,0,0
49633965,0,44516,12000,111516,4334,0,0
49633966,0,0,12005,111516,4334,0,0
49633967,0,0,12005,111516,4334,0,0
49634589,0,0,14006,304200,4332,1,0
49634590,0,0,14006,304200,4332,0,0
49634591,0,0,14006,304200,4334,0,0
49634592,0,0,14006,304200,4334,0,0
49634593,0,0,14006,304200,4334,0,0
49634594,12023,0,14006,304200,4334,0,0
# MARK addr tick=49634594
49634595,12023,0,14006,304200,4334,0,0
49634596,0,0,14005,304200,4334,0,0
49634597,0,0,12005,304200,4334,0,0
49634598,0,0,12023,304200,4334,0,0
# MARK ram tick=49634598
49634599,0,44516,12023,111516,4334,0,0
49634600,0,44516,12023,111516,4334,0,0
49634601,0,44516,12023,111516,4334,0,0
49634602,0,44516,12000,111516,4334,0,0
49634603,0,0,12005,111516,4334,0,0
49634604,0,0,12005,111516,4334,0,0
49640735,0,0,14006,304200,4332,1,0
49640736,0,0,14006,304200,4332,0,0
49640737,0,0,14006,304200,4334,0,0
49640738,0,0,14006,304200,4334,0,0
49640739,0,0,14006,304200,4334,0,0
49640740,12023,0,14006,304200,4334,0,0
# MARK addr tick=49640740
49640741,12023,0,14006,304200,4334,0,0
49640742,0,0,14005,304200,4334,0,0
49640743,0,0,12005,304200,4334,0,0
49640744,0,0,12023,304200,4334,0,0
# MARK ram tick=49640744
49640745,0,44516,12023,111516,4334,0,0
49640746,0,44516,12023,111516,4334,0,0
49640747,0,44516,12023,111516,4334,0,0
49640748,0,44516,12000,111516,4334,0,0
49640749,0,0,12005,111516,4334,0,0
49640750,0,0,12005,111516,4334,0,0
49641212,0,0,14006,304200,4332,1,0
49641213,0,0,14006,304200,4332,0,0
49641214,0,0,14006,304200,4333,0,0
49641215,0,0,14006,304200,4333,0,0
49641216,0,0,14006,304200,4333,0,0
49641217,12023,0,14006,304200,4333,0,0
# MARK addr tick=49641217
49641218,12023,0,14006,304200,4333,0,0
49641219,0,0,14005,304200,4333,0,0
49641220,0,0,12005,304200,4333,0,0
49641221,0,0,12023,304200,4333,0,0
# MARK ram tick=49641221
49641222,0,44516,12023,111516,4333,0,0
49641223,0,44516,12023,111516,4333,0,0
49641224,0,44516,12023,111516,4333,0,0
49641225,0,44516,12000,111516,4333,0,0
49641226,0,0,12005,111516,4333,0,0
49641227,0,0,12005,111516,4333,0,0
49641705,0,0,14006,304200,4332,1,0
49641706,0,0,14006,304200,4332,0,0
49641707,0,0,14006,304200,4333,0,0
49641708,0,0,14006,304200,4333,0,0
49641709,0,0,14006,304200,4333,0,0
49641710,12023,0,14006,304200,4333,0,0
# MARK addr tick=49641710
49641711,12023,0,14006,304200,4333,0,0
49641712,0,0,14005,304200,4333,0,0
49641713,0,0,12005,304200,4333,0,0
49641714,0,0,12023,304200,4333,0,0
# MARK ram tick=49641714
49641715,0,44516,12023,111516,4333,0,0
49641716,0,44516,12023,111516,4333,0,0
49641717,0,44516,12023,111516,4333,0,0
49641718,0,44516,12000,111516,4333,0,0
49641719,0,0,12005,111516,4333,0,0
49641720,0,0,12005,111516,4333,0,0
49642174,0,0,14006,304200,4332,1,0
49642175,0,0,14006,304200,4332,0,0
49642176,0,0,14006,304200,4334,0,0
49642177,0,0,14006,304200,4334,0,0
49642178,0,0,14006,304200,4334,0,0
49642179,12024,0,14006,304200,4334,0,0
# MARK addr tick=49642179
49642180,12024,0,14006,304200,4334,0,0
49642181,0,0,14005,304200,4334,0,0
49642182,0,0,12005,304200,4334,0,0
49642183,0,0,12024,304200,4334,0,0
# MARK ram tick=49642183
49642184,0,51524,12024,523124,4334,0,0
49642185,0,51524,12024,523124,4334,0,0
49642186,0,51524,12024,523124,4334,0,0
49642187,0,51524,12000,523124,4334,0,0
49642188,0,0,12005,523124,4334,0,0
49642189,0,0,12005,523124,4334,0,0
49642670,0,0,14006,304200,4332,1,0
49642671,0,0,14006,304200,4332,0,0
49642672,0,0,14006,304200,4334,0,0
49642673,0,0,14006,304200,4334,0,0
49642674,0,0,14006,304200,4334,0,0
49642675,12024,0,14006,304200,4334,0,0
# MARK addr tick=49642675
49642676,12024,0,14006,304200,4334,0,0
49642677,0,0,14005,304200,4334,0,0
49642678,0,0,12005,304200,4334,0,0
49642679,0,0,12024,304200,4334,0,0
# MARK ram tick=49642679
49642680,0,51524,12024,523124,4334,0,0
49642681,0,51524,12024,523124,4334,0,0
49642682,0,51524,12024,523124,4334,0,0
49642683,0,51524,12000,523124,4334,0,0
49642684,0,0,12005,523124,4334,0,0
49642685,0,0,12005,523124,4334,0,0
49648805,0,0,14006,304200,4332,1,0
49648806,0,0,14006,304200,4332,0,0
49648807,0,0,14006,304200,4333,0,0
49648808,0,0,14006,304200,4333,0,0
49648809,0,0,14006,304200,4333,0,0
49648810,12024,0,14006,304200,4333,0,0
# MARK addr tick=49648810
49648811,12024,0,14006,304200,4333,0,0
49648812,0,0,14005,304200,4333,0,0
49648813,0,0,12005,304200,4333,0,0
49648814,0,0,12024,304200,4333,0,0
# MARK ram tick=49648814
49648815,0,51524,12024,523124,4333,0,0
49648816,0,51524,12024,523124,4333,0,0
49648817,0,51524,12024,523124,4333,0,0
49648818,0,51524,12000,523124,4333,0,0
49648819,0,0,12005,523124,4333,0,0
49648820,0,0,12005,523124,4333,0,0
49649302,0,0,14006,304200,4332,1,0
49649303,0,0,14006,304200,4332,0,0
49649304,0,0,14006,304200,4333,0,0
49649305,0,0,14006,304200,4333,0,0
49649306,0,0,14006,304200,4333,0,0
49649307,12024,0,14006,304200,4333,0,0
# MARK addr tick=49649307
49649308,12024,0,14006,304200,4333,0,0
49649309,0,0,14005,304200,4333,0,0
49649310,0,0,12005,304200,4333,0,0
49649311,0,0,12024,304200,4333,0,0
# MARK ram tick=49649311
49649312,0,51524,12024,523124,4333,0,0
49649313,0,51524,12024,523124,4333,0,0
49649314,0,51524,12024,523124,4333,0,0
49649315,0,51524,12000,523124,4333,0,0
49649316,0,0,12005,523124,4333,0,0
49649317,0,0,12005,523124,4333,0,0
49649769,0,0,14006,304200,4332,1,0
49649770,0,0,14006,304200,4332,0,0
49649771,0,0,14006,304200,4334,0,0
49649772,0,0,14006,304200,4334,0,0
49649773,0,0,14006,304200,4334,0,0
49649774,12025,0,14006,304200,4334,0,0
# MARK addr tick=49649774
49649775,12025,0,14006,304200,4334,0,0
49649776,0,0,14005,304200,4334,0,0
49649777,0,0,12005,304200,4334,0,0
49649778,0,0,12025,304200,4334,0,0
# MARK ram tick=49649778
49649779,0,51125,12025,122525,4334,0,0
49649780,0,51125,12025,122525,4334,0,0
49649781,0,51125,12025,122525,4334,0,0
49649782,0,51125,12000,122525,4334,0,0
49649783,0,0,12005,122525,4334,0,0
49649784,0,0,12005,122525,4334,0,0
49650271,0,0,14006,304200,4332,1,0
49650272,0,0,14006,304200,4332,0,0
49650273,0,0,14006,304200,4334,0,0
49650274,0,0,14006,304200,4334,0,0
49650275,0,0,14006,304200,4334,0,0
49650276,12025,0,14006,304200,4334,0,0
# MARK addr tick=49650276
49650277,12025,0,14006,304200,4334,0,0
49650278,0,0,14005,304200,4334,0,0
49650279,0,0,12005,304200,4334,0,0
49650280,0,0,12025,304200,4334,0,0
# MARK ram tick=49650280
49650281,0,51125,12025,122525,4334,0,0
49650282,0,51125,12025,122525,4334,0,0
49650283,0,51125,12025,122525,4334,0,0
49650284,0,51125,12000,122525,4334,0,0
49650285,0,0,12005,122525,4334,0,0
49650286,0,0,12005,122525,4334,0,0
49650745,0,0,14006,304200,4332,1,0
49650746,0,0,14006,304200,4332,0,0
49650747,0,0,14006,304200,4333,0,0
49650748,0,0,14006,304200,4333,0,0
49650749,0,0,14006,304200,4333,0,0
49650750,12025,0,14006,304200,4333,0,0
# MARK addr tick=49650750
49650751,12025,0,14006,304200,4333,0,0
49650752,0,0,14005,304200,4333,0,0
49650753,0,0,12005,304200,4333,0,0
49650754,0,0,12025,304200,4333,0,0
# MARK ram tick=49650754
49650755,0,51125,12025,122525,4333,0,0
49650756,0,51125,12025,122525,4333,0,0
49650757,0,51125,12025,122525,4333,0,0
49650758,0,51125,12000,122525,4333,0,0
49650759,0,0,12005,122525,4333,0,0
49650760,0,0,12005,122525,4333,0,0
49651238,0,0,14006,304200,4332,1,0
49651239,0,0,14006,304200,4332,0,0
49651240,0,0,14006,304200,4333,0,0
49651241,0,0,14006,304200,4333,0,0
49651242,0,0,14006,304200,4333,0,0
49651243,12025,0,14006,304200,4333,0,0
# MARK addr tick=49651243
49651244,12025,0,14006,304200,4333,0,0
49651245,0,0,14005,304200,4333,0,0
49651246,0,0,12005,304200,4333,0,0
49651247,0,0,12025,304200,4333,0,0
# MARK ram tick=49651247
49651248,0,51125,12025,122525,4333,0,0
49651249,0,51125,12025,122525,4333,0,0
49651250,0,51125,12025,122525,4333,0,0
49651251,0,51125,12000,122525,4333,0,0
49651252,0,0,12005,122525,4333,0,0
49651253,0,0,12005,122525,4333,0,0
49657372,0,0,14006,304200,4332,1,0
49657373,0,0,14006,304200,4332,0,0
49657374,0,0,14006,304200,4334,0,0
49657375,0,0,14006,304200,4334,0,0
49657376,0,0,14006,304200,4334,0,0
49657377,12026,0,14006,304200,4334,0,0
# MARK addr tick=49657377
49657378,12026,0,14006,304200,4334,0,0
49657379,0,0,14005,304200,4334,0,0
49657380,0,0,12005,304200,4334,0,0
49657381,0,0,12026,304200,4334,0,0
# MARK ram tick=49657381
49657382,0,41524,12026,103124,4334,0,0
49657383,0,41524,12026,103124,4334,0,0
49657384,0,41524,12026,103124,4334,0,0
49657385,0,41524,12000,103124,4334,0,0
49657386,0,0,12005,103124,4334,0,0
49657387,0,0,12005,103124,4334,0,0
49657866,0,0,14006,304200,4332,1,0
49657867,0,0,14006,304200,4332,0,0
49657868,0,0,14006,304200,4334,0,0
49657869,0,0,14006,304200,4334,0,0
49657870,0,0,14006,304200,4334,0,0
49657871,12026,0,14006,304200,4334,0,0
# MARK addr tick=49657871
49657872,12026,0,14006,304200,4334,0,0
49657873,0,0,14005,304200,4334,0,0
49657874,0,0,12005,304200,4334,0,0
49657875,0,0,12026,304200,4334,0,0
# MARK ram tick=49657875
49657876,0,41524,12026,103124,4334,0,0
49657877,0,41524,12026,103124,4334,0,0
49657878,0,41524,12026,103124,4334,0,0
49657879,0,41524,12000,103124,4334,0,0
49657880,0,0,12005,103124,4334,0,0
49657881,0,0,12005,103124,4334,0,0
49658338,0,0,14006,304200,4332,1,0
49658339,0,0,14006,304200,4332,0,0
49658340,0,0,14006,304200,4333,0,0
49658341,0,0,14006,304200,4333,0,0
49658342,0,0,14006,304200,4333,0,0
49658343,12026,0,14006,304200,4333,0,0
# MARK addr tick=49658343
49658344,12026,0,14006,304200,4333,0,0
49658345,0,0,14005,304200,4333,0,0
49658346,0,0,12005,304200,4333,0,0
49658347,0,0,12026,304200,4333,0,0
# MARK ram tick=49658347
49658348,0,41524,12026,103124,4333,0,0
49658349,0,41524,12026,103124,4333,0,0
49658350,0,41524,12026,103124,4333,0,0
49658351,0,41524,12000,103124,4333,0,0
49658352,0,0,12005,103124,4333,0,0
49658353,0,0,12005,103124,4333,0,0
49658356,0,0,12005,103124,4334,0,0
49658357,0,0,12005,103124,377,0,0
49658358,0,0,12005,103124,377,1,0
49658359,0,0,12005,103124,377,0,0
49658360,0,0,12005,103124,401,0,1
49658361,0,0,12026,103124,17412,0,1
# MARK ram tick=49658361
49658362,0,0,12026,103124,17412,0,1
49658363,0,0,12026,103124,0,0,1
49658364,0,0,12026,103124,0,0,1
49658365,0,0,12000,103124,0,0,1
49658366,0,0,12005,103124,0,0,1
49658367,15412,0,12005,103124,0,0,0
49658833,0,0,14006,304200,4332,1,0
49658834,0,0,14006,304200,4332,0,0
49658835,0,0,14006,304200,4333,0,0
49658836,0,0,14006,304200,4333,0,0
49658837,0,0,14006,304200,4333,0,0
49658838,12026,0,14006,304200,4333,0,0
# MARK addr tick=49658838
49658839,12026,0,14006,304200,4333,0,0
49658840,0,0,14005,304200,4333,0,0
49658841,0,0,12005,304200,4333,0,0
49658842,0,0,12026,304200,4333,0,0
# MARK ram tick=49658842
49658843,0,41524,12026,103124,4333,0,0
49658844,0,41524,12026,103124,4333,0,0
49658845,0,41524,12026,103124,4333,0,0
49658846,0,41524,12000,103124,4333,0,0
49658847,0,0,12005,103124,4333,0,0
49658848,0,0,12005,103124,4333,0,0
49659300,0,0,14006,304200,4332,1,0
49659301,0,0,14006,304200,4332,0,0
49659302,0,0,14006,304200,4334,0,0
49659303,0,0,14006,304200,4334,0,0
49659304,0,0,14006,304200,4334,0,0
49659305,12027,0,14006,304200,4334,0,0
# MARK addr tick=49659305
49659306,12027,0,14006,304200,4334,0,0
49659307,0,0,14005,304200,4334,0,0
49659308,0,0,12005,304200,4334,0,0
49659309,0,0,12027,304200,4334,0,0
# MARK ram tick=49659309
49659310,0,44517,12027,111117,4334,0,0
49659311,0,44517,12027,111117,4334,0,0
49659312,0,44517,12027,111117,4334,0,0
49659313,0,44517,12000,111117,4334,0,0
49659314,0,0,12005,111117,4334,0,0
49659315,0,0,12005,111117,4334,0,0
49665450,0,0,14006,304200,4332,1,0
49665451,0,0,14006,304200,4332,0,0
49665452,0,0,14006,304200,4334,0,0
49665453,0,0,14006,304200,4334,0,0
49665454,0,0,14006,304200,4334,0,0
49665455,12027,0,14006,304200,4334,0,0
# MARK addr tick=49665455
49665456,12027,0,14006,304200,4334,0,0
49665457,0,0,14005,304200,4334,0,0
49665458,0,0,12005,304200,4334,0,0
49665459,0,0,12027,304200,4334,0,0
# MARK ram tick=49665459
49665460,0,44517,12027,111117,4334,0,0
49665461,0,44517,12027,111117,4334,0,0
49665462,0,44517,12027,111117,4334,0,0
49665463,0,44517,12000,111117,4334,0,0
49665464,0,0,12005,111117,4334,0,0
49665465,0,0,12005,111117,4334,0,0
49665928,0,0,14006,304200,4332,1,0
49665929,0,0,14006,304200,4332,0,0
49665930,0,0,14006,304200,4333,0,0
49665931,0,0,14006,304200,4333,0,0
49665932,0,0,14006,304200,4333,0,0
49665933,12027,0,14006,304200,4333,0,0
# MARK addr tick=49665933
49665934,12027,0,14006,304200,4333,0,0
49665935,0,0,14005,304200,4333,0,0
49665936,0,0,12005,304200,4333,0,0
49665937,0,0,12027,304200,4333,0,0
# MARK ram tick=49665937
49665938,0,44517,12027,111117,4333,0,0
49665939,0,44517,12027,111117,4333,0,0
49665940,0,44517,12027,111117,4333,0,0
49665941,0,44517,12000,111117,4333,0,0
49665942,0,0,12005,111117,4333,0,0
49665943,0,0,12005,111117,4333,0,0
49666427,0,0,14006,304200,4332,1,0
49666428,0,0,14006,304200,4332,0,0
49666429,0,0,14006,304200,4333,0,0
49666430,0,0,14006,304200,4333,0,0
49666431,0,0,14006,304200,4333,0,0
49666432,12027,0,14006,304200,4333,0,0
# MARK addr tick=49666432
49666433,12027,0,14006,304200,4333,0,0
49666434,0,0,14005,304200,4333,0,0
49666435,0,0,12005,304200,4333,0,0
49666436,0,0,12027,304200,4333,0,0
# MARK ram tick=49666436
49666437,0,44517,12027,111117,4333,0,0
49666438,0,44517,12027,111117,4333,0,0
49666439,0,44517,12027,111117,4333,0,0
49666440,0,44517,12000,111117,4333,0,0
49666441,0,0,12005,111117,4333,0,0
49666442,0,0,12005,111117,4333,0,0
50013185,0,0,12005,124105,401,0,0
50013186,0,0,12005,124105,17070,0,0
50013187,0,0,12005,124105,17070,0,0
50013188,53070,0,12005,124105,0,0,0
50013189,53070,0,12005,124105,6000,1,0
50013190,0,0,12025,124105,6000,1,0
# MARK ram tick=50013190
50013191,0,0,52025,124105,6000,1,0
50013192,0,0,53070,124105,6000,1,0
50013193,0,54612,53070,531212,6546,1,0
50013194,0,54612,53070,531212,6546,1,0
50013195,0,54612,53070,531212,6546,1,0
50013196,0,54612,52000,531212,6546,1,0
50013631,0,0,12005,124105,401,0,0
50013632,0,0,12005,124105,17070,0,0
50013633,0,0,12005,124105,17070,0,0
50013634,53070,0,12005,124105,0,0,0
50013635,53070,0,12005,124105,6000,1,0
50013636,0,0,12025,124105,6000,1,0
# MARK ram tick=50013636
50013637,0,0,52025,124105,6000,1,0
50013638,0,0,53070,124105,6000,1,0
50013639,0,54612,53070,531212,6546,1,0
50013640,0,54612,53070,531212,6546,1,0
50013641,0,54612,53070,531212,6546,1,0
50013642,0,54612,52000,531212,6546,1,0
50020169,0,0,12005,523124,401,0,0
50020170,0,0,12005,523124,17070,0,0
50020171,0,0,12005,523124,17070,0,0
50020172,53070,0,12005,523124,0,0,0
50020173,53070,0,12005,523124,6000,1,0
50020174,0,0,12025,523124,6000,1,0
# MARK ram tick=50020174
50020175,0,0,52025,523124,6000,1,0
50020176,0,0,53070,523124,6000,1,0
50020177,0,54612,53070,531212,6546,1,0
50020178,0,54612,53070,531212,6546,1,0
50020179,0,54612,53070,531212,6546,1,0
50020180,0,54612,52000,531212,6546,1,0
56725428,44516,0,12000,111516,17073,0,0
56725429,44516,0,12005,111516,0,0,0
56725430,0,0,12005,111516,0,0,0
56725431,53073,0,12005,111516,0,0,0
56725432,53073,0,12005,111516,6000,1,0
56725433,0,0,12025,111516,6000,1,0
# MARK ram tick=56725433
56725434,0,0,52025,111516,6000,1,0
56725435,0,0,53073,111516,6000,1,0
56725436,0,146575,53073,315575,7465,1,0
56725437,0,146575,53073,315575,7465,1,0
56725438,0,146575,53073,315575,7465,1,0
56725439,0,146575,52000,315575,7465,1,0
56725879,51524,0,12000,523124,17073,0,0
56725880,51524,0,12005,523124,0,0,0
56725881,0,0,12005,523124,0,0,0
56725882,53073,0,12005,523124,0,0,0
56725883,53073,0,12005,523124,6000,1,0
56725884,0,0,12025,523124,6000,1,0
# MARK ram tick=56725884
56725885,0,0,52025,523124,6000,1,0
56725886,0,0,53073,523124,6000,1,0
56725887,0,146575,53073,315575,7465,1,0
56725888,0,146575,53073,315575,7465,1,0
56725889,0,146575,53073,315575,7465,1,0
56725890,0,146575,52000,315575,7465,1,0
56726328,51524,0,12000,523124,17073,0,0
56726329,51524,0,12005,523124,0,0,0
56726330,0,0,12005,523124,0,0,0
56726331,53073,0,12005,523124,0,0,0
56726332,53073,0,12005,523124,6000,1,0
56726333,0,0,12025,523124,6000,1,0
# MARK ram tick=56726333
56726334,0,0,52025,523124,6000,1,0
56726335,0,0,53073,523124,6000,1,0
56726336,0,146575,53073,315575,7465,1,0
56726337,0,146575,53073,315575,7465,1,0
56726338,0,146575,53073,315575,7465,1,0
56726339,0,146575,52000,315575,7465,1,0
56726781,51125,0,12000,122525,17073,0,0
56726782,51125,0,12005,122525,0,0,0
56726783,0,0,12005,122525,0,0,0
56726784,53073,0,12005,122525,0,0,0
56726785,53073,0,12005,122525,6000,1,0
56726786,0,0,12025,122525,6000,1,0
# MARK ram tick=56726786
56726787,0,0,52025,122525,6000,1,0
56726788,0,0,53073,122525,6000,1,0
56726789,0,146575,53073,315575,7465,1,0
56726790,0,146575,53073,315575,7465,1,0
56726791,0,146575,53073,315575,7465,1,0
56726792,0,146575,52000,315575,7465,1,0
56727223,51125,0,12000,122525,17073,0,0
56727224,51125,0,12005,122525,0,0,0
56727225,0,0,12005,122525,0,0,0
56727226,53073,0,12005,122525,0,0,0
56727227,53073,0,12005,122525,6000,1,0
56727228,0,0,12025,122525,6000,1,0
# MARK ram tick=56727228
56727229,0,0,52025,122525,6000,1,0
56727230,0,0,53073,122525,6000,1,0
56727231,0,146575,53073,315575,7465,1,0
56727232,0,146575,53073,315575,7465,1,0
56727233,0,146575,53073,315575,7465,1,0
56727234,0,146575,52000,315575,7465,1,0
56733334,41524,0,12000,103124,17073,0,0
56733335,41524,0,12005,103124,0,0,0
56733336,0,0,12005,103124,0,0,0
56733337,53073,0,12005,103124,0,0,0
56733338,53073,0,12005,103124,6000,1,0
56733339,0,0,12025,103124,6000,1,0
# MARK ram tick=56733339
56733340,0,0,52025,103124,6000,1,0
56733341,0,0,53073,103124,6000,1,0
56733342,0,146575,53073,315575,7465,1,0
56733343,0,146575,53073,315575,7465,1,0
56733344,0,146575,53073,315575,7465,1,0
56733345,0,146575,52000,315575,7465,1,0
56733776,41524,0,12000,103124,17073,0,0
56733777,41524,0,12005,103124,0,0,0
56733778,0,0,12005,103124,0,0,0
56733779,53073,0,12005,103124,0,0,0
56733780,53073,0,12005,103124,6000,1,0
56733781,0,0,12025,103124,6000,1,0
# MARK ram tick=56733781
56733782,0,0,52025,103124,6000,1,0
56733783,0,0,53073,103124,6000,1,0
56733784,0,146575,53073,315575,7465,1,0
56733785,0,146575,53073,315575,7465,1,0
56733786,0,146575,53073,315575,7465,1,0
56733787,0,146575,52000,315575,7465,1,0
56734225,44517,0,12000,111117,17073,0,0
56734226,44517,0,12005,111117,0,0,0
56734227,0,0,12005,111117,0,0,0
56734228,53073,0,12005,111117,0,0,0
56734229,53073,0,12005,111117,6000,1,0
56734230,0,0,12025,111117,6000,1,0
# MARK ram tick=56734230
56734231,0,0,52025,111117,6000,1,0
56734232,0,0,53073,111117,6000,1,0
56734233,0,146575,53073,315575,7465,1,0
56734234,0,146575,53073,315575,7465,1,0
56734235,0,146575,53073,315575,7465,1,0
56734236,0,146575,52000,315575,7465,1,0
56734665,44517,0,12000,111117,17073,0,0
56734666,44517,0,12005,111117,0,0,0
56734667,0,0,12005,111117,0,0,0
56734668,53073,0,12005,111117,0,0,0
56734669,53073,0,12005,111117,6000,1,0
56734670,0,0,12025,111117,6000,1,0
# MARK ram tick=56734670
56734671,0,0,52025,111117,6000,1,0
56734672,0,0,53073,111117,6000,1,0
56734673,0,146575,53073,315575,7465,1,0
56734674,0,146575,53073,315575,7465,1,0
56734675,0,146575,53073,315575,7465,1,0
56734676,0,146575,52000,315575,7465,1,0
56735122,47015,0,12000,516015,17073,0,0
56735123,47015,0,12005,516015,0,0,0
56735124,0,0,12005,516015,0,0,0
56735125,53073,0,12005,516015,0,0,0
56735126,53073,0,12005,516015,6000,1,0
56735127,0,0,12025,516015,6000,1,0
# MARK ram tick=56735127
56735128,0,0,52025,516015,6000,1,0
56735129,0,0,53073,516015,6000,1,0
56735130,0,146575,53073,315575,7465,1,0
56735131,0,146575,53073,315575,7465,1,0
56735132,0,146575,53073,315575,7465,1,0
56735133,0,146575,52000,315575,7465,1,0
56735564,47055,0,12000,516015,17073,0,0
56735565,47055,0,12005,516015,0,0,0
56735566,0,0,12005,516015,0,0,0
56735567,53073,0,12005,516015,0,0,0
56735568,53073,0,12005,516015,6000,1,0
56735569,0,0,12025,516015,6000,1,0
# MARK ram tick=56735569
56735570,0,0,52025,516015,6000,1,0
56735571,0,0,53073,516015,6000,1,0
56735572,0,146575,53073,315575,7465,1,0
56735573,0,146575,53073,315575,7465,1,0
56735574,0,146575,53073,315575,7465,1,0
56735575,0,146575,52000,315575,7465,1,0
56741672,41400,0,12000,400400,17073,0,0
56741673,41400,0,12005,400400,0,0,0
56741674,0,0,12005,400400,0,0,0
56741675,53073,0,12005,400400,0,0,0
56741676,53073,0,12005,400400,6000,1,0
56741677,0,0,12025,400400,6000,1,0
# MARK ram tick=56741677
56741678,0,0,52025,400400,6000,1,0
56741679,0,0,53073,400400,6000,1,0
56741680,0,146575,53073,315575,7465,1,0
56741681,0,146575,53073,315575,7465,1,0
56741682,0,146575,53073,315575,7465,1,0
56741683,0,146575,52000,315575,7465,1,0
56742115,41460,0,12000,103400,17073,0,0
56742116,41460,0,12005,103400,0,0,0
56742117,0,0,12005,103400,0,0,0
56742118,53073,0,12005,103400,0,0,0
56742119,53073,0,12005,103400,6000,1,0
56742120,0,0,12025,103400,6000,1,0
# MARK ram tick=56742120
56742121,0,0,52025,103400,6000,1,0
56742122,0,0,53073,103400,6000,1,0
56742123,0,146575,53073,315575,7465,1,0
56742124,0,146575,53073,315575,7465,1,0
56742125,0,146575,53073,315575,7465,1,0
56742126,0,146575,52000,315575,7465,1,0
56742564,31400,0,12000,400400,17073,0,0
56742565,31400,0,12005,400400,0,0,0
56742566,0,0,12005,400400,0,0,0
56742567,53073,0,12005,400400,0,0,0
56742568,53073,0,12005,400400,6000,1,0
56742569,0,0,12025,400400,6000,1,0
# MARK ram tick=56742569
56742570,0,0,52025,400400,6000,1,0
56742571,0,0,53073,400400,6000,1,0
56742572,0,146575,53073,315575,7465,1,0
56742573,0,146575,53073,315575,7465,1,0
56742574,0,146575,53073,315575,7465,1,0
56742575,0,146575,52000,315575,7465,1,0
56743008,31447,0,12000,463400,17073,0,0
56743009,31447,0,12005,463400,0,0,0
56743010,0,0,12005,463400,0,0,0
56743011,53073,0,12005,463400,0,0,0
56743012,53073,0,12005,463400,6000,1,0
56743013,0,0,12025,463400,6000,1,0
# MARK ram tick=56743013
56743014,0,0,52025,463400,6000,1,0
56743015,0,0,53073,463400,6000,1,0
56743016,0,146575,53073,315575,7465,1,0
56743017,0,146575,53073,315575,7465,1,0
56743018,0,146575,53073,315575,7465,1,0
56743019,0,146575,52000,315575,7465,1,0
56818182,0,0,36000,61241,152,0,0
56818183,0,0,36017,61241,152,0,0
56818184,7443,0,36017,61241,152,0,0
56818185,7443,0,36017,61241,152,0,0
56818186,0,0,36003,61241,152,0,0
56818187,7422,0,6003,61241,152,0,0
# MARK addr tick=56818187
56818188,7422,0,7443,61241,152,1,0
56818189,7422,0,7443,61241,152,0,0
56818190,7422,0,7443,61241,145,0,0
56818191,7422,0,7443,61241,145,0,0
56818192,7422,0,6000,61241,145,0,0
56818193,7422,0,6003,61241,145,0,0
56824651,0,0,12005,111516,401,0,0
56824652,0,0,12005,111516,17070,0,0
56824653,0,0,12005,111516,17070,0,0
56824654,53070,0,12005,111516,0,0,0
56824655,53070,0,12005,111516,6000,1,0
56824656,0,0,12025,111516,6000,1,0
# MARK ram tick=56824656
56824657,0,0,52025,111516,6000,1,0
56824658,0,0,53070,111516,6000,1,0
56824659,0,54612,53070,531212,6546,1,0
56824660,0,54612,53070,531212,6546,1,0
56824661,0,54612,53070,531212,6546,1,0
56824662,0,54612,52000,531212,6546,1,0
56824746,0,0,52025,705200,4341,1,0
56824747,0,0,52025,705200,4341,0,0
56824748,0,0,52025,705200,4345,0,0
56824749,0,0,52025,705200,4345,0,0
56824750,0,0,52025,705200,4345,0,0
56824751,7422,0,52025,705200,4345,0,0
# MARK addr tick=56824751
56824752,7422,0,52025,705200,4345,0,0
56824753,0,0,52003,705200,4345,0,0
56824754,0,0,6003,705200,4345,0,0
56824755,0,0,7422,705200,4345,0,0
# MARK ram tick=56824755
56824756,0,0,7422,400400,4345,0,0
56824757,0,0,7422,400400,4345,0,0
56824758,0,0,7422,400400,4345,0,0
56824759,0,0,6000,400400,4345,0,0
56824760,0,0,6003,400400,4345,0,0
56824761,0,0,6003,400400,4345,0,0
56824778,0,0,6003,400400,145,1,0
56824779,0,0,6003,400400,145,0,0
56824780,0,0,6003,400400,0,0,0
56824781,0,0,6003,400400,0,0,0
56824782,0,0,6003,400400,0,0,0
56824783,7422,0,6003,400400,0,0,0
# MARK addr tick=56824783
56824784,7422,0,6003,400400,0,0,0
56824785,0,0,6003,400400,0,0,0
56824786,44400,0,6003,400400,0,0,0
56824787,44400,0,7422,400400,0,1,0
# MARK ram tick=56824787
56824788,44400,0,7422,400400,0,0,0
56824789,44400,0,7422,400400,2001,0,0
56824790,44400,0,7422,400400,17073,0,0
56824791,44400,0,6000,400400,17073,0,0
56824792,44400,0,6003,400400,0,0,0
56824793,0,0,6003,400400,0,0,0
56825100,0,0,12005,111516,401,0,0
56825101,0,0,12005,111516,17070,0,0
56825102,0,0,12005,111516,17070,0,0
56825103,53070,0,12005,111516,0,0,0
56825104,53070,0,12005,111516,6000,1,0
56825105,0,0,12025,111516,6000,1,0
# MARK ram tick=56825105
56825106,0,0,52025,111516,6000,1,0
56825107,0,0,53070,111516,6000,1,0
56825108,0,54612,53070,531212,6546,1,0
56825109,0,54612,53070,531212,6546,1,0
56825110,0,54612,53070,531212,6546,1,0
56825111,0,54612,52000,531212,6546,1,0
56825195,0,0,52025,705200,4341,1,0
56825196,0,0,52025,705200,4341,0,0
56825197,0,0,52025,705200,4342,0,0
56825198,0,0,52025,705200,4342,0,0
56825199,0,0,52025,705200,4342,0,0
56825200,7422,0,52025,705200,4342,0,0
# MARK addr tick=56825200
56825201,7422,0,52025,705200,4342,0,0
56825202,0,0,52003,705200,4342,0,0
56825203,0,0,6003,705200,4342,0,0
56825204,0,0,7422,705200,4342,0,0
# MARK ram tick=56825204
56825205,0,44400,7422,111400,4342,0,0
56825206,0,44400,7422,111400,4342,0,0
56825207,0,44400,7422,111400,4342,0,0
56825208,0,44400,6000,111400,4342,0,0
56825209,0,0,6003,111400,4342,0,0
56825210,0,0,6003,111400,4342,0,0
56825221,0,0,6003,111400,145,1,0
56825222,0,0,6003,111400,145,0,0
56825223,0,0,6003,111400,0,0,0
56825224,0,0,6003,111400,0,0,0
56825225,0,0,6003,111400,0,0,0
56825226,7422,0,6003,111400,0,0,0
# MARK addr tick=56825226
56825227,7422,0,6003,111400,0,0,0
56825228,0,0,6003,111400,0,0,0
56825229,44516,0,6003,111400,0,0,0
56825230,44516,0,7422,111400,0,1,0
# MARK ram tick=56825230
56825231,44516,0,7422,111400,0,0,0
56825232,44516,0,7422,111400,2001,0,0
56825233,44516,0,7422,111400,17073,0,0
56825234,44516,0,6000,111400,17073,0,0
56825235,44516,0,6003,111400,0,0,0
56825236,0,0,6003,111400,0,0,0
56825545,0,0,12005,523124,401,0,0
56825546,0,0,12005,523124,17070,0,0
56825547,0,0,12005,523124,17070,0,0
56825548,53070,0,12005,523124,0,0,0
56825549,53070,0,12005,523124,6000,1,0
56825550,0,0,12025,523124,6000,1,0
# MARK ram tick=56825550
56825551,0,0,52025,523124,6000,1,0
56825552,0,0,53070,523124,6000,1,0
56825553,0,54612,53070,531212,6546,1,0
56825554,0,54612,53070,531212,6546,1,0
56825555,0,54612,53070,531212,6546,1,0
56825556,0,54612,52000,531212,6546,1,0
56825640,0,0,52025,705200,4341,1,0
56825641,0,0,52025,705200,4341,0,0
56825642,0,0,52025,705200,4345,0,0
56825643,0,0,52025,705200,4345,0,0
56825644,0,0,52025,705200,4345,0,0
56825645,7423,0,52025,705200,4345,0,0
# MARK addr tick=56825645
56825646,7423,0,52025,705200,4345,0,0
56825647,0,0,52003,705200,4345,0,0
56825648,0,0,6003,705200,4345,0,0
56825649,0,0,7423,705200,4345,0,0
# MARK ram tick=56825649
56825650,0,14721,7423,31721,4345,0,0
56825651,0,14721,7423,31721,4345,0,0
56825652,0,14721,7423,31721,4345,0,0
56825653,0,14721,6000,31721,4345,0,0
56825654,0,0,6003,31721,4345,0,0
56825655,0,0,6003,31721,4345,0,0
56825672,0,0,6003,31721,145,1,0
56825673,0,0,6003,31721,145,0,0
56825674,0,0,6003,31721,0,0,0
56825675,0,0,6003,31721,0,0,0
56825676,0,0,6003,31721,0,0,0
56825677,7423,0,6003,31721,0,0,0
# MARK addr tick=56825677
56825678,7423,0,6003,31721,0,0,0
56825679,0,0,6003,31721,0,0,0
56825680,51721,0,6003,31721,0,0,0
56825681,51721,0,7423,31721,0,1,0
# MARK ram tick=56825681
56825682,51721,0,7423,31721,0,0,0
56825683,51721,0,7423,31721,2001,0,0
56825684,51721,0,7423,31721,17073,0,0
56825685,51721,0,6000,31721,17073,0,0
56825686,51721,0,6003,31721,0,0,0
56825687,0,0,6003,31721,0,0,0
56826000,0,0,12005,523124,401,0,0
56826001,0,0,12005,523124,17070,0,0
56826002,0,0,12005,523124,17070,0,0
56826003,53070,0,12005,523124,0,0,0
56826004,53070,0,12005,523124,6000,1,0
56826005,0,0,12025,523124,6000,1,0
# MARK ram tick=56826005
56826006,0,0,52025,523124,6000,1,0
56826007,0,0,53070,523124,6000,1,0
56826008,0,54612,53070,531212,6546,1,0
56826009,0,54612,53070,531212,6546,1,0
56826010,0,54612,53070,531212,6546,1,0
56826011,0,54612,52000,531212,6546,1,0
56826095,0,0,52025,705200,4341,1,0
56826096,0,0,52025,705200,4341,0,0
56826097,0,0,52025,705200,4342,0,0
56826098,0,0,52025,705200,4342,0,0
56826099,0,0,52025,705200,4342,0,0
56826100,7423,0,52025,705200,4342,0,0
# MARK addr tick=56826100
56826101,7423,0,52025,705200,4342,0,0
56826102,0,0,52003,705200,4342,0,0
56826103,0,0,6003,705200,4342,0,0
56826104,0,0,7423,705200,4342,0,0
# MARK ram tick=56826104
56826105,0,51721,7423,523721,4342,0,0
56826106,0,51721,7423,523721,4342,0,0
56826107,0,51721,7423,523721,4342,0,0
56826108,0,51721,6000,523721,4342,0,0
56826109,0,0,6003,523721,4342,0,0
56826110,0,0,6003,523721,4342,0,0
56826121,0,0,6003,523721,145,1,0
56826122,0,0,6003,523721,145,0,0
56826123,0,0,6003,523721,0,0,0
56826124,0,0,6003,523721,0,0,0
56826125,0,0,6003,523721,0,0,0
56826126,7423,0,6003,523721,0,0,0
# MARK addr tick=56826126
56826127,7423,0,6003,523721,0,0,0
56826128,0,0,6003,523721,0,0,0
56826129,51524,0,6003,523721,0,0,0
56826130,51524,0,7423,523721,0,1,0
# MARK ram tick=56826130
56826131,51524,0,7423,523721,0,0,0
56826132,51524,0,7423,523721,2001,0,0
56826133,51524,0,7423,523721,17073,0,0
56826134,51524,0,6000,523721,17073,0,0
56826135,51524,0,6003,523721,0,0,0
56826136,0,0,6003,523721,0,0,0
56826447,0,0,12005,122525,401,0,0
56826448,0,0,12005,122525,17070,0,0
56826449,0,0,12005,122525,17070,0,0
56826450,53070,0,12005,122525,0,0,0
56826451,53070,0,12005,122525,6000,1,0
56826452,0,0,12025,122525,6000,1,0
# MARK ram tick=56826452
56826453,0,0,52025,122525,6000,1,0
56826454,0,0,53070,122525,6000,1,0
56826455,0,54612,53070,531212,6546,1,0
56826456,0,54612,53070,531212,6546,1,0
56826457,0,54612,53070,531212,6546,1,0
56826458,0,54612,52000,531212,6546,1,0
56826542,0,0,52025,705200,4341,1,0
56826543,0,0,52025,705200,4341,0,0
56826544,0,0,52025,705200,4345,0,0
56826545,0,0,52025,705200,4345,0,0
56826546,0,0,52025,705200,4345,0,0
56826547,7424,0,52025,705200,4345,0,0
# MARK addr tick=56826547
56826548,7424,0,52025,705200,4345,0,0
56826549,0,0,52003,705200,4345,0,0
56826550,0,0,6003,705200,4345,0,0
56826551,0,0,7424,705200,4345,0,0
# MARK ram tick=56826551
56826552,0,177776,7424,777376,4345,0,0
56826553,0,177776,7424,777376,4345,0,0
56826554,0,177776,7424,777376,4345,0,0
56826555,0,177776,6000,777376,4345,0,0
56826556,0,0,6003,777376,4345,0,0
56826557,0,0,6003,777376,4345,0,0
56826574,0,0,6003,777376,145,1,0
56826575,0,0,6003,777376,145,0,0
56826576,0,0,6003,777376,0,0,0
56826577,0,0,6003,777376,0,0,0
56826578,0,0,6003,777376,0,0,0
56826579,7424,0,6003,777376,0,0,0
# MARK addr tick=56826579
56826580,7424,0,6003,777376,0,0,0
56826581,0,0,6003,777376,0,0,0
56826582,51376,0,6003,777376,0,0,0
56826583,51376,0,7424,777376,0,1,0
# MARK ram tick=56826583
56826584,51376,0,7424,777376,0,0,0
56826585,51376,0,7424,777376,17,0,0
56826586,51376,0,7424,777376,16,0,0
56826587,51376,0,6000,777376,16,1,0
56826588,51376,0,6003,777376,16,1,0
56826589,0,0,6003,777376,16,0,0
56832554,0,0,12005,122525,401,0,0
56832555,0,0,12005,122525,17070,0,0
56832556,0,0,12005,122525,17070,0,0
56832557,53070,0,12005,122525,0,0,0
56832558,53070,0,12005,122525,6000,1,0
56832559,0,0,12025,122525,6000,1,0
# MARK ram tick=56832559
56832560,0,0,52025,122525,6000,1,0
56832561,0,0,53070,122525,6000,1,0
56832562,0,54612,53070,531212,6546,1,0
56832563,0,54612,53070,531212,6546,1,0
56832564,0,54612,53070,531212,6546,1,0
56832565,0,54612,52000,531212,6546,1,0
56832649,0,0,52025,705200,4341,1,0
56832650,0,0,52025,705200,4341,0,0
56832651,0,0,52025,705200,4342,0,0
56832652,0,0,52025,705200,4342,0,0
56832653,0,0,52025,705200,4342,0,0
56832654,7424,0,52025,705200,4342,0,0
# MARK addr tick=56832654
56832655,7424,0,52025,705200,4342,0,0
56832656,0,0,52003,705200,4342,0,0
56832657,0,0,6003,705200,4342,0,0
56832658,0,0,7424,705200,4342,0,0
# MARK ram tick=56832658
56832659,0,51376,7424,122376,4342,0,0
56832660,0,51376,7424,122376,4342,0,0
56832661,0,51376,7424,122376,4342,0,0
56832662,0,51376,6000,122376,4342,0,0
56832663,0,0,6003,122376,4342,0,0
56832664,0,0,6003,122376,4342,0,0
56832675,0,0,6003,122376,145,1,0
56832676,0,0,6003,122376,145,0,0
56832677,0,0,6003,122376,0,0,0
56832678,0,0,6003,122376,0,0,0
56832679,0,0,6003,122376,0,0,0
56832680,7424,0,6003,122376,0,0,0
# MARK addr tick=56832680
56832681,7424,0,6003,122376,0,0,0
56832682,0,0,6003,122376,0,0,0
56832683,51125,0,6003,122376,0,0,0
56832684,51125,0,7424,122376,0,1,0
# MARK ram tick=56832684
56832685,51125,0,7424,122376,0,0,0
56832686,51125,0,7424,122376,2001,0,0
56832687,51125,0,7424,122376,17073,0,0
56832688,51125,0,6000,122376,17073,0,0
56832689,51125,0,6003,122376,0,0,0
56832690,0,0,6003,122376,0,0,0
56832997,0,0,12005,103124,401,0,0
56832998,0,0,12005,103124,17070,0,0
56832999,0,0,12005,103124,17070,0,0
56833000,53070,0,12005,103124,0,0,0
56833001,53070,0,12005,103124,6000,1,0
56833002,0,0,12025,103124,6000,1,0
# MARK ram tick=56833002
56833003,0,0,52025,103124,6000,1,0
56833004,0,0,53070,103124,6000,1,0
56833005,0,54612,53070,531212,6546,1,0
56833006,0,54612,53070,531212,6546,1,0
56833007,0,54612,53070,531212,6546,1,0
56833008,0,54612,52000,531212,6546,1,0
56833098,0,0,52025,705200,4341,1,0
56833099,0,0,52025,705200,4341,0,0
56833100,0,0,52025,705200,4345,0,0
56833101,0,0,52025,705200,4345,0,0
56833102,0,0,52025,705200,4345,0,0
56833103,7425,0,52025,705200,4345,0,0
# MARK addr tick=56833103
56833104,7425,0,52025,705200,4345,0,0
56833105,0,0,52003,705200,4345,0,0
56833106,0,0,6003,705200,4345,0,0
56833107,0,0,7425,705200,4345,0,0
# MARK ram tick=56833107
56833108,0,0,7425,400400,4345,0,0
56833109,0,0,7425,400400,4345,0,0
56833110,0,0,7425,400400,4345,0,0
56833111,0,0,6000,400400,4345,0,0
56833112,0,0,6003,400400,4345,0,0
56833113,0,0,6003,400400,4345,0,0
56833130,0,0,6003,400400,145,1,0
56833131,0,0,6003,400400,145,0,0
56833132,0,0,6003,400400,0,0,0
56833133,0,0,6003,400400,0,0,0
56833134,0,0,6003,400400,0,0,0
56833135,7425,0,6003,400400,0,0,0
# MARK addr tick=56833135
56833136,7425,0,6003,400400,0,0,0
56833137,0,0,6003,400400,0,0,0
56833138,41400,0,6003,400400,0,0,0
56833139,41400,0,7425,400400,0,1,0
# MARK ram tick=56833139
56833140,41400,0,7425,400400,0,0,0
56833141,41400,0,7425,400400,2001,0,0
56833142,41400,0,7425,400400,17073,0,0
56833143,41400,0,6000,400400,17073,0,0
56833144,41400,0,6003,400400,0,0,0
56833145,0,0,6003,400400,0,0,0
56833449,0,0,12005,103124,401,0,0
56833450,0,0,12005,103124,17070,0,0
56833451,0,0,12005,103124,17070,0,0
56833452,53070,0,12005,103124,0,0,0
56833453,53070,0,12005,103124,6000,1,0
56833454,0,0,12025,103124,6000,1,0
# MARK ram tick=56833454
56833455,0,0,52025,103124,6000,1,0
56833456,0,0,53070,103124,6000,1,0
56833457,0,54612,53070,531212,6546,1,0
56833458,0,54612,53070,531212,6546,1,0
56833459,0,54612,53070,531212,6546,1,0
56833460,0,54612,52000,531212,6546,1,0
56833544,0,0,52025,705200,4341,1,0
56833545,0,0,52025,705200,4341,0,0
56833546,0,0,52025,705200,4342,0,0
56833547,0,0,52025,705200,4342,0,0
56833548,0,0,52025,705200,4342,0,0
56833549,7425,0,52025,705200,4342,0,0
# MARK addr tick=56833549
56833550,7425,0,52025,705200,4342,0,0
56833551,0,0,52003,705200,4342,0,0
56833552,0,0,6003,705200,4342,0,0
56833553,0,0,7425,705200,4342,0,0
# MARK ram tick=56833553
56833554,0,41400,7425,103400,4342,0,0
56833555,0,41400,7425,103400,4342,0,0
56833556,0,41400,7425,103400,4342,0,0
56833557,0,41400,6000,103400,4342,0,0
56833558,0,0,6003,103400,4342,0,0
56833559,0,0,6003,103400,4342,0,0
56833570,0,0,6003,103400,145,1,0
56833571,0,0,6003,103400,145,0,0
56833572,0,0,6003,103400,0,0,0
56833573,0,0,6003,103400,0,0,0
56833574,0,0,6003,103400,0,0,0
56833575,7425,0,6003,103400,0,0,0
# MARK addr tick=56833575
56833576,7425,0,6003,103400,0,0,0
56833577,0,0,6003,103400,0,0,0
56833578,41524,0,6003,103400,0,0,0
56833579,41524,0,7425,103400,0,1,0
# MARK ram tick=56833579
56833580,41524,0,7425,103400,0,0,0
56833581,41524,0,7425,103400,2001,0,0
56833582,41524,0,7425,103400,17073,0,0
56833583,41524,0,6000,103400,17073,0,0
56833584,41524,0,6003,103400,0,0,0
56833585,0,0,6003,103400,0,0,0
56833892,0,0,12005,111117,401,0,0
56833893,0,0,12005,111117,17070,0,0
56833894,0,0,12005,111117,17070,0,0
56833895,53070,0,12005,111117,0,0,0
56833896,53070,0,12005,111117,6000,1,0
56833897,0,0,12025,111117,6000,1,0
# MARK ram tick=56833897
56833898,0,0,52025,111117,6000,1,0
56833899,0,0,53070,111117,6000,1,0
56833900,0,54612,53070,531212,6546,1,0
56833901,0,54612,53070,531212,6546,1,0
56833902,0,54612,53070,531212,6546,1,0
56833903,0,54612,52000,531212,6546,1,0
56833987,0,0,52025,705200,4341,1,0
56833988,0,0,52025,705200,4341,0,0
56833989,0,0,52025,705200,4345,0,0
56833990,0,0,52025,705200,4345,0,0
56833991,0,0,52025,705200,4345,0,0
56833992,7426,0,52025,705200,4345,0,0
# MARK addr tick=56833992
56833993,7426,0,52025,705200,4345,0,0
56833994,0,0,52003,705200,4345,0,0
56833995,0,0,6003,705200,4345,0,0
56833996,0,0,7426,705200,4345,0,0
# MARK ram tick=56833996
56833997,0,14624,7426,31224,4345,0,0
56833998,0,14624,7426,31224,4345,0,0
56833999,0,14624,7426,31224,4345,0,0
56834000,0,14624,6000,31224,4345,0,0
56834001,0,0,6003,31224,4345,0,0
56834002,0,0,6003,31224,4345,0,0
56834019,0,0,6003,31224,145,1,0
56834020,0,0,6003,31224,145,0,0
56834021,0,0,6003,31224,0,0,0
56834022,0,0,6003,31224,0,0,0
56834023,0,0,6003,31224,0,0,0
56834024,7426,0,6003,31224,0,0,0
# MARK addr tick=56834024
56834025,7426,0,6003,31224,0,0,0
56834026,0,0,6003,31224,0,0,0
56834027,44624,0,6003,31224,0,0,0
56834028,44624,0,7426,31224,0,1,0
# MARK ram tick=56834028
56834029,44624,0,7426,31224,0,0,0
56834030,44624,0,7426,31224,2001,0,0
56834031,44624,0,7426,31224,17073,0,0
56834032,44624,0,6000,31224,17073,0,0
56834033,44624,0,6003,31224,0,0,0
56834034,0,0,6003,31224,0,0,0
56834340,0,0,12005,111117,401,0,0
56834341,0,0,12005,111117,17070,0,0
56834342,0,0,12005,111117,17070,0,0
56834343,53070,0,12005,111117,0,0,0
56834344,53070,0,12005,111117,6000,1,0
56834345,0,0,12025,111117,6000,1,0
# MARK ram tick=56834345
56834346,0,0,52025,111117,6000,1,0
56834347,0,0,53070,111117,6000,1,0
56834348,0,54612,53070,531212,6546,1,0
56834349,0,54612,53070,531212,6546,1,0
56834350,0,54612,53070,531212,6546,1,0
56834351,0,54612,52000,531212,6546,1,0
56834435,0,0,52025,705200,4341,1,0
56834436,0,0,52025,705200,4341,0,0
56834437,0,0,52025,705200,4342,0,0
56834438,0,0,52025,705200,4342,0,0
56834439,0,0,52025,705200,4342,0,0
56834440,7426,0,52025,705200,4342,0,0
# MARK addr tick=56834440
56834441,7426,0,52025,705200,4342,0,0
56834442,0,0,52003,705200,4342,0,0
56834443,0,0,6003,705200,4342,0,0
56834444,0,0,7426,705200,4342,0,0
# MARK ram tick=56834444
56834445,0,44624,7426,111224,4342,0,0
56834446,0,44624,7426,111224,4342,0,0
56834447,0,44624,7426,111224,4342,0,0
56834448,0,44624,6000,111224,4342,0,0
56834449,0,0,6003,111224,4342,0,0
56834450,0,0,6003,111224,4342,0,0
56834461,0,0,6003,111224,145,1,0
56834462,0,0,6003,111224,145,0,0
56834463,0,0,6003,111224,0,0,0
56834464,0,0,6003,111224,0,0,0
56834465,0,0,6003,111224,0,0,0
56834466,7426,0,6003,111224,0,0,0
# MARK addr tick=56834466
56834467,7426,0,6003,111224,0,0,0
56834468,0,0,6003,111224,0,0,0
56834469,44517,0,6003,111224,0,0,0
56834470,44517,0,7426,111224,0,1,0
# MARK ram tick=56834470
56834471,44517,0,7426,111224,0,0,0
56834472,44517,0,7426,111224,2001,0,0
56834473,44517,0,7426,111224,17073,0,0
56834474,44517,0,6000,111224,17073,0,0
56834475,44517,0,6003,111224,0,0,0
56834476,0,0,6003,111224,0,0,0
56834786,0,0,12005,516455,401,0,0
56834787,0,0,12005,516455,17070,0,0
56834788,0,0,12005,516455,17070,0,0
56834789,53070,0,12005,516455,0,0,0
56834790,53070,0,12005,516455,6000,1,0
56834791,0,0,12025,516455,6000,1,0
# MARK ram tick=56834791
56834792,0,0,52025,516455,6000,1,0
56834793,0,0,53070,516455,6000,1,0
56834794,0,54612,53070,531212,6546,1,0
56834795,0,54612,53070,531212,6546,1,0
56834796,0,54612,53070,531212,6546,1,0
56834797,0,54612,52000,531212,6546,1,0
56840899,0,0,12005,516455,401,0,0
56840900,0,0,12005,516455,17070,0,0
56840901,0,0,12005,516455,17070,0,0
56840902,53070,0,12005,516455,0,0,0
56840903,53070,0,12005,516455,6000,1,0
56840904,0,0,12025,516455,6000,1,0
# MARK ram tick=56840904
56840905,0,0,52025,516455,6000,1,0
56840906,0,0,53070,516455,6000,1,0
56840907,0,54612,53070,531212,6546,1,0
56840908,0,54612,53070,531212,6546,1,0
56840909,0,54612,53070,531212,6546,1,0
56840910,0,54612,52000,531212,6546,1,0
56841346,0,0,12005,103460,401,0,0
56841347,0,0,12005,103460,17070,0,0
56841348,0,0,12005,103460,17070,0,0
56841349,53070,0,12005,103460,0,0,0
56841350,53070,0,12005,103460,6000,1,0
56841351,0,0,12025,103460,6000,1,0
# MARK ram tick=56841351
56841352,0,0,52025,103460,6000,1,0
56841353,0,0,53070,103460,6000,1,0
56841354,0,54612,53070,531212,6546,1,0
56841355,0,54612,53070,531212,6546,1,0
56841356,0,54612,53070,531212,6546,1,0
56841357,0,54612,52000,531212,6546,1,0
56841794,0,0,12005,103460,401,0,0
56841795,0,0,12005,103460,17070,0,0
56841796,0,0,12005,103460,17070,0,0
56841797,53070,0,12005,103460,0,0,0
56841798,53070,0,12005,103460,6000,1,0
56841799,0,0,12025,103460,6000,1,0
# MARK ram tick=56841799
56841800,0,0,52025,103460,6000,1,0
56841801,0,0,53070,103460,6000,1,0
56841802,0,54612,53070,531212,6546,1,0
56841803,0,54612,53070,531212,6546,1,0
56841804,0,54612,53070,531212,6546,1,0
56841805,0,54612,52000,531212,6546,1,0
56842237,0,0,12000,463447,401,0,1
56842238,0,0,12005,463447,17070,0,1
56842239,0,0,12005,463447,17070,0,0
56842240,53070,0,12005,463447,0,0,0
56842241,53070,0,12005,463447,6000,1,0
56842242,0,0,12025,463447,6000,1,0
# MARK ram tick=56842242
56842243,0,0,52025,463447,6000,1,0
56842244,0,0,53070,463447,6000,1,0
56842245,0,54612,53070,531212,6546,1,0
56842246,0,54612,53070,531212,6546,1,0
56842247,0,54612,53070,531212,6546,1,0
56842248,0,54612,52000,531212,6546,1,0
56842683,0,0,12005,463447,401,0,0
56842684,0,0,12005,463447,17070,0,0
56842685,0,0,12005,463447,17070,0,0
56842686,53070,0,12005,463447,0,0,0
56842687,53070,0,12005,463447,6000,1,0
56842688,0,0,12025,463447,6000,1,0
# MARK ram tick=56842688
56842689,0,0,52025,463447,6000,1,0
56842690,0,0,53070,463447,6000,1,0
56842691,0,54612,53070,531212,6546,1,0
56842692,0,54612,53070,531212,6546,1,0
56842693,0,54612,53070,531212,6546,1,0
56842694,0,54612,52000,531212,6546,1,0
56848942,0,0,36017,304200,4332,1,0
56848943,0,0,36017,304200,4332,0,0
56848944,0,0,36017,304200,4334,0,0
56848945,0,0,36017,304200,4334,0,0
56848946,0,0,36017,304200,4334,0,0
56848947,7422,0,36017,304200,4334,0,0
# MARK addr tick=56848947
56848948,7422,0,36017,304200,4334,0,0
56848949,0,0,36003,304200,4334,0,0
56848950,0,0,6003,304200,4334,0,0
56848951,0,0,7422,304200,4334,0,0
# MARK ram tick=56848951
56848952,0,44516,7422,111516,4334,0,0
56848953,0,44516,7422,111516,4334,0,0
56848954,0,44516,7422,111516,4334,0,0
56848955,0,44516,6000,111516,4334,0,0
56848956,0,0,6003,111516,4334,0,0
56848957,0,0,6003,111516,4334,0,0
56849213,0,0,36017,304200,4332,1,0
56849214,0,0,36017,304200,4332,0,0
56849215,0,0,36017,304200,4333,0,0
56849216,0,0,36017,304200,4333,0,0
56849217,0,0,36017,304200,4333,0,0
56849218,7422,0,36017,304200,4333,0,0
# MARK addr tick=56849218
56849219,7422,0,36017,304200,4333,0,0
56849220,0,0,36003,304200,4333,0,0
56849221,0,0,6003,304200,4333,0,0
56849222,0,0,7422,304200,4333,0,0
# MARK ram tick=56849222
56849223,0,44516,7422,111516,4333,0,0
56849224,0,44516,7422,111516,4333,0,0
56849225,0,44516,7422,111516,4333,0,0
56849226,0,44516,6000,111516,4333,0,0
56849227,0,0,6003,111516,4333,0,0
56849228,0,0,6003,111516,4333,0,0
56849483,0,0,36017,304200,4332,1,0
56849484,0,0,36017,304200,4332,0,0
56849485,0,0,36017,304200,4334,0,0
56849486,0,0,36017,304200,4334,0,0
56849487,0,0,36017,304200,4334,0,0
56849488,7423,0,36017,304200,4334,0,0
# MARK addr tick=56849488
56849489,7423,0,36017,304200,4334,0,0
56849490,0,0,36003,304200,4334,0,0
56849491,0,0,6003,304200,4334,0,0
56849492,0,0,7423,304200,4334,0,0
# MARK ram tick=56849492
56849493,0,51524,7423,523124,4334,0,0
56849494,0,51524,7423,523124,4334,0,0
56849495,0,51524,7423,523124,4334,0,0
56849496,0,51524,6000,523124,4334,0,0
56849497,0,0,6003,523124,4334,0,0
56849498,0,0,6003,523124,4334,0,0
56849754,0,0,36017,304200,4332,1,0
56849755,0,0,36017,304200,4332,0,0
56849756,0,0,36017,304200,4333,0,0
56849757,0,0,36017,304200,4333,0,0
56849758,0,0,36017,304200,4333,0,0
56849759,7423,0,36017,304200,4333,0,0
# MARK addr tick=56849759
56849760,7423,0,36017,304200,4333,0,0
56849761,0,0,36003,304200,4333,0,0
56849762,0,0,6003,304200,4333,0,0
56849763,0,0,7423,304200,4333,0,0
# MARK ram tick=56849763
56849764,0,51524,7423,523124,4333,0,0
56849765,0,51524,7423,523124,4333,0,0
56849766,0,51524,7423,523124,4333,0,0
56849767,0,51524,6000,523124,4333,0,0
56849768,0,0,6003,523124,4333,0,0
56849769,0,0,6003,523124,4333,0,0
56850025,0,0,36017,304200,4332,1,0
56850026,0,0,36017,304200,4332,0,0
56850027,0,0,36017,304200,4334,0,0
56850028,0,0,36017,304200,4334,0,0
56850029,0,0,36017,304200,4334,0,0
56850030,7424,0,36017,304200,4334,0,0
# MARK addr tick=56850030
56850031,7424,0,36017,304200,4334,0,0
56850032,0,0,36003,304200,4334,0,0
56850033,0,0,6003,304200,4334,0,0
56850034,0,0,7424,304200,4334,0,0
# MARK ram tick=56850034
56850035,0,51125,7424,122525,4334,0,0
56850036,0,51125,7424,122525,4334,0,0
56850037,0,51125,7424,122525,4334,0,0
56850038,0,51125,6000,122525,4334,0,0
56850039,0,0,6003,122525,4334,0,0
56850040,0,0,6003,122525,4334,0,0
56850296,0,0,36017,304200,4332,1,0
56850297,0,0,36017,304200,4332,0,0
56850298,0,0,36017,304200,4333,0,0
56850299,0,0,36017,304200,4333,0,0
56850300,0,0,36017,304200,4333,0,0
56850301,7424,0,36017,304200,4333,0,0
# MARK addr tick=56850301
56850302,7424,0,36017,304200,4333,0,0
56850303,0,0,36003,304200,4333,0,0
56850304,0,0,6003,304200,4333,0,0
56850305,0,0,7424,304200,4333,0,0
# MARK ram tick=56850305
56850306,0,51125,7424,122525,4333,0,0
56850307,0,51125,7424,122525,4333,0,0
56850308,0,51125,7424,122525,4333,0,0
56850309,0,51125,6000,122525,4333,0,0
56850310,0,0,6003,122525,4333,0,0
56850311,0,0,6003,122525,4333,0,0
56850571,0,0,36017,304200,4332,1,0
56850572,0,0,36017,304200,4332,0,0
56850573,0,0,36017,304200,4334,0,0
56850574,0,0,36017,304200,4334,0,0
56850575,0,0,36017,304200,4334,0,0
56850576,7425,0,36017,304200,4334,0,0
# MARK addr tick=56850576
56850577,7425,0,36017,304200,4334,0,0
56850578,0,0,36003,304200,4334,0,0
56850579,0,0,6003,304200,4334,0,0
56850580,0,0,7425,304200,4334,0,0
# MARK ram tick=56850580
56850581,0,41524,7425,103124,4334,0,0
56850582,0,41524,7425,103124,4334,0,0
56850583,0,41524,7425,103124,4334,0,0
56850584,0,41524,6000,103124,4334,0,0
56850585,0,0,6003,103124,4334,0,0
56850586,0,0,6003,103124,4334,0,0
56850842,0,0,36017,304200,4332,1,0
56850843,0,0,36017,304200,4332,0,0
56850844,0,0,36017,304200,4333,0,0
56850845,0,0,36017,304200,4333,0,0
56850846,0,0,36017,304200,4333,0,0
56850847,7425,0,36017,304200,4333,0,0
# MARK addr tick=56850847
56850848,7425,0,36017,304200,4333,0,0
56850849,0,0,36003,304200,4333,0,0
56850850,0,0,6003,304200,4333,0,0
56850851,0,0,7425,304200,4333,0,0
# MARK ram tick=56850851
56850852,0,41524,7425,103124,4333,0,0
56850853,0,41524,7425,103124,4333,0,0
56850854,0,41524,7425,103124,4333,0,0
56850855,0,41524,6000,103124,4333,0,0
56850856,0,0,6003,103124,4333,0,0
56850857,0,0,6003,103124,4333,0,0
56851112,0,0,36017,304200,4332,1,0
56851113,0,0,36017,304200,4332,0,0
56851114,0,0,36017,304200,4334,0,0
56851115,0,0,36017,304200,4334,0,0
56851116,0,0,36017,304200,4334,0,0
56851117,7426,0,36017,304200,4334,0,0
# MARK addr tick=56851117
56851118,7426,0,36017,304200,4334,0,0
56851119,0,0,36003,304200,4334,0,0
56851120,0,0,6003,304200,4334,0,0
56851121,0,0,7426,304200,4334,0,0
# MARK ram tick=56851121
56851122,0,44517,7426,111117,4334,0,0
56851123,0,44517,7426,111117,4334,0,0
56851124,0,44517,7426,111117,4334,0,0
56851125,0,44517,6000,111117,4334,0,0
56851126,0,0,6003,111117,4334,0,0
56851127,0,0,6003,111117,4334,0,0
56857040,0,0,36017,304200,4332,1,0
56857041,0,0,36017,304200,4332,0,0
56857042,0,0,36017,304200,4333,0,0
56857043,0,0,36017,304200,4333,0,0
56857044,0,0,36017,304200,4333,0,0
56857045,7426,0,36017,304200,4333,0,0
# MARK addr tick=56857045
56857046,7426,0,36017,304200,4333,0,0
56857047,0,0,36003,304200,4333,0,0
56857048,0,0,6003,304200,4333,0,0
56857049,0,0,7426,304200,4333,0,0
# MARK ram tick=56857049
56857050,0,44517,7426,111117,4333,0,0
56857051,0,44517,7426,111117,4333,0,0
56857052,0,44517,7426,111117,4333,0,0
56857053,0,44517,6000,111117,4333,0,0
56857054,0,0,6003,111117,4333,0,0
56857055,0,0,6003,111117,4333,0,0
56858871,0,0,36017,61214,152,0,0
56858872,0,0,36017,61214,152,0,0
56858873,7416,0,36017,61214,152,0,0
56858874,7416,0,36017,61214,152,0,0
56858875,0,0,36003,61214,152,0,0
56858876,7422,0,6003,61214,152,0,0
# MARK addr tick=56858876
56858877,7422,0,7416,61214,152,1,0
56858878,7422,0,7416,61214,152,0,0
56858879,7422,0,7416,61214,145,0,0
56858880,7422,0,7416,61214,145,0,0
56858881,7422,0,6000,61214,145,0,0
56858882,7422,0,6003,61214,145,0,0
57006588,0,0,13371,516557,0,0,1
57006589,0,0,12000,516557,0,0,1
57006590,0,0,12005,516557,0,0,1
57006591,53070,0,12005,516557,0,0,0
57006592,53070,0,12005,516557,6000,1,0
57006593,0,0,12025,516557,6000,1,0
# MARK ram tick=57006593
57006594,0,0,52025,516557,6000,1,0
57006595,0,0,53070,516557,6000,1,0
57006596,0,54612,53070,531212,6546,1,0
57006597,0,54612,53070,531212,6546,1,0
57006598,0,54612,53070,531212,6546,1,0
57006599,0,54612,52000,531212,6546,1,0
57007034,0,0,12005,516557,401,0,0
57007035,0,0,12005,516557,17070,0,0
57007036,0,0,12005,516557,17070,0,0
57007037,53070,0,12005,516557,0,0,0
57007038,53070,0,12005,516557,6000,1,0
57007039,0,0,12025,516557,6000,1,0
# MARK ram tick=57007039
57007040,0,0,52025,516557,6000,1,0
57007041,0,0,53070,516557,6000,1,0
57007042,0,54612,53070,531212,6546,1,0
57007043,0,54612,53070,531212,6546,1,0
57007044,0,54612,53070,531212,6546,1,0
57007045,0,54612,52000,531212,6546,1,0
57007479,0,0,12005,40564,401,0,0
57007480,0,0,12005,40564,17070,0,0
57007481,0,0,12005,40564,17070,0,0
57007482,53070,0,12005,40564,0,0,0
57007483,53070,0,12005,40564,6000,1,0
57007484,0,0,12025,40564,6000,1,0
# MARK ram tick=57007484
57007485,0,0,52025,40564,6000,1,0
57007486,0,0,53070,40564,6000,1,0
57007487,0,54612,53070,531212,6546,1,0
57007488,0,54612,53070,531212,6546,1,0
57007489,0,54612,53070,531212,6546,1,0
57007490,0,54612,52000,531212,6546,1,0
57007929,0,0,12005,40564,401,0,0
57007930,0,0,12005,40564,17070,0,0
57007931,0,0,12005,40564,17070,0,0
57007932,53070,0,12005,40564,0,0,0
57007933,53070,0,12005,40564,6000,1,0
57007934,0,0,12025,40564,6000,1,0
# MARK ram tick=57007934
57007935,0,0,52025,40564,6000,1,0
57007936,0,0,53070,40564,6000,1,0
57007937,0,54612,53070,531212,6546,1,0
57007938,0,54612,53070,531212,6546,1,0
57007939,0,54612,53070,531212,6546,1,0
57007940,0,54612,52000,531212,6546,1,0
57014031,0,0,12005,545163,401,0,0
57014032,0,0,12005,545163,17070,0,0
57014033,0,0,12005,545163,17070,0,0
57014034,53070,0,12005,545163,0,0,0
57014035,53070,0,12005,545163,6000,1,0
57014036,0,0,12025,545163,6000,1,0
# MARK ram tick=57014036
57014037,0,0,52025,545163,6000,1,0
57014038,0,0,53070,545163,6000,1,0
57014039,0,54612,53070,531212,6546,1,0
57014040,0,54612,53070,531212,6546,1,0
57014041,0,54612,53070,531212,6546,1,0
57014042,0,54612,52000,531212,6546,1,0
57014479,0,0,12005,545163,401,0,0
57014480,0,0,12005,545163,17070,0,0
57014481,0,0,12005,545163,17070,0,0
57014482,53070,0,12005,545163,0,0,0
57014483,53070,0,12005,545163,6000,1,0
57014484,0,0,12025,545163,6000,1,0
# MARK ram tick=57014484
57014485,0,0,52025,545163,6000,1,0
57014486,0,0,53070,545163,6000,1,0
57014487,0,54612,53070,531212,6546,1,0
57014488,0,54612,53070,531212,6546,1,0
57014489,0,54612,53070,531212,6546,1,0
57014490,0,54612,52000,531212,6546,1,0
57014931,0,0,12005,564040,401,0,0
57014932,0,0,12005,564040,17070,0,0
57014933,0,0,12005,564040,17070,0,0
57014934,53070,0,12005,564040,0,0,0
57014935,53070,0,12005,564040,6000,1,0
57014936,0,0,12025,564040,6000,1,0
# MARK ram tick=57014936
57014937,0,0,52025,564040,6000,1,0
57014938,0,0,53070,564040,6000,1,0
57014939,0,54612,53070,531212,6546,1,0
57014940,0,54612,53070,531212,6546,1,0
57014941,0,54612,53070,531212,6546,1,0
57014942,0,54612,52000,531212,6546,1,0
57015379,0,0,12005,564040,401,0,0
57015380,0,0,12005,564040,17070,0,0
57015381,0,0,12005,564040,17070,0,0
57015382,53070,0,12005,564040,0,0,0
57015383,53070,0,12005,564040,6000,1,0
57015384,0,0,12025,564040,6000,1,0
# MARK ram tick=57015384
57015385,0,0,52025,564040,6000,1,0
57015386,0,0,53070,564040,6000,1,0
57015387,0,54612,53070,531212,6546,1,0
57015388,0,54612,53070,531212,6546,1,0
57015389,0,54612,53070,531212,6546,1,0
57015390,0,54612,52000,531212,6546,1,0
57015827,0,0,12005,160562,401,0,0
57015828,0,0,12005,160562,17070,0,0
57015829,0,0,12005,160562,17070,0,0
57015830,53070,0,12005,160562,0,0,0
57015831,53070,0,12005,160562,6000,1,0
57015832,0,0,12025,160562,6000,1,0
# MARK ram tick=57015832
57015833,0,0,52025,160562,6000,1,0
57015834,0,0,53070,160562,6000,1,0
57015835,0,54612,53070,531212,6546,1,0
57015836,0,54612,53070,531212,6546,1,0
57015837,0,54612,53070,531212,6546,1,0
57015838,0,54612,52000,531212,6546,1,0
57016273,0,0,12005,160562,401,0,0
57016274,0,0,12005,160562,17070,0,0
57016275,0,0,12005,160562,17070,0,0
57016276,53070,0,12005,160562,0,0,0
57016277,53070,0,12005,160562,6000,1,0
57016278,0,0,12025,160562,6000,1,0
# MARK ram tick=57016278
57016279,0,0,52025,160562,6000,1,0
57016280,0,0,53070,160562,6000,1,0
57016281,0,54612,53070,531212,6546,1,0
57016282,0,54612,53070,531212,6546,1,0
57016283,0,54612,53070,531212,6546,1,0
57016284,0,54612,52000,531212,6546,1,0
57022373,0,0,12005,557147,401,0,0
57022374,0,0,12005,557147,17070,0,0
57022375,0,0,12005,557147,17070,0,0
57022376,53070,0,12005,557147,0,0,0
57022377,53070,0,12005,557147,6000,1,0
57022378,0,0,12025,557147,6000,1,0
# MARK ram tick=57022378
57022379,0,0,52025,557147,6000,1,0
57022380,0,0,53070,557147,6000,1,0
57022381,0,54612,53070,531212,6546,1,0
57022382,0,54612,53070,531212,6546,1,0
57022383,0,54612,53070,531212,6546,1,0
57022384,0,54612,52000,531212,6546,1,0
57022819,0,0,12005,557147,401,0,0
57022820,0,0,12005,557147,17070,0,0
57022821,0,0,12005,557147,17070,0,0
57022822,53070,0,12005,557147,0,0,0
57022823,53070,0,12005,557147,6000,1,0
57022824,0,0,12025,557147,6000,1,0
# MARK ram tick=57022824
57022825,0,0,52025,557147,6000,1,0
57022826,0,0,53070,557147,6000,1,0
57022827,0,54612,53070,531212,6546,1,0
57022828,0,54612,53070,531212,6546,1,0
57022829,0,54612,53070,531212,6546,1,0
57022830,0,54612,52000,531212,6546,1,0
57023264,0,0,12005,562141,401,0,0
57023265,0,0,12005,562141,17070,0,0
57023266,0,0,12005,562141,17070,0,0
57023267,53070,0,12005,562141,0,0,0
57023268,53070,0,12005,562141,6000,1,0
57023269,0,0,12025,562141,6000,1,0
# MARK ram tick=57023269
57023270,0,0,52025,562141,6000,1,0
57023271,0,0,53070,562141,6000,1,0
57023272,0,54612,53070,531212,6546,1,0
57023273,0,54612,53070,531212,6546,1,0
57023274,0,54612,53070,531212,6546,1,0
57023275,0,54612,52000,531212,6546,1,0
57023712,0,0,12005,562141,401,0,0
57023713,0,0,12005,562141,17070,0,0
57023714,0,0,12005,562141,17070,0,0
57023715,53070,0,12005,562141,0,0,0
57023716,53070,0,12005,562141,6000,1,0
57023717,0,0,12025,562141,6000,1,0
# MARK ram tick=57023717
57023718,0,0,52025,562141,6000,1,0
57023719,0,0,53070,562141,6000,1,0
57023720,0,54612,53070,531212,6546,1,0
57023721,0,54612,53070,531212,6546,1,0
57023722,0,54612,53070,531212,6546,1,0
57023723,0,54612,52000,531212,6546,1,0
57024164,0,0,12005,155040,401,0,0
57024165,0,0,12005,155040,17070,0,0
57024166,0,0,12005,155040,17070,0,0
57024167,53070,0,12005,155040,0,0,0
57024168,53070,0,12005,155040,6000,1,0
57024169,0,0,12025,155040,6000,1,0
# MARK ram tick=57024169
57024170,0,0,52025,155040,6000,1,0
57024171,0,0,53070,155040,6000,1,0
57024172,0,54612,53070,531212,6546,1,0
57024173,0,54612,53070,531212,6546,1,0
57024174,0,54612,53070,531212,6546,1,0
57024175,0,54612,52000,531212,6546,1,0
57030269,0,0,12005,155040,401,0,0
57030270,0,0,12005,155040,17070,0,0
57030271,0,0,12005,155040,17070,0,0
57030272,53070,0,12005,155040,0,0,0
57030273,53070,0,12005,155040,6000,1,0
57030274,0,0,12025,155040,6000,1,0
# MARK ram tick=57030274
57030275,0,0,52025,155040,6000,1,0
57030276,0,0,53070,155040,6000,1,0
57030277,0,54612,53070,531212,6546,1,0
57030278,0,54612,53070,531212,6546,1,0
57030279,0,54612,53070,531212,6546,1,0
57030280,0,54612,52000,531212,6546,1,0
57645177,0,0,2001,40364,0,0,0
57645178,0,0,2001,40364,0,0,0
57645179,2431,0,2001,40364,0,0,0
57645180,2431,0,2001,40364,0,0,0
57645181,0,0,2001,40364,0,0,0
57645182,7422,0,2001,40364,0,0,0
# MARK addr tick=57645182
57645183,7422,0,2431,40364,0,1,0
57645184,7422,0,2431,40364,0,0,0
57645185,7422,0,2431,40364,2001,0,0
57645186,7422,0,2431,40364,16445,0,0
57645187,7422,0,2000,40364,16445,0,0
57645188,7422,0,2001,40364,0,0,0
57653420,0,0,2001,40364,0,0,0
57653421,0,0,2001,40364,0,0,0
57653422,2431,0,2001,40364,0,0,0
57653423,2431,0,2001,40364,0,0,0
57653424,0,0,2001,40364,0,0,0
57653425,7423,0,2001,40364,0,0,0
# MARK addr tick=57653425
57653426,7423,0,2431,40364,0,1,0
57653427,7423,0,2431,40364,0,0,0
57653428,7423,0,2431,40364,2001,0,0
57653429,7423,0,2431,40364,16445,0,0
57653430,7423,0,2000,40364,16445,0,0
57653431,7423,0,2001,40364,0,0,0
57661675,0,0,2001,40364,0,0,0
57661676,0,0,2001,40364,0,0,0
57661677,2431,0,2001,40364,0,0,0
57661678,2431,0,2001,40364,0,0,0
57661679,0,0,2001,40364,0,0,0
57661680,7424,0,2001,40364,0,0,0
# MARK addr tick=57661680
57661681,7424,0,2431,40364,0,1,0
57661682,7424,0,2431,40364,0,0,0
57661683,7424,0,2431,40364,2001,0,0
57661684,7424,0,2431,40364,16445,0,0
57661685,7424,0,2000,40364,16445,0,0
57661686,7424,0,2001,40364,0,0,0
57669895,0,0,2001,40364,0,0,0
57669896,0,0,2001,40364,0,0,0
57669897,2431,0,2001,40364,0,0,0
57669898,2431,0,2001,40364,0,0,0
57669899,0,0,2001,40364,0,0,0
57669900,7425,0,2001,40364,0,0,0
# MARK addr tick=57669900
57669901,7425,0,2431,40364,0,1,0
57669902,7425,0,2431,40364,0,0,0
57669903,7425,0,2431,40364,2001,0,0
57669904,7425,0,2431,40364,16445,0,0
57669905,7425,0,2000,40364,16445,0,0
57669906,7425,0,2001,40364,0,0,0
57678112,0,0,2001,40364,0,0,0
57678113,0,0,2001,40364,0,0,0
57678114,2431,0,2001,40364,0,0,0
57678115,2431,0,2001,40364,0,0,0
57678116,0,0,2001,40364,0,0,0
57678117,7426,0,2001,40364,0,0,0
# MARK addr tick=57678117
57678118,7426,0,2431,40364,0,1,0
57678119,7426,0,2431,40364,0,0,0
57678120,7426,0,2431,40364,2001,0,0
57678121,7426,0,2431,40364,16445,0,0
57678122,7426,0,2000,40364,16445,0,0
57678123,7426,0,2001,40364,0,0,0
61969314,0,0,12005,111516,401,0,0
61969315,0,0,12005,111516,17070,0,0
61969316,0,0,12005,111516,17070,0,0
61969317,53070,0,12005,111516,0,0,0
61969318,53070,0,12005,111516,6000,1,0
61969319,0,0,12025,111516,6000,1,0
# MARK ram tick=61969319
61969320,0,0,52025,111516,6000,1,0
61969321,0,0,53070,111516,6000,1,0
61969322,0,54612,53070,531212,6546,1,0
61969323,0,54612,53070,531212,6546,1,0
61969324,0,54612,53070,531212,6546,1,0
61969325,0,54612,52000,531212,6546,1,0
61975413,0,0,12005,111516,401,0,0
61975414,0,0,12005,111516,17070,0,0
61975415,0,0,12005,111516,17070,0,0
61975416,53070,0,12005,111516,0,0,0
61975417,53070,0,12005,111516,6000,1,0
61975418,0,0,12025,111516,6000,1,0
# MARK ram tick=61975418
61975419,0,0,52025,111516,6000,1,0
61975420,0,0,53070,111516,6000,1,0
61975421,0,54612,53070,531212,6546,1,0
61975422,0,54612,53070,531212,6546,1,0
61975423,0,54612,53070,531212,6546,1,0
61975424,0,54612,52000,531212,6546,1,0
61975864,0,0,12005,523124,401,0,0
61975865,0,0,12005,523124,17070,0,0
61975866,0,0,12005,523124,17070,0,0
61975867,53070,0,12005,523124,0,0,0
61975868,53070,0,12005,523124,6000,1,0
61975869,0,0,12025,523124,6000,1,0
# MARK ram tick=61975869
61975870,0,0,52025,523124,6000,1,0
61975871,0,0,53070,523124,6000,1,0
61975872,0,54612,53070,531212,6546,1,0
61975873,0,54612,53070,531212,6546,1,0
61975874,0,54612,53070,531212,6546,1,0
61975875,0,54612,52000,531212,6546,1,0
61976312,0,0,12005,523124,401,0,0
61976313,0,0,12005,523124,17070,0,0
61976314,0,0,12005,523124,17070,0,0
61976315,53070,0,12005,523124,0,0,0
61976316,53070,0,12005,523124,6000,1,0
61976317,0,0,12025,523124,6000,1,0
# MARK ram tick=61976317
61976318,0,0,52025,523124,6000,1,0
61976319,0,0,53070,523124,6000,1,0
61976320,0,54612,53070,531212,6546,1,0
61976321,0,54612,53070,531212,6546,1,0
61976322,0,54612,53070,531212,6546,1,0
61976323,0,54612,52000,531212,6546,1,0
61976763,0,0,12005,122525,401,0,0
61976764,0,0,12005,122525,17070,0,0
61976765,0,0,12005,122525,17070,0,0
61976766,53070,0,12005,122525,0,0,0
61976767,53070,0,12005,122525,6000,1,0
61976768,0,0,12025,122525,6000,1,0
# MARK ram tick=61976768
61976769,0,0,52025,122525,6000,1,0
61976770,0,0,53070,122525,6000,1,0
61976771,0,54612,53070,531212,6546,1,0
61976772,0,54612,53070,531212,6546,1,0
61976773,0,54612,53070,531212,6546,1,0
61976774,0,54612,52000,531212,6546,1,0
61977215,0,0,12005,122525,401,0,0
61977216,0,0,12005,122525,17070,0,0
61977217,0,0,12005,122525,17070,0,0
61977218,53070,0,12005,122525,0,0,0
61977219,53070,0,12005,122525,6000,1,0
61977220,0,0,12025,122525,6000,1,0
# MARK ram tick=61977220
61977221,0,0,52025,122525,6000,1,0
61977222,0,0,53070,122525,6000,1,0
61977223,0,54612,53070,531212,6546,1,0
61977224,0,54612,53070,531212,6546,1,0
61977225,0,54612,53070,531212,6546,1,0
61977226,0,54612,52000,531212,6546,1,0
61977662,0,0,12005,103124,401,0,0
61977663,0,0,12005,103124,17070,0,0
61977664,0,0,12005,103124,17070,0,0
61977665,53070,0,12005,103124,0,0,0
61977666,53070,0,12005,103124,6000,1,0
61977667,0,0,12025,103124,6000,1,0
# MARK ram tick=61977667
61977668,0,0,52025,103124,6000,1,0
61977669,0,0,53070,103124,6000,1,0
61977670,0,54612,53070,531212,6546,1,0
61977671,0,54612,53070,531212,6546,1,0
61977672,0,54612,53070,531212,6546,1,0
61977673,0,54612,52000,531212,6546,1,0
61983763,0,0,12005,103124,401,0,0
61983764,0,0,12005,103124,17070,0,0
61983765,0,0,12005,103124,17070,0,0
61983766,53070,0,12005,103124,0,0,0
61983767,53070,0,12005,103124,6000,1,0
61983768,0,0,12025,103124,6000,1,0
# MARK ram tick=61983768
61983769,0,0,52025,103124,6000,1,0
61983770,0,0,53070,103124,6000,1,0
61983771,0,54612,53070,531212,6546,1,0
61983772,0,54612,53070,531212,6546,1,0
61983773,0,54612,53070,531212,6546,1,0
61983774,0,54612,52000,531212,6546,1,0
61984206,0,0,12005,111117,401,0,0
61984207,0,0,12005,111117,17070,0,0
61984208,0,0,12005,111117,17070,0,0
61984209,53070,0,12005,111117,0,0,0
61984210,53070,0,12005,111117,6000,1,0
61984211,0,0,12025,111117,6000,1,0
# MARK ram tick=61984211
61984212,0,0,52025,111117,6000,1,0
61984213,0,0,53070,111117,6000,1,0
61984214,0,54612,53070,531212,6546,1,0
61984215,0,54612,53070,531212,6546,1,0
61984216,0,54612,53070,531212,6546,1,0
61984217,0,54612,52000,531212,6546,1,0
61984654,0,0,12005,111117,401,0,0
61984655,0,0,12005,111117,17070,0,0
61984656,0,0,12005,111117,17070,0,0
61984657,53070,0,12005,111117,0,0,0
61984658,53070,0,12005,111117,6000,1,0
61984659,0,0,12025,111117,6000,1,0
# MARK ram tick=61984659
61984660,0,0,52025,111117,6000,1,0
61984661,0,0,53070,111117,6000,1,0
61984662,0,54612,53070,531212,6546,1,0
61984663,0,54612,53070,531212,6546,1,0
61984664,0,54612,53070,531212,6546,1,0
61984665,0,54612,52000,531212,6546,1,0
61985097,0,0,12005,516455,401,0,0
61985098,0,0,12005,516455,17070,0,0
61985099,0,0,12005,516455,17070,0,0
61985100,53070,0,12005,516455,0,0,0
61985101,53070,0,12005,516455,6000,1,0
61985102,0,0,12025,516455,6000,1,0
# MARK ram tick=61985102
61985103,0,0,52025,516455,6000,1,0
61985104,0,0,53070,516455,6000,1,0
61985105,0,54612,53070,531212,6546,1,0
61985106,0,54612,53070,531212,6546,1,0
61985107,0,54612,53070,531212,6546,1,0
61985108,0,54612,52000,531212,6546,1,0
61985548,0,0,12005,516455,401,0,0
61985549,0,0,12005,516455,17070,0,0
61985550,0,0,12005,516455,17070,0,0
61985551,53070,0,12005,516455,0,0,0
61985552,53070,0,12005,516455,6000,1,0
61985553,0,0,12025,516455,6000,1,0
# MARK ram tick=61985553
61985554,0,0,52025,516455,6000,1,0
61985555,0,0,53070,516455,6000,1,0
61985556,0,54612,53070,531212,6546,1,0
61985557,0,54612,53070,531212,6546,1,0
61985558,0,54612,53070,531212,6546,1,0
61985559,0,54612,52000,531212,6546,1,0
61985993,0,0,12005,103460,401,0,0
61985994,0,0,12005,103460,17070,0,0
61985995,0,0,12005,103460,17070,0,0
61985996,53070,0,12005,103460,0,0,0
61985997,53070,0,12005,103460,6000,1,0
61985998,0,0,12025,103460,6000,1,0
# MARK ram tick=61985998
61985999,0,0,52025,103460,6000,1,0
61986000,0,0,53070,103460,6000,1,0
61986001,0,54612,53070,531212,6546,1,0
61986002,0,54612,53070,531212,6546,1,0
61986003,0,54612,53070,531212,6546,1,0
61986004,0,54612,52000,531212,6546,1,0
61992097,0,0,12005,103460,401,0,0
61992098,0,0,12005,103460,17070,0,0
61992099,0,0,12005,103460,17070,0,0
61992100,53070,0,12005,103460,0,0,0
61992101,53070,0,12005,103460,6000,1,0
61992102,0,0,12025,103460,6000,1,0
# MARK ram tick=61992102
61992103,0,0,52025,103460,6000,1,0
61992104,0,0,53070,103460,6000,1,0
61992105,0,54612,53070,531212,6546,1,0
61992106,0,54612,53070,531212,6546,1,0
61992107,0,54612,53070,531212,6546,1,0
61992108,0,54612,52000,531212,6546,1,0
61992544,0,0,12005,463447,401,0,0
61992545,0,0,12005,463447,17070,0,0
61992546,0,0,12005,463447,17070,0,0
61992547,53070,0,12005,463447,0,0,0
61992548,53070,0,12005,463447,6000,1,0
61992549,0,0,12025,463447,6000,1,0
# MARK ram tick=61992549
61992550,0,0,52025,463447,6000,1,0
61992551,0,0,53070,463447,6000,1,0
61992552,0,54612,53070,531212,6546,1,0
61992553,0,54612,53070,531212,6546,1,0
61992554,0,54612,53070,531212,6546,1,0
61992555,0,54612,52000,531212,6546,1,0
61992990,0,0,12005,463447,401,0,0
61992991,0,0,12005,463447,17070,0,0
61992992,0,0,12005,463447,17070,0,0
61992993,53070,0,12005,463447,0,0,0
61992994,53070,0,12005,463447,6000,1,0
61992995,0,0,12025,463447,6000,1,0
# MARK ram tick=61992995
61992996,0,0,52025,463447,6000,1,0
61992997,0,0,53070,463447,6000,1,0
61992998,0,54612,53070,531212,6546,1,0
61992999,0,54612,53070,531212,6546,1,0
61993000,0,54612,53070,531212,6546,1,0
61993001,0,54612,52000,531212,6546,1,0
61993433,0,0,12005,400400,401,0,0
61993434,0,0,12005,400400,17070,0,0
61993435,0,0,12005,400400,17070,0,0
61993436,53070,0,12005,400400,0,0,0
61993437,53070,0,12005,400400,6000,1,0
61993438,0,0,12025,400400,6000,1,0
# MARK ram tick=61993438
61993439,0,0,52025,400400,6000,1,0
61993440,0,0,53070,400400,6000,1,0
61993441,0,54612,53070,531212,6546,1,0
61993442,0,54612,53070,531212,6546,1,0
61993443,0,54612,53070,531212,6546,1,0
61993444,0,54612,52000,531212,6546,1,0
61993881,0,0,12005,400400,401,0,0
61993882,0,0,12005,400400,17070,0,0
61993883,0,0,12005,400400,17070,0,0
61993884,53070,0,12005,400400,0,0,0
61993885,53070,0,12005,400400,6000,1,0
61993886,0,0,12025,400400,6000,1,0
# MARK ram tick=61993886
61993887,0,0,52025,400400,6000,1,0
61993888,0,0,53070,400400,6000,1,0
61993889,0,54612,53070,531212,6546,1,0
61993890,0,54612,53070,531212,6546,1,0
61993891,0,54612,53070,531212,6546,1,0
61993892,0,54612,52000,531212,6546,1,0
61994326,0,0,12005,400400,401,0,0
61994327,0,0,12005,400400,17070,0,0
61994328,0,0,12005,400400,17070,0,0
61994329,53070,0,12005,400400,0,0,0
61994330,53070,0,12005,400400,6000,1,0
61994331,0,0,12025,400400,6000,1,0
# MARK ram tick=61994331
61994332,0,0,52025,400400,6000,1,0
61994333,0,0,53070,400400,6000,1,0
61994334,0,54612,53070,531212,6546,1,0
61994335,0,54612,53070,531212,6546,1,0
61994336,0,54612,53070,531212,6546,1,0
61994337,0,54612,52000,531212,6546,1,0
62000421,0,0,12005,400400,401,0,0
62000422,0,0,12005,400400,17070,0,0
62000423,0,0,12005,400400,17070,0,0
62000424,53070,0,12005,400400,0,0,0
62000425,53070,0,12005,400400,6000,1,0
62000426,0,0,12025,400400,6000,1,0
# MARK ram tick=62000426
62000427,0,0,52025,400400,6000,1,0
62000428,0,0,53070,400400,6000,1,0
62000429,0,54612,53070,531212,6546,1,0
62000430,0,54612,53070,531212,6546,1,0
62000431,0,54612,53070,531212,6546,1,0
62000432,0,54612,52000,531212,6546,1,0
62000866,0,0,12005,400400,401,0,0
62000867,0,0,12005,400400,17070,0,0
62000868,0,0,12005,400400,17070,0,0
62000869,53070,0,12005,400400,0,0,0
62000870,53070,0,12005,400400,6000,1,0
62000871,0,0,12025,400400,6000,1,0
# MARK ram tick=62000871
62000872,0,0,52025,400400,6000,1,0
62000873,0,0,53070,400400,6000,1,0
62000874,0,54612,53070,531212,6546,1,0
62000875,0,54612,53070,531212,6546,1,0
62000876,0,54612,53070,531212,6546,1,0
62000877,0,54612,52000,531212,6546,1,0
62001314,0,0,12005,400400,401,0,0
62001315,0,0,12005,400400,17070,0,0
62001316,0,0,12005,400400,17070,0,0
62001317,53070,0,12005,400400,0,0,0
62001318,53070,0,12005,400400,6000,1,0
62001319,0,0,12025,400400,6000,1,0
# MARK ram tick=62001319
62001320,0,0,52025,400400,6000,1,0
62001321,0,0,53070,400400,6000,1,0
62001322,0,54612,53070,531212,6546,1,0
62001323,0,54612,53070,531212,6546,1,0
62001324,0,54612,53070,531212,6546,1,0
62001325,0,54612,52000,531212,6546,1,0
62001760,0,0,12005,400400,401,0,0
62001761,0,0,12005,400400,17070,0,0
62001762,0,0,12005,400400,17070,0,0
62001763,53070,0,12005,400400,0,0,0
62001764,53070,0,12005,400400,6000,1,0
62001765,0,0,12025,400400,6000,1,0
# MARK ram tick=62001765
62001766,0,0,52025,400400,6000,1,0
62001767,0,0,53070,400400,6000,1,0
62001768,0,54612,53070,531212,6546,1,0
62001769,0,54612,53070,531212,6546,1,0
62001770,0,54612,53070,531212,6546,1,0
62001771,0,54612,52000,531212,6546,1,0
62002206,0,0,12005,400400,401,0,0
62002207,0,0,12005,400400,17070,0,0
62002208,0,0,12005,400400,17070,0,0
62002209,53070,0,12005,400400,0,0,0
62002210,53070,0,12005,400400,6000,1,0
62002211,0,0,12025,400400,6000,1,0
# MARK ram tick=62002211
62002212,0,0,52025,400400,6000,1,0
62002213,0,0,53070,400400,6000,1,0
62002214,0,54612,53070,531212,6546,1,0
62002215,0,54612,53070,531212,6546,1,0
62002216,0,54612,53070,531212,6546,1,0
62002217,0,54612,52000,531212,6546,1,0
62008298,0,0,12005,400400,401,0,0
62008299,0,0,12005,400400,17070,0,0
62008300,0,0,12005,400400,17070,0,0
62008301,53070,0,12005,400400,0,0,0
62008302,53070,0,12005,400400,6000,1,0
62008303,0,0,12025,400400,6000,1,0
# MARK ram tick=62008303
62008304,0,0,52025,400400,6000,1,0
62008305,0,0,53070,400400,6000,1,0
62008306,0,54612,53070,531212,6546,1,0
62008307,0,54612,53070,531212,6546,1,0
62008308,0,54612,53070,531212,6546,1,0
62008309,0,54612,52000,531212,6546,1,0
62008746,0,0,12005,400400,401,0,0
62008747,0,0,12005,400400,17070,0,0
62008748,0,0,12005,400400,17070,0,0
62008749,53070,0,12005,400400,0,0,0
62008750,53070,0,12005,400400,6000,1,0
62008751,0,0,12025,400400,6000,1,0
# MARK ram tick=62008751
62008752,0,0,52025,400400,6000,1,0
62008753,0,0,53070,400400,6000,1,0
62008754,0,54612,53070,531212,6546,1,0
62008755,0,54612,53070,531212,6546,1,0
62008756,0,54612,53070,531212,6546,1,0
62008757,0,54612,52000,531212,6546,1,0
62009189,0,0,12005,400400,401,0,0
62009190,0,0,12005,400400,17070,0,0
62009191,0,0,12005,400400,17070,0,0
62009192,53070,0,12005,400400,0,0,0
62009193,53070,0,12005,400400,6000,1,0
62009194,0,0,12025,400400,6000,1,0
# MARK ram tick=62009194
62009195,0,0,52025,400400,6000,1,0
62009196,0,0,53070,400400,6000,1,0
62009197,0,54612,53070,531212,6546,1,0
62009198,0,54612,53070,531212,6546,1,0
62009199,0,54612,53070,531212,6546,1,0
62009200,0,54612,52000,531212,6546,1,0
62009637,0,0,12005,400400,401,0,0
62009638,0,0,12005,400400,17070,0,0
62009639,0,0,12005,400400,17070,0,0
62009640,53070,0,12005,400400,0,0,0
62009641,53070,0,12005,400400,6000,1,0
62009642,0,0,12025,400400,6000,1,0
# MARK ram tick=62009642
62009643,0,0,52025,400400,6000,1,0
62009644,0,0,53070,400400,6000,1,0
62009645,0,54612,53070,531212,6546,1,0
62009646,0,54612,53070,531212,6546,1,0
62009647,0,54612,53070,531212,6546,1,0
62009648,0,54612,52000,531212,6546,1,0
62010082,0,0,12005,400400,401,0,0
62010083,0,0,12005,400400,17070,0,0
62010084,0,0,12005,400400,17070,0,0
62010085,53070,0,12005,400400,0,0,0
62010086,53070,0,12005,400400,6000,1,0
62010087,0,0,12025,400400,6000,1,0
# MARK ram tick=62010087
62010088,0,0,52025,400400,6000,1,0
62010089,0,0,53070,400400,6000,1,0
62010090,0,54612,53070,531212,6546,1,0
62010091,0,54612,53070,531212,6546,1,0
62010092,0,54612,53070,531212,6546,1,0
62010093,0,54612,52000,531212,6546,1,0
62010530,0,0,12005,400400,401,0,0
62010531,0,0,12005,400400,17070,0,0
62010532,0,0,12005,400400,17070,0,0
62010533,53070,0,12005,400400,0,0,0
62010534,53070,0,12005,400400,6000,1,0
62010535,0,0,12025,400400,6000,1,0
# MARK ram tick=62010535
62010536,0,0,52025,400400,6000,1,0
62010537,0,0,53070,400400,6000,1,0
62010538,0,54612,53070,531212,6546,1,0
62010539,0,54612,53070,531212,6546,1,0
62010540,0,54612,53070,531212,6546,1,0
62010541,0,54612,52000,531212,6546,1,0
62016625,0,0,12005,400400,401,0,0
62016626,0,0,12005,400400,17070,0,0
62016627,0,0,12005,400400,17070,0,0
62016628,53070,0,12005,400400,0,0,0
62016629,53070,0,12005,400400,6000,1,0
62016630,0,0,12025,400400,6000,1,0
# MARK ram tick=62016630
62016631,0,0,52025,400400,6000,1,0
62016632,0,0,53070,400400,6000,1,0
62016633,0,54612,53070,531212,6546,1,0
62016634,0,54612,53070,531212,6546,1,0
62016635,0,54612,53070,531212,6546,1,0
62016636,0,54612,52000,531212,6546,1,0
62017073,0,0,12005,400400,401,0,0
62017074,0,0,12005,400400,17070,0,0
62017075,0,0,12005,400400,17070,0,0
62017076,53070,0,12005,400400,0,0,0
62017077,53070,0,12005,400400,6000,1,0
62017078,0,0,12025,400400,6000,1,0
# MARK ram tick=62017078
62017079,0,0,52025,400400,6000,1,0
62017080,0,0,53070,400400,6000,1,0
62017081,0,54612,53070,531212,6546,1,0
62017082,0,54612,53070,531212,6546,1,0
62017083,0,54612,53070,531212,6546,1,0
62017084,0,54612,52000,531212,6546,1,0
62017516,0,0,12005,400400,401,0,0
62017517,0,0,12005,400400,17070,0,0
62017518,0,0,12005,400400,17070,0,0
62017519,53070,0,12005,400400,0,0,0
62017520,53070,0,12005,400400,6000,1,0
62017521,0,0,12025,400400,6000,1,0
# MARK ram tick=62017521
62017522,0,0,52025,400400,6000,1,0
62017523,0,0,53070,400400,6000,1,0
62017524,0,54612,53070,531212,6546,1,0
62017525,0,54612,53070,531212,6546,1,0
62017526,0,54612,53070,531212,6546,1,0
62017527,0,54612,52000,531212,6546,1,0
62017964,0,0,12005,400400,401,0,0
62017965,0,0,12005,400400,17070,0,0
62017966,0,0,12005,400400,17070,0,0
62017967,53070,0,12005,400400,0,0,0
62017968,53070,0,12005,400400,6000,1,0
62017969,0,0,12025,400400,6000,1,0
# MARK ram tick=62017969
62017970,0,0,52025,400400,6000,1,0
62017971,0,0,53070,400400,6000,1,0
62017972,0,54612,53070,531212,6546,1,0
62017973,0,54612,53070,531212,6546,1,0
62017974,0,54612,53070,531212,6546,1,0
62017975,0,54612,52000,531212,6546,1,0
62018407,0,0,12005,400400,401,0,0
62018408,0,0,12005,400400,17070,0,0
62018409,0,0,12005,400400,17070,0,0
62018410,53070,0,12005,400400,0,0,0
62018411,53070,0,12005,400400,6000,1,0
62018412,0,0,12025,400400,6000,1,0
# MARK ram tick=62018412
62018413,0,0,52025,400400,6000,1,0
62018414,0,0,53070,400400,6000,1,0
62018415,0,54612,53070,531212,6546,1,0
62018416,0,54612,53070,531212,6546,1,0
62018417,0,54612,53070,531212,6546,1,0
62018418,0,54612,52000,531212,6546,1,0
62018862,0,0,12005,400400,401,0,0
62018863,0,0,12005,400400,17070,0,0
62018864,0,0,12005,400400,17070,0,0
62018865,53070,0,12005,400400,0,0,0
62018866,53070,0,12005,400400,6000,1,0
62018867,0,0,12025,400400,6000,1,0
# MARK ram tick=62018867
62018868,0,0,52025,400400,6000,1,0
62018869,0,0,53070,400400,6000,1,0
62018870,0,54612,53070,531212,6546,1,0
62018871,0,54612,53070,531212,6546,1,0
62018872,0,54612,53070,531212,6546,1,0
62018873,0,54612,52000,531212,6546,1,0
62024961,0,0,12005,400400,401,0,0
62024962,0,0,12005,400400,17070,0,0
62024963,0,0,12005,400400,17070,0,0
62024964,53070,0,12005,400400,0,0,0
62024965,53070,0,12005,400400,6000,1,0
62024966,0,0,12025,400400,6000,1,0
# MARK ram tick=62024966
62024967,0,0,52025,400400,6000,1,0
62024968,0,0,53070,400400,6000,1,0
62024969,0,54612,53070,531212,6546,1,0
62024970,0,54612,53070,531212,6546,1,0
62024971,0,54612,53070,531212,6546,1,0
62024972,0,54612,52000,531212,6546,1,0
62025409,0,0,12005,400400,401,0,0
62025410,0,0,12005,400400,17070,0,0
62025411,0,0,12005,400400,17070,0,0
62025412,53070,0,12005,400400,0,0,0
62025413,53070,0,12005,400400,6000,1,0
62025414,0,0,12025,400400,6000,1,0
# MARK ram tick=62025414
62025415,0,0,52025,400400,6000,1,0
62025416,0,0,53070,400400,6000,1,0
62025417,0,54612,53070,531212,6546,1,0
62025418,0,54612,53070,531212,6546,1,0
62025419,0,54612,53070,531212,6546,1,0
62025420,0,54612,52000,531212,6546,1,0
62025858,0,0,12005,400400,401,0,0
62025859,0,0,12005,400400,17070,0,0
62025860,0,0,12005,400400,17070,0,0
62025861,53070,0,12005,400400,0,0,0
62025862,53070,0,12005,400400,6000,1,0
62025863,0,0,12025,400400,6000,1,0
# MARK ram tick=62025863
62025864,0,0,52025,400400,6000,1,0
62025865,0,0,53070,400400,6000,1,0
62025866,0,54612,53070,531212,6546,1,0
62025867,0,54612,53070,531212,6546,1,0
62025868,0,54612,53070,531212,6546,1,0
62025869,0,54612,52000,531212,6546,1,0
62026306,0,0,12005,400400,401,0,0
62026307,0,0,12005,400400,17070,0,0
62026308,0,0,12005,400400,17070,0,0
62026309,53070,0,12005,400400,0,0,0
62026310,53070,0,12005,400400,6000,1,0
62026311,0,0,12025,400400,6000,1,0
# MARK ram tick=62026311
62026312,0,0,52025,400400,6000,1,0
62026313,0,0,53070,400400,6000,1,0
62026314,0,54612,53070,531212,6546,1,0
62026315,0,54612,53070,531212,6546,1,0
62026316,0,54612,53070,531212,6546,1,0
62026317,0,54612,52000,531212,6546,1,0
62026749,0,0,12000,400400,401,0,1
62026750,0,0,12005,400400,17070,0,1
62026751,0,0,12005,400400,17070,0,0
62026752,53070,0,12005,400400,0,0,0
62026753,53070,0,12005,400400,6000,1,0
62026754,0,0,12025,400400,6000,1,0
# MARK ram tick=62026754
62026755,0,0,52025,400400,6000,1,0
62026756,0,0,53070,400400,6000,1,0
62026757,0,54612,53070,531212,6546,1,0
62026758,0,54612,53070,531212,6546,1,0
62026759,0,54612,53070,531212,6546,1,0
62026760,0,54612,52000,531212,6546,1,0
62027195,0,0,12005,400400,401,0,0
62027196,0,0,12005,400400,17070,0,0
62027197,0,0,12005,400400,17070,0,0
62027198,53070,0,12005,400400,0,0,0
62027199,53070,0,12005,400400,6000,1,0
62027200,0,0,12025,400400,6000,1,0
# MARK ram tick=62027200
62027201,0,0,52025,400400,6000,1,0
62027202,0,0,53070,400400,6000,1,0
62027203,0,54612,53070,531212,6546,1,0
62027204,0,54612,53070,531212,6546,1,0
62027205,0,54612,53070,531212,6546,1,0
62027206,0,54612,52000,531212,6546,1,0
62033302,0,0,12005,400400,401,0,0
62033303,0,0,12005,400400,17070,0,0
62033304,0,0,12005,400400,17070,0,0
62033305,53070,0,12005,400400,0,0,0
62033306,53070,0,12005,400400,6000,1,0
62033307,0,0,12025,400400,6000,1,0
# MARK ram tick=62033307
62033308,0,0,52025,400400,6000,1,0
62033309,0,0,53070,400400,6000,1,0
62033310,0,54612,53070,531212,6546,1,0
62033311,0,54612,53070,531212,6546,1,0
62033312,0,54612,53070,531212,6546,1,0
62033313,0,54612,52000,531212,6546,1,0
62033753,0,0,12005,400400,401,0,0
62033754,0,0,12005,400400,17070,0,0
62033755,0,0,12005,400400,17070,0,0
62033756,53070,0,12005,400400,0,0,0
62033757,53070,0,12005,400400,6000,1,0
62033758,0,0,12025,400400,6000,1,0
# MARK ram tick=62033758
62033759,0,0,52025,400400,6000,1,0
62033760,0,0,53070,400400,6000,1,0
62033761,0,54612,53070,531212,6546,1,0
62033762,0,54612,53070,531212,6546,1,0
62033763,0,54612,53070,531212,6546,1,0
62033764,0,54612,52000,531212,6546,1,0
62034198,0,0,12005,400400,401,0,0
62034199,0,0,12005,400400,17070,0,0
62034200,0,0,12005,400400,17070,0,0
62034201,53070,0,12005,400400,0,0,0
62034202,53070,0,12005,400400,6000,1,0
62034203,0,0,12025,400400,6000,1,0
# MARK ram tick=62034203
62034204,0,0,52025,400400,6000,1,0
62034205,0,0,53070,400400,6000,1,0
62034206,0,54612,53070,531212,6546,1,0
62034207,0,54612,53070,531212,6546,1,0
62034208,0,54612,53070,531212,6546,1,0
62034209,0,54612,52000,531212,6546,1,0
62034646,0,0,12005,400400,401,0,0
62034647,0,0,12005,400400,17070,0,0
62034648,0,0,12005,400400,17070,0,0
62034649,53070,0,12005,400400,0,0,0
62034650,53070,0,12005,400400,6000,1,0
62034651,0,0,12025,400400,6000,1,0
# MARK ram tick=62034651
62034652,0,0,52025,400400,6000,1,0
62034653,0,0,53070,400400,6000,1,0
62034654,0,54612,53070,531212,6546,1,0
62034655,0,54612,53070,531212,6546,1,0
62034656,0,54612,53070,531212,6546,1,0
62034657,0,54612,52000,531212,6546,1,0
62035091,0,0,12005,400400,401,0,0
62035092,0,0,12005,400400,17070,0,0
62035093,0,0,12005,400400,17070,0,0
62035094,53070,0,12005,400400,0,0,0
62035095,53070,0,12005,400400,6000,1,0
62035096,0,0,12025,400400,6000,1,0
# MARK ram tick=62035096
62035097,0,0,52025,400400,6000,1,0
62035098,0,0,53070,400400,6000,1,0
62035099,0,54612,53070,531212,6546,1,0
62035100,0,54612,53070,531212,6546,1,0
62035101,0,54612,53070,531212,6546,1,0
62035102,0,54612,52000,531212,6546,1,0
62035539,0,0,12005,400400,401,0,0
62035540,0,0,12005,400400,17070,0,0
62035541,0,0,12005,400400,17070,0,0
62035542,53070,0,12005,400400,0,0,0
62035543,53070,0,12005,400400,6000,1,0
62035544,0,0,12025,400400,6000,1,0
# MARK ram tick=62035544
62035545,0,0,52025,400400,6000,1,0
62035546,0,0,53070,400400,6000,1,0
62035547,0,54612,53070,531212,6546,1,0
62035548,0,54612,53070,531212,6546,1,0
62035549,0,54612,53070,531212,6546,1,0
62035550,0,54612,52000,531212,6546,1,0
62041647,0,0,12005,400400,401,0,0
62041648,0,0,12005,400400,17070,0,0
62041649,0,0,12005,400400,17070,0,0
62041650,53070,0,12005,400400,0,0,0
62041651,53070,0,12005,400400,6000,1,0
62041652,0,0,12025,400400,6000,1,0
# MARK ram tick=62041652
62041653,0,0,52025,400400,6000,1,0
62041654,0,0,53070,400400,6000,1,0
62041655,0,54612,53070,531212,6546,1,0
62041656,0,54612,53070,531212,6546,1,0
62041657,0,54612,53070,531212,6546,1,0
62041658,0,54612,52000,531212,6546,1,0
62042093,0,0,12005,400400,401,0,0
62042094,0,0,12005,400400,17070,0,0
62042095,0,0,12005,400400,17070,0,0
62042096,53070,0,12005,400400,0,0,0
62042097,53070,0,12005,400400,6000,1,0
62042098,0,0,12025,400400,6000,1,0
# MARK ram tick=62042098
62042099,0,0,52025,400400,6000,1,0
62042100,0,0,53070,400400,6000,1,0
62042101,0,54612,53070,531212,6546,1,0
62042102,0,54612,53070,531212,6546,1,0
62042103,0,54612,53070,531212,6546,1,0
62042104,0,54612,52000,531212,6546,1,1
62042538,0,0,12005,400400,401,0,0
62042539,0,0,12005,400400,17070,0,0
62042540,0,0,12005,400400,17070,0,0
62042541,53070,0,12005,400400,0,0,0
62042542,53070,0,12005,400400,6000,1,0
62042543,0,0,12025,400400,6000,1,0
# MARK ram tick=62042543
62042544,0,0,52025,400400,6000,1,0
62042545,0,0,53070,400400,6000,1,0
62042546,0,54612,53070,531212,6546,1,0
62042547,0,54612,53070,531212,6546,1,0
62042548,0,54612,53070,531212,6546,1,0
62042549,0,54612,52000,531212,6546,1,0
62042984,0,0,12005,400400,401,0,0
62042985,0,0,12005,400400,17070,0,0
62042986,0,0,12005,400400,17070,0,0
62042987,53070,0,12005,400400,0,0,0
62042988,53070,0,12005,400400,6000,1,0
62042989,0,0,12025,400400,6000,1,0
# MARK ram tick=62042989
62042990,0,0,52025,400400,6000,1,0
62042991,0,0,53070,400400,6000,1,0
62042992,0,54612,53070,531212,6546,1,0
62042993,0,54612,53070,531212,6546,1,0
62042994,0,54612,53070,531212,6546,1,0
62042995,0,54612,52000,531212,6546,1,0
62043429,0,0,12005,400400,401,0,0
62043430,0,0,12005,400400,17070,0,0
62043431,0,0,12005,400400,17070,0,0
62043432,53070,0,12005,400400,0,0,0
62043433,53070,0,12005,400400,6000,1,0
62043434,0,0,12025,400400,6000,1,0
# MARK ram tick=62043434
62043435,0,0,52025,400400,6000,1,0
62043436,0,0,53070,400400,6000,1,0
62043437,0,54612,53070,531212,6546,1,0
62043438,0,54612,53070,531212,6546,1,0
62043439,0,54612,53070,531212,6546,1,0
62043440,0,54612,52000,531212,6546,1,0
62049526,0,0,12005,400400,401,0,0
62049527,0,0,12005,400400,17070,0,0
62049528,0,0,12005,400400,17070,0,0
62049529,53070,0,12005,400400,0,0,0
62049530,53070,0,12005,400400,6000,1,0
62049531,0,0,12025,400400,6000,1,0
# MARK ram tick=62049531
62049532,0,0,52025,400400,6000,1,0
62049533,0,0,53070,400400,6000,1,0
62049534,0,54612,53070,531212,6546,1,0
62049535,0,54612,53070,531212,6546,1,0
62049536,0,54612,53070,531212,6546,1,0
62049537,0,54612,52000,531212,6546,1,0
62057961,0,0,12005,516557,401,0,0
62057962,0,0,12005,516557,17070,0,0
62057963,0,0,12005,516557,17070,0,0
62057964,53070,0,12005,516557,0,0,0
62057965,53070,0,12005,516557,6000,1,0
62057966,0,0,12025,516557,6000,1,0
# MARK ram tick=62057966
62057967,0,0,52025,516557,6000,1,0
62057968,0,0,53070,516557,6000,1,0
62057969,0,54612,53070,531212,6546,1,0
62057970,0,54612,53070,531212,6546,1,0
62057971,0,54612,53070,531212,6546,1,0
62057972,0,54612,52000,531212,6546,1,0
62058409,0,0,12005,516557,401,0,0
62058410,0,0,12005,516557,17070,0,0
62058411,0,0,12005,516557,17070,0,0
62058412,53070,0,12005,516557,0,0,0
62058413,53070,0,12005,516557,6000,1,0
62058414,0,0,12025,516557,6000,1,0
# MARK ram tick=62058414
62058415,0,0,52025,516557,6000,1,0
62058416,0,0,53070,516557,6000,1,0
62058417,0,54612,53070,531212,6546,1,0
62058418,0,54612,53070,531212,6546,1,0
62058419,0,54612,53070,531212,6546,1,0
62058420,0,54612,52000,531212,6546,1,0
62058852,0,0,12005,40564,401,0,0
62058853,0,0,12005,40564,17070,0,0
62058854,0,0,12005,40564,17070,0,0
62058855,53070,0,12005,40564,0,0,0
62058856,53070,0,12005,40564,6000,1,0
62058857,0,0,12025,40564,6000,1,0
# MARK ram tick=62058857
62058858,0,0,52025,40564,6000,1,0
62058859,0,0,53070,40564,6000,1,0
62058860,0,54612,53070,531212,6546,1,0
62058861,0,54612,53070,531212,6546,1,0
62058862,0,54612,53070,531212,6546,1,0
62058863,0,54612,52000,531212,6546,1,0
62059300,0,0,12005,40564,401,0,0
62059301,0,0,12005,40564,17070,0,0
62059302,0,0,12005,40564,17070,0,0
62059303,53070,0,12005,40564,0,0,0
62059304,53070,0,12005,40564,6000,1,0
62059305,0,0,12025,40564,6000,1,0
# MARK ram tick=62059305
62059306,0,0,52025,40564,6000,1,0
62059307,0,0,53070,40564,6000,1,0
62059308,0,54612,53070,531212,6546,1,0
62059309,0,54612,53070,531212,6546,1,0
62059310,0,54612,53070,531212,6546,1,0
62059311,0,54612,52000,531212,6546,1,0
62059746,0,0,12005,545163,401,0,0
62059747,0,0,12005,545163,17070,0,0
62059748,0,0,12005,545163,17070,0,0
62059749,53070,0,12005,545163,0,0,0
62059750,53070,0,12005,545163,6000,1,0
62059751,0,0,12025,545163,6000,1,0
# MARK ram tick=62059751
62059752,0,0,52025,545163,6000,1,0
62059753,0,0,53070,545163,6000,1,0
62059754,0,54612,53070,531212,6546,1,0
62059755,0,54612,53070,531212,6546,1,0
62059756,0,54612,53070,531212,6546,1,0
62059757,0,54612,52000,531212,6546,1,0
62060194,0,0,12005,545163,401,0,0
62060195,0,0,12005,545163,17070,0,0
62060196,0,0,12005,545163,17070,0,0
62060197,53070,0,12005,545163,0,0,0
62060198,53070,0,12005,545163,6000,1,0
62060199,0,0,12025,545163,6000,1,0
# MARK ram tick=62060199
62060200,0,0,52025,545163,6000,1,0
62060201,0,0,53070,545163,6000,1,0
62060202,0,54612,53070,531212,6546,1,0
62060203,0,54612,53070,531212,6546,1,0
62060204,0,54612,53070,531212,6546,1,0
62060205,0,54612,52000,531212,6546,1,0
62066296,0,0,12005,564040,401,0,0
62066297,0,0,12005,564040,17070,0,0
62066298,0,0,12005,564040,17070,0,0
62066299,53070,0,12005,564040,0,0,0
62066300,53070,0,12005,564040,6000,1,0
62066301,0,0,12025,564040,6000,1,0
# MARK ram tick=62066301
62066302,0,0,52025,564040,6000,1,0
62066303,0,0,53070,564040,6000,1,0
62066304,0,54612,53070,531212,6546,1,0
62066305,0,54612,53070,531212,6546,1,0
62066306,0,54612,53070,531212,6546,1,0
62066307,0,54612,52000,531212,6546,1,0
62066747,0,0,12005,564040,401,0,0
62066748,0,0,12005,564040,17070,0,0
62066749,0,0,12005,564040,17070,0,0
62066750,53070,0,12005,564040,0,0,0
62066751,53070,0,12005,564040,6000,1,0
62066752,0,0,12025,564040,6000,1,0
# MARK ram tick=62066752
62066753,0,0,52025,564040,6000,1,0
62066754,0,0,53070,564040,6000,1,0
62066755,0,54612,53070,531212,6546,1,0
62066756,0,54612,53070,531212,6546,1,0
62066757,0,54612,53070,531212,6546,1,0
62066758,0,54612,52000,531212,6546,1,0
62067196,0,0,13375,160562,0,0,1
62067197,0,0,12000,160562,0,0,1
62067198,0,0,12005,160562,0,0,1
62067199,53070,0,12005,160562,0,0,0
62067200,53070,0,12005,160562,6000,1,0
62067201,0,0,12025,160562,6000,1,0
# MARK ram tick=62067201
62067202,0,0,52025,160562,6000,1,0
62067203,0,0,53070,160562,6000,1,0
62067204,0,54612,53070,531212,6546,1,0
62067205,0,54612,53070,531212,6546,1,0
62067206,0,54612,53070,531212,6546,1,0
62067207,0,54612,52000,531212,6546,1,0
62067642,0,0,12005,160562,401,0,0
62067643,0,0,12005,160562,17070,0,0
62067644,0,0,12005,160562,17070,0,0
62067645,53070,0,12005,160562,0,0,0
62067646,53070,0,12005,160562,6000,1,0
62067647,0,0,12025,160562,6000,1,0
# MARK ram tick=62067647
62067648,0,0,52025,160562,6000,1,0
62067649,0,0,53070,160562,6000,1,0
62067650,0,54612,53070,531212,6546,1,0
62067651,0,54612,53070,531212,6546,1,0
62067652,0,54612,53070,531212,6546,1,0
62067653,0,54612,52000,531212,6546,1,0
62068087,0,0,12005,557147,401,0,0
62068088,0,0,12005,557147,17070,0,0
62068089,0,0,12005,557147,17070,0,0
62068090,53070,0,12005,557147,0,0,0
62068091,53070,0,12005,557147,6000,1,0
62068092,0,0,12025,557147,6000,1,0
# MARK ram tick=62068092
62068093,0,0,52025,557147,6000,1,0
62068094,0,0,53070,557147,6000,1,0
62068095,0,54612,53070,531212,6546,1,0
62068096,0,54612,53070,531212,6546,1,0
62068097,0,54612,53070,531212,6546,1,0
62068098,0,54612,52000,531212,6546,1,0
62068537,0,0,12005,557147,401,0,0
62068538,0,0,12005,557147,17070,0,0
62068539,0,0,12005,557147,17070,0,0
62068540,53070,0,12005,557147,0,0,0
62068541,53070,0,12005,557147,6000,1,0
62068542,0,0,12025,557147,6000,1,0
# MARK ram tick=62068542
62068543,0,0,52025,557147,6000,1,0
62068544,0,0,53070,557147,6000,1,0
62068545,0,54612,53070,531212,6546,1,0
62068546,0,54612,53070,531212,6546,1,0
62068547,0,54612,53070,531212,6546,1,0
62068548,0,54612,52000,531212,6546,1,0
62074639,0,0,12005,562141,401,0,0
62074640,0,0,12005,562141,17070,0,0
62074641,0,0,12005,562141,17070,0,0
62074642,53070,0,12005,562141,0,0,0
62074643,53070,0,12005,562141,6000,1,0
62074644,0,0,12025,562141,6000,1,0
# MARK ram tick=62074644
62074645,0,0,52025,562141,6000,1,0
62074646,0,0,53070,562141,6000,1,0
62074647,0,54612,53070,531212,6546,1,0
62074648,0,54612,53070,531212,6546,1,0
62074649,0,54612,53070,531212,6546,1,0
62074650,0,54612,52000,531212,6546,1,0
62075087,0,0,12005,562141,401,0,0
62075088,0,0,12005,562141,17070,0,0
62075089,0,0,12005,562141,17070,0,0
62075090,53070,0,12005,562141,0,0,0
62075091,53070,0,12005,562141,6000,1,0
62075092,0,0,12025,562141,6000,1,0
# MARK ram tick=62075092
62075093,0,0,52025,562141,6000,1,0
62075094,0,0,53070,562141,6000,1,0
62075095,0,54612,53070,531212,6546,1,0
62075096,0,54612,53070,531212,6546,1,0
62075097,0,54612,53070,531212,6546,1,0
62075098,0,54612,52000,531212,6546,1,0
62075539,0,0,12005,155040,401,0,0
62075540,0,0,12005,155040,17070,0,0
62075541,0,0,12005,155040,17070,0,0
62075542,53070,0,12005,155040,0,0,0
62075543,53070,0,12005,155040,6000,1,0
62075544,0,0,12025,155040,6000,1,0
# MARK ram tick=62075544
62075545,0,0,52025,155040,6000,1,0
62075546,0,0,53070,155040,6000,1,0
62075547,0,54612,53070,531212,6546,1,0
62075548,0,54612,53070,531212,6546,1,0
62075549,0,54612,53070,531212,6546,1,0
62075550,0,54612,52000,531212,6546,1,0
62075987,0,0,12005,155040,401,0,0
62075988,0,0,12005,155040,17070,0,0
62075989,0,0,12005,155040,17070,0,0
62075990,53070,0,12005,155040,0,0,0
62075991,53070,0,12005,155040,6000,1,0
62075992,0,0,12025,155040,6000,1,0
# MARK ram tick=62075992
62075993,0,0,52025,155040,6000,1,0
62075994,0,0,53070,155040,6000,1,0
62075995,0,54612,53070,531212,6546,1,0
62075996,0,54612,53070,531212,6546,1,0
62075997,0,54612,53070,531212,6546,1,0
62075998,0,54612,52000,531212,6546,1,0
68550626,0,0,2001,40364,0,0,0
68550627,0,0,2001,40364,0,0,0
68550628,2431,0,2001,40364,0,0,0
68550629,2431,0,2001,40364,0,0,0
68550630,0,0,2001,40364,0,0,0
68550631,12023,0,2001,40364,0,0,0
# MARK addr tick=68550631
68550632,12023,0,2431,40364,0,1,0
68550633,12023,0,2431,40364,0,0,0
68550634,12023,0,2431,40364,2001,0,0
68550635,12023,0,2431,40364,16445,0,0
68550636,12023,0,2000,40364,16445,0,0
68550637,12023,0,2001,40364,0,0,0
68558873,0,0,2001,40364,0,0,0
68558874,0,0,2001,40364,0,0,0
68558875,2431,0,2001,40364,0,0,0
68558876,2431,0,2001,40364,0,0,0
68558877,0,0,2001,40364,0,0,0
68558878,12024,0,2001,40364,0,0,0
# MARK addr tick=68558878
68558879,12024,0,2431,40364,0,1,0
68558880,12024,0,2431,40364,0,0,0
68558881,12024,0,2431,40364,2001,0,0
68558882,12024,0,2431,40364,16445,0,0
68558883,12024,0,2000,40364,16445,0,0
68558884,12024,0,2001,40364,0,0,0
68567091,0,0,2001,40364,0,0,0
68567092,0,0,2001,40364,0,0,0
68567093,2431,0,2001,40364,0,0,0
68567094,2431,0,2001,40364,0,0,0
68567095,0,0,2001,40364,0,0,0
68567096,12025,0,2001,40364,0,0,0
# MARK addr tick=68567096
68567097,12025,0,2431,40364,0,1,0
68567098,12025,0,2431,40364,0,0,0
68567099,12025,0,2431,40364,2001,0,0
68567100,12025,0,2431,40364,16445,0,0
68567101,12025,0,2000,40364,16445,0,0
68567102,12025,0,2001,40364,0,0,0
68575342,0,0,2001,40364,0,0,0
68575343,0,0,2001,40364,0,0,0
68575344,2431,0,2001,40364,0,0,0
68575345,2431,0,2001,40364,0,0,0
68575346,0,0,2001,40364,0,0,0
68575347,12026,0,2001,40364,0,0,0
# MARK addr tick=68575347
68575348,12026,0,2431,40364,0,1,0
68575349,12026,0,2431,40364,0,0,0
68575350,12026,0,2431,40364,2001,0,0
68575351,12026,0,2431,40364,16445,0,0
68575352,12026,0,2000,40364,16445,0,0
68575353,12026,0,2001,40364,0,0,0
68583551,0,0,2001,40364,0,0,0
68583552,0,0,2001,40364,0,0,0
68583553,2431,0,2001,40364,0,0,0
68583554,2431,0,2001,40364,0,0,0
68583555,0,0,2001,40364,0,0,0
68583556,12027,0,2001,40364,0,0,0
# MARK addr tick=68583556
68583557,12027,0,2431,40364,0,1,0
68583558,12027,0,2431,40364,0,0,0
68583559,12027,0,2431,40364,2001,0,0
68583560,12027,0,2431,40364,16445,0,0
68583561,12027,0,2000,40364,16445,0,0
68583562,12027,0,2001,40364,0,0,0
