tick,UART_DIN,UART_CE_n,UART_WR,UART_ADDR,RA,QREG,RB,RX,MEMRD_ADDR,MEMRD_DATA,CD16,CSA_12_0
44040460,44,1,1,0,0,10044,7732,7544,0,0,10044,326
44040461,44,1,1,0,0,10044,7732,7544,0,0,10044,327
44040462,44,1,1,0,0,10044,7732,7544,0,0,10044,327
44040463,44,1,1,0,0,10044,7732,7544,0,0,10044,330
44040464,44,1,1,0,0,10044,7732,7544,0,0,10044,660
44040465,44,1,1,0,0,10044,7732,7544,0,0,10044,660
44040466,44,1,1,0,0,10044,7732,7544,0,0,10044,660
44040467,44,1,1,0,0,10044,7732,7544,0,0,10044,3642
44040468,44,1,1,0,0,10044,7732,7544,0,0,10044,3642
44040469,44,1,1,0,0,10044,7732,7544,0,0,10044,3642
44040470,44,1,1,0,0,10044,7732,7544,0,0,10044,663
44040471,0,1,1,0,0,10044,7732,7544,0,0,100000,663
44040472,0,1,1,0,0,10044,7732,7544,0,0,100000,663
44040473,0,1,1,0,0,10044,7732,7544,0,0,100000,664
44040474,44,1,1,0,0,110044,7732,7544,0,0,110044,664
44040475,44,1,1,0,0,110044,7732,7544,0,0,110044,665
44040476,44,1,1,0,0,110044,7732,7544,0,0,110044,665
44040477,44,1,1,0,0,110044,7732,7544,0,0,110044,665
44040478,44,1,1,0,0,110044,7732,7544,0,0,110044,666
44040479,44,1,1,0,0,110044,7732,7544,0,0,110044,1112
44040480,45,1,1,0,0,110044,7732,7544,0,0,130045,1112
44040481,45,1,1,0,0,110044,7732,7544,0,0,130045,1112
44040482,45,1,1,0,0,110044,7732,7544,0,0,130045,1113
44040483,45,1,1,0,0,110044,7732,7544,0,0,130045,1113
44040484,45,1,1,0,0,110044,7732,7544,0,0,130045,1113
44040485,45,1,1,0,0,110044,7732,7544,0,0,130045,1113
44040486,45,1,1,0,0,110044,7732,7544,0,0,130045,1113
44040487,45,1,1,0,0,110044,7732,7544,0,0,130045,1113
44040488,44,1,1,0,0,110044,7732,7544,0,0,110044,1113
44040489,44,1,1,0,0,110044,7732,7544,0,0,110044,1114
44040490,44,1,1,0,0,110044,7732,7544,0,0,110044,1114
44040491,10,1,1,0,0,110044,7732,7544,0,0,10,1114
44040492,10,1,1,0,0,110044,7732,7544,0,0,10,1115
44040493,10,1,1,0,0,110044,7732,7544,0,0,10,1115
44040494,10,1,1,0,0,110044,7732,7544,0,0,10,1115
44040495,10,1,1,0,0,110044,7732,7544,0,0,10,1115
44040496,10,1,1,0,0,110044,7732,7544,0,0,10,1115
44040497,10,1,1,0,0,110044,7732,7544,0,0,10,1115
44040498,10,1,1,0,0,110044,7732,7544,0,0,10,1115
44040499,0,1,1,0,0,110044,7732,7544,0,0,0,1115
44040500,0,1,1,0,0,110044,7732,7544,0,0,0,1116
44040501,0,1,1,0,0,110044,7732,7544,0,0,0,1116
44040502,44,1,1,0,0,0,7732,7544,0,0,110044,1116
44040503,44,1,1,0,0,0,7732,7544,0,0,110044,666
44040504,44,1,1,0,0,0,7732,7544,0,0,110044,1117
44040505,1,1,1,0,0,0,7732,7544,0,0,60001,1117
44040506,1,1,1,0,0,0,7732,7544,0,0,60001,1120
44040507,1,1,1,0,0,0,7732,7544,0,0,60001,1120
44040508,13,1,1,0,0,0,7732,7544,0,0,100013,1120
44040509,13,1,1,0,0,0,7732,7544,0,0,100013,1121
44040510,13,1,1,0,0,0,7732,7544,0,0,100013,1120
44040511,0,1,1,0,0,100013,7732,7544,0,0,0,1120
44040512,0,1,1,0,0,100013,7732,7544,0,0,0,1120
44040513,0,1,1,0,0,100013,7732,7544,0,0,0,1120
44040514,1,1,1,0,0,26,7732,7544,0,0,1,1120
44040515,1,1,1,0,0,26,7732,7544,0,0,1,1120
44040516,1,1,1,0,0,26,7732,7544,0,0,1,1120
44040517,2,1,1,0,0,54,7732,7544,0,0,2,1120
44040518,2,1,1,0,0,54,7732,7544,0,0,2,1120
44040519,2,1,1,0,0,54,7732,7544,0,0,2,1120
44040520,4,1,1,0,0,130,7732,7544,0,0,4,1120
44040521,4,1,1,0,0,130,7732,7544,0,0,4,1120
44040522,4,1,1,0,0,130,7732,7544,0,0,4,1120
44040523,10,1,1,0,0,260,7732,7544,0,0,10,1120
44040524,10,1,1,0,0,260,7732,7544,0,0,10,1120
44040525,10,1,1,0,0,260,7732,7544,0,0,10,1120
44040526,20,1,1,0,0,540,7732,7544,0,0,20,1120
44040527,20,1,1,0,0,540,7732,7544,0,0,20,1120
44040528,20,1,1,0,0,540,7732,7544,0,0,20,1120
44040529,40,1,1,0,0,1300,7732,7544,0,0,40,1120
44040530,40,1,1,0,0,1300,7732,7544,0,0,40,1120
44040531,40,1,1,0,0,1300,7732,7544,0,0,40,1120
44040532,100,1,1,0,0,2600,7732,7544,0,0,100,1120
44040533,100,1,1,0,0,2600,7732,7544,0,0,100,1120
44040534,100,1,1,0,0,2600,7732,7544,0,0,100,1120
44040535,200,1,1,0,0,5400,7732,7544,0,0,200,1120
44040536,200,1,1,0,0,5400,7732,7544,0,0,200,1120
44040537,200,1,1,0,0,5400,7732,7544,0,0,200,1120
44040538,0,1,1,0,0,13000,7732,7544,0,0,400,1120
44040539,0,1,1,0,0,13000,7732,7544,0,0,400,1120
44040540,0,1,1,0,0,13000,7732,7544,0,0,400,1120
44040541,0,1,1,0,0,26000,7732,7544,0,0,1000,1120
44040542,0,1,1,0,0,26000,7732,7544,0,0,1000,1120
44040543,0,1,1,0,0,26000,7732,7544,0,0,1000,1120
44040544,0,1,1,0,0,54000,7732,7544,0,0,2000,1120
44040545,0,1,1,0,0,54000,7732,7544,0,0,2000,1120
44040546,0,1,1,0,0,54000,7732,7544,0,0,2000,1120
44040547,0,1,1,0,0,130000,7732,7544,0,0,4000,1120
44040548,0,1,1,0,0,130000,7732,7544,0,0,4000,1120
44040549,0,1,1,0,0,130000,7732,7544,0,0,4000,1121
44040550,1,1,1,0,0,60000,7732,7544,0,0,10001,1121
44040551,1,1,1,0,0,60000,7732,7544,0,0,10001,1122
44040552,1,1,1,0,0,60000,7732,7544,0,0,10001,1133
44040553,0,1,1,0,0,140000,7732,7544,0,0,0,1133
44040554,0,1,1,0,0,140000,7732,7544,0,0,0,1133
44040555,0,1,1,0,0,140000,7732,7544,0,0,0,1134
44040556,0,1,1,0,0,0,7732,7544,0,0,0,1134
44040557,0,1,1,0,0,0,7732,7544,0,0,0,1135
44040558,0,1,1,0,0,0,7732,7544,0,0,0,1140
44040559,0,1,1,0,0,0,7732,7544,0,0,0,1140
44040560,0,1,1,0,0,0,7732,7544,0,0,0,1140
44040561,0,1,1,0,0,0,7732,7544,0,0,0,1141
44040562,1,1,1,0,0,0,7732,7544,0,0,1,1141
44040563,1,1,1,0,0,0,7732,7544,0,0,1,1142
44040564,1,1,1,0,0,0,7732,7544,0,0,1,1142
44040565,1,1,1,0,0,1,7732,7544,0,0,1,1142
44040566,1,1,1,0,0,1,7732,7544,0,0,1,1143
44040567,1,1,1,0,0,1,7732,7544,0,0,1,666
44040568,0,1,1,0,0,1,7732,7544,0,0,140000,666
44040569,0,1,1,0,0,1,7732,7544,0,0,140000,666
44040570,0,1,1,0,0,1,7732,7544,0,0,140000,0
44040571,0,1,1,3,0,1,7732,7544,0,0,0,0
44040572,0,1,1,3,0,1,7732,7544,0,0,0,0
44040573,0,1,1,3,0,1,7732,7544,0,0,0,2001
44040574,0,1,1,3,0,1,7732,7544,0,0,0,17040
44040575,0,1,1,3,0,1,7732,7544,0,0,0,17040
44040576,0,1,1,3,0,1,7732,7544,3040,0,0,0
44040577,0,1,1,3,0,1,7732,7544,3040,0,0,6000
44040578,0,1,1,3,0,1,7732,7544,0,0,0,6000
44040579,0,1,1,3,0,1,7732,7544,0,0,0,6000
44040580,0,1,1,3,0,1,7732,7544,0,0,0,6000
44040581,0,1,1,3,0,1,7732,7544,0,44035,44035,6440
44040582,0,1,1,3,0,1,7732,7544,0,44035,44035,6440
44040583,0,1,1,3,0,1,7732,7544,0,44035,44035,6440
44040584,0,1,1,3,0,1,7732,7544,0,44035,44035,6440
44040585,0,1,1,3,0,1,7732,7544,0,0,44035,6440
44040586,0,1,1,3,0,1,7732,7544,0,0,44035,6440
44040587,0,1,1,3,0,1,7732,7544,0,0,44035,6440
44040588,1,1,1,0,0,1,7732,7544,0,0,44035,170
44040589,1,1,1,0,0,1,7732,7544,0,0,0,170
44040590,1,1,1,0,0,1,7732,7544,0,0,0,0
44040591,1,1,1,0,0,1,7732,7544,0,0,0,0
44040592,1,1,1,0,0,1,7732,7544,0,0,0,0
44040593,1,1,1,0,0,1,7732,7544,3075,0,0,0
44040594,1,1,1,0,0,1,7732,7544,3075,0,0,0
44040595,1,1,1,0,0,1,7732,7544,0,0,0,0
44040596,1,1,1,0,0,1,7732,7544,0,0,0,0
44040597,1,1,1,0,0,1,7732,7544,0,0,0,0
44040598,1,1,1,0,0,1,7732,7544,0,111,111,0
44040599,1,1,1,0,0,1,7732,7544,0,111,111,0
44040600,1,1,1,0,0,1,7732,7544,0,111,111,0
44040601,1,1,1,0,0,1,7732,7544,0,111,111,0
44040602,1,1,1,0,0,1,7732,7544,0,0,111,0
44040603,1,1,1,0,0,1,7732,7544,0,0,111,0
44040604,1,1,1,0,0,1,7732,7544,0,0,111,0
44040605,111,1,1,3,0,1,7732,7544,0,0,111,0
44040606,111,1,1,3,0,1,7732,7544,0,0,0,0
44040607,111,1,1,3,0,1,7732,7544,0,0,0,2001
44040608,111,1,1,3,0,1,7732,7544,0,0,0,17041
44040609,111,1,1,3,0,1,7732,7544,0,0,0,17041
44040610,111,1,1,3,0,1,7732,7544,3041,0,0,0
44040611,111,1,1,3,0,1,7732,7544,3041,0,0,6000
44040612,111,1,1,3,0,1,7732,7544,0,0,0,6000
44040613,111,1,1,3,0,1,7732,7544,0,0,0,6000
44040614,111,1,1,3,0,1,7732,7544,0,0,0,6000
44040615,111,1,1,3,0,1,7732,7544,0,50033,50033,6500
44040616,111,1,1,3,0,1,7732,7544,0,50033,50033,6500
44040617,111,1,1,3,0,1,7732,7544,0,50033,50033,6500
44040618,111,1,1,3,0,1,7732,7544,0,50033,50033,6500
44040619,111,1,1,3,0,1,7732,7544,0,0,50033,6500
44040620,111,1,1,3,0,1,7732,7544,0,0,50033,6500
44040621,111,1,1,3,0,1,7732,7544,0,0,50033,6500
44040622,1,1,1,0,111,1,7732,7544,0,0,50033,172
44040623,1,1,1,0,111,1,7732,7544,0,0,0,172
44040624,1,1,1,0,111,1,7732,7544,0,0,0,0
44040625,1,1,1,0,111,1,7732,7544,0,0,0,0
44040626,1,1,1,0,111,1,7732,7544,0,0,0,0
44040627,1,1,1,0,111,1,7732,7544,3074,0,0,0
44040628,1,1,1,0,111,1,7732,7544,3074,0,0,0
44040629,1,1,1,0,111,1,7732,7544,0,0,0,0
44040630,1,1,1,0,111,1,7732,7544,0,0,0,0
44040631,1,1,1,0,111,1,7732,7544,0,0,0,0
44040632,1,1,1,0,111,1,7732,7544,0,300,300,0
44040633,1,1,1,0,111,1,7732,7544,0,300,300,0
44040634,1,1,1,0,111,1,7732,7544,0,300,300,0
44040635,1,1,1,0,111,1,7732,7544,0,300,300,0
44040636,1,1,1,0,111,1,7732,7544,0,0,300,0
44040637,1,1,1,0,111,1,7732,7544,0,0,300,0
44040638,1,1,1,0,111,1,7732,7544,0,0,300,0
44040639,300,1,1,3,111,1,7732,7544,0,0,300,0
44040640,300,1,1,3,111,1,7732,7544,0,0,0,0
44040641,300,1,1,3,111,1,7732,7544,0,0,0,2001
44040642,300,1,1,3,111,1,7732,7544,0,0,0,17042
44040643,300,1,1,3,111,1,7732,7544,0,0,0,17042
44040644,300,1,1,3,111,1,7732,7544,3042,0,0,0
44040645,300,1,1,3,111,1,7732,7544,3042,0,0,6000
44040646,300,1,1,3,111,1,7732,7544,0,0,0,6000
44040647,300,1,1,3,111,1,7732,7544,0,0,0,6000
44040648,300,1,1,3,111,1,7732,7544,0,0,0,6000
44040649,300,1,1,3,111,1,7732,7544,0,173005,173005,7730
44040650,300,1,1,3,111,1,7732,7544,0,173005,173005,7730
44040651,300,1,1,3,111,1,7732,7544,0,173005,173005,7730
44040652,300,1,1,3,111,1,7732,7544,0,173005,173005,7730
44040653,300,1,1,3,111,1,7732,7544,0,0,173005,7730
44040654,300,1,1,3,111,1,7732,7544,0,0,173005,7730
44040655,300,1,1,3,111,1,7732,7544,0,0,173005,7730
44040656,5,1,1,3,111,1,7732,7544,0,0,173005,0
44040657,5,1,1,3,111,1,7732,7544,0,0,0,0
44040658,5,1,1,3,111,1,7732,7544,0,0,0,2001
44040659,5,1,1,3,111,1,7732,7544,0,0,0,17043
44040660,5,1,1,3,111,1,7732,7544,0,0,0,17043
44040661,5,1,1,3,111,1,7732,7544,3043,0,0,0
44040662,5,1,1,3,111,1,7732,7544,3043,0,0,6000
44040663,5,1,1,3,111,1,7732,7544,0,0,0,6000
44040664,5,1,1,3,111,1,7732,7544,0,0,0,6000
44040665,5,1,1,3,111,1,7732,7544,0,0,0,6000
44040666,5,1,1,3,111,1,7732,7544,0,150415,150415,7504
44040667,5,1,1,3,111,1,7732,7544,0,150415,150415,7504
44040668,5,1,1,3,111,1,7732,7544,0,150415,150415,7504
44040669,5,1,1,3,111,1,7732,7544,0,150415,150415,7504
44040670,5,1,1,3,111,1,7732,7544,0,0,150415,7504
44040671,5,1,1,3,111,1,7732,7544,0,0,150415,7504
44040672,5,1,1,3,111,1,7732,7544,0,0,150415,7504
44040673,1,1,1,0,111,1,7732,7544,0,0,150415,657
44040674,1,1,1,0,111,1,7732,7544,0,0,1,657
44040675,1,1,1,0,111,1,7732,7544,0,0,1,326
44040676,1,1,1,0,111,1,7732,7544,0,0,1,326
44040677,1,1,1,0,111,1,7732,7544,0,0,1,326
44040678,1,1,1,0,111,1,7732,7544,0,0,1,327
44040679,1,1,1,0,111,1,7732,7544,0,0,1,327
44040680,1,1,1,0,111,1,7732,7544,0,0,1,330
44040681,1,1,1,0,111,1,7732,7544,0,0,1,660
44040682,1,1,1,0,111,1,7732,7544,0,0,1,660
44040683,1,1,1,0,111,1,7732,7544,0,0,1,660
44040684,1,1,1,0,111,1,7732,7544,0,0,1,3655
44040685,44,1,1,0,111,1,7732,7544,0,0,110044,3655
44040686,44,1,1,0,111,1,7732,7544,0,0,110044,3655
44040687,44,1,1,0,111,1,7732,7544,0,0,110044,474
44040688,44,1,1,0,111,110044,7732,7544,0,0,110044,474
44040689,44,1,1,0,111,110044,7732,7544,0,0,110044,474
44040690,44,1,1,0,111,110044,7732,7544,0,0,110044,475
44040691,305,1,1,3,111,110044,7732,7544,0,0,305,475
44040692,305,1,1,3,111,110044,7732,7544,0,0,305,476
44040693,305,1,1,3,111,110044,7732,7544,0,0,305,501
44040694,44,1,1,0,111,110044,7732,7544,0,0,110044,501
44040695,44,1,1,0,111,110044,7732,7544,0,0,110044,501
44040696,44,1,1,0,111,110044,7732,7544,0,0,110044,502
44040697,7,1,1,0,111,110044,7732,7544,0,0,7,502
44040698,7,1,1,0,111,110044,7732,7544,0,0,7,503
44040699,7,1,1,0,111,110044,7732,7544,0,0,7,503
44040700,300,1,1,0,111,300,7732,7544,0,0,300,503
44040701,300,1,1,0,111,300,7732,7544,0,0,300,504
44040702,300,1,1,0,111,300,7732,7544,0,0,300,511
44040703,3,1,1,0,111,300,7732,7544,0,0,3,511
44040704,3,1,1,0,111,300,7732,7544,0,0,3,511
44040705,3,1,1,0,111,300,7732,7544,0,0,3,3725
44040706,141,1,1,0,111,304,7732,7544,0,0,30141,3725
44040707,141,1,1,0,111,304,7732,7544,0,0,30141,3725
44040708,141,1,1,0,111,304,7732,7544,0,0,30141,476
44040709,111,0,1,0,111,30141,7732,7544,0,0,111,476
# MARK wr tick=44040709
44040710,111,0,1,0,111,30141,7732,7544,0,0,111,476
44352970,44,1,1,0,0,10044,7732,7544,0,0,10044,326
44352971,44,1,1,0,0,10044,7732,7544,0,0,10044,327
44352972,44,1,1,0,0,10044,7732,7544,0,0,10044,327
44352973,44,1,1,0,0,10044,7732,7544,0,0,10044,330
44352974,44,1,1,0,0,10044,7732,7544,0,0,10044,660
44352975,44,1,1,0,0,10044,7732,7544,0,0,10044,660
44352976,44,1,1,0,0,10044,7732,7544,0,0,10044,660
44352977,44,1,1,0,0,10044,7732,7544,0,0,10044,3642
44352978,44,1,1,0,0,10044,7732,7544,0,0,10044,3642
44352979,44,1,1,0,0,10044,7732,7544,0,0,10044,3642
44352980,44,1,1,0,0,10044,7732,7544,0,0,10044,663
44352981,0,1,1,0,0,10044,7732,7544,0,0,100000,663
44352982,0,1,1,0,0,10044,7732,7544,0,0,100000,663
44352983,0,1,1,0,0,10044,7732,7544,0,0,100000,664
44352984,44,1,1,0,0,110044,7732,7544,0,0,110044,664
44352985,44,1,1,0,0,110044,7732,7544,0,0,110044,665
44352986,44,1,1,0,0,110044,7732,7544,0,0,110044,665
44352987,44,1,1,0,0,110044,7732,7544,0,0,110044,665
44352988,44,1,1,0,0,110044,7732,7544,0,0,110044,666
44352989,44,1,1,0,0,110044,7732,7544,0,0,110044,1112
44352990,45,1,1,0,0,110044,7732,7544,0,0,130045,1112
44352991,45,1,1,0,0,110044,7732,7544,0,0,130045,1112
44352992,45,1,1,0,0,110044,7732,7544,0,0,130045,1113
44352993,45,1,1,0,0,110044,7732,7544,0,0,130045,1113
44352994,45,1,1,0,0,110044,7732,7544,0,0,130045,1113
44352995,45,1,1,0,0,110044,7732,7544,0,0,130045,1113
44352996,45,1,1,0,0,110044,7732,7544,0,0,130045,1113
44352997,45,1,1,0,0,110044,7732,7544,0,0,130045,1113
44352998,44,1,1,0,0,110044,7732,7544,0,0,110044,1113
44352999,44,1,1,0,0,110044,7732,7544,0,0,110044,1114
44353000,44,1,1,0,0,110044,7732,7544,0,0,110044,1114
44353001,10,1,1,0,0,110044,7732,7544,0,0,10,1114
44353002,10,1,1,0,0,110044,7732,7544,0,0,10,1115
44353003,10,1,1,0,0,110044,7732,7544,0,0,10,1115
44353004,10,1,1,0,0,110044,7732,7544,0,0,10,1115
44353005,10,1,1,0,0,110044,7732,7544,0,0,10,1115
44353006,10,1,1,0,0,110044,7732,7544,0,0,10,1115
44353007,10,1,1,0,0,110044,7732,7544,0,0,10,1115
44353008,10,1,1,0,0,110044,7732,7544,0,0,10,1115
44353009,0,1,1,0,0,110044,7732,7544,0,0,0,1115
44353010,0,1,1,0,0,110044,7732,7544,0,0,0,1116
44353011,0,1,1,0,0,110044,7732,7544,0,0,0,1116
44353012,44,1,1,0,0,0,7732,7544,0,0,110044,1116
44353013,44,1,1,0,0,0,7732,7544,0,0,110044,666
44353014,44,1,1,0,0,0,7732,7544,0,0,110044,1117
44353015,1,1,1,0,0,0,7732,7544,0,0,60001,1117
44353016,1,1,1,0,0,0,7732,7544,0,0,60001,1120
44353017,1,1,1,0,0,0,7732,7544,0,0,60001,1120
44353018,13,1,1,0,0,0,7732,7544,0,0,100013,1120
44353019,13,1,1,0,0,0,7732,7544,0,0,100013,1121
44353020,13,1,1,0,0,0,7732,7544,0,0,100013,1120
44353021,0,1,1,0,0,100013,7732,7544,0,0,0,1120
44353022,0,1,1,0,0,100013,7732,7544,0,0,0,1120
44353023,0,1,1,0,0,100013,7732,7544,0,0,0,1120
44353024,1,1,1,0,0,26,7732,7544,0,0,1,1120
44353025,1,1,1,0,0,26,7732,7544,0,0,1,1120
44353026,1,1,1,0,0,26,7732,7544,0,0,1,1120
44353027,2,1,1,0,0,54,7732,7544,0,0,2,1120
44353028,2,1,1,0,0,54,7732,7544,0,0,2,1120
44353029,2,1,1,0,0,54,7732,7544,0,0,2,1120
44353030,4,1,1,0,0,130,7732,7544,0,0,4,1120
44353031,4,1,1,0,0,130,7732,7544,0,0,4,1120
44353032,4,1,1,0,0,130,7732,7544,0,0,4,1120
44353033,10,1,1,0,0,260,7732,7544,0,0,10,1120
44353034,10,1,1,0,0,260,7732,7544,0,0,10,1120
44353035,10,1,1,0,0,260,7732,7544,0,0,10,1120
44353036,20,1,1,0,0,540,7732,7544,0,0,20,1120
44353037,20,1,1,0,0,540,7732,7544,0,0,20,1120
44353038,20,1,1,0,0,540,7732,7544,0,0,20,1120
44353039,40,1,1,0,0,1300,7732,7544,0,0,40,1120
44353040,40,1,1,0,0,1300,7732,7544,0,0,40,1120
44353041,40,1,1,0,0,1300,7732,7544,0,0,40,1120
44353042,100,1,1,0,0,2600,7732,7544,0,0,100,1120
44353043,100,1,1,0,0,2600,7732,7544,0,0,100,1120
44353044,100,1,1,0,0,2600,7732,7544,0,0,100,1120
44353045,200,1,1,0,0,5400,7732,7544,0,0,200,1120
44353046,200,1,1,0,0,5400,7732,7544,0,0,200,1120
44353047,200,1,1,0,0,5400,7732,7544,0,0,200,1120
44353048,0,1,1,0,0,13000,7732,7544,0,0,400,1120
44353049,0,1,1,0,0,13000,7732,7544,0,0,400,1120
44353050,0,1,1,0,0,13000,7732,7544,0,0,400,1120
44353051,0,1,1,0,0,26000,7732,7544,0,0,1000,1120
44353052,0,1,1,0,0,26000,7732,7544,0,0,1000,1120
44353053,0,1,1,0,0,26000,7732,7544,0,0,1000,1120
44353054,0,1,1,0,0,54000,7732,7544,0,0,2000,1120
44353055,0,1,1,0,0,54000,7732,7544,0,0,2000,1120
44353056,0,1,1,0,0,54000,7732,7544,0,0,2000,1120
44353057,0,1,1,0,0,130000,7732,7544,0,0,4000,1120
44353058,0,1,1,0,0,130000,7732,7544,0,0,4000,1120
44353059,0,1,1,0,0,130000,7732,7544,0,0,4000,1121
44353060,1,1,1,0,0,60000,7732,7544,0,0,10001,1121
44353061,1,1,1,0,0,60000,7732,7544,0,0,10001,1122
44353062,1,1,1,0,0,60000,7732,7544,0,0,10001,1133
44353063,0,1,1,0,0,140000,7732,7544,0,0,0,1133
44353064,0,1,1,0,0,140000,7732,7544,0,0,0,1133
44353065,0,1,1,0,0,140000,7732,7544,0,0,0,1134
44353066,0,1,1,0,0,0,7732,7544,0,0,0,1134
44353067,0,1,1,0,0,0,7732,7544,0,0,0,1135
44353068,0,1,1,0,0,0,7732,7544,0,0,0,1140
44353069,0,1,1,0,0,0,7732,7544,0,0,0,1140
44353070,0,1,1,0,0,0,7732,7544,0,0,0,1140
44353071,0,1,1,0,0,0,7732,7544,0,0,0,1141
44353072,1,1,1,0,0,0,7732,7544,0,0,1,1141
44353073,1,1,1,0,0,0,7732,7544,0,0,1,1142
44353074,1,1,1,0,0,0,7732,7544,0,0,1,1142
44353075,1,1,1,0,0,1,7732,7544,0,0,1,1142
44353076,1,1,1,0,0,1,7732,7544,0,0,1,1143
44353077,1,1,1,0,0,1,7732,7544,0,0,1,666
44353078,0,1,1,0,0,1,7732,7544,0,0,140000,666
44353079,0,1,1,0,0,1,7732,7544,0,0,140000,666
44353080,0,1,1,0,0,1,7732,7544,0,0,140000,0
44353081,0,1,1,3,0,1,7732,7544,0,0,0,0
44353082,0,1,1,3,0,1,7732,7544,0,0,0,0
44353083,0,1,1,3,0,1,7732,7544,0,0,0,2001
44353084,0,1,1,3,0,1,7732,7544,0,0,0,17040
44353085,0,1,1,3,0,1,7732,7544,0,0,0,17040
44353086,0,1,1,3,0,1,7732,7544,3040,0,0,0
44353087,0,1,1,3,0,1,7732,7544,3040,0,0,6000
44353088,0,1,1,3,0,1,7732,7544,0,0,0,6000
44353089,0,1,1,3,0,1,7732,7544,0,0,0,6000
44353090,0,1,1,3,0,1,7732,7544,0,0,0,6000
44353091,0,1,1,3,0,1,7732,7544,0,44035,44035,6440
44353092,0,1,1,3,0,1,7732,7544,0,44035,44035,6440
44353093,0,1,1,3,0,1,7732,7544,0,44035,44035,6440
44353094,0,1,1,3,0,1,7732,7544,0,44035,44035,6440
44353095,0,1,1,3,0,1,7732,7544,0,0,44035,6440
44353096,0,1,1,3,0,1,7732,7544,0,0,44035,6440
44353097,0,1,1,3,0,1,7732,7544,0,0,44035,6440
44353098,1,1,1,0,0,1,7732,7544,0,0,44035,170
44353099,1,1,1,0,0,1,7732,7544,0,0,0,170
44353100,1,1,1,0,0,1,7732,7544,0,0,0,0
44353101,1,1,1,0,0,1,7732,7544,0,0,0,0
44353102,1,1,1,0,0,1,7732,7544,0,0,0,0
44353103,1,1,1,0,0,1,7732,7544,3075,0,0,0
44353104,1,1,1,0,0,1,7732,7544,3075,0,0,0
44353105,1,1,1,0,0,1,7732,7544,0,0,0,0
44353106,1,1,1,0,0,1,7732,7544,0,0,0,0
44353107,1,1,1,0,0,1,7732,7544,0,0,0,0
44353108,1,1,1,0,0,1,7732,7544,0,116,116,0
44353109,1,1,1,0,0,1,7732,7544,0,116,116,0
44353110,1,1,1,0,0,1,7732,7544,0,116,116,0
44353111,1,1,1,0,0,1,7732,7544,0,116,116,0
44353112,1,1,1,0,0,1,7732,7544,0,0,116,0
44353113,1,1,1,0,0,1,7732,7544,0,0,116,0
44353114,1,1,1,0,0,1,7732,7544,0,0,116,0
44353115,116,1,1,3,0,1,7732,7544,0,0,116,0
44353116,116,1,1,3,0,1,7732,7544,0,0,0,0
44353117,116,1,1,3,0,1,7732,7544,0,0,0,2001
44353118,116,1,1,3,0,1,7732,7544,0,0,0,17041
44353119,116,1,1,3,0,1,7732,7544,0,0,0,17041
44353120,116,1,1,3,0,1,7732,7544,3041,0,0,0
44353121,116,1,1,3,0,1,7732,7544,3041,0,0,6000
44353122,116,1,1,3,0,1,7732,7544,0,0,0,6000
44353123,116,1,1,3,0,1,7732,7544,0,0,0,6000
44353124,116,1,1,3,0,1,7732,7544,0,0,0,6000
44353125,116,1,1,3,0,1,7732,7544,0,50033,50033,6500
44353126,116,1,1,3,0,1,7732,7544,0,50033,50033,6500
44353127,116,1,1,3,0,1,7732,7544,0,50033,50033,6500
44353128,116,1,1,3,0,1,7732,7544,0,50033,50033,6500
44353129,116,1,1,3,0,1,7732,7544,0,0,50033,6500
44353130,116,1,1,3,0,1,7732,7544,0,0,50033,6500
44353131,116,1,1,3,0,1,7732,7544,0,0,50033,6500
44353132,1,1,1,0,116,1,7732,7544,0,0,50033,172
44353133,1,1,1,0,116,1,7732,7544,0,0,0,172
44353134,1,1,1,0,116,1,7732,7544,0,0,0,0
44353135,1,1,1,0,116,1,7732,7544,0,0,0,0
44353136,1,1,1,0,116,1,7732,7544,0,0,0,0
44353137,1,1,1,0,116,1,7732,7544,3074,0,0,0
44353138,1,1,1,0,116,1,7732,7544,3074,0,0,0
44353139,1,1,1,0,116,1,7732,7544,0,0,0,0
44353140,1,1,1,0,116,1,7732,7544,0,0,0,0
44353141,1,1,1,0,116,1,7732,7544,0,0,0,0
44353142,1,1,1,0,116,1,7732,7544,0,300,300,0
44353143,1,1,1,0,116,1,7732,7544,0,300,300,0
44353144,1,1,1,0,116,1,7732,7544,0,300,300,0
44353145,1,1,1,0,116,1,7732,7544,0,300,300,0
44353146,1,1,1,0,116,1,7732,7544,0,0,300,0
44353147,1,1,1,0,116,1,7732,7544,0,0,300,0
44353148,1,1,1,0,116,1,7732,7544,0,0,300,0
44353149,300,1,1,3,116,1,7732,7544,0,0,300,0
44353150,300,1,1,3,116,1,7732,7544,0,0,0,0
44353151,300,1,1,3,116,1,7732,7544,0,0,0,2001
44353152,300,1,1,3,116,1,7732,7544,0,0,0,17042
44353153,300,1,1,3,116,1,7732,7544,0,0,0,17042
44353154,300,1,1,3,116,1,7732,7544,3042,0,0,0
44353155,300,1,1,3,116,1,7732,7544,3042,0,0,6000
44353156,300,1,1,3,116,1,7732,7544,0,0,0,6000
44353157,300,1,1,3,116,1,7732,7544,0,0,0,6000
44353158,300,1,1,3,116,1,7732,7544,0,0,0,6000
44353159,300,1,1,3,116,1,7732,7544,0,173005,173005,7730
44353160,300,1,1,3,116,1,7732,7544,0,173005,173005,7730
44353161,300,1,1,3,116,1,7732,7544,0,173005,173005,7730
44353162,300,1,1,3,116,1,7732,7544,0,173005,173005,7730
44353163,300,1,1,3,116,1,7732,7544,0,0,173005,7730
44353164,300,1,1,3,116,1,7732,7544,0,0,173005,7730
44353165,300,1,1,3,116,1,7732,7544,0,0,173005,7730
44353166,5,1,1,3,116,1,7732,7544,0,0,173005,0
44353167,5,1,1,3,116,1,7732,7544,0,0,0,0
44353168,5,1,1,3,116,1,7732,7544,0,0,0,2001
44353169,5,1,1,3,116,1,7732,7544,0,0,0,17043
44353170,5,1,1,3,116,1,7732,7544,0,0,0,17043
44353171,5,1,1,3,116,1,7732,7544,3043,0,0,0
44353172,5,1,1,3,116,1,7732,7544,3043,0,0,6000
44353173,5,1,1,3,116,1,7732,7544,0,0,0,6000
44353174,5,1,1,3,116,1,7732,7544,0,0,0,6000
44353175,5,1,1,3,116,1,7732,7544,0,0,0,6000
44353176,5,1,1,3,116,1,7732,7544,0,150415,150415,7504
44353177,5,1,1,3,116,1,7732,7544,0,150415,150415,7504
44353178,5,1,1,3,116,1,7732,7544,0,150415,150415,7504
44353179,5,1,1,3,116,1,7732,7544,0,150415,150415,7504
44353180,5,1,1,3,116,1,7732,7544,0,0,150415,7504
44353181,5,1,1,3,116,1,7732,7544,0,0,150415,7504
44353182,5,1,1,3,116,1,7732,7544,0,0,150415,7504
44353183,1,1,1,0,116,1,7732,7544,0,0,150415,657
44353184,1,1,1,0,116,1,7732,7544,0,0,1,657
44353185,1,1,1,0,116,1,7732,7544,0,0,1,326
44353186,1,1,1,0,116,1,7732,7544,0,0,1,326
44353187,1,1,1,0,116,1,7732,7544,0,0,1,326
44353188,1,1,1,0,116,1,7732,7544,0,0,1,327
44353189,1,1,1,0,116,1,7732,7544,0,0,1,327
44353190,1,1,1,0,116,1,7732,7544,0,0,1,330
44353191,1,1,1,0,116,1,7732,7544,0,0,1,660
44353192,1,1,1,0,116,1,7732,7544,0,0,1,660
44353193,1,1,1,0,116,1,7732,7544,0,0,1,660
44353194,1,1,1,0,116,1,7732,7544,0,0,1,3655
44353195,44,1,1,0,116,1,7732,7544,0,0,110044,3655
44353196,44,1,1,0,116,1,7732,7544,0,0,110044,3655
44353197,44,1,1,0,116,1,7732,7544,0,0,110044,474
44353198,44,1,1,0,116,110044,7732,7544,0,0,110044,474
44353199,44,1,1,0,116,110044,7732,7544,0,0,110044,474
44353200,44,1,1,0,116,110044,7732,7544,0,0,110044,475
44353201,305,1,1,3,116,110044,7732,7544,0,0,305,475
44353202,305,1,1,3,116,110044,7732,7544,0,0,305,476
44353203,305,1,1,3,116,110044,7732,7544,0,0,305,501
44353204,44,1,1,0,116,110044,7732,7544,0,0,110044,501
44353205,44,1,1,0,116,110044,7732,7544,0,0,110044,501
44353206,44,1,1,0,116,110044,7732,7544,0,0,110044,502
44353207,7,1,1,0,116,110044,7732,7544,0,0,7,502
44353208,7,1,1,0,116,110044,7732,7544,0,0,7,503
44353209,7,1,1,0,116,110044,7732,7544,0,0,7,503
44353210,300,1,1,0,116,300,7732,7544,0,0,300,503
44353211,300,1,1,0,116,300,7732,7544,0,0,300,504
44353212,300,1,1,0,116,300,7732,7544,0,0,300,511
44353213,3,1,1,0,116,300,7732,7544,0,0,3,511
44353214,3,1,1,0,116,300,7732,7544,0,0,3,511
44353215,3,1,1,0,116,300,7732,7544,0,0,3,3725
44353216,141,1,1,0,116,304,7732,7544,0,0,30141,3725
44353217,141,1,1,0,116,304,7732,7544,0,0,30141,3725
44353218,141,1,1,0,116,304,7732,7544,0,0,30141,476
44353219,116,0,1,0,116,30141,7732,7544,0,0,116,476
# MARK wr tick=44353219
44353220,116,0,1,0,116,30141,7732,7544,0,0,116,476
44650034,44,1,1,0,0,10044,7732,7544,0,0,10044,326
44650035,44,1,1,0,0,10044,7732,7544,0,0,10044,327
44650036,44,1,1,0,0,10044,7732,7544,0,0,10044,327
44650037,44,1,1,0,0,10044,7732,7544,0,0,10044,330
44650038,44,1,1,0,0,10044,7732,7544,0,0,10044,660
44650039,44,1,1,0,0,10044,7732,7544,0,0,10044,660
44650040,44,1,1,0,0,10044,7732,7544,0,0,10044,660
44650041,44,1,1,0,0,10044,7732,7544,0,0,10044,3642
44650042,44,1,1,0,0,10044,7732,7544,0,0,10044,3642
44650043,44,1,1,0,0,10044,7732,7544,0,0,10044,3642
44650044,44,1,1,0,0,10044,7732,7544,0,0,10044,663
44650045,0,1,1,0,0,10044,7732,7544,0,0,100000,663
44650046,0,1,1,0,0,10044,7732,7544,0,0,100000,663
44650047,0,1,1,0,0,10044,7732,7544,0,0,100000,664
44650048,44,1,1,0,0,110044,7732,7544,0,0,110044,664
44650049,44,1,1,0,0,110044,7732,7544,0,0,110044,665
44650050,44,1,1,0,0,110044,7732,7544,0,0,110044,665
44650051,44,1,1,0,0,110044,7732,7544,0,0,110044,665
44650052,44,1,1,0,0,110044,7732,7544,0,0,110044,666
44650053,44,1,1,0,0,110044,7732,7544,0,0,110044,1112
44650054,45,1,1,0,0,110044,7732,7544,0,0,130045,1112
44650055,45,1,1,0,0,110044,7732,7544,0,0,130045,1112
44650056,45,1,1,0,0,110044,7732,7544,0,0,130045,1113
44650057,45,1,1,0,0,110044,7732,7544,0,0,130045,1113
44650058,45,1,1,0,0,110044,7732,7544,0,0,130045,1113
44650059,45,1,1,0,0,110044,7732,7544,0,0,130045,1113
44650060,45,1,1,0,0,110044,7732,7544,0,0,130045,1113
44650061,45,1,1,0,0,110044,7732,7544,0,0,130045,1113
44650062,44,1,1,0,0,110044,7732,7544,0,0,110044,1113
44650063,44,1,1,0,0,110044,7732,7544,0,0,110044,1114
44650064,44,1,1,0,0,110044,7732,7544,0,0,110044,1114
44650065,10,1,1,0,0,110044,7732,7544,0,0,10,1114
44650066,10,1,1,0,0,110044,7732,7544,0,0,10,1115
44650067,10,1,1,0,0,110044,7732,7544,0,0,10,1115
44650068,10,1,1,0,0,110044,7732,7544,0,0,10,1115
44650069,10,1,1,0,0,110044,7732,7544,0,0,10,1115
44650070,10,1,1,0,0,110044,7732,7544,0,0,10,1115
44650071,10,1,1,0,0,110044,7732,7544,0,0,10,1115
44650072,10,1,1,0,0,110044,7732,7544,0,0,10,1115
44650073,0,1,1,0,0,110044,7732,7544,0,0,0,1115
44650074,0,1,1,0,0,110044,7732,7544,0,0,0,1116
44650075,0,1,1,0,0,110044,7732,7544,0,0,0,1116
44650076,44,1,1,0,0,0,7732,7544,0,0,110044,1116
44650077,44,1,1,0,0,0,7732,7544,0,0,110044,666
44650078,44,1,1,0,0,0,7732,7544,0,0,110044,1117
44650079,1,1,1,0,0,0,7732,7544,0,0,60001,1117
44650080,1,1,1,0,0,0,7732,7544,0,0,60001,1120
44650081,1,1,1,0,0,0,7732,7544,0,0,60001,1120
44650082,13,1,1,0,0,0,7732,7544,0,0,100013,1120
44650083,13,1,1,0,0,0,7732,7544,0,0,100013,1121
44650084,13,1,1,0,0,0,7732,7544,0,0,100013,1120
44650085,0,1,1,0,0,100013,7732,7544,0,0,0,1120
44650086,0,1,1,0,0,100013,7732,7544,0,0,0,1120
44650087,0,1,1,0,0,100013,7732,7544,0,0,0,1120
44650088,1,1,1,0,0,26,7732,7544,0,0,1,1120
44650089,1,1,1,0,0,26,7732,7544,0,0,1,1120
44650090,1,1,1,0,0,26,7732,7544,0,0,1,1120
44650091,2,1,1,0,0,54,7732,7544,0,0,2,1120
44650092,2,1,1,0,0,54,7732,7544,0,0,2,1120
44650093,2,1,1,0,0,54,7732,7544,0,0,2,1120
44650094,4,1,1,0,0,130,7732,7544,0,0,4,1120
44650095,4,1,1,0,0,130,7732,7544,0,0,4,1120
44650096,4,1,1,0,0,130,7732,7544,0,0,4,1120
44650097,10,1,1,0,0,260,7732,7544,0,0,10,1120
44650098,10,1,1,0,0,260,7732,7544,0,0,10,1120
44650099,10,1,1,0,0,260,7732,7544,0,0,10,1120
44650100,20,1,1,0,0,540,7732,7544,0,0,20,1120
44650101,20,1,1,0,0,540,7732,7544,0,0,20,1120
44650102,20,1,1,0,0,540,7732,7544,0,0,20,1120
44650103,40,1,1,0,0,1300,7732,7544,0,0,40,1120
44650104,40,1,1,0,0,1300,7732,7544,0,0,40,1120
44650105,40,1,1,0,0,1300,7732,7544,0,0,40,1120
44650106,100,1,1,0,0,2600,7732,7544,0,0,100,1120
44650107,100,1,1,0,0,2600,7732,7544,0,0,100,1120
44650108,100,1,1,0,0,2600,7732,7544,0,0,100,1120
44650109,200,1,1,0,0,5400,7732,7544,0,0,200,1120
44650110,200,1,1,0,0,5400,7732,7544,0,0,200,1120
44650111,200,1,1,0,0,5400,7732,7544,0,0,200,1120
44650112,0,1,1,0,0,13000,7732,7544,0,0,400,1120
44650113,0,1,1,0,0,13000,7732,7544,0,0,400,1120
44650114,0,1,1,0,0,13000,7732,7544,0,0,400,1120
44650115,0,1,1,0,0,26000,7732,7544,0,0,1000,1120
44650116,0,1,1,0,0,26000,7732,7544,0,0,1000,1120
44650117,0,1,1,0,0,26000,7732,7544,0,0,1000,1120
44650118,0,1,1,0,0,54000,7732,7544,0,0,2000,1120
44650119,0,1,1,0,0,54000,7732,7544,0,0,2000,1120
44650120,0,1,1,0,0,54000,7732,7544,0,0,2000,1120
44650121,0,1,1,0,0,130000,7732,7544,0,0,4000,1120
44650122,0,1,1,0,0,130000,7732,7544,0,0,4000,1120
44650123,0,1,1,0,0,130000,7732,7544,0,0,4000,1121
44650124,1,1,1,0,0,60000,7732,7544,0,0,10001,1121
44650125,1,1,1,0,0,60000,7732,7544,0,0,10001,1122
44650126,1,1,1,0,0,60000,7732,7544,0,0,10001,1133
44650127,0,1,1,0,0,140000,7732,7544,0,0,0,1133
44650128,0,1,1,0,0,140000,7732,7544,0,0,0,1133
44650129,0,1,1,0,0,140000,7732,7544,0,0,0,1134
44650130,0,1,1,0,0,0,7732,7544,0,0,0,1134
44650131,0,1,1,0,0,0,7732,7544,0,0,0,1135
44650132,0,1,1,0,0,0,7732,7544,0,0,0,1140
44650133,0,1,1,0,0,0,7732,7544,0,0,0,1140
44650134,0,1,1,0,0,0,7732,7544,0,0,0,1140
44650135,0,1,1,0,0,0,7732,7544,0,0,0,1141
44650136,1,1,1,0,0,0,7732,7544,0,0,1,1141
44650137,1,1,1,0,0,0,7732,7544,0,0,1,1142
44650138,1,1,1,0,0,0,7732,7544,0,0,1,1142
44650139,1,1,1,0,0,1,7732,7544,0,0,1,1142
44650140,1,1,1,0,0,1,7732,7544,0,0,1,1143
44650141,1,1,1,0,0,1,7732,7544,0,0,1,666
44650142,0,1,1,0,0,1,7732,7544,0,0,140000,666
44650143,0,1,1,0,0,1,7732,7544,0,0,140000,666
44650144,0,1,1,0,0,1,7732,7544,0,0,140000,0
44650145,0,1,1,3,0,1,7732,7544,0,0,0,0
44650146,0,1,1,3,0,1,7732,7544,0,0,0,0
44650147,0,1,1,3,0,1,7732,7544,0,0,0,2001
44650148,0,1,1,3,0,1,7732,7544,0,0,0,17040
44650149,0,1,1,3,0,1,7732,7544,0,0,0,17040
44650150,0,1,1,3,0,1,7732,7544,3040,0,0,0
44650151,0,1,1,3,0,1,7732,7544,3040,0,0,6000
44650152,0,1,1,3,0,1,7732,7544,0,0,0,6000
44650153,0,1,1,3,0,1,7732,7544,0,0,0,6000
44650154,0,1,1,3,0,1,7732,7544,0,0,0,6000
44650155,0,1,1,3,0,1,7732,7544,0,44035,44035,6440
44650156,0,1,1,3,0,1,7732,7544,0,44035,44035,6440
44650157,0,1,1,3,0,1,7732,7544,0,44035,44035,6440
44650158,0,1,1,3,0,1,7732,7544,0,44035,44035,6440
44650159,0,1,1,3,0,1,7732,7544,0,0,44035,6440
44650160,0,1,1,3,0,1,7732,7544,0,0,44035,6440
44650161,0,1,1,3,0,1,7732,7544,0,0,44035,6440
44650162,1,1,1,0,0,1,7732,7544,0,0,44035,170
44650163,1,1,1,0,0,1,7732,7544,0,0,0,170
44650164,1,1,1,0,0,1,7732,7544,0,0,0,0
44650165,1,1,1,0,0,1,7732,7544,0,0,0,0
44650166,1,1,1,0,0,1,7732,7544,0,0,0,0
44650167,1,1,1,0,0,1,7732,7544,3075,0,0,0
44650168,1,1,1,0,0,1,7732,7544,3075,0,0,0
44650169,1,1,1,0,0,1,7732,7544,0,0,0,0
44650170,1,1,1,0,0,1,7732,7544,0,0,0,0
44650171,1,1,1,0,0,1,7732,7544,0,0,0,0
44650172,1,1,1,0,0,1,7732,7544,0,123,123,0
44650173,1,1,1,0,0,1,7732,7544,0,123,123,0
44650174,1,1,1,0,0,1,7732,7544,0,123,123,0
44650175,1,1,1,0,0,1,7732,7544,0,123,123,0
44650176,1,1,1,0,0,1,7732,7544,0,0,123,0
44650177,1,1,1,0,0,1,7732,7544,0,0,123,0
44650178,1,1,1,0,0,1,7732,7544,0,0,123,0
44650179,123,1,1,3,0,1,7732,7544,0,0,123,0
44650180,123,1,1,3,0,1,7732,7544,0,0,0,0
44650181,123,1,1,3,0,1,7732,7544,0,0,0,2001
44650182,123,1,1,3,0,1,7732,7544,0,0,0,17041
44650183,123,1,1,3,0,1,7732,7544,0,0,0,17041
44650184,123,1,1,3,0,1,7732,7544,3041,0,0,0
44650185,123,1,1,3,0,1,7732,7544,3041,0,0,6000
44650186,123,1,1,3,0,1,7732,7544,0,0,0,6000
44650187,123,1,1,3,0,1,7732,7544,0,0,0,6000
44650188,123,1,1,3,0,1,7732,7544,0,0,0,6000
44650189,123,1,1,3,0,1,7732,7544,0,50033,50033,6500
44650190,123,1,1,3,0,1,7732,7544,0,50033,50033,6500
44650191,123,1,1,3,0,1,7732,7544,0,50033,50033,6500
44650192,123,1,1,3,0,1,7732,7544,0,50033,50033,6500
44650193,123,1,1,3,0,1,7732,7544,0,0,50033,6500
44650194,123,1,1,3,0,1,7732,7544,0,0,50033,6500
44650195,123,1,1,3,0,1,7732,7544,0,0,50033,6500
44650196,1,1,1,0,123,1,7732,7544,0,0,50033,172
44650197,1,1,1,0,123,1,7732,7544,0,0,0,172
44650198,1,1,1,0,123,1,7732,7544,0,0,0,0
44650199,1,1,1,0,123,1,7732,7544,0,0,0,0
44650200,1,1,1,0,123,1,7732,7544,0,0,0,0
44650201,1,1,1,0,123,1,7732,7544,3074,0,0,0
44650202,1,1,1,0,123,1,7732,7544,3074,0,0,0
44650203,1,1,1,0,123,1,7732,7544,0,0,0,0
44650204,1,1,1,0,123,1,7732,7544,0,0,0,0
44650205,1,1,1,0,123,1,7732,7544,0,0,0,0
44650206,1,1,1,0,123,1,7732,7544,0,300,300,0
44650207,1,1,1,0,123,1,7732,7544,0,300,300,0
44650208,1,1,1,0,123,1,7732,7544,0,300,300,0
44650209,1,1,1,0,123,1,7732,7544,0,300,300,0
44650210,1,1,1,0,123,1,7732,7544,0,0,300,0
44650211,1,1,1,0,123,1,7732,7544,0,0,300,0
44650212,1,1,1,0,123,1,7732,7544,0,0,300,0
44650213,300,1,1,3,123,1,7732,7544,0,0,300,0
44650214,300,1,1,3,123,1,7732,7544,0,0,0,0
44650215,300,1,1,3,123,1,7732,7544,0,0,0,2001
44650216,300,1,1,3,123,1,7732,7544,0,0,0,17042
44650217,300,1,1,3,123,1,7732,7544,0,0,0,17042
44650218,300,1,1,3,123,1,7732,7544,3042,0,0,0
44650219,300,1,1,3,123,1,7732,7544,3042,0,0,6000
44650220,300,1,1,3,123,1,7732,7544,0,0,0,6000
44650221,300,1,1,3,123,1,7732,7544,0,0,0,6000
44650222,300,1,1,3,123,1,7732,7544,0,0,0,6000
44650223,300,1,1,3,123,1,7732,7544,0,173005,173005,7730
44650224,300,1,1,3,123,1,7732,7544,0,173005,173005,7730
44650225,300,1,1,3,123,1,7732,7544,0,173005,173005,7730
44650226,300,1,1,3,123,1,7732,7544,0,173005,173005,7730
44650227,300,1,1,3,123,1,7732,7544,0,0,173005,7730
44650228,300,1,1,3,123,1,7732,7544,0,0,173005,7730
44650229,300,1,1,3,123,1,7732,7544,0,0,173005,7730
44650230,5,1,1,3,123,1,7732,7544,0,0,173005,0
44650231,5,1,1,3,123,1,7732,7544,0,0,0,0
44650232,5,1,1,3,123,1,7732,7544,0,0,0,2001
44650233,5,1,1,3,123,1,7732,7544,0,0,0,17043
44650234,5,1,1,3,123,1,7732,7544,0,0,0,17043
44650235,5,1,1,3,123,1,7732,7544,3043,0,0,0
44650236,5,1,1,3,123,1,7732,7544,3043,0,0,6000
44650237,5,1,1,3,123,1,7732,7544,0,0,0,6000
44650238,5,1,1,3,123,1,7732,7544,0,0,0,6000
44650239,5,1,1,3,123,1,7732,7544,0,0,0,6000
44650240,5,1,1,3,123,1,7732,7544,0,150415,150415,7504
44650241,5,1,1,3,123,1,7732,7544,0,150415,150415,7504
44650242,5,1,1,3,123,1,7732,7544,0,150415,150415,7504
44650243,5,1,1,3,123,1,7732,7544,0,150415,150415,7504
44650244,5,1,1,3,123,1,7732,7544,0,0,150415,7504
44650245,5,1,1,3,123,1,7732,7544,0,0,150415,7504
44650246,5,1,1,3,123,1,7732,7544,0,0,150415,7504
44650247,1,1,1,0,123,1,7732,7544,0,0,150415,657
44650248,1,1,1,0,123,1,7732,7544,0,0,1,657
44650249,1,1,1,0,123,1,7732,7544,0,0,1,326
44650250,1,1,1,0,123,1,7732,7544,0,0,1,326
44650251,1,1,1,0,123,1,7732,7544,0,0,1,326
44650252,1,1,1,0,123,1,7732,7544,0,0,1,327
44650253,1,1,1,0,123,1,7732,7544,0,0,1,327
44650254,1,1,1,0,123,1,7732,7544,0,0,1,330
44650255,1,1,1,0,123,1,7732,7544,0,0,1,660
44650256,1,1,1,0,123,1,7732,7544,0,0,1,660
44650257,1,1,1,0,123,1,7732,7544,0,0,1,660
44650258,1,1,1,0,123,1,7732,7544,0,0,1,3655
44650259,44,1,1,0,123,1,7732,7544,0,0,110044,3655
44650260,44,1,1,0,123,1,7732,7544,0,0,110044,3655
44650261,44,1,1,0,123,1,7732,7544,0,0,110044,474
44650262,44,1,1,0,123,110044,7732,7544,0,0,110044,474
44650263,44,1,1,0,123,110044,7732,7544,0,0,110044,474
44650264,44,1,1,0,123,110044,7732,7544,0,0,110044,475
44650265,305,1,1,3,123,110044,7732,7544,0,0,305,475
44650266,305,1,1,3,123,110044,7732,7544,0,0,305,476
44650267,305,1,1,3,123,110044,7732,7544,0,0,305,501
44650268,44,1,1,0,123,110044,7732,7544,0,0,110044,501
44650269,44,1,1,0,123,110044,7732,7544,0,0,110044,501
44650270,44,1,1,0,123,110044,7732,7544,0,0,110044,502
44650271,7,1,1,0,123,110044,7732,7544,0,0,7,502
44650272,7,1,1,0,123,110044,7732,7544,0,0,7,503
44650273,7,1,1,0,123,110044,7732,7544,0,0,7,503
44650274,300,1,1,0,123,300,7732,7544,0,0,300,503
44650275,300,1,1,0,123,300,7732,7544,0,0,300,504
44650276,300,1,1,0,123,300,7732,7544,0,0,300,511
44650277,3,1,1,0,123,300,7732,7544,0,0,3,511
44650278,3,1,1,0,123,300,7732,7544,0,0,3,511
44650279,3,1,1,0,123,300,7732,7544,0,0,3,3725
44650280,141,1,1,0,123,304,7732,7544,0,0,30141,3725
44650281,141,1,1,0,123,304,7732,7544,0,0,30141,3725
44650282,141,1,1,0,123,304,7732,7544,0,0,30141,476
44650283,123,0,1,0,123,30141,7732,7544,0,0,123,476
# MARK wr tick=44650283
44650284,123,0,1,0,123,30141,7732,7544,0,0,123,476
44946994,44,1,1,0,0,10044,7732,7544,0,0,10044,326
44946995,44,1,1,0,0,10044,7732,7544,0,0,10044,327
44946996,44,1,1,0,0,10044,7732,7544,0,0,10044,327
44946997,44,1,1,0,0,10044,7732,7544,0,0,10044,330
44946998,44,1,1,0,0,10044,7732,7544,0,0,10044,660
44946999,44,1,1,0,0,10044,7732,7544,0,0,10044,660
44947000,44,1,1,0,0,10044,7732,7544,0,0,10044,660
44947001,44,1,1,0,0,10044,7732,7544,0,0,10044,3642
44947002,44,1,1,0,0,10044,7732,7544,0,0,10044,3642
44947003,44,1,1,0,0,10044,7732,7544,0,0,10044,3642
44947004,44,1,1,0,0,10044,7732,7544,0,0,10044,663
44947005,0,1,1,0,0,10044,7732,7544,0,0,100000,663
44947006,0,1,1,0,0,10044,7732,7544,0,0,100000,663
44947007,0,1,1,0,0,10044,7732,7544,0,0,100000,664
44947008,44,1,1,0,0,110044,7732,7544,0,0,110044,664
44947009,44,1,1,0,0,110044,7732,7544,0,0,110044,665
44947010,44,1,1,0,0,110044,7732,7544,0,0,110044,665
44947011,44,1,1,0,0,110044,7732,7544,0,0,110044,665
44947012,44,1,1,0,0,110044,7732,7544,0,0,110044,666
44947013,44,1,1,0,0,110044,7732,7544,0,0,110044,1112
44947014,45,1,1,0,0,110044,7732,7544,0,0,130045,1112
44947015,45,1,1,0,0,110044,7732,7544,0,0,130045,1112
44947016,45,1,1,0,0,110044,7732,7544,0,0,130045,1113
44947017,45,1,1,0,0,110044,7732,7544,0,0,130045,1113
44947018,45,1,1,0,0,110044,7732,7544,0,0,130045,1113
44947019,45,1,1,0,0,110044,7732,7544,0,0,130045,1113
44947020,45,1,1,0,0,110044,7732,7544,0,0,130045,1113
44947021,45,1,1,0,0,110044,7732,7544,0,0,130045,1113
44947022,44,1,1,0,0,110044,7732,7544,0,0,110044,1113
44947023,44,1,1,0,0,110044,7732,7544,0,0,110044,1114
44947024,44,1,1,0,0,110044,7732,7544,0,0,110044,1114
44947025,10,1,1,0,0,110044,7732,7544,0,0,10,1114
44947026,10,1,1,0,0,110044,7732,7544,0,0,10,1115
44947027,10,1,1,0,0,110044,7732,7544,0,0,10,1115
44947028,10,1,1,0,0,110044,7732,7544,0,0,10,1115
44947029,10,1,1,0,0,110044,7732,7544,0,0,10,1115
44947030,10,1,1,0,0,110044,7732,7544,0,0,10,1115
44947031,10,1,1,0,0,110044,7732,7544,0,0,10,1115
44947032,10,1,1,0,0,110044,7732,7544,0,0,10,1115
44947033,0,1,1,0,0,110044,7732,7544,0,0,0,1115
44947034,0,1,1,0,0,110044,7732,7544,0,0,0,1116
44947035,0,1,1,0,0,110044,7732,7544,0,0,0,1116
44947036,44,1,1,0,0,0,7732,7544,0,0,110044,1116
44947037,44,1,1,0,0,0,7732,7544,0,0,110044,666
44947038,44,1,1,0,0,0,7732,7544,0,0,110044,1117
44947039,1,1,1,0,0,0,7732,7544,0,0,60001,1117
44947040,1,1,1,0,0,0,7732,7544,0,0,60001,1120
44947041,1,1,1,0,0,0,7732,7544,0,0,60001,1120
44947042,13,1,1,0,0,0,7732,7544,0,0,100013,1120
44947043,13,1,1,0,0,0,7732,7544,0,0,100013,1121
44947044,13,1,1,0,0,0,7732,7544,0,0,100013,1120
44947045,0,1,1,0,0,100013,7732,7544,0,0,0,1120
44947046,0,1,1,0,0,100013,7732,7544,0,0,0,1120
44947047,0,1,1,0,0,100013,7732,7544,0,0,0,1120
44947048,1,1,1,0,0,26,7732,7544,0,0,1,1120
44947049,1,1,1,0,0,26,7732,7544,0,0,1,1120
44947050,1,1,1,0,0,26,7732,7544,0,0,1,1120
44947051,2,1,1,0,0,54,7732,7544,0,0,2,1120
44947052,2,1,1,0,0,54,7732,7544,0,0,2,1120
44947053,2,1,1,0,0,54,7732,7544,0,0,2,1120
44947054,4,1,1,0,0,130,7732,7544,0,0,4,1120
44947055,4,1,1,0,0,130,7732,7544,0,0,4,1120
44947056,4,1,1,0,0,130,7732,7544,0,0,4,1120
44947057,10,1,1,0,0,260,7732,7544,0,0,10,1120
44947058,10,1,1,0,0,260,7732,7544,0,0,10,1120
44947059,10,1,1,0,0,260,7732,7544,0,0,10,1120
44947060,20,1,1,0,0,540,7732,7544,0,0,20,1120
44947061,20,1,1,0,0,540,7732,7544,0,0,20,1120
44947062,20,1,1,0,0,540,7732,7544,0,0,20,1120
44947063,40,1,1,0,0,1300,7732,7544,0,0,40,1120
44947064,40,1,1,0,0,1300,7732,7544,0,0,40,1120
44947065,40,1,1,0,0,1300,7732,7544,0,0,40,1120
44947066,100,1,1,0,0,2600,7732,7544,0,0,100,1120
44947067,100,1,1,0,0,2600,7732,7544,0,0,100,1120
44947068,100,1,1,0,0,2600,7732,7544,0,0,100,1120
44947069,200,1,1,0,0,5400,7732,7544,0,0,200,1120
44947070,200,1,1,0,0,5400,7732,7544,0,0,200,1120
44947071,200,1,1,0,0,5400,7732,7544,0,0,200,1120
44947072,0,1,1,0,0,13000,7732,7544,0,0,400,1120
44947073,0,1,1,0,0,13000,7732,7544,0,0,400,1120
44947074,0,1,1,0,0,13000,7732,7544,0,0,400,1120
44947075,0,1,1,0,0,26000,7732,7544,0,0,1000,1120
44947076,0,1,1,0,0,26000,7732,7544,0,0,1000,1120
44947077,0,1,1,0,0,26000,7732,7544,0,0,1000,1120
44947078,0,1,1,0,0,54000,7732,7544,0,0,2000,1120
44947079,0,1,1,0,0,54000,7732,7544,0,0,2000,1120
44947080,0,1,1,0,0,54000,7732,7544,0,0,2000,1120
44947081,0,1,1,0,0,130000,7732,7544,0,0,4000,1120
44947082,0,1,1,0,0,130000,7732,7544,0,0,4000,1120
44947083,0,1,1,0,0,130000,7732,7544,0,0,4000,1121
44947084,1,1,1,0,0,60000,7732,7544,0,0,10001,1121
44947085,1,1,1,0,0,60000,7732,7544,0,0,10001,1122
44947086,1,1,1,0,0,60000,7732,7544,0,0,10001,1133
44947087,0,1,1,0,0,140000,7732,7544,0,0,0,1133
44947088,0,1,1,0,0,140000,7732,7544,0,0,0,1133
44947089,0,1,1,0,0,140000,7732,7544,0,0,0,1134
44947090,0,1,1,0,0,0,7732,7544,0,0,0,1134
44947091,0,1,1,0,0,0,7732,7544,0,0,0,1135
44947092,0,1,1,0,0,0,7732,7544,0,0,0,1140
44947093,0,1,1,0,0,0,7732,7544,0,0,0,1140
44947094,0,1,1,0,0,0,7732,7544,0,0,0,1140
44947095,0,1,1,0,0,0,7732,7544,0,0,0,1141
44947096,1,1,1,0,0,0,7732,7544,0,0,1,1141
44947097,1,1,1,0,0,0,7732,7544,0,0,1,1142
44947098,1,1,1,0,0,0,7732,7544,0,0,1,1142
44947099,1,1,1,0,0,1,7732,7544,0,0,1,1142
44947100,1,1,1,0,0,1,7732,7544,0,0,1,1143
44947101,1,1,1,0,0,1,7732,7544,0,0,1,666
44947102,0,1,1,0,0,1,7732,7544,0,0,140000,666
44947103,0,1,1,0,0,1,7732,7544,0,0,140000,666
44947104,0,1,1,0,0,1,7732,7544,0,0,140000,0
44947105,0,1,1,3,0,1,7732,7544,0,0,0,0
44947106,0,1,1,3,0,1,7732,7544,0,0,0,0
44947107,0,1,1,3,0,1,7732,7544,0,0,0,2001
44947108,0,1,1,3,0,1,7732,7544,0,0,0,17040
44947109,0,1,1,3,0,1,7732,7544,0,0,0,17040
44947110,0,1,1,3,0,1,7732,7544,3040,0,0,0
44947111,0,1,1,3,0,1,7732,7544,3040,0,0,6000
44947112,0,1,1,3,0,1,7732,7544,0,0,0,6000
44947113,0,1,1,3,0,1,7732,7544,0,0,0,6000
44947114,0,1,1,3,0,1,7732,7544,0,0,0,6000
44947115,0,1,1,3,0,1,7732,7544,0,44035,44035,6440
44947116,0,1,1,3,0,1,7732,7544,0,44035,44035,6440
44947117,0,1,1,3,0,1,7732,7544,0,44035,44035,6440
44947118,0,1,1,3,0,1,7732,7544,0,44035,44035,6440
44947119,0,1,1,3,0,1,7732,7544,0,0,44035,6440
44947120,0,1,1,3,0,1,7732,7544,0,0,44035,6440
44947121,0,1,1,3,0,1,7732,7544,0,0,44035,6440
44947122,1,1,1,0,0,1,7732,7544,0,0,44035,170
44947123,1,1,1,0,0,1,7732,7544,0,0,0,170
44947124,1,1,1,0,0,1,7732,7544,0,0,0,0
44947125,1,1,1,0,0,1,7732,7544,0,0,0,0
44947126,1,1,1,0,0,1,7732,7544,0,0,0,0
44947127,1,1,1,0,0,1,7732,7544,3075,0,0,0
44947128,1,1,1,0,0,1,7732,7544,3075,0,0,0
44947129,1,1,1,0,0,1,7732,7544,0,0,0,0
44947130,1,1,1,0,0,1,7732,7544,0,0,0,0
44947131,1,1,1,0,0,1,7732,7544,0,0,0,0
44947132,1,1,1,0,0,1,7732,7544,0,124,124,0
44947133,1,1,1,0,0,1,7732,7544,0,124,124,0
44947134,1,1,1,0,0,1,7732,7544,0,124,124,0
44947135,1,1,1,0,0,1,7732,7544,0,124,124,0
44947136,1,1,1,0,0,1,7732,7544,0,0,124,0
44947137,1,1,1,0,0,1,7732,7544,0,0,124,0
44947138,1,1,1,0,0,1,7732,7544,0,0,124,0
44947139,124,1,1,3,0,1,7732,7544,0,0,124,0
44947140,124,1,1,3,0,1,7732,7544,0,0,0,0
44947141,124,1,1,3,0,1,7732,7544,0,0,0,2001
44947142,124,1,1,3,0,1,7732,7544,0,0,0,17041
44947143,124,1,1,3,0,1,7732,7544,0,0,0,17041
44947144,124,1,1,3,0,1,7732,7544,3041,0,0,0
44947145,124,1,1,3,0,1,7732,7544,3041,0,0,6000
44947146,124,1,1,3,0,1,7732,7544,0,0,0,6000
44947147,124,1,1,3,0,1,7732,7544,0,0,0,6000
44947148,124,1,1,3,0,1,7732,7544,0,0,0,6000
44947149,124,1,1,3,0,1,7732,7544,0,50033,50033,6500
44947150,124,1,1,3,0,1,7732,7544,0,50033,50033,6500
44947151,124,1,1,3,0,1,7732,7544,0,50033,50033,6500
44947152,124,1,1,3,0,1,7732,7544,0,50033,50033,6500
44947153,124,1,1,3,0,1,7732,7544,0,0,50033,6500
44947154,124,1,1,3,0,1,7732,7544,0,0,50033,6500
44947155,124,1,1,3,0,1,7732,7544,0,0,50033,6500
44947156,1,1,1,0,124,1,7732,7544,0,0,50033,172
44947157,1,1,1,0,124,1,7732,7544,0,0,0,172
44947158,1,1,1,0,124,1,7732,7544,0,0,0,0
44947159,1,1,1,0,124,1,7732,7544,0,0,0,0
44947160,1,1,1,0,124,1,7732,7544,0,0,0,0
44947161,1,1,1,0,124,1,7732,7544,3074,0,0,0
44947162,1,1,1,0,124,1,7732,7544,3074,0,0,0
44947163,1,1,1,0,124,1,7732,7544,0,0,0,0
44947164,1,1,1,0,124,1,7732,7544,0,0,0,0
44947165,1,1,1,0,124,1,7732,7544,0,0,0,0
44947166,1,1,1,0,124,1,7732,7544,0,300,300,0
44947167,1,1,1,0,124,1,7732,7544,0,300,300,0
44947168,1,1,1,0,124,1,7732,7544,0,300,300,0
44947169,1,1,1,0,124,1,7732,7544,0,300,300,0
44947170,1,1,1,0,124,1,7732,7544,0,0,300,0
44947171,1,1,1,0,124,1,7732,7544,0,0,300,0
44947172,1,1,1,0,124,1,7732,7544,0,0,300,0
44947173,300,1,1,3,124,1,7732,7544,0,0,300,0
44947174,300,1,1,3,124,1,7732,7544,0,0,0,0
44947175,300,1,1,3,124,1,7732,7544,0,0,0,2001
44947176,300,1,1,3,124,1,7732,7544,0,0,0,17042
44947177,300,1,1,3,124,1,7732,7544,0,0,0,17042
44947178,300,1,1,3,124,1,7732,7544,3042,0,0,0
44947179,300,1,1,3,124,1,7732,7544,3042,0,0,6000
44947180,300,1,1,3,124,1,7732,7544,0,0,0,6000
44947181,300,1,1,3,124,1,7732,7544,0,0,0,6000
44947182,300,1,1,3,124,1,7732,7544,0,0,0,6000
44947183,300,1,1,3,124,1,7732,7544,0,173005,173005,7730
44947184,300,1,1,3,124,1,7732,7544,0,173005,173005,7730
44947185,300,1,1,3,124,1,7732,7544,0,173005,173005,7730
44947186,300,1,1,3,124,1,7732,7544,0,173005,173005,7730
44947187,300,1,1,3,124,1,7732,7544,0,0,173005,7730
44947188,300,1,1,3,124,1,7732,7544,0,0,173005,7730
44947189,300,1,1,3,124,1,7732,7544,0,0,173005,7730
44947190,5,1,1,3,124,1,7732,7544,0,0,173005,0
44947191,5,1,1,3,124,1,7732,7544,0,0,0,0
44947192,5,1,1,3,124,1,7732,7544,0,0,0,2001
44947193,5,1,1,3,124,1,7732,7544,0,0,0,17043
44947194,5,1,1,3,124,1,7732,7544,0,0,0,17043
44947195,5,1,1,3,124,1,7732,7544,3043,0,0,0
44947196,5,1,1,3,124,1,7732,7544,3043,0,0,6000
44947197,5,1,1,3,124,1,7732,7544,0,0,0,6000
44947198,5,1,1,3,124,1,7732,7544,0,0,0,6000
44947199,5,1,1,3,124,1,7732,7544,0,0,0,6000
44947200,5,1,1,3,124,1,7732,7544,0,150415,150415,7504
44947201,5,1,1,3,124,1,7732,7544,0,150415,150415,7504
44947202,5,1,1,3,124,1,7732,7544,0,150415,150415,7504
44947203,5,1,1,3,124,1,7732,7544,0,150415,150415,7504
44947204,5,1,1,3,124,1,7732,7544,0,0,150415,7504
44947205,5,1,1,3,124,1,7732,7544,0,0,150415,7504
44947206,5,1,1,3,124,1,7732,7544,0,0,150415,7504
44947207,1,1,1,0,124,1,7732,7544,0,0,150415,657
44947208,1,1,1,0,124,1,7732,7544,0,0,1,657
44947209,1,1,1,0,124,1,7732,7544,0,0,1,326
44947210,1,1,1,0,124,1,7732,7544,0,0,1,326
44947211,1,1,1,0,124,1,7732,7544,0,0,1,326
44947212,1,1,1,0,124,1,7732,7544,0,0,1,327
44947213,1,1,1,0,124,1,7732,7544,0,0,1,327
44947214,1,1,1,0,124,1,7732,7544,0,0,1,330
44947215,1,1,1,0,124,1,7732,7544,0,0,1,660
44947216,1,1,1,0,124,1,7732,7544,0,0,1,660
44947217,1,1,1,0,124,1,7732,7544,0,0,1,660
44947218,1,1,1,0,124,1,7732,7544,0,0,1,3655
44947219,44,1,1,0,124,1,7732,7544,0,0,110044,3655
44947220,44,1,1,0,124,1,7732,7544,0,0,110044,3655
44947221,44,1,1,0,124,1,7732,7544,0,0,110044,474
44947222,44,1,1,0,124,110044,7732,7544,0,0,110044,474
44947223,44,1,1,0,124,110044,7732,7544,0,0,110044,474
44947224,44,1,1,0,124,110044,7732,7544,0,0,110044,475
44947225,305,1,1,3,124,110044,7732,7544,0,0,305,475
44947226,305,1,1,3,124,110044,7732,7544,0,0,305,476
44947227,305,1,1,3,124,110044,7732,7544,0,0,305,501
44947228,44,1,1,0,124,110044,7732,7544,0,0,110044,501
44947229,44,1,1,0,124,110044,7732,7544,0,0,110044,501
44947230,44,1,1,0,124,110044,7732,7544,0,0,110044,502
44947231,7,1,1,0,124,110044,7732,7544,0,0,7,502
44947232,7,1,1,0,124,110044,7732,7544,0,0,7,503
44947233,7,1,1,0,124,110044,7732,7544,0,0,7,503
44947234,300,1,1,0,124,300,7732,7544,0,0,300,503
44947235,300,1,1,0,124,300,7732,7544,0,0,300,504
44947236,300,1,1,0,124,300,7732,7544,0,0,300,511
44947237,3,1,1,0,124,300,7732,7544,0,0,3,511
44947238,3,1,1,0,124,300,7732,7544,0,0,3,511
44947239,3,1,1,0,124,300,7732,7544,0,0,3,3725
44947240,141,1,1,0,124,304,7732,7544,0,0,30141,3725
44947241,141,1,1,0,124,304,7732,7544,0,0,30141,3725
44947242,141,1,1,0,124,304,7732,7544,0,0,30141,476
44947243,124,0,1,0,124,30141,7732,7544,0,0,124,476
# MARK wr tick=44947243
44947244,124,0,1,0,124,30141,7732,7544,0,0,124,476
45242650,44,1,1,0,0,10044,7732,7544,0,0,10044,326
45242651,44,1,1,0,0,10044,7732,7544,0,0,10044,327
45242652,44,1,1,0,0,10044,7732,7544,0,0,10044,327
45242653,44,1,1,0,0,10044,7732,7544,0,0,10044,330
45242654,44,1,1,0,0,10044,7732,7544,0,0,10044,660
45242655,44,1,1,0,0,10044,7732,7544,0,0,10044,660
45242656,44,1,1,0,0,10044,7732,7544,0,0,10044,660
45242657,44,1,1,0,0,10044,7732,7544,0,0,10044,3642
45242658,44,1,1,0,0,10044,7732,7544,0,0,10044,3642
45242659,44,1,1,0,0,10044,7732,7544,0,0,10044,3642
45242660,44,1,1,0,0,10044,7732,7544,0,0,10044,663
45242661,0,1,1,0,0,10044,7732,7544,0,0,100000,663
45242662,0,1,1,0,0,10044,7732,7544,0,0,100000,663
45242663,0,1,1,0,0,10044,7732,7544,0,0,100000,664
45242664,44,1,1,0,0,110044,7732,7544,0,0,110044,664
45242665,44,1,1,0,0,110044,7732,7544,0,0,110044,665
45242666,44,1,1,0,0,110044,7732,7544,0,0,110044,665
45242667,44,1,1,0,0,110044,7732,7544,0,0,110044,665
45242668,44,1,1,0,0,110044,7732,7544,0,0,110044,666
45242669,44,1,1,0,0,110044,7732,7544,0,0,110044,1112
45242670,45,1,1,0,0,110044,7732,7544,0,0,130045,1112
45242671,45,1,1,0,0,110044,7732,7544,0,0,130045,1112
45242672,45,1,1,0,0,110044,7732,7544,0,0,130045,1113
45242673,45,1,1,0,0,110044,7732,7544,0,0,130045,1113
45242674,45,1,1,0,0,110044,7732,7544,0,0,130045,1113
45242675,45,1,1,0,0,110044,7732,7544,0,0,130045,1113
45242676,45,1,1,0,0,110044,7732,7544,0,0,130045,1113
45242677,45,1,1,0,0,110044,7732,7544,0,0,130045,1113
45242678,44,1,1,0,0,110044,7732,7544,0,0,110044,1113
45242679,44,1,1,0,0,110044,7732,7544,0,0,110044,1114
45242680,44,1,1,0,0,110044,7732,7544,0,0,110044,1114
45242681,10,1,1,0,0,110044,7732,7544,0,0,10,1114
45242682,10,1,1,0,0,110044,7732,7544,0,0,10,1115
45242683,10,1,1,0,0,110044,7732,7544,0,0,10,1115
45242684,10,1,1,0,0,110044,7732,7544,0,0,10,1115
45242685,10,1,1,0,0,110044,7732,7544,0,0,10,1115
45242686,10,1,1,0,0,110044,7732,7544,0,0,10,1115
45242687,10,1,1,0,0,110044,7732,7544,0,0,10,1115
45242688,10,1,1,0,0,110044,7732,7544,0,0,10,1115
45242689,0,1,1,0,0,110044,7732,7544,0,0,0,1115
45242690,0,1,1,0,0,110044,7732,7544,0,0,0,1116
45242691,0,1,1,0,0,110044,7732,7544,0,0,0,1116
45242692,44,1,1,0,0,0,7732,7544,0,0,110044,1116
45242693,44,1,1,0,0,0,7732,7544,0,0,110044,666
45242694,44,1,1,0,0,0,7732,7544,0,0,110044,1117
45242695,1,1,1,0,0,0,7732,7544,0,0,60001,1117
45242696,1,1,1,0,0,0,7732,7544,0,0,60001,1120
45242697,1,1,1,0,0,0,7732,7544,0,0,60001,1120
45242698,13,1,1,0,0,0,7732,7544,0,0,100013,1120
45242699,13,1,1,0,0,0,7732,7544,0,0,100013,1121
45242700,13,1,1,0,0,0,7732,7544,0,0,100013,1120
45242701,0,1,1,0,0,100013,7732,7544,0,0,0,1120
45242702,0,1,1,0,0,100013,7732,7544,0,0,0,1120
45242703,0,1,1,0,0,100013,7732,7544,0,0,0,1120
45242704,1,1,1,0,0,26,7732,7544,0,0,1,1120
45242705,1,1,1,0,0,26,7732,7544,0,0,1,1120
45242706,1,1,1,0,0,26,7732,7544,0,0,1,1120
45242707,2,1,1,0,0,54,7732,7544,0,0,2,1120
45242708,2,1,1,0,0,54,7732,7544,0,0,2,1120
45242709,2,1,1,0,0,54,7732,7544,0,0,2,1120
45242710,4,1,1,0,0,130,7732,7544,0,0,4,1120
45242711,4,1,1,0,0,130,7732,7544,0,0,4,1120
45242712,4,1,1,0,0,130,7732,7544,0,0,4,1120
45242713,10,1,1,0,0,260,7732,7544,0,0,10,1120
45242714,10,1,1,0,0,260,7732,7544,0,0,10,1120
45242715,10,1,1,0,0,260,7732,7544,0,0,10,1120
45242716,20,1,1,0,0,540,7732,7544,0,0,20,1120
45242717,20,1,1,0,0,540,7732,7544,0,0,20,1120
45242718,20,1,1,0,0,540,7732,7544,0,0,20,1120
45242719,40,1,1,0,0,1300,7732,7544,0,0,40,1120
45242720,40,1,1,0,0,1300,7732,7544,0,0,40,1120
45242721,40,1,1,0,0,1300,7732,7544,0,0,40,1120
45242722,100,1,1,0,0,2600,7732,7544,0,0,100,1120
45242723,100,1,1,0,0,2600,7732,7544,0,0,100,1120
45242724,100,1,1,0,0,2600,7732,7544,0,0,100,1120
45242725,200,1,1,0,0,5400,7732,7544,0,0,200,1120
45242726,200,1,1,0,0,5400,7732,7544,0,0,200,1120
45242727,200,1,1,0,0,5400,7732,7544,0,0,200,1120
45242728,0,1,1,0,0,13000,7732,7544,0,0,400,1120
45242729,0,1,1,0,0,13000,7732,7544,0,0,400,1120
45242730,0,1,1,0,0,13000,7732,7544,0,0,400,1120
45242731,0,1,1,0,0,26000,7732,7544,0,0,1000,1120
45242732,0,1,1,0,0,26000,7732,7544,0,0,1000,1120
45242733,0,1,1,0,0,26000,7732,7544,0,0,1000,1120
45242734,0,1,1,0,0,54000,7732,7544,0,0,2000,1120
45242735,0,1,1,0,0,54000,7732,7544,0,0,2000,1120
45242736,0,1,1,0,0,54000,7732,7544,0,0,2000,1120
45242737,0,1,1,0,0,130000,7732,7544,0,0,4000,1120
45242738,0,1,1,0,0,130000,7732,7544,0,0,4000,1120
45242739,0,1,1,0,0,130000,7732,7544,0,0,4000,1121
45242740,1,1,1,0,0,60000,7732,7544,0,0,10001,1121
45242741,1,1,1,0,0,60000,7732,7544,0,0,10001,1122
45242742,1,1,1,0,0,60000,7732,7544,0,0,10001,1133
45242743,0,1,1,0,0,140000,7732,7544,0,0,0,1133
45242744,0,1,1,0,0,140000,7732,7544,0,0,0,1133
45242745,0,1,1,0,0,140000,7732,7544,0,0,0,1134
45242746,0,1,1,0,0,0,7732,7544,0,0,0,1134
45242747,0,1,1,0,0,0,7732,7544,0,0,0,1135
45242748,0,1,1,0,0,0,7732,7544,0,0,0,1140
45242749,0,1,1,0,0,0,7732,7544,0,0,0,1140
45242750,0,1,1,0,0,0,7732,7544,0,0,0,1140
45242751,0,1,1,0,0,0,7732,7544,0,0,0,1141
45242752,1,1,1,0,0,0,7732,7544,0,0,1,1141
45242753,1,1,1,0,0,0,7732,7544,0,0,1,1142
45242754,1,1,1,0,0,0,7732,7544,0,0,1,1142
45242755,1,1,1,0,0,1,7732,7544,0,0,1,1142
45242756,1,1,1,0,0,1,7732,7544,0,0,1,1143
45242757,1,1,1,0,0,1,7732,7544,0,0,1,666
45242758,0,1,1,0,0,1,7732,7544,0,0,140000,666
45242759,0,1,1,0,0,1,7732,7544,0,0,140000,666
45242760,0,1,1,0,0,1,7732,7544,0,0,140000,0
45242761,0,1,1,3,0,1,7732,7544,0,0,0,0
45242762,0,1,1,3,0,1,7732,7544,0,0,0,0
45242763,0,1,1,3,0,1,7732,7544,0,0,0,2001
45242764,0,1,1,3,0,1,7732,7544,0,0,0,17040
45242765,0,1,1,3,0,1,7732,7544,0,0,0,17040
45242766,0,1,1,3,0,1,7732,7544,3040,0,0,0
45242767,0,1,1,3,0,1,7732,7544,3040,0,0,6000
45242768,0,1,1,3,0,1,7732,7544,0,0,0,6000
45242769,0,1,1,3,0,1,7732,7544,0,0,0,6000
45242770,0,1,1,3,0,1,7732,7544,0,0,0,6000
45242771,0,1,1,3,0,1,7732,7544,0,44035,44035,6440
45242772,0,1,1,3,0,1,7732,7544,0,44035,44035,6440
45242773,0,1,1,3,0,1,7732,7544,0,44035,44035,6440
45242774,0,1,1,3,0,1,7732,7544,0,44035,44035,6440
45242775,0,1,1,3,0,1,7732,7544,0,0,44035,6440
45242776,0,1,1,3,0,1,7732,7544,0,0,44035,6440
45242777,0,1,1,3,0,1,7732,7544,0,0,44035,6440
45242778,1,1,1,0,0,1,7732,7544,0,0,44035,170
45242779,1,1,1,0,0,1,7732,7544,0,0,0,170
45242780,1,1,1,0,0,1,7732,7544,0,0,0,0
45242781,1,1,1,0,0,1,7732,7544,0,0,0,0
45242782,1,1,1,0,0,1,7732,7544,0,0,0,0
45242783,1,1,1,0,0,1,7732,7544,3075,0,0,0
45242784,1,1,1,0,0,1,7732,7544,3075,0,0,0
45242785,1,1,1,0,0,1,7732,7544,0,0,0,0
45242786,1,1,1,0,0,1,7732,7544,0,0,0,0
45242787,1,1,1,0,0,1,7732,7544,0,0,0,0
45242788,1,1,1,0,0,1,7732,7544,0,122,122,0
45242789,1,1,1,0,0,1,7732,7544,0,122,122,0
45242790,1,1,1,0,0,1,7732,7544,0,122,122,0
45242791,1,1,1,0,0,1,7732,7544,0,122,122,0
45242792,1,1,1,0,0,1,7732,7544,0,0,122,0
45242793,1,1,1,0,0,1,7732,7544,0,0,122,0
45242794,1,1,1,0,0,1,7732,7544,0,0,122,0
45242795,122,1,1,3,0,1,7732,7544,0,0,122,0
45242796,122,1,1,3,0,1,7732,7544,0,0,0,0
45242797,122,1,1,3,0,1,7732,7544,0,0,0,2001
45242798,122,1,1,3,0,1,7732,7544,0,0,0,17041
45242799,122,1,1,3,0,1,7732,7544,0,0,0,17041
45242800,122,1,1,3,0,1,7732,7544,3041,0,0,0
45242801,122,1,1,3,0,1,7732,7544,3041,0,0,6000
45242802,122,1,1,3,0,1,7732,7544,0,0,0,6000
45242803,122,1,1,3,0,1,7732,7544,0,0,0,6000
45242804,122,1,1,3,0,1,7732,7544,0,0,0,6000
45242805,122,1,1,3,0,1,7732,7544,0,50033,50033,6500
45242806,122,1,1,3,0,1,7732,7544,0,50033,50033,6500
45242807,122,1,1,3,0,1,7732,7544,0,50033,50033,6500
45242808,122,1,1,3,0,1,7732,7544,0,50033,50033,6500
45242809,122,1,1,3,0,1,7732,7544,0,0,50033,6500
45242810,122,1,1,3,0,1,7732,7544,0,0,50033,6500
45242811,122,1,1,3,0,1,7732,7544,0,0,50033,6500
45242812,1,1,1,0,122,1,7732,7544,0,0,50033,172
45242813,1,1,1,0,122,1,7732,7544,0,0,0,172
45242814,1,1,1,0,122,1,7732,7544,0,0,0,0
45242815,1,1,1,0,122,1,7732,7544,0,0,0,0
45242816,1,1,1,0,122,1,7732,7544,0,0,0,0
45242817,1,1,1,0,122,1,7732,7544,3074,0,0,0
45242818,1,1,1,0,122,1,7732,7544,3074,0,0,0
45242819,1,1,1,0,122,1,7732,7544,0,0,0,0
45242820,1,1,1,0,122,1,7732,7544,0,0,0,0
45242821,1,1,1,0,122,1,7732,7544,0,0,0,0
45242822,1,1,1,0,122,1,7732,7544,0,300,300,0
45242823,1,1,1,0,122,1,7732,7544,0,300,300,0
45242824,1,1,1,0,122,1,7732,7544,0,300,300,0
45242825,1,1,1,0,122,1,7732,7544,0,300,300,0
45242826,1,1,1,0,122,1,7732,7544,0,0,300,0
45242827,1,1,1,0,122,1,7732,7544,0,0,300,0
45242828,1,1,1,0,122,1,7732,7544,0,0,300,0
45242829,300,1,1,3,122,1,7732,7544,0,0,300,0
45242830,300,1,1,3,122,1,7732,7544,0,0,0,0
45242831,300,1,1,3,122,1,7732,7544,0,0,0,2001
45242832,300,1,1,3,122,1,7732,7544,0,0,0,17042
45242833,300,1,1,3,122,1,7732,7544,0,0,0,17042
45242834,300,1,1,3,122,1,7732,7544,3042,0,0,0
45242835,300,1,1,3,122,1,7732,7544,3042,0,0,6000
45242836,300,1,1,3,122,1,7732,7544,0,0,0,6000
45242837,300,1,1,3,122,1,7732,7544,0,0,0,6000
45242838,300,1,1,3,122,1,7732,7544,0,0,0,6000
45242839,300,1,1,3,122,1,7732,7544,0,173005,173005,7730
45242840,300,1,1,3,122,1,7732,7544,0,173005,173005,7730
45242841,300,1,1,3,122,1,7732,7544,0,173005,173005,7730
45242842,300,1,1,3,122,1,7732,7544,0,173005,173005,7730
45242843,300,1,1,3,122,1,7732,7544,0,0,173005,7730
45242844,300,1,1,3,122,1,7732,7544,0,0,173005,7730
45242845,300,1,1,3,122,1,7732,7544,0,0,173005,7730
45242846,5,1,1,3,122,1,7732,7544,0,0,173005,0
45242847,5,1,1,3,122,1,7732,7544,0,0,0,0
45242848,5,1,1,3,122,1,7732,7544,0,0,0,2001
45242849,5,1,1,3,122,1,7732,7544,0,0,0,17043
45242850,5,1,1,3,122,1,7732,7544,0,0,0,17043
45242851,5,1,1,3,122,1,7732,7544,3043,0,0,0
45242852,5,1,1,3,122,1,7732,7544,3043,0,0,6000
45242853,5,1,1,3,122,1,7732,7544,0,0,0,6000
45242854,5,1,1,3,122,1,7732,7544,0,0,0,6000
45242855,5,1,1,3,122,1,7732,7544,0,0,0,6000
45242856,5,1,1,3,122,1,7732,7544,0,150415,150415,7504
45242857,5,1,1,3,122,1,7732,7544,0,150415,150415,7504
45242858,5,1,1,3,122,1,7732,7544,0,150415,150415,7504
45242859,5,1,1,3,122,1,7732,7544,0,150415,150415,7504
45242860,5,1,1,3,122,1,7732,7544,0,0,150415,7504
45242861,5,1,1,3,122,1,7732,7544,0,0,150415,7504
45242862,5,1,1,3,122,1,7732,7544,0,0,150415,7504
45242863,1,1,1,0,122,1,7732,7544,0,0,150415,657
45242864,1,1,1,0,122,1,7732,7544,0,0,1,657
45242865,1,1,1,0,122,1,7732,7544,0,0,1,326
45242866,1,1,1,0,122,1,7732,7544,0,0,1,326
45242867,1,1,1,0,122,1,7732,7544,0,0,1,326
45242868,1,1,1,0,122,1,7732,7544,0,0,1,327
45242869,1,1,1,0,122,1,7732,7544,0,0,1,327
45242870,1,1,1,0,122,1,7732,7544,0,0,1,330
45242871,1,1,1,0,122,1,7732,7544,0,0,1,660
45242872,1,1,1,0,122,1,7732,7544,0,0,1,660
45242873,1,1,1,0,122,1,7732,7544,0,0,1,660
45242874,1,1,1,0,122,1,7732,7544,0,0,1,3655
45242875,44,1,1,0,122,1,7732,7544,0,0,110044,3655
45242876,44,1,1,0,122,1,7732,7544,0,0,110044,3655
45242877,44,1,1,0,122,1,7732,7544,0,0,110044,474
45242878,44,1,1,0,122,110044,7732,7544,0,0,110044,474
45242879,44,1,1,0,122,110044,7732,7544,0,0,110044,474
45242880,44,1,1,0,122,110044,7732,7544,0,0,110044,475
45242881,305,1,1,3,122,110044,7732,7544,0,0,305,475
45242882,305,1,1,3,122,110044,7732,7544,0,0,305,476
45242883,305,1,1,3,122,110044,7732,7544,0,0,305,501
45242884,44,1,1,0,122,110044,7732,7544,0,0,110044,501
45242885,44,1,1,0,122,110044,7732,7544,0,0,110044,501
45242886,44,1,1,0,122,110044,7732,7544,0,0,110044,502
45242887,7,1,1,0,122,110044,7732,7544,0,0,7,502
45242888,7,1,1,0,122,110044,7732,7544,0,0,7,503
45242889,7,1,1,0,122,110044,7732,7544,0,0,7,503
45242890,300,1,1,0,122,300,7732,7544,0,0,300,503
45242891,300,1,1,0,122,300,7732,7544,0,0,300,504
45242892,300,1,1,0,122,300,7732,7544,0,0,300,511
45242893,3,1,1,0,122,300,7732,7544,0,0,3,511
45242894,3,1,1,0,122,300,7732,7544,0,0,3,511
45242895,3,1,1,0,122,300,7732,7544,0,0,3,3725
45242896,141,1,1,0,122,304,7732,7544,0,0,30141,3725
45242897,141,1,1,0,122,304,7732,7544,0,0,30141,3725
45242898,141,1,1,0,122,304,7732,7544,0,0,30141,476
45242899,122,0,1,0,122,30141,7732,7544,0,0,122,476
# MARK wr tick=45242899
45242900,122,0,1,0,122,30141,7732,7544,0,0,122,476
45539293,44,1,1,0,0,10044,7732,7544,0,0,10044,326
45539294,44,1,1,0,0,10044,7732,7544,0,0,10044,327
45539295,44,1,1,0,0,10044,7732,7544,0,0,10044,327
45539296,44,1,1,0,0,10044,7732,7544,0,0,10044,330
45539297,44,1,1,0,0,10044,7732,7544,0,0,10044,660
45539298,44,1,1,0,0,10044,7732,7544,0,0,10044,660
45539299,44,1,1,0,0,10044,7732,7544,0,0,10044,660
45539300,44,1,1,0,0,10044,7732,7544,0,0,10044,3642
45539301,44,1,1,0,0,10044,7732,7544,0,0,10044,3642
45539302,44,1,1,0,0,10044,7732,7544,0,0,10044,3642
45539303,44,1,1,0,0,10044,7732,7544,0,0,10044,663
45539304,0,1,1,0,0,10044,7732,7544,0,0,100000,663
45539305,0,1,1,0,0,10044,7732,7544,0,0,100000,663
45539306,0,1,1,0,0,10044,7732,7544,0,0,100000,664
45539307,44,1,1,0,0,110044,7732,7544,0,0,110044,664
45539308,44,1,1,0,0,110044,7732,7544,0,0,110044,665
45539309,44,1,1,0,0,110044,7732,7544,0,0,110044,665
45539310,44,1,1,0,0,110044,7732,7544,0,0,110044,665
45539311,44,1,1,0,0,110044,7732,7544,0,0,110044,666
45539312,44,1,1,0,0,110044,7732,7544,0,0,110044,1112
45539313,45,1,1,0,0,110044,7732,7544,0,0,130045,1112
45539314,45,1,1,0,0,110044,7732,7544,0,0,130045,1112
45539315,45,1,1,0,0,110044,7732,7544,0,0,130045,1113
45539316,45,1,1,0,0,110044,7732,7544,0,0,130045,1113
45539317,45,1,1,0,0,110044,7732,7544,0,0,130045,1113
45539318,45,1,1,0,0,110044,7732,7544,0,0,130045,1113
45539319,45,1,1,0,0,110044,7732,7544,0,0,130045,1113
45539320,45,1,1,0,0,110044,7732,7544,0,0,130045,1113
45539321,44,1,1,0,0,110044,7732,7544,0,0,110044,1113
45539322,44,1,1,0,0,110044,7732,7544,0,0,110044,1114
45539323,44,1,1,0,0,110044,7732,7544,0,0,110044,1114
45539324,10,1,1,0,0,110044,7732,7544,0,0,10,1114
45539325,10,1,1,0,0,110044,7732,7544,0,0,10,1115
45539326,10,1,1,0,0,110044,7732,7544,0,0,10,1115
45539327,10,1,1,0,0,110044,7732,7544,0,0,10,1115
45539328,10,1,1,0,0,110044,7732,7544,0,0,10,1115
45539329,10,1,1,0,0,110044,7732,7544,0,0,10,1115
45539330,10,1,1,0,0,110044,7732,7544,0,0,10,1115
45539331,10,1,1,0,0,110044,7732,7544,0,0,10,1115
45539332,0,1,1,0,0,110044,7732,7544,0,0,0,1115
45539333,0,1,1,0,0,110044,7732,7544,0,0,0,1116
45539334,0,1,1,0,0,110044,7732,7544,0,0,0,1116
45539335,44,1,1,0,0,0,7732,7544,0,0,110044,1116
45539336,44,1,1,0,0,0,7732,7544,0,0,110044,666
45539337,44,1,1,0,0,0,7732,7544,0,0,110044,1117
45539338,1,1,1,0,0,0,7732,7544,0,0,60001,1117
45539339,1,1,1,0,0,0,7732,7544,0,0,60001,1120
45539340,1,1,1,0,0,0,7732,7544,0,0,60001,1120
45539341,13,1,1,0,0,0,7732,7544,0,0,100013,1120
45539342,13,1,1,0,0,0,7732,7544,0,0,100013,1121
45539343,13,1,1,0,0,0,7732,7544,0,0,100013,1120
45539344,0,1,1,0,0,100013,7732,7544,0,0,0,1120
45539345,0,1,1,0,0,100013,7732,7544,0,0,0,1120
45539346,0,1,1,0,0,100013,7732,7544,0,0,0,1120
45539347,1,1,1,0,0,26,7732,7544,0,0,1,1120
45539348,1,1,1,0,0,26,7732,7544,0,0,1,1120
45539349,1,1,1,0,0,26,7732,7544,0,0,1,1120
45539350,2,1,1,0,0,54,7732,7544,0,0,2,1120
45539351,2,1,1,0,0,54,7732,7544,0,0,2,1120
45539352,2,1,1,0,0,54,7732,7544,0,0,2,1120
45539353,4,1,1,0,0,130,7732,7544,0,0,4,1120
45539354,4,1,1,0,0,130,7732,7544,0,0,4,1120
45539355,4,1,1,0,0,130,7732,7544,0,0,4,1120
45539356,10,1,1,0,0,260,7732,7544,0,0,10,1120
45539357,10,1,1,0,0,260,7732,7544,0,0,10,1120
45539358,10,1,1,0,0,260,7732,7544,0,0,10,1120
45539359,20,1,1,0,0,540,7732,7544,0,0,20,1120
45539360,20,1,1,0,0,540,7732,7544,0,0,20,1120
45539361,20,1,1,0,0,540,7732,7544,0,0,20,1120
45539362,40,1,1,0,0,1300,7732,7544,0,0,40,1120
45539363,40,1,1,0,0,1300,7732,7544,0,0,40,1120
45539364,40,1,1,0,0,1300,7732,7544,0,0,40,1120
45539365,100,1,1,0,0,2600,7732,7544,0,0,100,1120
45539366,100,1,1,0,0,2600,7732,7544,0,0,100,1120
45539367,100,1,1,0,0,2600,7732,7544,0,0,100,1120
45539368,200,1,1,0,0,5400,7732,7544,0,0,200,1120
45539369,200,1,1,0,0,5400,7732,7544,0,0,200,1120
45539370,200,1,1,0,0,5400,7732,7544,0,0,200,1120
45539371,0,1,1,0,0,13000,7732,7544,0,0,400,1120
45539372,0,1,1,0,0,13000,7732,7544,0,0,400,1120
45539373,0,1,1,0,0,13000,7732,7544,0,0,400,1120
45539374,0,1,1,0,0,26000,7732,7544,0,0,1000,1120
45539375,0,1,1,0,0,26000,7732,7544,0,0,1000,1120
45539376,0,1,1,0,0,26000,7732,7544,0,0,1000,1120
45539377,0,1,1,0,0,54000,7732,7544,0,0,2000,1120
45539378,0,1,1,0,0,54000,7732,7544,0,0,2000,1120
45539379,0,1,1,0,0,54000,7732,7544,0,0,2000,1120
45539380,0,1,1,0,0,130000,7732,7544,0,0,4000,1120
45539381,0,1,1,0,0,130000,7732,7544,0,0,4000,1120
45539382,0,1,1,0,0,130000,7732,7544,0,0,4000,1121
45539383,1,1,1,0,0,60000,7732,7544,0,0,10001,1121
45539384,1,1,1,0,0,60000,7732,7544,0,0,10001,1122
45539385,1,1,1,0,0,60000,7732,7544,0,0,10001,1133
45539386,0,1,1,0,0,140000,7732,7544,0,0,0,1133
45539387,0,1,1,0,0,140000,7732,7544,0,0,0,1133
45539388,0,1,1,0,0,140000,7732,7544,0,0,0,1134
45539389,0,1,1,0,0,0,7732,7544,0,0,0,1134
45539390,0,1,1,0,0,0,7732,7544,0,0,0,1135
45539391,0,1,1,0,0,0,7732,7544,0,0,0,1140
45539392,0,1,1,0,0,0,7732,7544,0,0,0,1140
45539393,0,1,1,0,0,0,7732,7544,0,0,0,1140
45539394,0,1,1,0,0,0,7732,7544,0,0,0,1141
45539395,1,1,1,0,0,0,7732,7544,0,0,1,1141
45539396,1,1,1,0,0,0,7732,7544,0,0,1,1142
45539397,1,1,1,0,0,0,7732,7544,0,0,1,1142
45539398,1,1,1,0,0,1,7732,7544,0,0,1,1142
45539399,1,1,1,0,0,1,7732,7544,0,0,1,1143
45539400,1,1,1,0,0,1,7732,7544,0,0,1,666
45539401,0,1,1,0,0,1,7732,7544,0,0,140000,666
45539402,0,1,1,0,0,1,7732,7544,0,0,140000,666
45539403,0,1,1,0,0,1,7732,7544,0,0,140000,0
45539404,0,1,1,3,0,1,7732,7544,0,0,0,0
45539405,0,1,1,3,0,1,7732,7544,0,0,0,0
45539406,0,1,1,3,0,1,7732,7544,0,0,0,2001
45539407,0,1,1,3,0,1,7732,7544,0,0,0,17040
45539408,0,1,1,3,0,1,7732,7544,0,0,0,17040
45539409,0,1,1,3,0,1,7732,7544,3040,0,0,0
45539410,0,1,1,3,0,1,7732,7544,3040,0,0,6000
45539411,0,1,1,3,0,1,7732,7544,0,0,0,6000
45539412,0,1,1,3,0,1,7732,7544,0,0,0,6000
45539413,0,1,1,3,0,1,7732,7544,0,0,0,6000
45539414,0,1,1,3,0,1,7732,7544,0,44035,44035,6440
45539415,0,1,1,3,0,1,7732,7544,0,44035,44035,6440
45539416,0,1,1,3,0,1,7732,7544,0,44035,44035,6440
45539417,0,1,1,3,0,1,7732,7544,0,44035,44035,6440
45539418,0,1,1,3,0,1,7732,7544,0,0,44035,6440
45539419,0,1,1,3,0,1,7732,7544,0,0,44035,6440
45539420,0,1,1,3,0,1,7732,7544,0,0,44035,6440
45539421,1,1,1,0,0,1,7732,7544,0,0,44035,170
45539422,1,1,1,0,0,1,7732,7544,0,0,0,170
45539423,1,1,1,0,0,1,7732,7544,0,0,0,0
45539424,1,1,1,0,0,1,7732,7544,0,0,0,0
45539425,1,1,1,0,0,1,7732,7544,0,0,0,0
45539426,1,1,1,0,0,1,7732,7544,3075,0,0,0
45539427,1,1,1,0,0,1,7732,7544,3075,0,0,0
45539428,1,1,1,0,0,1,7732,7544,0,0,0,0
45539429,1,1,1,0,0,1,7732,7544,0,0,0,0
45539430,1,1,1,0,0,1,7732,7544,0,0,0,0
45539431,1,1,1,0,0,1,7732,7544,0,125,125,0
45539432,1,1,1,0,0,1,7732,7544,0,125,125,0
45539433,1,1,1,0,0,1,7732,7544,0,125,125,0
45539434,1,1,1,0,0,1,7732,7544,0,125,125,0
45539435,1,1,1,0,0,1,7732,7544,0,0,125,0
45539436,1,1,1,0,0,1,7732,7544,0,0,125,0
45539437,1,1,1,0,0,1,7732,7544,0,0,125,0
45539438,125,1,1,3,0,1,7732,7544,0,0,125,0
45539439,125,1,1,3,0,1,7732,7544,0,0,0,0
45539440,125,1,1,3,0,1,7732,7544,0,0,0,2001
45539441,125,1,1,3,0,1,7732,7544,0,0,0,17041
45539442,125,1,1,3,0,1,7732,7544,0,0,0,17041
45539443,125,1,1,3,0,1,7732,7544,3041,0,0,0
45539444,125,1,1,3,0,1,7732,7544,3041,0,0,6000
45539445,125,1,1,3,0,1,7732,7544,0,0,0,6000
45539446,125,1,1,3,0,1,7732,7544,0,0,0,6000
45539447,125,1,1,3,0,1,7732,7544,0,0,0,6000
45539448,125,1,1,3,0,1,7732,7544,0,50033,50033,6500
45539449,125,1,1,3,0,1,7732,7544,0,50033,50033,6500
45539450,125,1,1,3,0,1,7732,7544,0,50033,50033,6500
45539451,125,1,1,3,0,1,7732,7544,0,50033,50033,6500
45539452,125,1,1,3,0,1,7732,7544,0,0,50033,6500
45539453,125,1,1,3,0,1,7732,7544,0,0,50033,6500
45539454,125,1,1,3,0,1,7732,7544,0,0,50033,6500
45539455,1,1,1,0,125,1,7732,7544,0,0,50033,172
45539456,1,1,1,0,125,1,7732,7544,0,0,0,172
45539457,1,1,1,0,125,1,7732,7544,0,0,0,0
45539458,1,1,1,0,125,1,7732,7544,0,0,0,0
45539459,1,1,1,0,125,1,7732,7544,0,0,0,0
45539460,1,1,1,0,125,1,7732,7544,3074,0,0,0
45539461,1,1,1,0,125,1,7732,7544,3074,0,0,0
45539462,1,1,1,0,125,1,7732,7544,0,0,0,0
45539463,1,1,1,0,125,1,7732,7544,0,0,0,0
45539464,1,1,1,0,125,1,7732,7544,0,0,0,0
45539465,1,1,1,0,125,1,7732,7544,0,300,300,0
45539466,1,1,1,0,125,1,7732,7544,0,300,300,0
45539467,1,1,1,0,125,1,7732,7544,0,300,300,0
45539468,1,1,1,0,125,1,7732,7544,0,300,300,0
45539469,1,1,1,0,125,1,7732,7544,0,0,300,0
45539470,1,1,1,0,125,1,7732,7544,0,0,300,0
45539471,1,1,1,0,125,1,7732,7544,0,0,300,0
45539472,300,1,1,3,125,1,7732,7544,0,0,300,0
45539473,300,1,1,3,125,1,7732,7544,0,0,0,0
45539474,300,1,1,3,125,1,7732,7544,0,0,0,2001
45539475,300,1,1,3,125,1,7732,7544,0,0,0,17042
45539476,300,1,1,3,125,1,7732,7544,0,0,0,17042
45539477,300,1,1,3,125,1,7732,7544,3042,0,0,0
45539478,300,1,1,3,125,1,7732,7544,3042,0,0,6000
45539479,300,1,1,3,125,1,7732,7544,0,0,0,6000
45539480,300,1,1,3,125,1,7732,7544,0,0,0,6000
45539481,300,1,1,3,125,1,7732,7544,0,0,0,6000
45539482,300,1,1,3,125,1,7732,7544,0,173005,173005,7730
45539483,300,1,1,3,125,1,7732,7544,0,173005,173005,7730
45539484,300,1,1,3,125,1,7732,7544,0,173005,173005,7730
45539485,300,1,1,3,125,1,7732,7544,0,173005,173005,7730
45539486,300,1,1,3,125,1,7732,7544,0,0,173005,7730
45539487,300,1,1,3,125,1,7732,7544,0,0,173005,7730
45539488,300,1,1,3,125,1,7732,7544,0,0,173005,7730
45539489,5,1,1,3,125,1,7732,7544,0,0,173005,0
45539490,5,1,1,3,125,1,7732,7544,0,0,0,0
45539491,5,1,1,3,125,1,7732,7544,0,0,0,2001
45539492,5,1,1,3,125,1,7732,7544,0,0,0,17043
45539493,5,1,1,3,125,1,7732,7544,0,0,0,17043
45539494,5,1,1,3,125,1,7732,7544,3043,0,0,0
45539495,5,1,1,3,125,1,7732,7544,3043,0,0,6000
45539496,5,1,1,3,125,1,7732,7544,0,0,0,6000
45539497,5,1,1,3,125,1,7732,7544,0,0,0,6000
45539498,5,1,1,3,125,1,7732,7544,0,0,0,6000
45539499,5,1,1,3,125,1,7732,7544,0,150415,150415,7504
45539500,5,1,1,3,125,1,7732,7544,0,150415,150415,7504
45539501,5,1,1,3,125,1,7732,7544,0,150415,150415,7504
45539502,5,1,1,3,125,1,7732,7544,0,150415,150415,7504
45539503,5,1,1,3,125,1,7732,7544,0,0,150415,7504
45539504,5,1,1,3,125,1,7732,7544,0,0,150415,7504
45539505,5,1,1,3,125,1,7732,7544,0,0,150415,7504
45539506,1,1,1,0,125,1,7732,7544,0,0,150415,657
45539507,1,1,1,0,125,1,7732,7544,0,0,1,657
45539508,1,1,1,0,125,1,7732,7544,0,0,1,326
45539509,1,1,1,0,125,1,7732,7544,0,0,1,326
45539510,1,1,1,0,125,1,7732,7544,0,0,1,326
45539511,1,1,1,0,125,1,7732,7544,0,0,1,327
45539512,1,1,1,0,125,1,7732,7544,0,0,1,327
45539513,1,1,1,0,125,1,7732,7544,0,0,1,330
45539514,1,1,1,0,125,1,7732,7544,0,0,1,660
45539515,1,1,1,0,125,1,7732,7544,0,0,1,660
45539516,1,1,1,0,125,1,7732,7544,0,0,1,660
45539517,1,1,1,0,125,1,7732,7544,0,0,1,3655
45539518,44,1,1,0,125,1,7732,7544,0,0,110044,3655
45539519,44,1,1,0,125,1,7732,7544,0,0,110044,3655
45539520,44,1,1,0,125,1,7732,7544,0,0,110044,474
45539521,44,1,1,0,125,110044,7732,7544,0,0,110044,474
45539522,44,1,1,0,125,110044,7732,7544,0,0,110044,474
45539523,44,1,1,0,125,110044,7732,7544,0,0,110044,475
45539524,305,1,1,3,125,110044,7732,7544,0,0,305,475
45539525,305,1,1,3,125,110044,7732,7544,0,0,305,476
45539526,305,1,1,3,125,110044,7732,7544,0,0,305,501
45539527,44,1,1,0,125,110044,7732,7544,0,0,110044,501
45539528,44,1,1,0,125,110044,7732,7544,0,0,110044,501
45539529,44,1,1,0,125,110044,7732,7544,0,0,110044,502
45539530,7,1,1,0,125,110044,7732,7544,0,0,7,502
45539531,7,1,1,0,125,110044,7732,7544,0,0,7,503
45539532,7,1,1,0,125,110044,7732,7544,0,0,7,503
45539533,300,1,1,0,125,300,7732,7544,0,0,300,503
45539534,300,1,1,0,125,300,7732,7544,0,0,300,504
45539535,300,1,1,0,125,300,7732,7544,0,0,300,511
45539536,3,1,1,0,125,300,7732,7544,0,0,3,511
45539537,3,1,1,0,125,300,7732,7544,0,0,3,511
45539538,3,1,1,0,125,300,7732,7544,0,0,3,3725
45539539,141,1,1,0,125,304,7732,7544,0,0,30141,3725
45539540,141,1,1,0,125,304,7732,7544,0,0,30141,3725
45539541,141,1,1,0,125,304,7732,7544,0,0,30141,476
45539542,125,0,1,0,125,30141,7732,7544,0,0,125,476
# MARK wr tick=45539542
45539543,125,0,1,0,125,30141,7732,7544,0,0,125,476
45851717,1,1,1,0,177777,60000,1147,15,0,0,10001,1121
45851718,1,1,1,0,177777,60000,1147,15,0,0,10001,1122
45851719,1,1,1,0,177777,60000,1147,15,0,0,10001,1133
45851720,0,1,1,0,177777,140000,1147,15,0,0,0,1133
45851721,0,1,1,0,177777,140000,1147,15,0,0,0,1133
45851722,0,1,1,0,177777,140000,1147,15,0,0,0,1134
45851723,0,1,1,0,177777,0,1147,15,0,0,0,1134
45851724,0,1,1,0,177777,0,1147,15,0,0,0,1135
45851725,0,1,1,0,177777,0,1147,15,0,0,0,1140
45851726,0,1,1,0,177777,0,1147,15,0,0,0,1140
45851727,0,1,1,0,177777,0,1147,15,0,0,0,1140
45851728,0,1,1,0,177777,0,1147,15,0,0,0,1141
45851729,0,1,1,0,177777,0,1147,15,0,0,20000,1141
45851730,0,1,1,0,177777,0,1147,15,0,0,20000,1142
45851731,0,1,1,0,177777,0,1147,15,0,0,20000,1142
45851732,1,1,1,0,177777,20000,1147,15,0,0,1,1142
45851733,1,1,1,0,177777,20000,1147,15,0,0,1,1143
45851734,1,1,1,0,177777,20000,1147,15,0,0,1,1143
45851735,0,1,1,0,177777,20000,1147,15,0,0,140000,1143
45851736,0,1,1,0,177777,20000,1147,15,0,0,140000,1144
45851737,0,1,1,0,177777,20000,1147,15,0,0,140000,1144
45851738,1,1,1,0,177777,20000,1147,15,0,0,1,1144
45851739,1,1,1,0,177777,20000,1147,15,0,0,1,1145
45851740,1,1,1,0,177777,20000,1147,15,0,0,1,1145
45851741,150,1,1,0,177777,1,1147,15,0,0,150,1145
45851742,150,1,1,0,177777,1,1147,15,0,0,150,1146
45851743,150,1,1,0,177777,1,1147,15,0,0,150,1146
45851744,150,1,1,0,177777,1,1147,15,0,0,150,1146
45851745,150,1,1,0,177777,1,1147,15,0,0,150,1147
45851746,150,1,1,0,177777,1,1147,15,0,0,150,1147
45851747,1,1,1,0,177777,1,1147,15,0,0,20001,1147
45851748,1,1,1,0,177777,1,1147,15,0,0,20001,1150
45851749,1,1,1,0,177777,1,1147,15,0,0,20001,1150
45851750,7,1,1,0,177777,1,1147,15,0,0,7,1150
45851751,7,1,1,0,177777,1,1147,15,0,0,7,1151
45851752,7,1,1,0,177777,1,1147,15,0,0,7,1151
45851753,0,1,1,0,177777,1,1147,15,0,0,116400,1151
45851754,0,1,1,0,177777,1,1147,15,0,0,116400,1152
45851755,0,1,1,0,177777,1,1147,15,0,0,116400,1151
45851756,15,1,1,0,177777,1,1147,15,0,0,15,1151
45851757,15,1,1,0,177777,1,1147,15,0,0,15,1151
45851758,15,1,1,0,177777,1,1147,15,0,0,15,1151
45851759,15,1,1,0,177777,15,1147,15,0,0,15,1151
45851760,15,1,1,0,177777,15,1147,15,0,0,15,1151
45851761,15,1,1,0,177777,15,1147,15,0,0,15,1151
45851762,0,1,1,0,177777,15,1147,15,0,0,0,1151
45851763,0,1,1,0,177777,15,1147,15,0,0,0,1151
45851764,0,1,1,0,177777,15,1147,15,0,0,0,1151
45851765,377,1,1,0,177777,0,1147,15,0,0,177777,1151
45851766,377,1,1,0,177777,0,1147,15,0,0,177777,1151
45851767,377,1,1,0,177777,0,1147,15,0,0,177777,1151
45851768,54,1,1,0,177777,177777,1147,15,0,0,2454,1151
45851769,54,1,1,0,177777,177777,1147,15,0,0,2454,1151
45851770,54,1,1,0,177777,177777,1147,15,0,0,2454,1151
45851771,147,1,1,0,177777,2454,1147,15,0,0,1147,1151
45851772,147,1,1,0,177777,2454,1147,15,0,0,1147,1151
45851773,147,1,1,0,177777,2454,1147,15,0,0,1147,1151
45851774,7,1,1,0,177777,1147,1147,15,0,0,2407,1151
45851775,7,1,1,0,177777,1147,1147,15,0,0,2407,1151
45851776,7,1,1,0,177777,1147,1147,15,0,0,2407,1151
45851777,245,1,1,0,177777,2407,1147,15,0,0,4645,1151
45851778,245,1,1,0,177777,2407,1147,15,0,0,4645,1151
45851779,245,1,1,0,177777,2407,1147,15,0,0,4645,1152
45851780,0,1,1,0,177777,4645,1147,15,0,0,116400,1152
45851781,0,1,1,0,177777,4645,1147,15,0,0,116400,1153
45851782,0,1,1,0,177777,4645,1147,15,0,0,116400,1153
45851783,0,1,1,0,177777,116400,1147,15,0,0,170000,1153
45851784,0,1,1,0,177777,116400,1147,15,0,0,170000,1154
45851785,0,1,1,0,177777,116400,1147,15,0,0,170000,1154
45851786,0,1,1,0,177777,116400,1147,15,0,0,110000,1154
45851787,0,1,1,0,177777,116400,1147,15,0,0,110000,1155
45851788,0,1,1,0,177777,116400,1147,15,0,0,110000,1155
45851789,7,1,1,0,177777,116400,1147,15,0,0,7,1155
45851790,7,1,1,0,177777,116400,1147,15,0,0,7,1156
45851791,7,1,1,0,177777,116400,1147,15,0,0,7,1156
45851792,1,1,1,0,177777,116400,1147,15,0,0,20001,1156
45851793,1,1,1,0,177777,116400,1147,15,0,0,20001,1157
45851794,1,1,1,0,177777,116400,1147,15,0,0,20001,1156
45851795,144,1,1,0,177777,116400,1147,15,0,0,7544,1156
45851796,144,1,1,0,177777,116400,1147,15,0,0,7544,1156
45851797,144,1,1,0,177777,116400,1147,15,0,0,7544,1156
45851798,144,1,1,0,177777,116400,1147,7544,0,0,7544,1156
45851799,144,1,1,0,177777,116400,1147,7544,0,0,7544,1156
45851800,144,1,1,0,177777,116400,1147,7544,0,0,7544,1156
45851801,302,1,1,0,177777,116400,1147,7544,0,0,302,1156
45851802,302,1,1,0,177777,116400,1147,7544,0,0,302,1156
45851803,302,1,1,0,177777,116400,1147,7544,0,0,302,1156
45851804,0,1,1,0,177777,116400,1147,7544,0,0,0,1156
45851805,0,1,1,0,177777,116400,1147,7544,0,0,0,1156
45851806,0,1,1,0,177777,116400,1147,7544,0,0,0,1156
45851807,26,1,1,0,0,116400,1147,7544,0,0,3026,1156
45851808,26,1,1,0,0,116400,1147,7544,0,0,3026,1156
45851809,26,1,1,0,0,116400,1147,7544,0,0,3026,1156
45851810,332,1,1,0,0,116400,1147,7544,0,0,7732,1156
45851811,332,1,1,0,0,116400,1147,7544,0,0,7732,1156
45851812,332,1,1,0,0,116400,1147,7544,0,0,7732,1156
45851813,40,1,1,0,0,116400,7732,7544,0,0,3040,1156
45851814,40,1,1,0,0,116400,7732,7544,0,0,3040,1156
45851815,40,1,1,0,0,116400,7732,7544,0,0,3040,1156
45851816,272,1,1,0,0,116400,7732,7544,0,0,55672,1156
45851817,272,1,1,0,0,116400,7732,7544,0,0,55672,1156
45851818,272,1,1,0,0,116400,7732,7544,0,0,55672,1157
45851819,44,1,1,0,0,116400,7732,7544,0,0,110044,1157
45851820,44,1,1,0,0,116400,7732,7544,0,0,110044,1160
45851821,44,1,1,0,0,116400,7732,7544,0,0,110044,1160
45851822,0,1,1,3,0,116400,7732,7544,0,0,0,1160
45851823,0,1,1,3,0,116400,7732,7544,0,0,0,1161
45851824,0,1,1,3,0,116400,7732,7544,0,0,0,1076
45851825,44,1,1,0,0,116400,7732,7544,0,0,110044,1076
45851826,44,1,1,0,0,116400,7732,7544,0,0,110044,1076
45851827,44,1,1,0,0,116400,7732,7544,0,0,110044,0
45851828,0,1,1,3,0,116400,7732,7544,0,0,0,0
45851829,0,1,1,3,0,116400,7732,7544,0,0,0,0
45851830,0,1,1,3,0,116400,7732,7544,0,0,0,2001
45851831,0,1,1,3,0,116400,7732,7544,0,0,0,17040
45851832,0,1,1,3,0,116400,7732,7544,0,0,0,17040
45851833,0,1,1,3,0,116400,7732,7544,3040,0,0,0
45851834,0,1,1,3,0,116400,7732,7544,3040,0,0,6000
45851835,0,1,1,3,0,116400,7732,7544,0,0,0,6000
45851836,0,1,1,3,0,116400,7732,7544,0,0,0,6000
45851837,0,1,1,3,0,116400,7732,7544,0,0,0,6000
45851838,0,1,1,3,0,116400,7732,7544,0,44035,44035,6440
45851839,0,1,1,3,0,116400,7732,7544,0,44035,44035,6440
45851840,0,1,1,3,0,116400,7732,7544,0,44035,44035,6440
45851841,0,1,1,3,0,116400,7732,7544,0,44035,44035,6440
45851842,0,1,1,3,0,116400,7732,7544,0,0,44035,6440
45851843,0,1,1,3,0,116400,7732,7544,0,0,44035,6440
45851844,0,1,1,3,0,116400,7732,7544,0,0,44035,6440
45851845,0,1,1,0,0,116400,7732,7544,0,0,44035,170
45851846,0,1,1,0,0,116400,7732,7544,0,0,0,170
45851847,0,1,1,0,0,116400,7732,7544,0,0,0,0
45851848,0,1,1,0,0,116400,7732,7544,0,0,0,0
45851849,0,1,1,0,0,116400,7732,7544,0,0,0,0
45851850,0,1,1,0,0,116400,7732,7544,3075,0,0,0
45851851,0,1,1,0,0,116400,7732,7544,3075,0,0,0
45851852,0,1,1,0,0,116400,7732,7544,0,0,0,0
45851853,0,1,1,0,0,116400,7732,7544,0,0,0,0
45851854,0,1,1,0,0,116400,7732,7544,0,0,0,0
45851855,0,1,1,0,0,116400,7732,7544,0,103,103,0
45851856,0,1,1,0,0,116400,7732,7544,0,103,103,0
45851857,0,1,1,0,0,116400,7732,7544,0,103,103,0
45851858,0,1,1,0,0,116400,7732,7544,0,103,103,0
45851859,0,1,1,0,0,116400,7732,7544,0,0,103,0
45851860,0,1,1,0,0,116400,7732,7544,0,0,103,0
45851861,0,1,1,0,0,116400,7732,7544,0,0,103,0
45851862,103,1,1,3,0,116400,7732,7544,0,0,103,0
45851863,103,1,1,3,0,116400,7732,7544,0,0,0,0
45851864,103,1,1,3,0,116400,7732,7544,0,0,0,2001
45851865,103,1,1,3,0,116400,7732,7544,0,0,0,17041
45851866,103,1,1,3,0,116400,7732,7544,0,0,0,17041
45851867,103,1,1,3,0,116400,7732,7544,3041,0,0,0
45851868,103,1,1,3,0,116400,7732,7544,3041,0,0,6000
45851869,103,1,1,3,0,116400,7732,7544,0,0,0,6000
45851870,103,1,1,3,0,116400,7732,7544,0,0,0,6000
45851871,103,1,1,3,0,116400,7732,7544,0,0,0,6000
45851872,103,1,1,3,0,116400,7732,7544,0,50033,50033,6500
45851873,103,1,1,3,0,116400,7732,7544,0,50033,50033,6500
45851874,103,1,1,3,0,116400,7732,7544,0,50033,50033,6500
45851875,103,1,1,3,0,116400,7732,7544,0,50033,50033,6500
45851876,103,1,1,3,0,116400,7732,7544,0,0,50033,6500
45851877,103,1,1,3,0,116400,7732,7544,0,0,50033,6500
45851878,103,1,1,3,0,116400,7732,7544,0,0,50033,6500
45851879,0,1,1,0,103,116400,7732,7544,0,0,50033,172
45851880,0,1,1,0,103,116400,7732,7544,0,0,0,172
45851881,0,1,1,0,103,116400,7732,7544,0,0,0,0
45851882,0,1,1,0,103,116400,7732,7544,0,0,0,0
45851883,0,1,1,0,103,116400,7732,7544,0,0,0,0
45851884,0,1,1,0,103,116400,7732,7544,3074,0,0,0
45851885,0,1,1,0,103,116400,7732,7544,3074,0,0,0
45851886,0,1,1,0,103,116400,7732,7544,0,0,0,0
45851887,0,1,1,0,103,116400,7732,7544,0,0,0,0
45851888,0,1,1,0,103,116400,7732,7544,0,0,0,0
45851889,0,1,1,0,103,116400,7732,7544,0,300,300,0
45851890,0,1,1,0,103,116400,7732,7544,0,300,300,0
45851891,0,1,1,0,103,116400,7732,7544,0,300,300,0
45851892,0,1,1,0,103,116400,7732,7544,0,300,300,0
45851893,0,1,1,0,103,116400,7732,7544,0,0,300,0
45851894,0,1,1,0,103,116400,7732,7544,0,0,300,0
45851895,0,1,1,0,103,116400,7732,7544,0,0,300,0
45851896,300,1,1,3,103,116400,7732,7544,0,0,300,0
45851897,300,1,1,3,103,116400,7732,7544,0,0,0,0
45851898,300,1,1,3,103,116400,7732,7544,0,0,0,2001
45851899,300,1,1,3,103,116400,7732,7544,0,0,0,17042
45851900,300,1,1,3,103,116400,7732,7544,0,0,0,17042
45851901,300,1,1,3,103,116400,7732,7544,3042,0,0,0
45851902,300,1,1,3,103,116400,7732,7544,3042,0,0,6000
45851903,300,1,1,3,103,116400,7732,7544,0,0,0,6000
45851904,300,1,1,3,103,116400,7732,7544,0,0,0,6000
45851905,300,1,1,3,103,116400,7732,7544,0,0,0,6000
45851906,300,1,1,3,103,116400,7732,7544,0,173005,173005,7730
45851907,300,1,1,3,103,116400,7732,7544,0,173005,173005,7730
45851908,300,1,1,3,103,116400,7732,7544,0,173005,173005,7730
45851909,300,1,1,3,103,116400,7732,7544,0,173005,173005,7730
45851910,300,1,1,3,103,116400,7732,7544,0,0,173005,7730
45851911,300,1,1,3,103,116400,7732,7544,0,0,173005,7730
45851912,300,1,1,3,103,116400,7732,7544,0,0,173005,7730
45851913,5,1,1,3,103,116400,7732,7544,0,0,173005,0
45851914,5,1,1,3,103,116400,7732,7544,0,0,0,0
45851915,5,1,1,3,103,116400,7732,7544,0,0,0,2001
45851916,5,1,1,3,103,116400,7732,7544,0,0,0,17043
45851917,5,1,1,3,103,116400,7732,7544,0,0,0,17043
45851918,5,1,1,3,103,116400,7732,7544,3043,0,0,0
45851919,5,1,1,3,103,116400,7732,7544,3043,0,0,6000
45851920,5,1,1,3,103,116400,7732,7544,0,0,0,6000
45851921,5,1,1,3,103,116400,7732,7544,0,0,0,6000
45851922,5,1,1,3,103,116400,7732,7544,0,0,0,6000
45851923,5,1,1,3,103,116400,7732,7544,0,150415,150415,7504
45851924,5,1,1,3,103,116400,7732,7544,0,150415,150415,7504
45851925,5,1,1,3,103,116400,7732,7544,0,150415,150415,7504
45851926,5,1,1,3,103,116400,7732,7544,0,150415,150415,7504
45851927,5,1,1,3,103,116400,7732,7544,0,0,150415,7504
45851928,5,1,1,3,103,116400,7732,7544,0,0,150415,7504
45851929,5,1,1,3,103,116400,7732,7544,0,0,150415,7504
45851930,0,1,1,0,103,116400,7732,7544,0,0,156415,657
45851931,0,1,1,0,103,116400,7732,7544,0,0,116400,657
45851932,0,1,1,0,103,116400,7732,7544,0,0,116400,326
45851933,0,1,1,0,103,116400,7732,7544,0,0,116400,326
45851934,0,1,1,0,103,116400,7732,7544,0,0,116400,326
45851935,0,1,1,0,103,116400,7732,7544,0,0,116400,327
45851936,0,1,1,0,103,116400,7732,7544,0,0,116400,327
45851937,0,1,1,0,103,116400,7732,7544,0,0,116400,330
45851938,0,1,1,0,103,116400,7732,7544,0,0,116400,660
45851939,0,1,1,0,103,116400,7732,7544,0,0,116400,660
45851940,0,1,1,0,103,116400,7732,7544,0,0,116400,660
45851941,0,1,1,0,103,116400,7732,7544,0,0,116400,3655
45851942,44,1,1,0,103,116400,7732,7544,0,0,110044,3655
45851943,44,1,1,0,103,116400,7732,7544,0,0,110044,3655
45851944,44,1,1,0,103,116400,7732,7544,0,0,110044,474
45851945,44,1,1,0,103,110044,7732,7544,0,0,110044,474
45851946,44,1,1,0,103,110044,7732,7544,0,0,110044,474
45851947,44,1,1,0,103,110044,7732,7544,0,0,110044,475
45851948,305,1,1,3,103,110044,7732,7544,0,0,305,475
45851949,305,1,1,3,103,110044,7732,7544,0,0,305,476
45851950,305,1,1,3,103,110044,7732,7544,0,0,305,501
45851951,44,1,1,0,103,110044,7732,7544,0,0,110044,501
45851952,44,1,1,0,103,110044,7732,7544,0,0,110044,501
45851953,44,1,1,0,103,110044,7732,7544,0,0,110044,502
45851954,7,1,1,0,103,110044,7732,7544,0,0,7,502
45851955,7,1,1,0,103,110044,7732,7544,0,0,7,503
45851956,7,1,1,0,103,110044,7732,7544,0,0,7,503
45851957,300,1,1,0,103,300,7732,7544,0,0,300,503
45851958,300,1,1,0,103,300,7732,7544,0,0,300,504
45851959,300,1,1,0,103,300,7732,7544,0,0,300,511
45851960,3,1,1,0,103,300,7732,7544,0,0,3,511
45851961,3,1,1,0,103,300,7732,7544,0,0,3,511
45851962,3,1,1,0,103,300,7732,7544,0,0,3,3725
45851963,141,1,1,0,103,304,7732,7544,0,0,30141,3725
45851964,141,1,1,0,103,304,7732,7544,0,0,30141,3725
45851965,141,1,1,0,103,304,7732,7544,0,0,30141,476
45851966,103,0,1,0,103,30141,7732,7544,0,0,103,476
# MARK wr tick=45851966
45851967,103,0,1,0,103,30141,7732,7544,0,0,103,476
46148259,1,1,1,0,177777,60000,1147,15,0,0,10001,1121
46148260,1,1,1,0,177777,60000,1147,15,0,0,10001,1122
46148261,1,1,1,0,177777,60000,1147,15,0,0,10001,1133
46148262,0,1,1,0,177777,140000,1147,15,0,0,0,1133
46148263,0,1,1,0,177777,140000,1147,15,0,0,0,1133
46148264,0,1,1,0,177777,140000,1147,15,0,0,0,1134
46148265,0,1,1,0,177777,0,1147,15,0,0,0,1134
46148266,0,1,1,0,177777,0,1147,15,0,0,0,1135
46148267,0,1,1,0,177777,0,1147,15,0,0,0,1140
46148268,0,1,1,0,177777,0,1147,15,0,0,0,1140
46148269,0,1,1,0,177777,0,1147,15,0,0,0,1140
46148270,0,1,1,0,177777,0,1147,15,0,0,0,1141
46148271,0,1,1,0,177777,0,1147,15,0,0,20000,1141
46148272,0,1,1,0,177777,0,1147,15,0,0,20000,1142
46148273,0,1,1,0,177777,0,1147,15,0,0,20000,1142
46148274,1,1,1,0,177777,20000,1147,15,0,0,1,1142
46148275,1,1,1,0,177777,20000,1147,15,0,0,1,1143
46148276,1,1,1,0,177777,20000,1147,15,0,0,1,1143
46148277,0,1,1,0,177777,20000,1147,15,0,0,140000,1143
46148278,0,1,1,0,177777,20000,1147,15,0,0,140000,1144
46148279,0,1,1,0,177777,20000,1147,15,0,0,140000,1144
46148280,1,1,1,0,177777,20000,1147,15,0,0,1,1144
46148281,1,1,1,0,177777,20000,1147,15,0,0,1,1145
46148282,1,1,1,0,177777,20000,1147,15,0,0,1,1145
46148283,150,1,1,0,177777,1,1147,15,0,0,150,1145
46148284,150,1,1,0,177777,1,1147,15,0,0,150,1146
46148285,150,1,1,0,177777,1,1147,15,0,0,150,1146
46148286,150,1,1,0,177777,1,1147,15,0,0,150,1146
46148287,150,1,1,0,177777,1,1147,15,0,0,150,1147
46148288,150,1,1,0,177777,1,1147,15,0,0,150,1147
46148289,1,1,1,0,177777,1,1147,15,0,0,20001,1147
46148290,1,1,1,0,177777,1,1147,15,0,0,20001,1150
46148291,1,1,1,0,177777,1,1147,15,0,0,20001,1150
46148292,7,1,1,0,177777,1,1147,15,0,0,7,1150
46148293,7,1,1,0,177777,1,1147,15,0,0,7,1151
46148294,7,1,1,0,177777,1,1147,15,0,0,7,1151
46148295,0,1,1,0,177777,1,1147,15,0,0,116400,1151
46148296,0,1,1,0,177777,1,1147,15,0,0,116400,1152
46148297,0,1,1,0,177777,1,1147,15,0,0,116400,1151
46148298,15,1,1,0,177777,1,1147,15,0,0,15,1151
46148299,15,1,1,0,177777,1,1147,15,0,0,15,1151
46148300,15,1,1,0,177777,1,1147,15,0,0,15,1151
46148301,15,1,1,0,177777,15,1147,15,0,0,15,1151
46148302,15,1,1,0,177777,15,1147,15,0,0,15,1151
46148303,15,1,1,0,177777,15,1147,15,0,0,15,1151
46148304,0,1,1,0,177777,15,1147,15,0,0,0,1151
46148305,0,1,1,0,177777,15,1147,15,0,0,0,1151
46148306,0,1,1,0,177777,15,1147,15,0,0,0,1151
46148307,377,1,1,0,177777,0,1147,15,0,0,177777,1151
46148308,377,1,1,0,177777,0,1147,15,0,0,177777,1151
46148309,377,1,1,0,177777,0,1147,15,0,0,177777,1151
46148310,54,1,1,0,177777,177777,1147,15,0,0,2454,1151
46148311,54,1,1,0,177777,177777,1147,15,0,0,2454,1151
46148312,54,1,1,0,177777,177777,1147,15,0,0,2454,1151
46148313,147,1,1,0,177777,2454,1147,15,0,0,1147,1151
46148314,147,1,1,0,177777,2454,1147,15,0,0,1147,1151
46148315,147,1,1,0,177777,2454,1147,15,0,0,1147,1151
46148316,7,1,1,0,177777,1147,1147,15,0,0,2407,1151
46148317,7,1,1,0,177777,1147,1147,15,0,0,2407,1151
46148318,7,1,1,0,177777,1147,1147,15,0,0,2407,1151
46148319,311,1,1,0,177777,2407,1147,15,0,0,4711,1151
46148320,311,1,1,0,177777,2407,1147,15,0,0,4711,1151
46148321,311,1,1,0,177777,2407,1147,15,0,0,4711,1152
46148322,0,1,1,0,177777,4711,1147,15,0,0,116400,1152
46148323,0,1,1,0,177777,4711,1147,15,0,0,116400,1153
46148324,0,1,1,0,177777,4711,1147,15,0,0,116400,1153
46148325,0,1,1,0,177777,116400,1147,15,0,0,170000,1153
46148326,0,1,1,0,177777,116400,1147,15,0,0,170000,1154
46148327,0,1,1,0,177777,116400,1147,15,0,0,170000,1154
46148328,0,1,1,0,177777,116400,1147,15,0,0,110000,1154
46148329,0,1,1,0,177777,116400,1147,15,0,0,110000,1155
46148330,0,1,1,0,177777,116400,1147,15,0,0,110000,1155
46148331,7,1,1,0,177777,116400,1147,15,0,0,7,1155
46148332,7,1,1,0,177777,116400,1147,15,0,0,7,1156
46148333,7,1,1,0,177777,116400,1147,15,0,0,7,1156
46148334,1,1,1,0,177777,116400,1147,15,0,0,20001,1156
46148335,1,1,1,0,177777,116400,1147,15,0,0,20001,1157
46148336,1,1,1,0,177777,116400,1147,15,0,0,20001,1156
46148337,144,1,1,0,177777,116400,1147,15,0,0,7544,1156
46148338,144,1,1,0,177777,116400,1147,15,0,0,7544,1156
46148339,144,1,1,0,177777,116400,1147,15,0,0,7544,1156
46148340,144,1,1,0,177777,116400,1147,7544,0,0,7544,1156
46148341,144,1,1,0,177777,116400,1147,7544,0,0,7544,1156
46148342,144,1,1,0,177777,116400,1147,7544,0,0,7544,1156
46148343,302,1,1,0,177777,116400,1147,7544,0,0,302,1156
46148344,302,1,1,0,177777,116400,1147,7544,0,0,302,1156
46148345,302,1,1,0,177777,116400,1147,7544,0,0,302,1156
46148346,0,1,1,0,177777,116400,1147,7544,0,0,0,1156
46148347,0,1,1,0,177777,116400,1147,7544,0,0,0,1156
46148348,0,1,1,0,177777,116400,1147,7544,0,0,0,1156
46148349,26,1,1,0,0,116400,1147,7544,0,0,3026,1156
46148350,26,1,1,0,0,116400,1147,7544,0,0,3026,1156
46148351,26,1,1,0,0,116400,1147,7544,0,0,3026,1156
46148352,332,1,1,0,0,116400,1147,7544,0,0,7732,1156
46148353,332,1,1,0,0,116400,1147,7544,0,0,7732,1156
46148354,332,1,1,0,0,116400,1147,7544,0,0,7732,1156
46148355,40,1,1,0,0,116400,7732,7544,0,0,3040,1156
46148356,40,1,1,0,0,116400,7732,7544,0,0,3040,1156
46148357,40,1,1,0,0,116400,7732,7544,0,0,3040,1156
46148358,272,1,1,0,0,116400,7732,7544,0,0,55672,1156
46148359,272,1,1,0,0,116400,7732,7544,0,0,55672,1156
46148360,272,1,1,0,0,116400,7732,7544,0,0,55672,1157
46148361,44,1,1,0,0,116400,7732,7544,0,0,110044,1157
46148362,44,1,1,0,0,116400,7732,7544,0,0,110044,1160
46148363,44,1,1,0,0,116400,7732,7544,0,0,110044,1160
46148364,0,1,1,3,0,116400,7732,7544,0,0,0,1160
46148365,0,1,1,3,0,116400,7732,7544,0,0,0,1161
46148366,0,1,1,3,0,116400,7732,7544,0,0,0,1076
46148367,44,1,1,0,0,116400,7732,7544,0,0,110044,1076
46148368,44,1,1,0,0,116400,7732,7544,0,0,110044,1076
46148369,44,1,1,0,0,116400,7732,7544,0,0,110044,0
46148370,0,1,1,3,0,116400,7732,7544,0,0,0,0
46148371,0,1,1,3,0,116400,7732,7544,0,0,0,0
46148372,0,1,1,3,0,116400,7732,7544,0,0,0,2001
46148373,0,1,1,3,0,116400,7732,7544,0,0,0,17040
46148374,0,1,1,3,0,116400,7732,7544,0,0,0,17040
46148375,0,1,1,3,0,116400,7732,7544,3040,0,0,0
46148376,0,1,1,3,0,116400,7732,7544,3040,0,0,6000
46148377,0,1,1,3,0,116400,7732,7544,0,0,0,6000
46148378,0,1,1,3,0,116400,7732,7544,0,0,0,6000
46148379,0,1,1,3,0,116400,7732,7544,0,0,0,6000
46148380,0,1,1,3,0,116400,7732,7544,0,44035,44035,6440
46148381,0,1,1,3,0,116400,7732,7544,0,44035,44035,6440
46148382,0,1,1,3,0,116400,7732,7544,0,44035,44035,6440
46148383,0,1,1,3,0,116400,7732,7544,0,44035,44035,6440
46148384,0,1,1,3,0,116400,7732,7544,0,0,44035,6440
46148385,0,1,1,3,0,116400,7732,7544,0,0,44035,6440
46148386,0,1,1,3,0,116400,7732,7544,0,0,44035,6440
46148387,0,1,1,0,0,116400,7732,7544,0,0,44035,170
46148388,0,1,1,0,0,116400,7732,7544,0,0,0,170
46148389,0,1,1,0,0,116400,7732,7544,0,0,0,0
46148390,0,1,1,0,0,116400,7732,7544,0,0,0,0
46148391,0,1,1,0,0,116400,7732,7544,0,0,0,0
46148392,0,1,1,0,0,116400,7732,7544,3075,0,0,0
46148393,0,1,1,0,0,116400,7732,7544,3075,0,0,0
46148394,0,1,1,0,0,116400,7732,7544,0,0,0,0
46148395,0,1,1,0,0,116400,7732,7544,0,0,0,0
46148396,0,1,1,0,0,116400,7732,7544,0,0,0,0
46148397,0,1,1,0,0,116400,7732,7544,0,124,124,0
46148398,0,1,1,0,0,116400,7732,7544,0,124,124,0
46148399,0,1,1,0,0,116400,7732,7544,0,124,124,0
46148400,0,1,1,0,0,116400,7732,7544,0,124,124,0
46148401,0,1,1,0,0,116400,7732,7544,0,0,124,0
46148402,0,1,1,0,0,116400,7732,7544,0,0,124,0
46148403,0,1,1,0,0,116400,7732,7544,0,0,124,0
46148404,124,1,1,3,0,116400,7732,7544,0,0,124,0
46148405,124,1,1,3,0,116400,7732,7544,0,0,0,0
46148406,124,1,1,3,0,116400,7732,7544,0,0,0,2001
46148407,124,1,1,3,0,116400,7732,7544,0,0,0,17041
46148408,124,1,1,3,0,116400,7732,7544,0,0,0,17041
46148409,124,1,1,3,0,116400,7732,7544,3041,0,0,0
46148410,124,1,1,3,0,116400,7732,7544,3041,0,0,6000
46148411,124,1,1,3,0,116400,7732,7544,0,0,0,6000
46148412,124,1,1,3,0,116400,7732,7544,0,0,0,6000
46148413,124,1,1,3,0,116400,7732,7544,0,0,0,6000
46148414,124,1,1,3,0,116400,7732,7544,0,50033,50033,6500
46148415,124,1,1,3,0,116400,7732,7544,0,50033,50033,6500
46148416,124,1,1,3,0,116400,7732,7544,0,50033,50033,6500
46148417,124,1,1,3,0,116400,7732,7544,0,50033,50033,6500
46148418,124,1,1,3,0,116400,7732,7544,0,0,50033,6500
46148419,124,1,1,3,0,116400,7732,7544,0,0,50033,6500
46148420,124,1,1,3,0,116400,7732,7544,0,0,50033,6500
46148421,0,1,1,0,124,116400,7732,7544,0,0,50033,172
46148422,0,1,1,0,124,116400,7732,7544,0,0,0,172
46148423,0,1,1,0,124,116400,7732,7544,0,0,0,0
46148424,0,1,1,0,124,116400,7732,7544,0,0,0,0
46148425,0,1,1,0,124,116400,7732,7544,0,0,0,0
46148426,0,1,1,0,124,116400,7732,7544,3074,0,0,0
46148427,0,1,1,0,124,116400,7732,7544,3074,0,0,0
46148428,0,1,1,0,124,116400,7732,7544,0,0,0,0
46148429,0,1,1,0,124,116400,7732,7544,0,0,0,0
46148430,0,1,1,0,124,116400,7732,7544,0,0,0,0
46148431,0,1,1,0,124,116400,7732,7544,0,300,300,0
46148432,0,1,1,0,124,116400,7732,7544,0,300,300,0
46148433,0,1,1,0,124,116400,7732,7544,0,300,300,0
46148434,0,1,1,0,124,116400,7732,7544,0,300,300,0
46148435,0,1,1,0,124,116400,7732,7544,0,0,300,0
46148436,0,1,1,0,124,116400,7732,7544,0,0,300,0
46148437,0,1,1,0,124,116400,7732,7544,0,0,300,0
46148438,300,1,1,3,124,116400,7732,7544,0,0,300,0
46148439,300,1,1,3,124,116400,7732,7544,0,0,0,0
46148440,300,1,1,3,124,116400,7732,7544,0,0,0,2001
46148441,300,1,1,3,124,116400,7732,7544,0,0,0,17042
46148442,300,1,1,3,124,116400,7732,7544,0,0,0,17042
46148443,300,1,1,3,124,116400,7732,7544,3042,0,0,0
46148444,300,1,1,3,124,116400,7732,7544,3042,0,0,6000
46148445,300,1,1,3,124,116400,7732,7544,0,0,0,6000
46148446,300,1,1,3,124,116400,7732,7544,0,0,0,6000
46148447,300,1,1,3,124,116400,7732,7544,0,0,0,6000
46148448,300,1,1,3,124,116400,7732,7544,0,173005,173005,7730
46148449,300,1,1,3,124,116400,7732,7544,0,173005,173005,7730
46148450,300,1,1,3,124,116400,7732,7544,0,173005,173005,7730
46148451,300,1,1,3,124,116400,7732,7544,0,173005,173005,7730
46148452,300,1,1,3,124,116400,7732,7544,0,0,173005,7730
46148453,300,1,1,3,124,116400,7732,7544,0,0,173005,7730
46148454,300,1,1,3,124,116400,7732,7544,0,0,173005,7730
46148455,5,1,1,3,124,116400,7732,7544,0,0,173005,0
46148456,5,1,1,3,124,116400,7732,7544,0,0,0,0
46148457,5,1,1,3,124,116400,7732,7544,0,0,0,2001
46148458,5,1,1,3,124,116400,7732,7544,0,0,0,17043
46148459,5,1,1,3,124,116400,7732,7544,0,0,0,17043
46148460,5,1,1,3,124,116400,7732,7544,3043,0,0,0
46148461,5,1,1,3,124,116400,7732,7544,3043,0,0,6000
46148462,5,1,1,3,124,116400,7732,7544,0,0,0,6000
46148463,5,1,1,3,124,116400,7732,7544,0,0,0,6000
46148464,5,1,1,3,124,116400,7732,7544,0,0,0,6000
46148465,5,1,1,3,124,116400,7732,7544,0,150415,150415,7504
46148466,5,1,1,3,124,116400,7732,7544,0,150415,150415,7504
46148467,5,1,1,3,124,116400,7732,7544,0,150415,150415,7504
46148468,5,1,1,3,124,116400,7732,7544,0,150415,150415,7504
46148469,5,1,1,3,124,116400,7732,7544,0,0,150415,7504
46148470,5,1,1,3,124,116400,7732,7544,0,0,150415,7504
46148471,5,1,1,3,124,116400,7732,7544,0,0,150415,7504
46148472,0,1,1,0,124,116400,7732,7544,0,0,156415,657
46148473,0,1,1,0,124,116400,7732,7544,0,0,116400,657
46148474,0,1,1,0,124,116400,7732,7544,0,0,116400,326
46148475,0,1,1,0,124,116400,7732,7544,0,0,116400,326
46148476,0,1,1,0,124,116400,7732,7544,0,0,116400,326
46148477,0,1,1,0,124,116400,7732,7544,0,0,116400,327
46148478,0,1,1,0,124,116400,7732,7544,0,0,116400,327
46148479,0,1,1,0,124,116400,7732,7544,0,0,116400,330
46148480,0,1,1,0,124,116400,7732,7544,0,0,116400,660
46148481,0,1,1,0,124,116400,7732,7544,0,0,116400,660
46148482,0,1,1,0,124,116400,7732,7544,0,0,116400,660
46148483,0,1,1,0,124,116400,7732,7544,0,0,116400,3655
46148484,44,1,1,0,124,116400,7732,7544,0,0,110044,3655
46148485,44,1,1,0,124,116400,7732,7544,0,0,110044,3655
46148486,44,1,1,0,124,116400,7732,7544,0,0,110044,474
46148487,44,1,1,0,124,110044,7732,7544,0,0,110044,474
46148488,44,1,1,0,124,110044,7732,7544,0,0,110044,474
46148489,44,1,1,0,124,110044,7732,7544,0,0,110044,475
46148490,305,1,1,3,124,110044,7732,7544,0,0,305,475
46148491,305,1,1,3,124,110044,7732,7544,0,0,305,476
46148492,305,1,1,3,124,110044,7732,7544,0,0,305,501
46148493,44,1,1,0,124,110044,7732,7544,0,0,110044,501
46148494,44,1,1,0,124,110044,7732,7544,0,0,110044,501
46148495,44,1,1,0,124,110044,7732,7544,0,0,110044,502
46148496,7,1,1,0,124,110044,7732,7544,0,0,7,502
46148497,7,1,1,0,124,110044,7732,7544,0,0,7,503
46148498,7,1,1,0,124,110044,7732,7544,0,0,7,503
46148499,300,1,1,0,124,300,7732,7544,0,0,300,503
46148500,300,1,1,0,124,300,7732,7544,0,0,300,504
46148501,300,1,1,0,124,300,7732,7544,0,0,300,511
46148502,3,1,1,0,124,300,7732,7544,0,0,3,511
46148503,3,1,1,0,124,300,7732,7544,0,0,3,511
46148504,3,1,1,0,124,300,7732,7544,0,0,3,3725
46148505,141,1,1,0,124,304,7732,7544,0,0,30141,3725
46148506,141,1,1,0,124,304,7732,7544,0,0,30141,3725
46148507,141,1,1,0,124,304,7732,7544,0,0,30141,476
46148508,124,0,1,0,124,30141,7732,7544,0,0,124,476
# MARK wr tick=46148508
46148509,124,0,1,0,124,30141,7732,7544,0,0,124,476
46454025,44,1,1,0,0,10044,7732,7544,0,0,10044,326
46454026,44,1,1,0,0,10044,7732,7544,0,0,10044,327
46454027,44,1,1,0,0,10044,7732,7544,0,0,10044,327
46454028,44,1,1,0,0,10044,7732,7544,0,0,10044,330
46454029,44,1,1,0,0,10044,7732,7544,0,0,10044,660
46454030,44,1,1,0,0,10044,7732,7544,0,0,10044,660
46454031,44,1,1,0,0,10044,7732,7544,0,0,10044,660
46454032,44,1,1,0,0,10044,7732,7544,0,0,10044,3642
46454033,44,1,1,0,0,10044,7732,7544,0,0,10044,3642
46454034,44,1,1,0,0,10044,7732,7544,0,0,10044,3642
46454035,44,1,1,0,0,10044,7732,7544,0,0,10044,663
46454036,0,1,1,0,0,10044,7732,7544,0,0,100000,663
46454037,0,1,1,0,0,10044,7732,7544,0,0,100000,663
46454038,0,1,1,0,0,10044,7732,7544,0,0,100000,664
46454039,44,1,1,0,0,110044,7732,7544,0,0,110044,664
46454040,44,1,1,0,0,110044,7732,7544,0,0,110044,665
46454041,44,1,1,0,0,110044,7732,7544,0,0,110044,665
46454042,44,1,1,0,0,110044,7732,7544,0,0,110044,665
46454043,44,1,1,0,0,110044,7732,7544,0,0,110044,666
46454044,44,1,1,0,0,110044,7732,7544,0,0,110044,1112
46454045,45,1,1,0,0,110044,7732,7544,0,0,130045,1112
46454046,45,1,1,0,0,110044,7732,7544,0,0,130045,1112
46454047,45,1,1,0,0,110044,7732,7544,0,0,130045,1113
46454048,45,1,1,0,0,110044,7732,7544,0,0,130045,1113
46454049,45,1,1,0,0,110044,7732,7544,0,0,130045,1113
46454050,45,1,1,0,0,110044,7732,7544,0,0,130045,1113
46454051,45,1,1,0,0,110044,7732,7544,0,0,130045,1113
46454052,45,1,1,0,0,110044,7732,7544,0,0,130045,1113
46454053,44,1,1,0,0,110044,7732,7544,0,0,110044,1113
46454054,44,1,1,0,0,110044,7732,7544,0,0,110044,1114
46454055,44,1,1,0,0,110044,7732,7544,0,0,110044,1114
46454056,10,1,1,0,0,110044,7732,7544,0,0,10,1114
46454057,10,1,1,0,0,110044,7732,7544,0,0,10,1115
46454058,10,1,1,0,0,110044,7732,7544,0,0,10,1115
46454059,10,1,1,0,0,110044,7732,7544,0,0,10,1115
46454060,10,1,1,0,0,110044,7732,7544,0,0,10,1115
46454061,10,1,1,0,0,110044,7732,7544,0,0,10,1115
46454062,10,1,1,0,0,110044,7732,7544,0,0,10,1115
46454063,10,1,1,0,0,110044,7732,7544,0,0,10,1115
46454064,0,1,1,0,0,110044,7732,7544,0,0,0,1115
46454065,0,1,1,0,0,110044,7732,7544,0,0,0,1116
46454066,0,1,1,0,0,110044,7732,7544,0,0,0,1116
46454067,44,1,1,0,0,0,7732,7544,0,0,110044,1116
46454068,44,1,1,0,0,0,7732,7544,0,0,110044,666
46454069,44,1,1,0,0,0,7732,7544,0,0,110044,1117
46454070,1,1,1,0,0,0,7732,7544,0,0,60001,1117
46454071,1,1,1,0,0,0,7732,7544,0,0,60001,1120
46454072,1,1,1,0,0,0,7732,7544,0,0,60001,1120
46454073,13,1,1,0,0,0,7732,7544,0,0,100013,1120
46454074,13,1,1,0,0,0,7732,7544,0,0,100013,1121
46454075,13,1,1,0,0,0,7732,7544,0,0,100013,1120
46454076,0,1,1,0,0,100013,7732,7544,0,0,0,1120
46454077,0,1,1,0,0,100013,7732,7544,0,0,0,1120
46454078,0,1,1,0,0,100013,7732,7544,0,0,0,1120
46454079,1,1,1,0,0,26,7732,7544,0,0,1,1120
46454080,1,1,1,0,0,26,7732,7544,0,0,1,1120
46454081,1,1,1,0,0,26,7732,7544,0,0,1,1120
46454082,2,1,1,0,0,54,7732,7544,0,0,2,1120
46454083,2,1,1,0,0,54,7732,7544,0,0,2,1120
46454084,2,1,1,0,0,54,7732,7544,0,0,2,1120
46454085,4,1,1,0,0,130,7732,7544,0,0,4,1120
46454086,4,1,1,0,0,130,7732,7544,0,0,4,1120
46454087,4,1,1,0,0,130,7732,7544,0,0,4,1120
46454088,10,1,1,0,0,260,7732,7544,0,0,10,1120
46454089,10,1,1,0,0,260,7732,7544,0,0,10,1120
46454090,10,1,1,0,0,260,7732,7544,0,0,10,1120
46454091,20,1,1,0,0,540,7732,7544,0,0,20,1120
46454092,20,1,1,0,0,540,7732,7544,0,0,20,1120
46454093,20,1,1,0,0,540,7732,7544,0,0,20,1120
46454094,40,1,1,0,0,1300,7732,7544,0,0,40,1120
46454095,40,1,1,0,0,1300,7732,7544,0,0,40,1120
46454096,40,1,1,0,0,1300,7732,7544,0,0,40,1120
46454097,100,1,1,0,0,2600,7732,7544,0,0,100,1120
46454098,100,1,1,0,0,2600,7732,7544,0,0,100,1120
46454099,100,1,1,0,0,2600,7732,7544,0,0,100,1120
46454100,200,1,1,0,0,5400,7732,7544,0,0,200,1120
46454101,200,1,1,0,0,5400,7732,7544,0,0,200,1120
46454102,200,1,1,0,0,5400,7732,7544,0,0,200,1120
46454103,0,1,1,0,0,13000,7732,7544,0,0,400,1120
46454104,0,1,1,0,0,13000,7732,7544,0,0,400,1120
46454105,0,1,1,0,0,13000,7732,7544,0,0,400,1120
46454106,0,1,1,0,0,26000,7732,7544,0,0,1000,1120
46454107,0,1,1,0,0,26000,7732,7544,0,0,1000,1120
46454108,0,1,1,0,0,26000,7732,7544,0,0,1000,1120
46454109,0,1,1,0,0,54000,7732,7544,0,0,2000,1120
46454110,0,1,1,0,0,54000,7732,7544,0,0,2000,1120
46454111,0,1,1,0,0,54000,7732,7544,0,0,2000,1120
46454112,0,1,1,0,0,130000,7732,7544,0,0,4000,1120
46454113,0,1,1,0,0,130000,7732,7544,0,0,4000,1120
46454114,0,1,1,0,0,130000,7732,7544,0,0,4000,1121
46454115,1,1,1,0,0,60000,7732,7544,0,0,10001,1121
46454116,1,1,1,0,0,60000,7732,7544,0,0,10001,1122
46454117,1,1,1,0,0,60000,7732,7544,0,0,10001,1133
46454118,0,1,1,0,0,140000,7732,7544,0,0,0,1133
46454119,0,1,1,0,0,140000,7732,7544,0,0,0,1133
46454120,0,1,1,0,0,140000,7732,7544,0,0,0,1134
46454121,0,1,1,0,0,0,7732,7544,0,0,0,1134
46454122,0,1,1,0,0,0,7732,7544,0,0,0,1135
46454123,0,1,1,0,0,0,7732,7544,0,0,0,1140
46454124,0,1,1,0,0,0,7732,7544,0,0,0,1140
46454125,0,1,1,0,0,0,7732,7544,0,0,0,1140
46454126,0,1,1,0,0,0,7732,7544,0,0,0,1141
46454127,1,1,1,0,0,0,7732,7544,0,0,1,1141
46454128,1,1,1,0,0,0,7732,7544,0,0,1,1142
46454129,1,1,1,0,0,0,7732,7544,0,0,1,1142
46454130,1,1,1,0,0,1,7732,7544,0,0,1,1142
46454131,1,1,1,0,0,1,7732,7544,0,0,1,1143
46454132,1,1,1,0,0,1,7732,7544,0,0,1,666
46454133,0,1,1,0,0,1,7732,7544,0,0,140000,666
46454134,0,1,1,0,0,1,7732,7544,0,0,140000,666
46454135,0,1,1,0,0,1,7732,7544,0,0,140000,0
46454136,0,1,1,3,0,1,7732,7544,0,0,0,0
46454137,0,1,1,3,0,1,7732,7544,0,0,0,0
46454138,0,1,1,3,0,1,7732,7544,0,0,0,2001
46454139,0,1,1,3,0,1,7732,7544,0,0,0,17040
46454140,0,1,1,3,0,1,7732,7544,0,0,0,17040
46454141,0,1,1,3,0,1,7732,7544,3040,0,0,0
46454142,0,1,1,3,0,1,7732,7544,3040,0,0,6000
46454143,0,1,1,3,0,1,7732,7544,0,0,0,6000
46454144,0,1,1,3,0,1,7732,7544,0,0,0,6000
46454145,0,1,1,3,0,1,7732,7544,0,0,0,6000
46454146,0,1,1,3,0,1,7732,7544,0,44035,44035,6440
46454147,0,1,1,3,0,1,7732,7544,0,44035,44035,6440
46454148,0,1,1,3,0,1,7732,7544,0,44035,44035,6440
46454149,0,1,1,3,0,1,7732,7544,0,44035,44035,6440
46454150,0,1,1,3,0,1,7732,7544,0,0,44035,6440
46454151,0,1,1,3,0,1,7732,7544,0,0,44035,6440
46454152,0,1,1,3,0,1,7732,7544,0,0,44035,6440
46454153,1,1,1,0,0,1,7732,7544,0,0,44035,170
46454154,1,1,1,0,0,1,7732,7544,0,0,0,170
46454155,1,1,1,0,0,1,7732,7544,0,0,0,0
46454156,1,1,1,0,0,1,7732,7544,0,0,0,0
46454157,1,1,1,0,0,1,7732,7544,0,0,0,0
46454158,1,1,1,0,0,1,7732,7544,3075,0,0,0
46454159,1,1,1,0,0,1,7732,7544,3075,0,0,0
46454160,1,1,1,0,0,1,7732,7544,0,0,0,0
46454161,1,1,1,0,0,1,7732,7544,0,0,0,0
46454162,1,1,1,0,0,1,7732,7544,0,0,0,0
46454163,1,1,1,0,0,1,7732,7544,0,111,111,0
46454164,1,1,1,0,0,1,7732,7544,0,111,111,0
46454165,1,1,1,0,0,1,7732,7544,0,111,111,0
46454166,1,1,1,0,0,1,7732,7544,0,111,111,0
46454167,1,1,1,0,0,1,7732,7544,0,0,111,0
46454168,1,1,1,0,0,1,7732,7544,0,0,111,0
46454169,1,1,1,0,0,1,7732,7544,0,0,111,0
46454170,111,1,1,3,0,1,7732,7544,0,0,111,0
46454171,111,1,1,3,0,1,7732,7544,0,0,0,0
46454172,111,1,1,3,0,1,7732,7544,0,0,0,2001
46454173,111,1,1,3,0,1,7732,7544,0,0,0,17041
46454174,111,1,1,3,0,1,7732,7544,0,0,0,17041
46454175,111,1,1,3,0,1,7732,7544,3041,0,0,0
46454176,111,1,1,3,0,1,7732,7544,3041,0,0,6000
46454177,111,1,1,3,0,1,7732,7544,0,0,0,6000
46454178,111,1,1,3,0,1,7732,7544,0,0,0,6000
46454179,111,1,1,3,0,1,7732,7544,0,0,0,6000
46454180,111,1,1,3,0,1,7732,7544,0,50033,50033,6500
46454181,111,1,1,3,0,1,7732,7544,0,50033,50033,6500
46454182,111,1,1,3,0,1,7732,7544,0,50033,50033,6500
46454183,111,1,1,3,0,1,7732,7544,0,50033,50033,6500
46454184,111,1,1,3,0,1,7732,7544,0,0,50033,6500
46454185,111,1,1,3,0,1,7732,7544,0,0,50033,6500
46454186,111,1,1,3,0,1,7732,7544,0,0,50033,6500
46454187,1,1,1,0,111,1,7732,7544,0,0,50033,172
46454188,1,1,1,0,111,1,7732,7544,0,0,0,172
46454189,1,1,1,0,111,1,7732,7544,0,0,0,0
46454190,1,1,1,0,111,1,7732,7544,0,0,0,0
46454191,1,1,1,0,111,1,7732,7544,0,0,0,0
46454192,1,1,1,0,111,1,7732,7544,3074,0,0,0
46454193,1,1,1,0,111,1,7732,7544,3074,0,0,0
46454194,1,1,1,0,111,1,7732,7544,0,0,0,0
46454195,1,1,1,0,111,1,7732,7544,0,0,0,0
46454196,1,1,1,0,111,1,7732,7544,0,0,0,0
46454197,1,1,1,0,111,1,7732,7544,0,300,300,0
46454198,1,1,1,0,111,1,7732,7544,0,300,300,0
46454199,1,1,1,0,111,1,7732,7544,0,300,300,0
46454200,1,1,1,0,111,1,7732,7544,0,300,300,0
46454201,1,1,1,0,111,1,7732,7544,0,0,300,0
46454202,1,1,1,0,111,1,7732,7544,0,0,300,0
46454203,1,1,1,0,111,1,7732,7544,0,0,300,0
46454204,300,1,1,3,111,1,7732,7544,0,0,300,0
46454205,300,1,1,3,111,1,7732,7544,0,0,0,0
46454206,300,1,1,3,111,1,7732,7544,0,0,0,2001
46454207,300,1,1,3,111,1,7732,7544,0,0,0,17042
46454208,300,1,1,3,111,1,7732,7544,0,0,0,17042
46454209,300,1,1,3,111,1,7732,7544,3042,0,0,0
46454210,300,1,1,3,111,1,7732,7544,3042,0,0,6000
46454211,300,1,1,3,111,1,7732,7544,0,0,0,6000
46454212,300,1,1,3,111,1,7732,7544,0,0,0,6000
46454213,300,1,1,3,111,1,7732,7544,0,0,0,6000
46454214,300,1,1,3,111,1,7732,7544,0,173005,173005,7730
46454215,300,1,1,3,111,1,7732,7544,0,173005,173005,7730
46454216,300,1,1,3,111,1,7732,7544,0,173005,173005,7730
46454217,300,1,1,3,111,1,7732,7544,0,173005,173005,7730
46454218,300,1,1,3,111,1,7732,7544,0,0,173005,7730
46454219,300,1,1,3,111,1,7732,7544,0,0,173005,7730
46454220,300,1,1,3,111,1,7732,7544,0,0,173005,7730
46454221,5,1,1,3,111,1,7732,7544,0,0,173005,0
46454222,5,1,1,3,111,1,7732,7544,0,0,0,0
46454223,5,1,1,3,111,1,7732,7544,0,0,0,2001
46454224,5,1,1,3,111,1,7732,7544,0,0,0,17043
46454225,5,1,1,3,111,1,7732,7544,0,0,0,17043
46454226,5,1,1,3,111,1,7732,7544,3043,0,0,0
46454227,5,1,1,3,111,1,7732,7544,3043,0,0,6000
46454228,5,1,1,3,111,1,7732,7544,0,0,0,6000
46454229,5,1,1,3,111,1,7732,7544,0,0,0,6000
46454230,5,1,1,3,111,1,7732,7544,0,0,0,6000
46454231,5,1,1,3,111,1,7732,7544,0,150415,150415,7504
46454232,5,1,1,3,111,1,7732,7544,0,150415,150415,7504
46454233,5,1,1,3,111,1,7732,7544,0,150415,150415,7504
46454234,5,1,1,3,111,1,7732,7544,0,150415,150415,7504
46454235,5,1,1,3,111,1,7732,7544,0,0,150415,7504
46454236,5,1,1,3,111,1,7732,7544,0,0,150415,7504
46454237,5,1,1,3,111,1,7732,7544,0,0,150415,7504
46454238,1,1,1,0,111,1,7732,7544,0,0,150415,657
46454239,1,1,1,0,111,1,7732,7544,0,0,1,657
46454240,1,1,1,0,111,1,7732,7544,0,0,1,326
46454241,1,1,1,0,111,1,7732,7544,0,0,1,326
46454242,1,1,1,0,111,1,7732,7544,0,0,1,326
46454243,1,1,1,0,111,1,7732,7544,0,0,1,327
46454244,1,1,1,0,111,1,7732,7544,0,0,1,327
46454245,1,1,1,0,111,1,7732,7544,0,0,1,330
46454246,1,1,1,0,111,1,7732,7544,0,0,1,660
46454247,1,1,1,0,111,1,7732,7544,0,0,1,660
46454248,1,1,1,0,111,1,7732,7544,0,0,1,660
46454249,1,1,1,0,111,1,7732,7544,0,0,1,3655
46454250,44,1,1,0,111,1,7732,7544,0,0,110044,3655
46454251,44,1,1,0,111,1,7732,7544,0,0,110044,3655
46454252,44,1,1,0,111,1,7732,7544,0,0,110044,474
46454253,44,1,1,0,111,110044,7732,7544,0,0,110044,474
46454254,44,1,1,0,111,110044,7732,7544,0,0,110044,474
46454255,44,1,1,0,111,110044,7732,7544,0,0,110044,475
46454256,305,1,1,3,111,110044,7732,7544,0,0,305,475
46454257,305,1,1,3,111,110044,7732,7544,0,0,305,476
46454258,305,1,1,3,111,110044,7732,7544,0,0,305,501
46454259,44,1,1,0,111,110044,7732,7544,0,0,110044,501
46454260,44,1,1,0,111,110044,7732,7544,0,0,110044,501
46454261,44,1,1,0,111,110044,7732,7544,0,0,110044,502
46454262,7,1,1,0,111,110044,7732,7544,0,0,7,502
46454263,7,1,1,0,111,110044,7732,7544,0,0,7,503
46454264,7,1,1,0,111,110044,7732,7544,0,0,7,503
46454265,300,1,1,0,111,300,7732,7544,0,0,300,503
46454266,300,1,1,0,111,300,7732,7544,0,0,300,504
46454267,300,1,1,0,111,300,7732,7544,0,0,300,511
46454268,3,1,1,0,111,300,7732,7544,0,0,3,511
46454269,3,1,1,0,111,300,7732,7544,0,0,3,511
46454270,3,1,1,0,111,300,7732,7544,0,0,3,3725
46454271,141,1,1,0,111,304,7732,7544,0,0,30141,3725
46454272,141,1,1,0,111,304,7732,7544,0,0,30141,3725
46454273,141,1,1,0,111,304,7732,7544,0,0,30141,476
46454274,111,0,1,0,111,30141,7732,7544,0,0,111,476
# MARK wr tick=46454274
46454275,111,0,1,0,111,30141,7732,7544,0,0,111,476
46750616,44,1,1,0,0,10044,7732,7544,0,0,10044,326
46750617,44,1,1,0,0,10044,7732,7544,0,0,10044,327
46750618,44,1,1,0,0,10044,7732,7544,0,0,10044,327
46750619,44,1,1,0,0,10044,7732,7544,0,0,10044,330
46750620,44,1,1,0,0,10044,7732,7544,0,0,10044,660
46750621,44,1,1,0,0,10044,7732,7544,0,0,10044,660
46750622,44,1,1,0,0,10044,7732,7544,0,0,10044,660
46750623,44,1,1,0,0,10044,7732,7544,0,0,10044,3642
46750624,44,1,1,0,0,10044,7732,7544,0,0,10044,3642
46750625,44,1,1,0,0,10044,7732,7544,0,0,10044,3642
46750626,44,1,1,0,0,10044,7732,7544,0,0,10044,663
46750627,0,1,1,0,0,10044,7732,7544,0,0,100000,663
46750628,0,1,1,0,0,10044,7732,7544,0,0,100000,663
46750629,0,1,1,0,0,10044,7732,7544,0,0,100000,664
46750630,44,1,1,0,0,110044,7732,7544,0,0,110044,664
46750631,44,1,1,0,0,110044,7732,7544,0,0,110044,665
46750632,44,1,1,0,0,110044,7732,7544,0,0,110044,665
46750633,44,1,1,0,0,110044,7732,7544,0,0,110044,665
46750634,44,1,1,0,0,110044,7732,7544,0,0,110044,666
46750635,44,1,1,0,0,110044,7732,7544,0,0,110044,1112
46750636,45,1,1,0,0,110044,7732,7544,0,0,130045,1112
46750637,45,1,1,0,0,110044,7732,7544,0,0,130045,1112
46750638,45,1,1,0,0,110044,7732,7544,0,0,130045,1113
46750639,45,1,1,0,0,110044,7732,7544,0,0,130045,1113
46750640,45,1,1,0,0,110044,7732,7544,0,0,130045,1113
46750641,45,1,1,0,0,110044,7732,7544,0,0,130045,1113
46750642,45,1,1,0,0,110044,7732,7544,0,0,130045,1113
46750643,45,1,1,0,0,110044,7732,7544,0,0,130045,1113
46750644,44,1,1,0,0,110044,7732,7544,0,0,110044,1113
46750645,44,1,1,0,0,110044,7732,7544,0,0,110044,1114
46750646,44,1,1,0,0,110044,7732,7544,0,0,110044,1114
46750647,10,1,1,0,0,110044,7732,7544,0,0,10,1114
46750648,10,1,1,0,0,110044,7732,7544,0,0,10,1115
46750649,10,1,1,0,0,110044,7732,7544,0,0,10,1115
46750650,10,1,1,0,0,110044,7732,7544,0,0,10,1115
46750651,10,1,1,0,0,110044,7732,7544,0,0,10,1115
46750652,10,1,1,0,0,110044,7732,7544,0,0,10,1115
46750653,10,1,1,0,0,110044,7732,7544,0,0,10,1115
46750654,10,1,1,0,0,110044,7732,7544,0,0,10,1115
46750655,0,1,1,0,0,110044,7732,7544,0,0,0,1115
46750656,0,1,1,0,0,110044,7732,7544,0,0,0,1116
46750657,0,1,1,0,0,110044,7732,7544,0,0,0,1116
46750658,44,1,1,0,0,0,7732,7544,0,0,110044,1116
46750659,44,1,1,0,0,0,7732,7544,0,0,110044,666
46750660,44,1,1,0,0,0,7732,7544,0,0,110044,1117
46750661,1,1,1,0,0,0,7732,7544,0,0,60001,1117
46750662,1,1,1,0,0,0,7732,7544,0,0,60001,1120
46750663,1,1,1,0,0,0,7732,7544,0,0,60001,1120
46750664,13,1,1,0,0,0,7732,7544,0,0,100013,1120
46750665,13,1,1,0,0,0,7732,7544,0,0,100013,1121
46750666,13,1,1,0,0,0,7732,7544,0,0,100013,1120
46750667,0,1,1,0,0,100013,7732,7544,0,0,0,1120
46750668,0,1,1,0,0,100013,7732,7544,0,0,0,1120
46750669,0,1,1,0,0,100013,7732,7544,0,0,0,1120
46750670,1,1,1,0,0,26,7732,7544,0,0,1,1120
46750671,1,1,1,0,0,26,7732,7544,0,0,1,1120
46750672,1,1,1,0,0,26,7732,7544,0,0,1,1120
46750673,2,1,1,0,0,54,7732,7544,0,0,2,1120
46750674,2,1,1,0,0,54,7732,7544,0,0,2,1120
46750675,2,1,1,0,0,54,7732,7544,0,0,2,1120
46750676,4,1,1,0,0,130,7732,7544,0,0,4,1120
46750677,4,1,1,0,0,130,7732,7544,0,0,4,1120
46750678,4,1,1,0,0,130,7732,7544,0,0,4,1120
46750679,10,1,1,0,0,260,7732,7544,0,0,10,1120
46750680,10,1,1,0,0,260,7732,7544,0,0,10,1120
46750681,10,1,1,0,0,260,7732,7544,0,0,10,1120
46750682,20,1,1,0,0,540,7732,7544,0,0,20,1120
46750683,20,1,1,0,0,540,7732,7544,0,0,20,1120
46750684,20,1,1,0,0,540,7732,7544,0,0,20,1120
46750685,40,1,1,0,0,1300,7732,7544,0,0,40,1120
46750686,40,1,1,0,0,1300,7732,7544,0,0,40,1120
46750687,40,1,1,0,0,1300,7732,7544,0,0,40,1120
46750688,100,1,1,0,0,2600,7732,7544,0,0,100,1120
46750689,100,1,1,0,0,2600,7732,7544,0,0,100,1120
46750690,100,1,1,0,0,2600,7732,7544,0,0,100,1120
46750691,200,1,1,0,0,5400,7732,7544,0,0,200,1120
46750692,200,1,1,0,0,5400,7732,7544,0,0,200,1120
46750693,200,1,1,0,0,5400,7732,7544,0,0,200,1120
46750694,0,1,1,0,0,13000,7732,7544,0,0,400,1120
46750695,0,1,1,0,0,13000,7732,7544,0,0,400,1120
46750696,0,1,1,0,0,13000,7732,7544,0,0,400,1120
46750697,0,1,1,0,0,26000,7732,7544,0,0,1000,1120
46750698,0,1,1,0,0,26000,7732,7544,0,0,1000,1120
46750699,0,1,1,0,0,26000,7732,7544,0,0,1000,1120
46750700,0,1,1,0,0,54000,7732,7544,0,0,2000,1120
46750701,0,1,1,0,0,54000,7732,7544,0,0,2000,1120
46750702,0,1,1,0,0,54000,7732,7544,0,0,2000,1120
46750703,0,1,1,0,0,130000,7732,7544,0,0,4000,1120
46750704,0,1,1,0,0,130000,7732,7544,0,0,4000,1120
46750705,0,1,1,0,0,130000,7732,7544,0,0,4000,1121
46750706,1,1,1,0,0,60000,7732,7544,0,0,10001,1121
46750707,1,1,1,0,0,60000,7732,7544,0,0,10001,1122
46750708,1,1,1,0,0,60000,7732,7544,0,0,10001,1133
46750709,0,1,1,0,0,140000,7732,7544,0,0,0,1133
46750710,0,1,1,0,0,140000,7732,7544,0,0,0,1133
46750711,0,1,1,0,0,140000,7732,7544,0,0,0,1134
46750712,0,1,1,0,0,0,7732,7544,0,0,0,1134
46750713,0,1,1,0,0,0,7732,7544,0,0,0,1135
46750714,0,1,1,0,0,0,7732,7544,0,0,0,1140
46750715,0,1,1,0,0,0,7732,7544,0,0,0,1140
46750716,0,1,1,0,0,0,7732,7544,0,0,0,1140
46750717,0,1,1,0,0,0,7732,7544,0,0,0,1141
46750718,1,1,1,0,0,0,7732,7544,0,0,1,1141
46750719,1,1,1,0,0,0,7732,7544,0,0,1,1142
46750720,1,1,1,0,0,0,7732,7544,0,0,1,1142
46750721,1,1,1,0,0,1,7732,7544,0,0,1,1142
46750722,1,1,1,0,0,1,7732,7544,0,0,1,1143
46750723,1,1,1,0,0,1,7732,7544,0,0,1,666
46750724,0,1,1,0,0,1,7732,7544,0,0,140000,666
46750725,0,1,1,0,0,1,7732,7544,0,0,140000,666
46750726,0,1,1,0,0,1,7732,7544,0,0,140000,0
46750727,0,1,1,3,0,1,7732,7544,0,0,0,0
46750728,0,1,1,3,0,1,7732,7544,0,0,0,0
46750729,0,1,1,3,0,1,7732,7544,0,0,0,2001
46750730,0,1,1,3,0,1,7732,7544,0,0,0,17040
46750731,0,1,1,3,0,1,7732,7544,0,0,0,17040
46750732,0,1,1,3,0,1,7732,7544,3040,0,0,0
46750733,0,1,1,3,0,1,7732,7544,3040,0,0,6000
46750734,0,1,1,3,0,1,7732,7544,0,0,0,6000
46750735,0,1,1,3,0,1,7732,7544,0,0,0,6000
46750736,0,1,1,3,0,1,7732,7544,0,0,0,6000
46750737,0,1,1,3,0,1,7732,7544,0,44035,44035,6440
46750738,0,1,1,3,0,1,7732,7544,0,44035,44035,6440
46750739,0,1,1,3,0,1,7732,7544,0,44035,44035,6440
46750740,0,1,1,3,0,1,7732,7544,0,44035,44035,6440
46750741,0,1,1,3,0,1,7732,7544,0,0,44035,6440
46750742,0,1,1,3,0,1,7732,7544,0,0,44035,6440
46750743,0,1,1,3,0,1,7732,7544,0,0,44035,6440
46750744,1,1,1,0,0,1,7732,7544,0,0,44035,170
46750745,1,1,1,0,0,1,7732,7544,0,0,0,170
46750746,1,1,1,0,0,1,7732,7544,0,0,0,0
46750747,1,1,1,0,0,1,7732,7544,0,0,0,0
46750748,1,1,1,0,0,1,7732,7544,0,0,0,0
46750749,1,1,1,0,0,1,7732,7544,3075,0,0,0
46750750,1,1,1,0,0,1,7732,7544,3075,0,0,0
46750751,1,1,1,0,0,1,7732,7544,0,0,0,0
46750752,1,1,1,0,0,1,7732,7544,0,0,0,0
46750753,1,1,1,0,0,1,7732,7544,0,0,0,0
46750754,1,1,1,0,0,1,7732,7544,0,117,117,0
46750755,1,1,1,0,0,1,7732,7544,0,117,117,0
46750756,1,1,1,0,0,1,7732,7544,0,117,117,0
46750757,1,1,1,0,0,1,7732,7544,0,117,117,0
46750758,1,1,1,0,0,1,7732,7544,0,0,117,0
46750759,1,1,1,0,0,1,7732,7544,0,0,117,0
46750760,1,1,1,0,0,1,7732,7544,0,0,117,0
46750761,117,1,1,3,0,1,7732,7544,0,0,117,0
46750762,117,1,1,3,0,1,7732,7544,0,0,0,0
46750763,117,1,1,3,0,1,7732,7544,0,0,0,2001
46750764,117,1,1,3,0,1,7732,7544,0,0,0,17041
46750765,117,1,1,3,0,1,7732,7544,0,0,0,17041
46750766,117,1,1,3,0,1,7732,7544,3041,0,0,0
46750767,117,1,1,3,0,1,7732,7544,3041,0,0,6000
46750768,117,1,1,3,0,1,7732,7544,0,0,0,6000
46750769,117,1,1,3,0,1,7732,7544,0,0,0,6000
46750770,117,1,1,3,0,1,7732,7544,0,0,0,6000
46750771,117,1,1,3,0,1,7732,7544,0,50033,50033,6500
46750772,117,1,1,3,0,1,7732,7544,0,50033,50033,6500
46750773,117,1,1,3,0,1,7732,7544,0,50033,50033,6500
46750774,117,1,1,3,0,1,7732,7544,0,50033,50033,6500
46750775,117,1,1,3,0,1,7732,7544,0,0,50033,6500
46750776,117,1,1,3,0,1,7732,7544,0,0,50033,6500
46750777,117,1,1,3,0,1,7732,7544,0,0,50033,6500
46750778,1,1,1,0,117,1,7732,7544,0,0,50033,172
46750779,1,1,1,0,117,1,7732,7544,0,0,0,172
46750780,1,1,1,0,117,1,7732,7544,0,0,0,0
46750781,1,1,1,0,117,1,7732,7544,0,0,0,0
46750782,1,1,1,0,117,1,7732,7544,0,0,0,0
46750783,1,1,1,0,117,1,7732,7544,3074,0,0,0
46750784,1,1,1,0,117,1,7732,7544,3074,0,0,0
46750785,1,1,1,0,117,1,7732,7544,0,0,0,0
46750786,1,1,1,0,117,1,7732,7544,0,0,0,0
46750787,1,1,1,0,117,1,7732,7544,0,0,0,0
46750788,1,1,1,0,117,1,7732,7544,0,300,300,0
46750789,1,1,1,0,117,1,7732,7544,0,300,300,0
46750790,1,1,1,0,117,1,7732,7544,0,300,300,0
46750791,1,1,1,0,117,1,7732,7544,0,300,300,0
46750792,1,1,1,0,117,1,7732,7544,0,0,300,0
46750793,1,1,1,0,117,1,7732,7544,0,0,300,0
46750794,1,1,1,0,117,1,7732,7544,0,0,300,0
46750795,300,1,1,3,117,1,7732,7544,0,0,300,0
46750796,300,1,1,3,117,1,7732,7544,0,0,0,0
46750797,300,1,1,3,117,1,7732,7544,0,0,0,2001
46750798,300,1,1,3,117,1,7732,7544,0,0,0,17042
46750799,300,1,1,3,117,1,7732,7544,0,0,0,17042
46750800,300,1,1,3,117,1,7732,7544,3042,0,0,0
46750801,300,1,1,3,117,1,7732,7544,3042,0,0,6000
46750802,300,1,1,3,117,1,7732,7544,0,0,0,6000
46750803,300,1,1,3,117,1,7732,7544,0,0,0,6000
46750804,300,1,1,3,117,1,7732,7544,0,0,0,6000
46750805,300,1,1,3,117,1,7732,7544,0,173005,173005,7730
46750806,300,1,1,3,117,1,7732,7544,0,173005,173005,7730
46750807,300,1,1,3,117,1,7732,7544,0,173005,173005,7730
46750808,300,1,1,3,117,1,7732,7544,0,173005,173005,7730
46750809,300,1,1,3,117,1,7732,7544,0,0,173005,7730
46750810,300,1,1,3,117,1,7732,7544,0,0,173005,7730
46750811,300,1,1,3,117,1,7732,7544,0,0,173005,7730
46750812,5,1,1,3,117,1,7732,7544,0,0,173005,0
46750813,5,1,1,3,117,1,7732,7544,0,0,0,0
46750814,5,1,1,3,117,1,7732,7544,0,0,0,2001
46750815,5,1,1,3,117,1,7732,7544,0,0,0,17043
46750816,5,1,1,3,117,1,7732,7544,0,0,0,17043
46750817,5,1,1,3,117,1,7732,7544,3043,0,0,0
46750818,5,1,1,3,117,1,7732,7544,3043,0,0,6000
46750819,5,1,1,3,117,1,7732,7544,0,0,0,6000
46750820,5,1,1,3,117,1,7732,7544,0,0,0,6000
46750821,5,1,1,3,117,1,7732,7544,0,0,0,6000
46750822,5,1,1,3,117,1,7732,7544,0,150415,150415,7504
46750823,5,1,1,3,117,1,7732,7544,0,150415,150415,7504
46750824,5,1,1,3,117,1,7732,7544,0,150415,150415,7504
46750825,5,1,1,3,117,1,7732,7544,0,150415,150415,7504
46750826,5,1,1,3,117,1,7732,7544,0,0,150415,7504
46750827,5,1,1,3,117,1,7732,7544,0,0,150415,7504
46750828,5,1,1,3,117,1,7732,7544,0,0,150415,7504
46750829,1,1,1,0,117,1,7732,7544,0,0,150415,657
46750830,1,1,1,0,117,1,7732,7544,0,0,1,657
46750831,1,1,1,0,117,1,7732,7544,0,0,1,326
46750832,1,1,1,0,117,1,7732,7544,0,0,1,326
46750833,1,1,1,0,117,1,7732,7544,0,0,1,326
46750834,1,1,1,0,117,1,7732,7544,0,0,1,327
46750835,1,1,1,0,117,1,7732,7544,0,0,1,327
46750836,1,1,1,0,117,1,7732,7544,0,0,1,330
46750837,1,1,1,0,117,1,7732,7544,0,0,1,660
46750838,1,1,1,0,117,1,7732,7544,0,0,1,660
46750839,1,1,1,0,117,1,7732,7544,0,0,1,660
46750840,1,1,1,0,117,1,7732,7544,0,0,1,3655
46750841,44,1,1,0,117,1,7732,7544,0,0,110044,3655
46750842,44,1,1,0,117,1,7732,7544,0,0,110044,3655
46750843,44,1,1,0,117,1,7732,7544,0,0,110044,474
46750844,44,1,1,0,117,110044,7732,7544,0,0,110044,474
46750845,44,1,1,0,117,110044,7732,7544,0,0,110044,474
46750846,44,1,1,0,117,110044,7732,7544,0,0,110044,475
46750847,305,1,1,3,117,110044,7732,7544,0,0,305,475
46750848,305,1,1,3,117,110044,7732,7544,0,0,305,476
46750849,305,1,1,3,117,110044,7732,7544,0,0,305,501
46750850,44,1,1,0,117,110044,7732,7544,0,0,110044,501
46750851,44,1,1,0,117,110044,7732,7544,0,0,110044,501
46750852,44,1,1,0,117,110044,7732,7544,0,0,110044,502
46750853,7,1,1,0,117,110044,7732,7544,0,0,7,502
46750854,7,1,1,0,117,110044,7732,7544,0,0,7,503
46750855,7,1,1,0,117,110044,7732,7544,0,0,7,503
46750856,300,1,1,0,117,300,7732,7544,0,0,300,503
46750857,300,1,1,0,117,300,7732,7544,0,0,300,504
46750858,300,1,1,0,117,300,7732,7544,0,0,300,511
46750859,3,1,1,0,117,300,7732,7544,0,0,3,511
46750860,3,1,1,0,117,300,7732,7544,0,0,3,511
46750861,3,1,1,0,117,300,7732,7544,0,0,3,3725
46750862,141,1,1,0,117,304,7732,7544,0,0,30141,3725
46750863,141,1,1,0,117,304,7732,7544,0,0,30141,3725
46750864,141,1,1,0,117,304,7732,7544,0,0,30141,476
46750865,117,0,1,0,117,30141,7732,7544,0,0,117,476
# MARK wr tick=46750865
46750866,117,0,1,0,117,30141,7732,7544,0,0,117,476
47047246,44,1,1,0,0,10044,7732,7544,0,0,10044,326
47047247,44,1,1,0,0,10044,7732,7544,0,0,10044,327
47047248,44,1,1,0,0,10044,7732,7544,0,0,10044,327
47047249,44,1,1,0,0,10044,7732,7544,0,0,10044,330
47047250,44,1,1,0,0,10044,7732,7544,0,0,10044,660
47047251,44,1,1,0,0,10044,7732,7544,0,0,10044,660
47047252,44,1,1,0,0,10044,7732,7544,0,0,10044,660
47047253,44,1,1,0,0,10044,7732,7544,0,0,10044,3642
47047254,44,1,1,0,0,10044,7732,7544,0,0,10044,3642
47047255,44,1,1,0,0,10044,7732,7544,0,0,10044,3642
47047256,44,1,1,0,0,10044,7732,7544,0,0,10044,663
47047257,0,1,1,0,0,10044,7732,7544,0,0,100000,663
47047258,0,1,1,0,0,10044,7732,7544,0,0,100000,663
47047259,0,1,1,0,0,10044,7732,7544,0,0,100000,664
47047260,44,1,1,0,0,110044,7732,7544,0,0,110044,664
47047261,44,1,1,0,0,110044,7732,7544,0,0,110044,665
47047262,44,1,1,0,0,110044,7732,7544,0,0,110044,665
47047263,44,1,1,0,0,110044,7732,7544,0,0,110044,665
47047264,44,1,1,0,0,110044,7732,7544,0,0,110044,666
47047265,44,1,1,0,0,110044,7732,7544,0,0,110044,1112
47047266,45,1,1,0,0,110044,7732,7544,0,0,130045,1112
47047267,45,1,1,0,0,110044,7732,7544,0,0,130045,1112
47047268,45,1,1,0,0,110044,7732,7544,0,0,130045,1113
47047269,45,1,1,0,0,110044,7732,7544,0,0,130045,1113
47047270,45,1,1,0,0,110044,7732,7544,0,0,130045,1113
47047271,45,1,1,0,0,110044,7732,7544,0,0,130045,1113
47047272,45,1,1,0,0,110044,7732,7544,0,0,130045,1113
47047273,45,1,1,0,0,110044,7732,7544,0,0,130045,1113
47047274,44,1,1,0,0,110044,7732,7544,0,0,110044,1113
47047275,44,1,1,0,0,110044,7732,7544,0,0,110044,1114
47047276,44,1,1,0,0,110044,7732,7544,0,0,110044,1114
47047277,10,1,1,0,0,110044,7732,7544,0,0,10,1114
47047278,10,1,1,0,0,110044,7732,7544,0,0,10,1115
47047279,10,1,1,0,0,110044,7732,7544,0,0,10,1115
47047280,10,1,1,0,0,110044,7732,7544,0,0,10,1115
47047281,10,1,1,0,0,110044,7732,7544,0,0,10,1115
47047282,10,1,1,0,0,110044,7732,7544,0,0,10,1115
47047283,10,1,1,0,0,110044,7732,7544,0,0,10,1115
47047284,10,1,1,0,0,110044,7732,7544,0,0,10,1115
47047285,0,1,1,0,0,110044,7732,7544,0,0,0,1115
47047286,0,1,1,0,0,110044,7732,7544,0,0,0,1116
47047287,0,1,1,0,0,110044,7732,7544,0,0,0,1116
47047288,44,1,1,0,0,0,7732,7544,0,0,110044,1116
47047289,44,1,1,0,0,0,7732,7544,0,0,110044,666
47047290,44,1,1,0,0,0,7732,7544,0,0,110044,1117
47047291,1,1,1,0,0,0,7732,7544,0,0,60001,1117
47047292,1,1,1,0,0,0,7732,7544,0,0,60001,1120
47047293,1,1,1,0,0,0,7732,7544,0,0,60001,1120
47047294,13,1,1,0,0,0,7732,7544,0,0,100013,1120
47047295,13,1,1,0,0,0,7732,7544,0,0,100013,1121
47047296,13,1,1,0,0,0,7732,7544,0,0,100013,1120
47047297,0,1,1,0,0,100013,7732,7544,0,0,0,1120
47047298,0,1,1,0,0,100013,7732,7544,0,0,0,1120
47047299,0,1,1,0,0,100013,7732,7544,0,0,0,1120
47047300,1,1,1,0,0,26,7732,7544,0,0,1,1120
47047301,1,1,1,0,0,26,7732,7544,0,0,1,1120
47047302,1,1,1,0,0,26,7732,7544,0,0,1,1120
47047303,2,1,1,0,0,54,7732,7544,0,0,2,1120
47047304,2,1,1,0,0,54,7732,7544,0,0,2,1120
47047305,2,1,1,0,0,54,7732,7544,0,0,2,1120
47047306,4,1,1,0,0,130,7732,7544,0,0,4,1120
47047307,4,1,1,0,0,130,7732,7544,0,0,4,1120
47047308,4,1,1,0,0,130,7732,7544,0,0,4,1120
47047309,10,1,1,0,0,260,7732,7544,0,0,10,1120
47047310,10,1,1,0,0,260,7732,7544,0,0,10,1120
47047311,10,1,1,0,0,260,7732,7544,0,0,10,1120
47047312,20,1,1,0,0,540,7732,7544,0,0,20,1120
47047313,20,1,1,0,0,540,7732,7544,0,0,20,1120
47047314,20,1,1,0,0,540,7732,7544,0,0,20,1120
47047315,40,1,1,0,0,1300,7732,7544,0,0,40,1120
47047316,40,1,1,0,0,1300,7732,7544,0,0,40,1120
47047317,40,1,1,0,0,1300,7732,7544,0,0,40,1120
47047318,100,1,1,0,0,2600,7732,7544,0,0,100,1120
47047319,100,1,1,0,0,2600,7732,7544,0,0,100,1120
47047320,100,1,1,0,0,2600,7732,7544,0,0,100,1120
47047321,200,1,1,0,0,5400,7732,7544,0,0,200,1120
47047322,200,1,1,0,0,5400,7732,7544,0,0,200,1120
47047323,200,1,1,0,0,5400,7732,7544,0,0,200,1120
47047324,0,1,1,0,0,13000,7732,7544,0,0,400,1120
47047325,0,1,1,0,0,13000,7732,7544,0,0,400,1120
47047326,0,1,1,0,0,13000,7732,7544,0,0,400,1120
47047327,0,1,1,0,0,26000,7732,7544,0,0,1000,1120
47047328,0,1,1,0,0,26000,7732,7544,0,0,1000,1120
47047329,0,1,1,0,0,26000,7732,7544,0,0,1000,1120
47047330,0,1,1,0,0,54000,7732,7544,0,0,2000,1120
47047331,0,1,1,0,0,54000,7732,7544,0,0,2000,1120
47047332,0,1,1,0,0,54000,7732,7544,0,0,2000,1120
47047333,0,1,1,0,0,130000,7732,7544,0,0,4000,1120
47047334,0,1,1,0,0,130000,7732,7544,0,0,4000,1120
47047335,0,1,1,0,0,130000,7732,7544,0,0,4000,1121
47047336,1,1,1,0,0,60000,7732,7544,0,0,10001,1121
47047337,1,1,1,0,0,60000,7732,7544,0,0,10001,1122
47047338,1,1,1,0,0,60000,7732,7544,0,0,10001,1133
47047339,0,1,1,0,0,140000,7732,7544,0,0,0,1133
47047340,0,1,1,0,0,140000,7732,7544,0,0,0,1133
47047341,0,1,1,0,0,140000,7732,7544,0,0,0,1134
47047342,0,1,1,0,0,0,7732,7544,0,0,0,1134
47047343,0,1,1,0,0,0,7732,7544,0,0,0,1135
47047344,0,1,1,0,0,0,7732,7544,0,0,0,1140
47047345,0,1,1,0,0,0,7732,7544,0,0,0,1140
47047346,0,1,1,0,0,0,7732,7544,0,0,0,1140
47047347,0,1,1,0,0,0,7732,7544,0,0,0,1141
47047348,1,1,1,0,0,0,7732,7544,0,0,1,1141
47047349,1,1,1,0,0,0,7732,7544,0,0,1,1142
47047350,1,1,1,0,0,0,7732,7544,0,0,1,1142
47047351,1,1,1,0,0,1,7732,7544,0,0,1,1142
47047352,1,1,1,0,0,1,7732,7544,0,0,1,1143
47047353,1,1,1,0,0,1,7732,7544,0,0,1,666
47047354,0,1,1,0,0,1,7732,7544,0,0,140000,666
47047355,0,1,1,0,0,1,7732,7544,0,0,140000,666
47047356,0,1,1,0,0,1,7732,7544,0,0,140000,0
47047357,0,1,1,3,0,1,7732,7544,0,0,0,0
47047358,0,1,1,3,0,1,7732,7544,0,0,0,0
47047359,0,1,1,3,0,1,7732,7544,0,0,0,2001
47047360,0,1,1,3,0,1,7732,7544,0,0,0,17040
47047361,0,1,1,3,0,1,7732,7544,0,0,0,17040
47047362,0,1,1,3,0,1,7732,7544,3040,0,0,0
47047363,0,1,1,3,0,1,7732,7544,3040,0,0,6000
47047364,0,1,1,3,0,1,7732,7544,0,0,0,6000
47047365,0,1,1,3,0,1,7732,7544,0,0,0,6000
47047366,0,1,1,3,0,1,7732,7544,0,0,0,6000
47047367,0,1,1,3,0,1,7732,7544,0,44035,44035,6440
47047368,0,1,1,3,0,1,7732,7544,0,44035,44035,6440
47047369,0,1,1,3,0,1,7732,7544,0,44035,44035,6440
47047370,0,1,1,3,0,1,7732,7544,0,44035,44035,6440
47047371,0,1,1,3,0,1,7732,7544,0,0,44035,6440
47047372,0,1,1,3,0,1,7732,7544,0,0,44035,6440
47047373,0,1,1,3,0,1,7732,7544,0,0,44035,6440
47047374,1,1,1,0,0,1,7732,7544,0,0,44035,170
47047375,1,1,1,0,0,1,7732,7544,0,0,0,170
47047376,1,1,1,0,0,1,7732,7544,0,0,0,0
47047377,1,1,1,0,0,1,7732,7544,0,0,0,0
47047378,1,1,1,0,0,1,7732,7544,0,0,0,0
47047379,1,1,1,0,0,1,7732,7544,3075,0,0,0
47047380,1,1,1,0,0,1,7732,7544,3075,0,0,0
47047381,1,1,1,0,0,1,7732,7544,0,0,0,0
47047382,1,1,1,0,0,1,7732,7544,0,0,0,0
47047383,1,1,1,0,0,1,7732,7544,0,0,0,0
47047384,1,1,1,0,0,1,7732,7544,0,116,116,0
47047385,1,1,1,0,0,1,7732,7544,0,116,116,0
47047386,1,1,1,0,0,1,7732,7544,0,116,116,0
47047387,1,1,1,0,0,1,7732,7544,0,116,116,0
47047388,1,1,1,0,0,1,7732,7544,0,0,116,0
47047389,1,1,1,0,0,1,7732,7544,0,0,116,0
47047390,1,1,1,0,0,1,7732,7544,0,0,116,0
47047391,116,1,1,3,0,1,7732,7544,0,0,116,0
47047392,116,1,1,3,0,1,7732,7544,0,0,0,0
47047393,116,1,1,3,0,1,7732,7544,0,0,0,2001
47047394,116,1,1,3,0,1,7732,7544,0,0,0,17041
47047395,116,1,1,3,0,1,7732,7544,0,0,0,17041
47047396,116,1,1,3,0,1,7732,7544,3041,0,0,0
47047397,116,1,1,3,0,1,7732,7544,3041,0,0,6000
47047398,116,1,1,3,0,1,7732,7544,0,0,0,6000
47047399,116,1,1,3,0,1,7732,7544,0,0,0,6000
47047400,116,1,1,3,0,1,7732,7544,0,0,0,6000
47047401,116,1,1,3,0,1,7732,7544,0,50033,50033,6500
47047402,116,1,1,3,0,1,7732,7544,0,50033,50033,6500
47047403,116,1,1,3,0,1,7732,7544,0,50033,50033,6500
47047404,116,1,1,3,0,1,7732,7544,0,50033,50033,6500
47047405,116,1,1,3,0,1,7732,7544,0,0,50033,6500
47047406,116,1,1,3,0,1,7732,7544,0,0,50033,6500
47047407,116,1,1,3,0,1,7732,7544,0,0,50033,6500
47047408,1,1,1,0,116,1,7732,7544,0,0,50033,172
47047409,1,1,1,0,116,1,7732,7544,0,0,0,172
47047410,1,1,1,0,116,1,7732,7544,0,0,0,0
47047411,1,1,1,0,116,1,7732,7544,0,0,0,0
47047412,1,1,1,0,116,1,7732,7544,0,0,0,0
47047413,1,1,1,0,116,1,7732,7544,3074,0,0,0
47047414,1,1,1,0,116,1,7732,7544,3074,0,0,0
47047415,1,1,1,0,116,1,7732,7544,0,0,0,0
47047416,1,1,1,0,116,1,7732,7544,0,0,0,0
47047417,1,1,1,0,116,1,7732,7544,0,0,0,0
47047418,1,1,1,0,116,1,7732,7544,0,300,300,0
47047419,1,1,1,0,116,1,7732,7544,0,300,300,0
47047420,1,1,1,0,116,1,7732,7544,0,300,300,0
47047421,1,1,1,0,116,1,7732,7544,0,300,300,0
47047422,1,1,1,0,116,1,7732,7544,0,0,300,0
47047423,1,1,1,0,116,1,7732,7544,0,0,300,0
47047424,1,1,1,0,116,1,7732,7544,0,0,300,0
47047425,300,1,1,3,116,1,7732,7544,0,0,300,0
47047426,300,1,1,3,116,1,7732,7544,0,0,0,0
47047427,300,1,1,3,116,1,7732,7544,0,0,0,2001
47047428,300,1,1,3,116,1,7732,7544,0,0,0,17042
47047429,300,1,1,3,116,1,7732,7544,0,0,0,17042
47047430,300,1,1,3,116,1,7732,7544,3042,0,0,0
47047431,300,1,1,3,116,1,7732,7544,3042,0,0,6000
47047432,300,1,1,3,116,1,7732,7544,0,0,0,6000
47047433,300,1,1,3,116,1,7732,7544,0,0,0,6000
47047434,300,1,1,3,116,1,7732,7544,0,0,0,6000
47047435,300,1,1,3,116,1,7732,7544,0,173005,173005,7730
47047436,300,1,1,3,116,1,7732,7544,0,173005,173005,7730
47047437,300,1,1,3,116,1,7732,7544,0,173005,173005,7730
47047438,300,1,1,3,116,1,7732,7544,0,173005,173005,7730
47047439,300,1,1,3,116,1,7732,7544,0,0,173005,7730
47047440,300,1,1,3,116,1,7732,7544,0,0,173005,7730
47047441,300,1,1,3,116,1,7732,7544,0,0,173005,7730
47047442,5,1,1,3,116,1,7732,7544,0,0,173005,0
47047443,5,1,1,3,116,1,7732,7544,0,0,0,0
47047444,5,1,1,3,116,1,7732,7544,0,0,0,2001
47047445,5,1,1,3,116,1,7732,7544,0,0,0,17043
47047446,5,1,1,3,116,1,7732,7544,0,0,0,17043
47047447,5,1,1,3,116,1,7732,7544,3043,0,0,0
47047448,5,1,1,3,116,1,7732,7544,3043,0,0,6000
47047449,5,1,1,3,116,1,7732,7544,0,0,0,6000
47047450,5,1,1,3,116,1,7732,7544,0,0,0,6000
47047451,5,1,1,3,116,1,7732,7544,0,0,0,6000
47047452,5,1,1,3,116,1,7732,7544,0,150415,150415,7504
47047453,5,1,1,3,116,1,7732,7544,0,150415,150415,7504
47047454,5,1,1,3,116,1,7732,7544,0,150415,150415,7504
47047455,5,1,1,3,116,1,7732,7544,0,150415,150415,7504
47047456,5,1,1,3,116,1,7732,7544,0,0,150415,7504
47047457,5,1,1,3,116,1,7732,7544,0,0,150415,7504
47047458,5,1,1,3,116,1,7732,7544,0,0,150415,7504
47047459,1,1,1,0,116,1,7732,7544,0,0,150415,657
47047460,1,1,1,0,116,1,7732,7544,0,0,1,657
47047461,1,1,1,0,116,1,7732,7544,0,0,1,326
47047462,1,1,1,0,116,1,7732,7544,0,0,1,326
47047463,1,1,1,0,116,1,7732,7544,0,0,1,326
47047464,1,1,1,0,116,1,7732,7544,0,0,1,327
47047465,1,1,1,0,116,1,7732,7544,0,0,1,327
47047466,1,1,1,0,116,1,7732,7544,0,0,1,330
47047467,1,1,1,0,116,1,7732,7544,0,0,1,660
47047468,1,1,1,0,116,1,7732,7544,0,0,1,660
47047469,1,1,1,0,116,1,7732,7544,0,0,1,660
47047470,1,1,1,0,116,1,7732,7544,0,0,1,3655
47047471,44,1,1,0,116,1,7732,7544,0,0,110044,3655
47047472,44,1,1,0,116,1,7732,7544,0,0,110044,3655
47047473,44,1,1,0,116,1,7732,7544,0,0,110044,474
47047474,44,1,1,0,116,110044,7732,7544,0,0,110044,474
47047475,44,1,1,0,116,110044,7732,7544,0,0,110044,474
47047476,44,1,1,0,116,110044,7732,7544,0,0,110044,475
47047477,305,1,1,3,116,110044,7732,7544,0,0,305,475
47047478,305,1,1,3,116,110044,7732,7544,0,0,305,476
47047479,305,1,1,3,116,110044,7732,7544,0,0,305,501
47047480,44,1,1,0,116,110044,7732,7544,0,0,110044,501
47047481,44,1,1,0,116,110044,7732,7544,0,0,110044,501
47047482,44,1,1,0,116,110044,7732,7544,0,0,110044,502
47047483,7,1,1,0,116,110044,7732,7544,0,0,7,502
47047484,7,1,1,0,116,110044,7732,7544,0,0,7,503
47047485,7,1,1,0,116,110044,7732,7544,0,0,7,503
47047486,300,1,1,0,116,300,7732,7544,0,0,300,503
47047487,300,1,1,0,116,300,7732,7544,0,0,300,504
47047488,300,1,1,0,116,300,7732,7544,0,0,300,511
47047489,3,1,1,0,116,300,7732,7544,0,0,3,511
47047490,3,1,1,0,116,300,7732,7544,0,0,3,511
47047491,3,1,1,0,116,300,7732,7544,0,0,3,3725
47047492,141,1,1,0,116,304,7732,7544,0,0,30141,3725
47047493,141,1,1,0,116,304,7732,7544,0,0,30141,3725
47047494,141,1,1,0,116,304,7732,7544,0,0,30141,476
47047495,116,0,1,0,116,30141,7732,7544,0,0,116,476
# MARK wr tick=47047495
47047496,116,0,1,0,116,30141,7732,7544,0,0,116,476
47351237,44,1,1,0,0,10044,7671,7503,0,0,10044,326
47351238,44,1,1,0,0,10044,7671,7503,0,0,10044,327
47351239,44,1,1,0,0,10044,7671,7503,0,0,10044,327
47351240,44,1,1,0,0,10044,7671,7503,0,0,10044,330
47351241,44,1,1,0,0,10044,7671,7503,0,0,10044,660
47351242,44,1,1,0,0,10044,7671,7503,0,0,10044,660
47351243,44,1,1,0,0,10044,7671,7503,0,0,10044,660
47351244,44,1,1,0,0,10044,7671,7503,0,0,10044,3642
47351245,44,1,1,0,0,10044,7671,7503,0,0,10044,3642
47351246,44,1,1,0,0,10044,7671,7503,0,0,10044,3642
47351247,44,1,1,0,0,10044,7671,7503,0,0,10044,663
47351248,0,1,1,0,0,10044,7671,7503,0,0,100000,663
47351249,0,1,1,0,0,10044,7671,7503,0,0,100000,663
47351250,0,1,1,0,0,10044,7671,7503,0,0,100000,664
47351251,44,1,1,0,0,110044,7671,7503,0,0,110044,664
47351252,44,1,1,0,0,110044,7671,7503,0,0,110044,665
47351253,44,1,1,0,0,110044,7671,7503,0,0,110044,665
47351254,44,1,1,0,0,110044,7671,7503,0,0,110044,665
47351255,44,1,1,0,0,110044,7671,7503,0,0,110044,666
47351256,44,1,1,0,0,110044,7671,7503,0,0,110044,1112
47351257,45,1,1,0,0,110044,7671,7503,0,0,130045,1112
47351258,45,1,1,0,0,110044,7671,7503,0,0,130045,1112
47351259,45,1,1,0,0,110044,7671,7503,0,0,130045,1113
47351260,45,1,1,0,0,110044,7671,7503,0,0,130045,1113
47351261,45,1,1,0,0,110044,7671,7503,0,0,130045,1113
47351262,45,1,1,0,0,110044,7671,7503,0,0,130045,1113
47351263,45,1,1,0,0,110044,7671,7503,0,0,130045,1113
47351264,45,1,1,0,0,110044,7671,7503,0,0,130045,1113
47351265,44,1,1,0,0,110044,7671,7503,0,0,110044,1113
47351266,44,1,1,0,0,110044,7671,7503,0,0,110044,1114
47351267,44,1,1,0,0,110044,7671,7503,0,0,110044,1114
47351268,10,1,1,0,0,110044,7671,7503,0,0,10,1114
47351269,10,1,1,0,0,110044,7671,7503,0,0,10,1115
47351270,10,1,1,0,0,110044,7671,7503,0,0,10,1115
47351271,10,1,1,0,0,110044,7671,7503,0,0,10,1115
47351272,10,1,1,0,0,110044,7671,7503,0,0,10,1115
47351273,10,1,1,0,0,110044,7671,7503,0,0,10,1115
47351274,10,1,1,0,0,110044,7671,7503,0,0,10,1115
47351275,10,1,1,0,0,110044,7671,7503,0,0,10,1115
47351276,0,1,1,0,0,110044,7671,7503,0,0,0,1115
47351277,0,1,1,0,0,110044,7671,7503,0,0,0,1116
47351278,0,1,1,0,0,110044,7671,7503,0,0,0,1116
47351279,44,1,1,0,0,0,7671,7503,0,0,110044,1116
47351280,44,1,1,0,0,0,7671,7503,0,0,110044,666
47351281,44,1,1,0,0,0,7671,7503,0,0,110044,1117
47351282,1,1,1,0,0,0,7671,7503,0,0,60001,1117
47351283,1,1,1,0,0,0,7671,7503,0,0,60001,1120
47351284,1,1,1,0,0,0,7671,7503,0,0,60001,1120
47351285,13,1,1,0,0,0,7671,7503,0,0,100013,1120
47351286,13,1,1,0,0,0,7671,7503,0,0,100013,1121
47351287,13,1,1,0,0,0,7671,7503,0,0,100013,1120
47351288,0,1,1,0,0,100013,7671,7503,0,0,0,1120
47351289,0,1,1,0,0,100013,7671,7503,0,0,0,1120
47351290,0,1,1,0,0,100013,7671,7503,0,0,0,1120
47351291,1,1,1,0,0,26,7671,7503,0,0,1,1120
47351292,1,1,1,0,0,26,7671,7503,0,0,1,1120
47351293,1,1,1,0,0,26,7671,7503,0,0,1,1120
47351294,2,1,1,0,0,54,7671,7503,0,0,2,1120
47351295,2,1,1,0,0,54,7671,7503,0,0,2,1120
47351296,2,1,1,0,0,54,7671,7503,0,0,2,1120
47351297,4,1,1,0,0,130,7671,7503,0,0,4,1120
47351298,4,1,1,0,0,130,7671,7503,0,0,4,1120
47351299,4,1,1,0,0,130,7671,7503,0,0,4,1120
47351300,10,1,1,0,0,260,7671,7503,0,0,10,1120
47351301,10,1,1,0,0,260,7671,7503,0,0,10,1120
47351302,10,1,1,0,0,260,7671,7503,0,0,10,1120
47351303,20,1,1,0,0,540,7671,7503,0,0,20,1120
47351304,20,1,1,0,0,540,7671,7503,0,0,20,1120
47351305,20,1,1,0,0,540,7671,7503,0,0,20,1120
47351306,40,1,1,0,0,1300,7671,7503,0,0,40,1120
47351307,40,1,1,0,0,1300,7671,7503,0,0,40,1120
47351308,40,1,1,0,0,1300,7671,7503,0,0,40,1120
47351309,100,1,1,0,0,2600,7671,7503,0,0,100,1120
47351310,100,1,1,0,0,2600,7671,7503,0,0,100,1120
47351311,100,1,1,0,0,2600,7671,7503,0,0,100,1120
47351312,200,1,1,0,0,5400,7671,7503,0,0,200,1120
47351313,200,1,1,0,0,5400,7671,7503,0,0,200,1120
47351314,200,1,1,0,0,5400,7671,7503,0,0,200,1120
47351315,0,1,1,0,0,13000,7671,7503,0,0,400,1120
47351316,0,1,1,0,0,13000,7671,7503,0,0,400,1120
47351317,0,1,1,0,0,13000,7671,7503,0,0,400,1120
47351318,0,1,1,0,0,26000,7671,7503,0,0,1000,1120
47351319,0,1,1,0,0,26000,7671,7503,0,0,1000,1120
47351320,0,1,1,0,0,26000,7671,7503,0,0,1000,1120
47351321,0,1,1,0,0,54000,7671,7503,0,0,2000,1120
47351322,0,1,1,0,0,54000,7671,7503,0,0,2000,1120
47351323,0,1,1,0,0,54000,7671,7503,0,0,2000,1120
47351324,0,1,1,0,0,130000,7671,7503,0,0,4000,1120
47351325,0,1,1,0,0,130000,7671,7503,0,0,4000,1120
47351326,0,1,1,0,0,130000,7671,7503,0,0,4000,1121
47351327,1,1,1,0,0,60000,7671,7503,0,0,10001,1121
47351328,1,1,1,0,0,60000,7671,7503,0,0,10001,1122
47351329,1,1,1,0,0,60000,7671,7503,0,0,10001,1133
47351330,0,1,1,0,0,140000,7671,7503,0,0,0,1133
47351331,0,1,1,0,0,140000,7671,7503,0,0,0,1133
47351332,0,1,1,0,0,140000,7671,7503,0,0,0,1134
47351333,0,1,1,0,0,0,7671,7503,0,0,0,1134
47351334,0,1,1,0,0,0,7671,7503,0,0,0,1135
47351335,0,1,1,0,0,0,7671,7503,0,0,0,1140
47351336,0,1,1,0,0,0,7671,7503,0,0,0,1140
47351337,0,1,1,0,0,0,7671,7503,0,0,0,1140
47351338,0,1,1,0,0,0,7671,7503,0,0,0,1141
47351339,1,1,1,0,0,0,7671,7503,0,0,1,1141
47351340,1,1,1,0,0,0,7671,7503,0,0,1,1142
47351341,1,1,1,0,0,0,7671,7503,0,0,1,1142
47351342,1,1,1,0,0,1,7671,7503,0,0,1,1142
47351343,1,1,1,0,0,1,7671,7503,0,0,1,1143
47351344,1,1,1,0,0,1,7671,7503,0,0,1,666
47351345,0,1,1,0,0,1,7671,7503,0,0,140000,666
47351346,0,1,1,0,0,1,7671,7503,0,0,140000,666
47351347,0,1,1,0,0,1,7671,7503,0,0,140000,0
47351348,0,1,1,3,0,1,7671,7503,0,0,0,0
47351349,0,1,1,3,0,1,7671,7503,0,0,0,0
47351350,0,1,1,3,0,1,7671,7503,0,0,0,2001
47351351,0,1,1,3,0,1,7671,7503,0,0,0,17040
47351352,0,1,1,3,0,1,7671,7503,0,0,0,17040
47351353,0,1,1,3,0,1,7671,7503,3040,0,0,0
47351354,0,1,1,3,0,1,7671,7503,3040,0,0,6000
47351355,0,1,1,3,0,1,7671,7503,0,0,0,6000
47351356,0,1,1,3,0,1,7671,7503,0,0,0,6000
47351357,0,1,1,3,0,1,7671,7503,0,0,0,6000
47351358,0,1,1,3,0,1,7671,7503,0,44035,44035,6440
47351359,0,1,1,3,0,1,7671,7503,0,44035,44035,6440
47351360,0,1,1,3,0,1,7671,7503,0,44035,44035,6440
47351361,0,1,1,3,0,1,7671,7503,0,44035,44035,6440
47351362,0,1,1,3,0,1,7671,7503,0,0,44035,6440
47351363,0,1,1,3,0,1,7671,7503,0,0,44035,6440
47351364,0,1,1,3,0,1,7671,7503,0,0,44035,6440
47351365,1,1,1,0,0,1,7671,7503,0,0,44035,170
47351366,1,1,1,0,0,1,7671,7503,0,0,0,170
47351367,1,1,1,0,0,1,7671,7503,0,0,0,0
47351368,1,1,1,0,0,1,7671,7503,0,0,0,0
47351369,1,1,1,0,0,1,7671,7503,0,0,0,0
47351370,1,1,1,0,0,1,7671,7503,3075,0,0,0
47351371,1,1,1,0,0,1,7671,7503,3075,0,0,0
47351372,1,1,1,0,0,1,7671,7503,0,0,0,0
47351373,1,1,1,0,0,1,7671,7503,0,0,0,0
47351374,1,1,1,0,0,1,7671,7503,0,0,0,0
47351375,1,1,1,0,0,1,7671,7503,0,15,15,0
47351376,1,1,1,0,0,1,7671,7503,0,15,15,0
47351377,1,1,1,0,0,1,7671,7503,0,15,15,0
47351378,1,1,1,0,0,1,7671,7503,0,15,15,0
47351379,1,1,1,0,0,1,7671,7503,0,0,15,0
47351380,1,1,1,0,0,1,7671,7503,0,0,15,0
47351381,1,1,1,0,0,1,7671,7503,0,0,15,0
47351382,15,1,1,3,0,1,7671,7503,0,0,15,0
47351383,15,1,1,3,0,1,7671,7503,0,0,0,0
47351384,15,1,1,3,0,1,7671,7503,0,0,0,2001
47351385,15,1,1,3,0,1,7671,7503,0,0,0,17041
47351386,15,1,1,3,0,1,7671,7503,0,0,0,17041
47351387,15,1,1,3,0,1,7671,7503,3041,0,0,0
47351388,15,1,1,3,0,1,7671,7503,3041,0,0,6000
47351389,15,1,1,3,0,1,7671,7503,0,0,0,6000
47351390,15,1,1,3,0,1,7671,7503,0,0,0,6000
47351391,15,1,1,3,0,1,7671,7503,0,0,0,6000
47351392,15,1,1,3,0,1,7671,7503,0,50033,50033,6500
47351393,15,1,1,3,0,1,7671,7503,0,50033,50033,6500
47351394,15,1,1,3,0,1,7671,7503,0,50033,50033,6500
47351395,15,1,1,3,0,1,7671,7503,0,50033,50033,6500
47351396,15,1,1,3,0,1,7671,7503,0,0,50033,6500
47351397,15,1,1,3,0,1,7671,7503,0,0,50033,6500
47351398,15,1,1,3,0,1,7671,7503,0,0,50033,6500
47351399,1,1,1,0,15,1,7671,7503,0,0,50033,172
47351400,1,1,1,0,15,1,7671,7503,0,0,0,172
47351401,1,1,1,0,15,1,7671,7503,0,0,0,0
47351402,1,1,1,0,15,1,7671,7503,0,0,0,0
47351403,1,1,1,0,15,1,7671,7503,0,0,0,0
47351404,1,1,1,0,15,1,7671,7503,3074,0,0,0
47351405,1,1,1,0,15,1,7671,7503,3074,0,0,0
47351406,1,1,1,0,15,1,7671,7503,0,0,0,0
47351407,1,1,1,0,15,1,7671,7503,0,0,0,0
47351408,1,1,1,0,15,1,7671,7503,0,0,0,0
47351409,1,1,1,0,15,1,7671,7503,0,300,300,0
47351410,1,1,1,0,15,1,7671,7503,0,300,300,0
47351411,1,1,1,0,15,1,7671,7503,0,300,300,0
47351412,1,1,1,0,15,1,7671,7503,0,300,300,0
47351413,1,1,1,0,15,1,7671,7503,0,0,300,0
47351414,1,1,1,0,15,1,7671,7503,0,0,300,0
47351415,1,1,1,0,15,1,7671,7503,0,0,300,0
47351416,300,1,1,3,15,1,7671,7503,0,0,300,0
47351417,300,1,1,3,15,1,7671,7503,0,0,0,0
47351418,300,1,1,3,15,1,7671,7503,0,0,0,2001
47351419,300,1,1,3,15,1,7671,7503,0,0,0,17042
47351420,300,1,1,3,15,1,7671,7503,0,0,0,17042
47351421,300,1,1,3,15,1,7671,7503,3042,0,0,0
47351422,300,1,1,3,15,1,7671,7503,3042,0,0,6000
47351423,300,1,1,3,15,1,7671,7503,0,0,0,6000
47351424,300,1,1,3,15,1,7671,7503,0,0,0,6000
47351425,300,1,1,3,15,1,7671,7503,0,0,0,6000
47351426,300,1,1,3,15,1,7671,7503,0,173005,173005,7730
47351427,300,1,1,3,15,1,7671,7503,0,173005,173005,7730
47351428,300,1,1,3,15,1,7671,7503,0,173005,173005,7730
47351429,300,1,1,3,15,1,7671,7503,0,173005,173005,7730
47351430,300,1,1,3,15,1,7671,7503,0,0,173005,7730
47351431,300,1,1,3,15,1,7671,7503,0,0,173005,7730
47351432,300,1,1,3,15,1,7671,7503,0,0,173005,7730
47351433,5,1,1,3,15,1,7671,7503,0,0,173005,0
47351434,5,1,1,3,15,1,7671,7503,0,0,0,0
47351435,5,1,1,3,15,1,7671,7503,0,0,0,2001
47351436,5,1,1,3,15,1,7671,7503,0,0,0,17043
47351437,5,1,1,3,15,1,7671,7503,0,0,0,17043
47351438,5,1,1,3,15,1,7671,7503,3043,0,0,0
47351439,5,1,1,3,15,1,7671,7503,3043,0,0,6000
47351440,5,1,1,3,15,1,7671,7503,0,0,0,6000
47351441,5,1,1,3,15,1,7671,7503,0,0,0,6000
47351442,5,1,1,3,15,1,7671,7503,0,0,0,6000
47351443,5,1,1,3,15,1,7671,7503,0,150415,150415,7504
47351444,5,1,1,3,15,1,7671,7503,0,150415,150415,7504
47351445,5,1,1,3,15,1,7671,7503,0,150415,150415,7504
47351446,5,1,1,3,15,1,7671,7503,0,150415,150415,7504
47351447,5,1,1,3,15,1,7671,7503,0,0,150415,7504
47351448,5,1,1,3,15,1,7671,7503,0,0,150415,7504
47351449,5,1,1,3,15,1,7671,7503,0,0,150415,7504
47351450,1,1,1,0,15,1,7671,7503,0,0,150415,657
47351451,1,1,1,0,15,1,7671,7503,0,0,1,657
47351452,1,1,1,0,15,1,7671,7503,0,0,1,326
47351453,1,1,1,0,15,1,7671,7503,0,0,1,326
47351454,1,1,1,0,15,1,7671,7503,0,0,1,326
47351455,1,1,1,0,15,1,7671,7503,0,0,1,327
47351456,1,1,1,0,15,1,7671,7503,0,0,1,327
47351457,1,1,1,0,15,1,7671,7503,0,0,1,330
47351458,1,1,1,0,15,1,7671,7503,0,0,1,660
47351459,1,1,1,0,15,1,7671,7503,0,0,1,660
47351460,1,1,1,0,15,1,7671,7503,0,0,1,660
47351461,1,1,1,0,15,1,7671,7503,0,0,1,3655
47351462,44,1,1,0,15,1,7671,7503,0,0,110044,3655
47351463,44,1,1,0,15,1,7671,7503,0,0,110044,3655
47351464,44,1,1,0,15,1,7671,7503,0,0,110044,474
47351465,44,1,1,0,15,110044,7671,7503,0,0,110044,474
47351466,44,1,1,0,15,110044,7671,7503,0,0,110044,474
47351467,44,1,1,0,15,110044,7671,7503,0,0,110044,475
47351468,305,1,1,3,15,110044,7671,7503,0,0,305,475
47351469,305,1,1,3,15,110044,7671,7503,0,0,305,476
47351470,305,1,1,3,15,110044,7671,7503,0,0,305,501
47351471,44,1,1,0,15,110044,7671,7503,0,0,110044,501
47351472,44,1,1,0,15,110044,7671,7503,0,0,110044,501
47351473,44,1,1,0,15,110044,7671,7503,0,0,110044,502
47351474,7,1,1,0,15,110044,7671,7503,0,0,7,502
47351475,7,1,1,0,15,110044,7671,7503,0,0,7,503
47351476,7,1,1,0,15,110044,7671,7503,0,0,7,503
47351477,300,1,1,0,15,300,7671,7503,0,0,300,503
47351478,300,1,1,0,15,300,7671,7503,0,0,300,504
47351479,300,1,1,0,15,300,7671,7503,0,0,300,511
47351480,3,1,1,0,15,300,7671,7503,0,0,3,511
47351481,3,1,1,0,15,300,7671,7503,0,0,3,511
47351482,3,1,1,0,15,300,7671,7503,0,0,3,3725
47351483,141,1,1,0,15,304,7671,7503,0,0,30141,3725
47351484,141,1,1,0,15,304,7671,7503,0,0,30141,3725
47351485,141,1,1,0,15,304,7671,7503,0,0,30141,476
47351486,15,0,1,0,15,30141,7671,7503,0,0,15,476
# MARK wr tick=47351486
47351487,15,0,1,0,15,30141,7671,7503,0,0,15,476
47376984,44,1,1,0,0,10044,7671,7503,0,0,10044,326
47376985,44,1,1,0,0,10044,7671,7503,0,0,10044,327
47376986,44,1,1,0,0,10044,7671,7503,0,0,10044,327
47376987,44,1,1,0,0,10044,7671,7503,0,0,10044,330
47376988,44,1,1,0,0,10044,7671,7503,0,0,10044,660
47376989,44,1,1,0,0,10044,7671,7503,0,0,10044,660
47376990,44,1,1,0,0,10044,7671,7503,0,0,10044,660
47376991,44,1,1,0,0,10044,7671,7503,0,0,10044,3642
47376992,44,1,1,0,0,10044,7671,7503,0,0,10044,3642
47376993,44,1,1,0,0,10044,7671,7503,0,0,10044,3642
47376994,44,1,1,0,0,10044,7671,7503,0,0,10044,663
47376995,0,1,1,0,0,10044,7671,7503,0,0,100000,663
47376996,0,1,1,0,0,10044,7671,7503,0,0,100000,663
47376997,0,1,1,0,0,10044,7671,7503,0,0,100000,664
47376998,44,1,1,0,0,110044,7671,7503,0,0,110044,664
47376999,44,1,1,0,0,110044,7671,7503,0,0,110044,665
47377000,44,1,1,0,0,110044,7671,7503,0,0,110044,665
47377001,44,1,1,0,0,110044,7671,7503,0,0,110044,665
47377002,44,1,1,0,0,110044,7671,7503,0,0,110044,666
47377003,44,1,1,0,0,110044,7671,7503,0,0,110044,1112
47377004,45,1,1,0,0,110044,7671,7503,0,0,130045,1112
47377005,45,1,1,0,0,110044,7671,7503,0,0,130045,1112
47377006,45,1,1,0,0,110044,7671,7503,0,0,130045,1113
47377007,45,1,1,0,0,110044,7671,7503,0,0,130045,1113
47377008,45,1,1,0,0,110044,7671,7503,0,0,130045,1113
47377009,45,1,1,0,0,110044,7671,7503,0,0,130045,1113
47377010,45,1,1,0,0,110044,7671,7503,0,0,130045,1113
47377011,45,1,1,0,0,110044,7671,7503,0,0,130045,1113
47377012,44,1,1,0,0,110044,7671,7503,0,0,110044,1113
47377013,44,1,1,0,0,110044,7671,7503,0,0,110044,1114
47377014,44,1,1,0,0,110044,7671,7503,0,0,110044,1114
47377015,10,1,1,0,0,110044,7671,7503,0,0,10,1114
47377016,10,1,1,0,0,110044,7671,7503,0,0,10,1115
47377017,10,1,1,0,0,110044,7671,7503,0,0,10,1115
47377018,10,1,1,0,0,110044,7671,7503,0,0,10,1115
47377019,10,1,1,0,0,110044,7671,7503,0,0,10,1115
47377020,10,1,1,0,0,110044,7671,7503,0,0,10,1115
47377021,10,1,1,0,0,110044,7671,7503,0,0,10,1115
47377022,10,1,1,0,0,110044,7671,7503,0,0,10,1115
47377023,0,1,1,0,0,110044,7671,7503,0,0,0,1115
47377024,0,1,1,0,0,110044,7671,7503,0,0,0,1116
47377025,0,1,1,0,0,110044,7671,7503,0,0,0,1116
47377026,44,1,1,0,0,0,7671,7503,0,0,110044,1116
47377027,44,1,1,0,0,0,7671,7503,0,0,110044,666
47377028,44,1,1,0,0,0,7671,7503,0,0,110044,1117
47377029,1,1,1,0,0,0,7671,7503,0,0,60001,1117
47377030,1,1,1,0,0,0,7671,7503,0,0,60001,1120
47377031,1,1,1,0,0,0,7671,7503,0,0,60001,1120
47377032,13,1,1,0,0,0,7671,7503,0,0,100013,1120
47377033,13,1,1,0,0,0,7671,7503,0,0,100013,1121
47377034,13,1,1,0,0,0,7671,7503,0,0,100013,1120
47377035,0,1,1,0,0,100013,7671,7503,0,0,0,1120
47377036,0,1,1,0,0,100013,7671,7503,0,0,0,1120
47377037,0,1,1,0,0,100013,7671,7503,0,0,0,1120
47377038,1,1,1,0,0,26,7671,7503,0,0,1,1120
47377039,1,1,1,0,0,26,7671,7503,0,0,1,1120
47377040,1,1,1,0,0,26,7671,7503,0,0,1,1120
47377041,2,1,1,0,0,54,7671,7503,0,0,2,1120
47377042,2,1,1,0,0,54,7671,7503,0,0,2,1120
47377043,2,1,1,0,0,54,7671,7503,0,0,2,1120
47377044,4,1,1,0,0,130,7671,7503,0,0,4,1120
47377045,4,1,1,0,0,130,7671,7503,0,0,4,1120
47377046,4,1,1,0,0,130,7671,7503,0,0,4,1120
47377047,10,1,1,0,0,260,7671,7503,0,0,10,1120
47377048,10,1,1,0,0,260,7671,7503,0,0,10,1120
47377049,10,1,1,0,0,260,7671,7503,0,0,10,1120
47377050,20,1,1,0,0,540,7671,7503,0,0,20,1120
47377051,20,1,1,0,0,540,7671,7503,0,0,20,1120
47377052,20,1,1,0,0,540,7671,7503,0,0,20,1120
47377053,40,1,1,0,0,1300,7671,7503,0,0,40,1120
47377054,40,1,1,0,0,1300,7671,7503,0,0,40,1120
47377055,40,1,1,0,0,1300,7671,7503,0,0,40,1120
47377056,100,1,1,0,0,2600,7671,7503,0,0,100,1120
47377057,100,1,1,0,0,2600,7671,7503,0,0,100,1120
47377058,100,1,1,0,0,2600,7671,7503,0,0,100,1120
47377059,200,1,1,0,0,5400,7671,7503,0,0,200,1120
47377060,200,1,1,0,0,5400,7671,7503,0,0,200,1120
47377061,200,1,1,0,0,5400,7671,7503,0,0,200,1120
47377062,0,1,1,0,0,13000,7671,7503,0,0,400,1120
47377063,0,1,1,0,0,13000,7671,7503,0,0,400,1120
47377064,0,1,1,0,0,13000,7671,7503,0,0,400,1120
47377065,0,1,1,0,0,26000,7671,7503,0,0,1000,1120
47377066,0,1,1,0,0,26000,7671,7503,0,0,1000,1120
47377067,0,1,1,0,0,26000,7671,7503,0,0,1000,1120
47377068,0,1,1,0,0,54000,7671,7503,0,0,2000,1120
47377069,0,1,1,0,0,54000,7671,7503,0,0,2000,1120
47377070,0,1,1,0,0,54000,7671,7503,0,0,2000,1120
47377071,0,1,1,0,0,130000,7671,7503,0,0,4000,1120
47377072,0,1,1,0,0,130000,7671,7503,0,0,4000,1120
47377073,0,1,1,0,0,130000,7671,7503,0,0,4000,1121
47377074,1,1,1,0,0,60000,7671,7503,0,0,10001,1121
47377075,1,1,1,0,0,60000,7671,7503,0,0,10001,1122
47377076,1,1,1,0,0,60000,7671,7503,0,0,10001,1133
47377077,0,1,1,0,0,140000,7671,7503,0,0,0,1133
47377078,0,1,1,0,0,140000,7671,7503,0,0,0,1133
47377079,0,1,1,0,0,140000,7671,7503,0,0,0,1134
47377080,0,1,1,0,0,0,7671,7503,0,0,0,1134
47377081,0,1,1,0,0,0,7671,7503,0,0,0,1135
47377082,0,1,1,0,0,0,7671,7503,0,0,0,1140
47377083,0,1,1,0,0,0,7671,7503,0,0,0,1140
47377084,0,1,1,0,0,0,7671,7503,0,0,0,1140
47377085,0,1,1,0,0,0,7671,7503,0,0,0,1141
47377086,1,1,1,0,0,0,7671,7503,0,0,1,1141
47377087,1,1,1,0,0,0,7671,7503,0,0,1,1142
47377088,1,1,1,0,0,0,7671,7503,0,0,1,1142
47377089,1,1,1,0,0,1,7671,7503,0,0,1,1142
47377090,1,1,1,0,0,1,7671,7503,0,0,1,1143
47377091,1,1,1,0,0,1,7671,7503,0,0,1,666
47377092,0,1,1,0,0,1,7671,7503,0,0,140000,666
47377093,0,1,1,0,0,1,7671,7503,0,0,140000,666
47377094,0,1,1,0,0,1,7671,7503,0,0,140000,0
47377095,0,1,1,3,0,1,7671,7503,0,0,0,0
47377096,0,1,1,3,0,1,7671,7503,0,0,0,0
47377097,0,1,1,3,0,1,7671,7503,0,0,0,2001
47377098,0,1,1,3,0,1,7671,7503,0,0,0,17040
47377099,0,1,1,3,0,1,7671,7503,0,0,0,17040
47377100,0,1,1,3,0,1,7671,7503,3040,0,0,0
47377101,0,1,1,3,0,1,7671,7503,3040,0,0,6000
47377102,0,1,1,3,0,1,7671,7503,0,0,0,6000
47377103,0,1,1,3,0,1,7671,7503,0,0,0,6000
47377104,0,1,1,3,0,1,7671,7503,0,0,0,6000
47377105,0,1,1,3,0,1,7671,7503,0,44035,44035,6440
47377106,0,1,1,3,0,1,7671,7503,0,44035,44035,6440
47377107,0,1,1,3,0,1,7671,7503,0,44035,44035,6440
47377108,0,1,1,3,0,1,7671,7503,0,44035,44035,6440
47377109,0,1,1,3,0,1,7671,7503,0,0,44035,6440
47377110,0,1,1,3,0,1,7671,7503,0,0,44035,6440
47377111,0,1,1,3,0,1,7671,7503,0,0,44035,6440
47377112,1,1,1,0,0,1,7671,7503,0,0,44035,170
47377113,1,1,1,0,0,1,7671,7503,0,0,0,170
47377114,1,1,1,0,0,1,7671,7503,0,0,0,0
47377115,1,1,1,0,0,1,7671,7503,0,0,0,0
47377116,1,1,1,0,0,1,7671,7503,0,0,0,0
47377117,1,1,1,0,0,1,7671,7503,3075,0,0,0
47377118,1,1,1,0,0,1,7671,7503,3075,0,0,0
47377119,1,1,1,0,0,1,7671,7503,0,0,0,0
47377120,1,1,1,0,0,1,7671,7503,0,0,0,0
47377121,1,1,1,0,0,1,7671,7503,0,0,0,0
47377122,1,1,1,0,0,1,7671,7503,0,12,12,0
47377123,1,1,1,0,0,1,7671,7503,0,12,12,0
47377124,1,1,1,0,0,1,7671,7503,0,12,12,0
47377125,1,1,1,0,0,1,7671,7503,0,12,12,0
47377126,1,1,1,0,0,1,7671,7503,0,0,12,0
47377127,1,1,1,0,0,1,7671,7503,0,0,12,0
47377128,1,1,1,0,0,1,7671,7503,0,0,12,0
47377129,12,1,1,3,0,1,7671,7503,0,0,12,0
47377130,12,1,1,3,0,1,7671,7503,0,0,0,0
47377131,12,1,1,3,0,1,7671,7503,0,0,0,2001
47377132,12,1,1,3,0,1,7671,7503,0,0,0,17041
47377133,12,1,1,3,0,1,7671,7503,0,0,0,17041
47377134,12,1,1,3,0,1,7671,7503,3041,0,0,0
47377135,12,1,1,3,0,1,7671,7503,3041,0,0,6000
47377136,12,1,1,3,0,1,7671,7503,0,0,0,6000
47377137,12,1,1,3,0,1,7671,7503,0,0,0,6000
47377138,12,1,1,3,0,1,7671,7503,0,0,0,6000
47377139,12,1,1,3,0,1,7671,7503,0,50033,50033,6500
47377140,12,1,1,3,0,1,7671,7503,0,50033,50033,6500
47377141,12,1,1,3,0,1,7671,7503,0,50033,50033,6500
47377142,12,1,1,3,0,1,7671,7503,0,50033,50033,6500
47377143,12,1,1,3,0,1,7671,7503,0,0,50033,6500
47377144,12,1,1,3,0,1,7671,7503,0,0,50033,6500
47377145,12,1,1,3,0,1,7671,7503,0,0,50033,6500
47377146,1,1,1,0,12,1,7671,7503,0,0,50033,172
47377147,1,1,1,0,12,1,7671,7503,0,0,0,172
47377148,1,1,1,0,12,1,7671,7503,0,0,0,0
47377149,1,1,1,0,12,1,7671,7503,0,0,0,0
47377150,1,1,1,0,12,1,7671,7503,0,0,0,0
47377151,1,1,1,0,12,1,7671,7503,3074,0,0,0
47377152,1,1,1,0,12,1,7671,7503,3074,0,0,0
47377153,1,1,1,0,12,1,7671,7503,0,0,0,0
47377154,1,1,1,0,12,1,7671,7503,0,0,0,0
47377155,1,1,1,0,12,1,7671,7503,0,0,0,0
47377156,1,1,1,0,12,1,7671,7503,0,300,300,0
47377157,1,1,1,0,12,1,7671,7503,0,300,300,0
47377158,1,1,1,0,12,1,7671,7503,0,300,300,0
47377159,1,1,1,0,12,1,7671,7503,0,300,300,0
47377160,1,1,1,0,12,1,7671,7503,0,0,300,0
47377161,1,1,1,0,12,1,7671,7503,0,0,300,0
47377162,1,1,1,0,12,1,7671,7503,0,0,300,0
47377163,300,1,1,3,12,1,7671,7503,0,0,300,0
47377164,300,1,1,3,12,1,7671,7503,0,0,0,0
47377165,300,1,1,3,12,1,7671,7503,0,0,0,2001
47377166,300,1,1,3,12,1,7671,7503,0,0,0,17042
47377167,300,1,1,3,12,1,7671,7503,0,0,0,17042
47377168,300,1,1,3,12,1,7671,7503,3042,0,0,0
47377169,300,1,1,3,12,1,7671,7503,3042,0,0,6000
47377170,300,1,1,3,12,1,7671,7503,0,0,0,6000
47377171,300,1,1,3,12,1,7671,7503,0,0,0,6000
47377172,300,1,1,3,12,1,7671,7503,0,0,0,6000
47377173,300,1,1,3,12,1,7671,7503,0,173005,173005,7730
47377174,300,1,1,3,12,1,7671,7503,0,173005,173005,7730
47377175,300,1,1,3,12,1,7671,7503,0,173005,173005,7730
47377176,300,1,1,3,12,1,7671,7503,0,173005,173005,7730
47377177,300,1,1,3,12,1,7671,7503,0,0,173005,7730
47377178,300,1,1,3,12,1,7671,7503,0,0,173005,7730
47377179,300,1,1,3,12,1,7671,7503,0,0,173005,7730
47377180,5,1,1,3,12,1,7671,7503,0,0,173005,0
47377181,5,1,1,3,12,1,7671,7503,0,0,0,0
47377182,5,1,1,3,12,1,7671,7503,0,0,0,2001
47377183,5,1,1,3,12,1,7671,7503,0,0,0,17043
47377184,5,1,1,3,12,1,7671,7503,0,0,0,17043
47377185,5,1,1,3,12,1,7671,7503,3043,0,0,0
47377186,5,1,1,3,12,1,7671,7503,3043,0,0,6000
47377187,5,1,1,3,12,1,7671,7503,0,0,0,6000
47377188,5,1,1,3,12,1,7671,7503,0,0,0,6000
47377189,5,1,1,3,12,1,7671,7503,0,0,0,6000
47377190,5,1,1,3,12,1,7671,7503,0,150415,150415,7504
47377191,5,1,1,3,12,1,7671,7503,0,150415,150415,7504
47377192,5,1,1,3,12,1,7671,7503,0,150415,150415,7504
47377193,5,1,1,3,12,1,7671,7503,0,150415,150415,7504
47377194,5,1,1,3,12,1,7671,7503,0,0,150415,7504
47377195,5,1,1,3,12,1,7671,7503,0,0,150415,7504
47377196,5,1,1,3,12,1,7671,7503,0,0,150415,7504
47377197,1,1,1,0,12,1,7671,7503,0,0,150415,657
47377198,1,1,1,0,12,1,7671,7503,0,0,1,657
47377199,1,1,1,0,12,1,7671,7503,0,0,1,326
47377200,1,1,1,0,12,1,7671,7503,0,0,1,326
47377201,1,1,1,0,12,1,7671,7503,0,0,1,326
47377202,1,1,1,0,12,1,7671,7503,0,0,1,327
47377203,1,1,1,0,12,1,7671,7503,0,0,1,327
47377204,1,1,1,0,12,1,7671,7503,0,0,1,330
47377205,1,1,1,0,12,1,7671,7503,0,0,1,660
47377206,1,1,1,0,12,1,7671,7503,0,0,1,660
47377207,1,1,1,0,12,1,7671,7503,0,0,1,660
47377208,1,1,1,0,12,1,7671,7503,0,0,1,3655
47377209,44,1,1,0,12,1,7671,7503,0,0,110044,3655
47377210,44,1,1,0,12,1,7671,7503,0,0,110044,3655
47377211,44,1,1,0,12,1,7671,7503,0,0,110044,474
47377212,44,1,1,0,12,110044,7671,7503,0,0,110044,474
47377213,44,1,1,0,12,110044,7671,7503,0,0,110044,474
47377214,44,1,1,0,12,110044,7671,7503,0,0,110044,475
47377215,305,1,1,3,12,110044,7671,7503,0,0,305,475
47377216,305,1,1,3,12,110044,7671,7503,0,0,305,476
47377217,305,1,1,3,12,110044,7671,7503,0,0,305,501
47377218,44,1,1,0,12,110044,7671,7503,0,0,110044,501
47377219,44,1,1,0,12,110044,7671,7503,0,0,110044,501
47377220,44,1,1,0,12,110044,7671,7503,0,0,110044,502
47377221,7,1,1,0,12,110044,7671,7503,0,0,7,502
47377222,7,1,1,0,12,110044,7671,7503,0,0,7,503
47377223,7,1,1,0,12,110044,7671,7503,0,0,7,503
47377224,300,1,1,0,12,300,7671,7503,0,0,300,503
47377225,300,1,1,0,12,300,7671,7503,0,0,300,504
47377226,300,1,1,0,12,300,7671,7503,0,0,300,511
47377227,3,1,1,0,12,300,7671,7503,0,0,3,511
47377228,3,1,1,0,12,300,7671,7503,0,0,3,511
47377229,3,1,1,0,12,300,7671,7503,0,0,3,3725
47377230,141,1,1,0,12,304,7671,7503,0,0,30141,3725
47377231,141,1,1,0,12,304,7671,7503,0,0,30141,3725
47377232,141,1,1,0,12,304,7671,7503,0,0,30141,476
47377233,12,0,1,0,12,30141,7671,7503,0,0,12,476
# MARK wr tick=47377233
47377234,12,0,1,0,12,30141,7671,7503,0,0,12,476
71274050,244,1,1,0,0,10244,7672,7504,0,0,10244,326
71274051,244,1,1,0,0,10244,7672,7504,0,0,10244,327
71274052,244,1,1,0,0,10244,7672,7504,0,0,10244,327
71274053,244,1,1,0,0,10244,7672,7504,0,0,10244,330
71274054,244,1,1,0,0,10244,7672,7504,0,0,10244,660
71274055,244,1,1,0,0,10244,7672,7504,0,0,10244,660
71274056,244,1,1,0,0,10244,7672,7504,0,0,10244,660
71274057,244,1,1,0,0,10244,7672,7504,0,0,10244,3642
71274058,244,1,1,0,0,10244,7672,7504,0,0,10244,3642
71274059,244,1,1,0,0,10244,7672,7504,0,0,10244,3642
71274060,244,1,1,0,0,10244,7672,7504,0,0,10244,663
71274061,0,1,1,0,0,10244,7672,7504,0,0,100000,663
71274062,0,1,1,0,0,10244,7672,7504,0,0,100000,663
71274063,0,1,1,0,0,10244,7672,7504,0,0,100000,664
71274064,244,1,1,0,0,110244,7672,7504,0,0,110244,664
71274065,244,1,1,0,0,110244,7672,7504,0,0,110244,665
71274066,244,1,1,0,0,110244,7672,7504,0,0,110244,665
71274067,244,1,1,0,0,110244,7672,7504,0,0,110244,665
71274068,244,1,1,0,0,110244,7672,7504,0,0,110244,666
71274069,244,1,1,0,0,110244,7672,7504,0,0,110244,1112
71274070,245,1,1,0,0,110244,7672,7504,0,0,130245,1112
71274071,245,1,1,0,0,110244,7672,7504,0,0,130245,1112
71274072,245,1,1,0,0,110244,7672,7504,0,0,130245,1113
71274073,245,1,1,0,0,110244,7672,7504,0,0,130245,1113
71274074,245,1,1,0,0,110244,7672,7504,0,0,130245,1113
71274075,245,1,1,0,0,110244,7672,7504,0,0,130245,1113
71274076,245,1,1,0,0,110244,7672,7504,0,0,130245,1113
71274077,245,1,1,0,0,110244,7672,7504,0,0,130245,1113
71274078,244,1,1,0,0,110244,7672,7504,0,0,110244,1113
71274079,244,1,1,0,0,110244,7672,7504,0,0,110244,1114
71274080,244,1,1,0,0,110244,7672,7504,0,0,110244,1114
71274081,10,1,1,0,0,110244,7672,7504,0,0,10,1114
71274082,10,1,1,0,0,110244,7672,7504,0,0,10,1115
71274083,10,1,1,0,0,110244,7672,7504,0,0,10,1115
71274084,10,1,1,0,0,110244,7672,7504,0,0,10,1115
71274085,10,1,1,0,0,110244,7672,7504,0,0,10,1115
71274086,10,1,1,0,0,110244,7672,7504,0,0,10,1115
71274087,10,1,1,0,0,110244,7672,7504,0,0,10,1115
71274088,10,1,1,0,0,110244,7672,7504,0,0,10,1115
71274089,0,1,1,0,0,110244,7672,7504,0,0,0,1115
71274090,0,1,1,0,0,110244,7672,7504,0,0,0,1116
71274091,0,1,1,0,0,110244,7672,7504,0,0,0,1116
71274092,244,1,1,0,0,0,7672,7504,0,0,110244,1116
71274093,244,1,1,0,0,0,7672,7504,0,0,110244,666
71274094,244,1,1,0,0,0,7672,7504,0,0,110244,1117
71274095,1,1,1,0,0,0,7672,7504,0,0,60001,1117
71274096,1,1,1,0,0,0,7672,7504,0,0,60001,1120
71274097,1,1,1,0,0,0,7672,7504,0,0,60001,1120
71274098,13,1,1,0,0,0,7672,7504,0,0,100013,1120
71274099,13,1,1,0,0,0,7672,7504,0,0,100013,1121
71274100,13,1,1,0,0,0,7672,7504,0,0,100013,1120
71274101,0,1,1,0,0,100013,7672,7504,0,0,0,1120
71274102,0,1,1,0,0,100013,7672,7504,0,0,0,1120
71274103,0,1,1,0,0,100013,7672,7504,0,0,0,1120
71274104,1,1,1,0,0,26,7672,7504,0,0,1,1120
71274105,1,1,1,0,0,26,7672,7504,0,0,1,1120
71274106,1,1,1,0,0,26,7672,7504,0,0,1,1120
71274107,2,1,1,0,0,54,7672,7504,0,0,2,1120
71274108,2,1,1,0,0,54,7672,7504,0,0,2,1120
71274109,2,1,1,0,0,54,7672,7504,0,0,2,1120
71274110,4,1,1,0,0,130,7672,7504,0,0,4,1120
71274111,4,1,1,0,0,130,7672,7504,0,0,4,1120
71274112,4,1,1,0,0,130,7672,7504,0,0,4,1120
71274113,10,1,1,0,0,260,7672,7504,0,0,10,1120
71274114,10,1,1,0,0,260,7672,7504,0,0,10,1120
71274115,10,1,1,0,0,260,7672,7504,0,0,10,1120
71274116,20,1,1,0,0,540,7672,7504,0,0,20,1120
71274117,20,1,1,0,0,540,7672,7504,0,0,20,1120
71274118,20,1,1,0,0,540,7672,7504,0,0,20,1120
71274119,40,1,1,0,0,1300,7672,7504,0,0,40,1120
71274120,40,1,1,0,0,1300,7672,7504,0,0,40,1120
71274121,40,1,1,0,0,1300,7672,7504,0,0,40,1120
71274122,100,1,1,0,0,2600,7672,7504,0,0,100,1120
71274123,100,1,1,0,0,2600,7672,7504,0,0,100,1120
71274124,100,1,1,0,0,2600,7672,7504,0,0,100,1120
71274125,200,1,1,0,0,5400,7672,7504,0,0,200,1120
71274126,200,1,1,0,0,5400,7672,7504,0,0,200,1120
71274127,200,1,1,0,0,5400,7672,7504,0,0,200,1120
71274128,0,1,1,0,0,13000,7672,7504,0,0,400,1120
71274129,0,1,1,0,0,13000,7672,7504,0,0,400,1120
71274130,0,1,1,0,0,13000,7672,7504,0,0,400,1120
71274131,0,1,1,0,0,26000,7672,7504,0,0,1000,1120
71274132,0,1,1,0,0,26000,7672,7504,0,0,1000,1120
71274133,0,1,1,0,0,26000,7672,7504,0,0,1000,1120
71274134,0,1,1,0,0,54000,7672,7504,0,0,2000,1120
71274135,0,1,1,0,0,54000,7672,7504,0,0,2000,1120
71274136,0,1,1,0,0,54000,7672,7504,0,0,2000,1120
71274137,0,1,1,0,0,130000,7672,7504,0,0,4000,1120
71274138,0,1,1,0,0,130000,7672,7504,0,0,4000,1120
71274139,0,1,1,0,0,130000,7672,7504,0,0,4000,1121
71274140,1,1,1,0,0,60000,7672,7504,0,0,10001,1121
71274141,1,1,1,0,0,60000,7672,7504,0,0,10001,1122
71274142,1,1,1,0,0,60000,7672,7504,0,0,10001,1133
71274143,0,1,1,0,0,140000,7672,7504,0,0,0,1133
71274144,0,1,1,0,0,140000,7672,7504,0,0,0,1133
71274145,0,1,1,0,0,140000,7672,7504,0,0,0,1134
71274146,0,1,1,0,0,0,7672,7504,0,0,0,1134
71274147,0,1,1,0,0,0,7672,7504,0,0,0,1135
71274148,0,1,1,0,0,0,7672,7504,0,0,0,1140
71274149,0,1,1,0,0,0,7672,7504,0,0,0,1140
71274150,0,1,1,0,0,0,7672,7504,0,0,0,1140
71274151,0,1,1,0,0,0,7672,7504,0,0,0,1141
71274152,1,1,1,0,0,0,7672,7504,0,0,1,1141
71274153,1,1,1,0,0,0,7672,7504,0,0,1,1142
71274154,1,1,1,0,0,0,7672,7504,0,0,1,1142
71274155,1,1,1,0,0,1,7672,7504,0,0,1,1142
71274156,1,1,1,0,0,1,7672,7504,0,0,1,1143
71274157,1,1,1,0,0,1,7672,7504,0,0,1,666
71274158,0,1,1,0,0,1,7672,7504,0,0,140000,666
71274159,0,1,1,0,0,1,7672,7504,0,0,140000,666
71274160,0,1,1,0,0,1,7672,7504,0,0,140000,0
71274161,0,1,1,3,0,1,7672,7504,0,0,0,0
71274162,0,1,1,3,0,1,7672,7504,0,0,0,0
71274163,0,1,1,3,0,1,7672,7504,0,0,0,2001
71274164,0,1,1,3,0,1,7672,7504,0,0,0,17040
71274165,0,1,1,3,0,1,7672,7504,0,0,0,17040
71274166,0,1,1,3,0,1,7672,7504,3040,0,0,0
71274167,0,1,1,3,0,1,7672,7504,3040,0,0,6000
71274168,0,1,1,3,0,1,7672,7504,0,0,0,6000
71274169,0,1,1,3,0,1,7672,7504,0,0,0,6000
71274170,0,1,1,3,0,1,7672,7504,0,0,0,6000
71274171,0,1,1,3,0,1,7672,7504,0,44035,44035,6440
71274172,0,1,1,3,0,1,7672,7504,0,44035,44035,6440
71274173,0,1,1,3,0,1,7672,7504,0,44035,44035,6440
71274174,0,1,1,3,0,1,7672,7504,0,44035,44035,6440
71274175,0,1,1,3,0,1,7672,7504,0,0,44035,6440
71274176,0,1,1,3,0,1,7672,7504,0,0,44035,6440
71274177,0,1,1,3,0,1,7672,7504,0,0,44035,6440
71274178,1,1,1,0,0,1,7672,7504,0,0,44035,170
71274179,1,1,1,0,0,1,7672,7504,0,0,0,170
71274180,1,1,1,0,0,1,7672,7504,0,0,0,0
71274181,1,1,1,0,0,1,7672,7504,0,0,0,0
71274182,1,1,1,0,0,1,7672,7504,0,0,0,0
71274183,1,1,1,0,0,1,7672,7504,3075,0,0,0
71274184,1,1,1,0,0,1,7672,7504,3075,0,0,0
71274185,1,1,1,0,0,1,7672,7504,0,0,0,0
71274186,1,1,1,0,0,1,7672,7504,0,0,0,0
71274187,1,1,1,0,0,1,7672,7504,0,0,0,0
71274188,1,1,1,0,0,1,7672,7504,0,15,15,0
71274189,1,1,1,0,0,1,7672,7504,0,15,15,0
71274190,1,1,1,0,0,1,7672,7504,0,15,15,0
71274191,1,1,1,0,0,1,7672,7504,0,15,15,0
71274192,1,1,1,0,0,1,7672,7504,0,0,15,0
71274193,1,1,1,0,0,1,7672,7504,0,0,15,0
71274194,1,1,1,0,0,1,7672,7504,0,0,15,0
71274195,15,1,1,3,0,1,7672,7504,0,0,15,0
71274196,15,1,1,3,0,1,7672,7504,0,0,0,0
71274197,15,1,1,3,0,1,7672,7504,0,0,0,2001
71274198,15,1,1,3,0,1,7672,7504,0,0,0,17041
71274199,15,1,1,3,0,1,7672,7504,0,0,0,17041
71274200,15,1,1,3,0,1,7672,7504,3041,0,0,0
71274201,15,1,1,3,0,1,7672,7504,3041,0,0,6000
71274202,15,1,1,3,0,1,7672,7504,0,0,0,6000
71274203,15,1,1,3,0,1,7672,7504,0,0,0,6000
71274204,15,1,1,3,0,1,7672,7504,0,0,0,6000
71274205,15,1,1,3,0,1,7672,7504,0,50033,50033,6500
71274206,15,1,1,3,0,1,7672,7504,0,50033,50033,6500
71274207,15,1,1,3,0,1,7672,7504,0,50033,50033,6500
71274208,15,1,1,3,0,1,7672,7504,0,50033,50033,6500
71274209,15,1,1,3,0,1,7672,7504,0,0,50033,6500
71274210,15,1,1,3,0,1,7672,7504,0,0,50033,6500
71274211,15,1,1,3,0,1,7672,7504,0,0,50033,6500
71274212,1,1,1,0,15,1,7672,7504,0,0,50033,172
71274213,1,1,1,0,15,1,7672,7504,0,0,0,172
71274214,1,1,1,0,15,1,7672,7504,0,0,0,0
71274215,1,1,1,0,15,1,7672,7504,0,0,0,0
71274216,1,1,1,0,15,1,7672,7504,0,0,0,0
71274217,1,1,1,0,15,1,7672,7504,3074,0,0,0
71274218,1,1,1,0,15,1,7672,7504,3074,0,0,0
71274219,1,1,1,0,15,1,7672,7504,0,0,0,0
71274220,1,1,1,0,15,1,7672,7504,0,0,0,0
71274221,1,1,1,0,15,1,7672,7504,0,0,0,0
71274222,1,1,1,0,15,1,7672,7504,0,300,300,0
71274223,1,1,1,0,15,1,7672,7504,0,300,300,0
71274224,1,1,1,0,15,1,7672,7504,0,300,300,0
71274225,1,1,1,0,15,1,7672,7504,0,300,300,0
71274226,1,1,1,0,15,1,7672,7504,0,0,300,0
71274227,1,1,1,0,15,1,7672,7504,0,0,300,0
71274228,1,1,1,0,15,1,7672,7504,0,0,300,0
71274229,300,1,1,3,15,1,7672,7504,0,0,300,0
71274230,300,1,1,3,15,1,7672,7504,0,0,0,0
71274231,300,1,1,3,15,1,7672,7504,0,0,0,2001
71274232,300,1,1,3,15,1,7672,7504,0,0,0,17042
71274233,300,1,1,3,15,1,7672,7504,0,0,0,17042
71274234,300,1,1,3,15,1,7672,7504,3042,0,0,0
71274235,300,1,1,3,15,1,7672,7504,3042,0,0,6000
71274236,300,1,1,3,15,1,7672,7504,0,0,0,6000
71274237,300,1,1,3,15,1,7672,7504,0,0,0,6000
71274238,300,1,1,3,15,1,7672,7504,0,0,0,6000
71274239,300,1,1,3,15,1,7672,7504,0,173005,173005,7730
71274240,300,1,1,3,15,1,7672,7504,0,173005,173005,7730
71274241,300,1,1,3,15,1,7672,7504,0,173005,173005,7730
71274242,300,1,1,3,15,1,7672,7504,0,173005,173005,7730
71274243,300,1,1,3,15,1,7672,7504,0,0,173005,7730
71274244,300,1,1,3,15,1,7672,7504,0,0,173005,7730
71274245,300,1,1,3,15,1,7672,7504,0,0,173005,7730
71274246,5,1,1,3,15,1,7672,7504,0,0,173005,0
71274247,5,1,1,3,15,1,7672,7504,0,0,0,0
71274248,5,1,1,3,15,1,7672,7504,0,0,0,2001
71274249,5,1,1,3,15,1,7672,7504,0,0,0,17043
71274250,5,1,1,3,15,1,7672,7504,0,0,0,17043
71274251,5,1,1,3,15,1,7672,7504,3043,0,0,0
71274252,5,1,1,3,15,1,7672,7504,3043,0,0,6000
71274253,5,1,1,3,15,1,7672,7504,0,0,0,6000
71274254,5,1,1,3,15,1,7672,7504,0,0,0,6000
71274255,5,1,1,3,15,1,7672,7504,0,0,0,6000
71274256,5,1,1,3,15,1,7672,7504,0,150415,150415,7504
71274257,5,1,1,3,15,1,7672,7504,0,150415,150415,7504
71274258,5,1,1,3,15,1,7672,7504,0,150415,150415,7504
71274259,5,1,1,3,15,1,7672,7504,0,150415,150415,7504
71274260,5,1,1,3,15,1,7672,7504,0,0,150415,7504
71274261,5,1,1,3,15,1,7672,7504,0,0,150415,7504
71274262,5,1,1,3,15,1,7672,7504,0,0,150415,7504
71274263,1,1,1,0,15,1,7672,7504,0,0,150415,657
71274264,1,1,1,0,15,1,7672,7504,0,0,1,657
71274265,1,1,1,0,15,1,7672,7504,0,0,1,326
71274266,1,1,1,0,15,1,7672,7504,0,0,1,326
71274267,1,1,1,0,15,1,7672,7504,0,0,1,326
71274268,1,1,1,0,15,1,7672,7504,0,0,1,327
71274269,1,1,1,0,15,1,7672,7504,0,0,1,327
71274270,1,1,1,0,15,1,7672,7504,0,0,1,330
71274271,1,1,1,0,15,1,7672,7504,0,0,1,660
71274272,1,1,1,0,15,1,7672,7504,0,0,1,660
71274273,1,1,1,0,15,1,7672,7504,0,0,1,660
71274274,1,1,1,0,15,1,7672,7504,0,0,1,3655
71274275,244,1,1,0,15,1,7672,7504,0,0,110244,3655
71274276,244,1,1,0,15,1,7672,7504,0,0,110244,3655
71274277,244,1,1,0,15,1,7672,7504,0,0,110244,474
71274278,244,1,1,0,15,110244,7672,7504,0,0,110244,474
71274279,244,1,1,0,15,110244,7672,7504,0,0,110244,474
71274280,244,1,1,0,15,110244,7672,7504,0,0,110244,475
71274281,305,1,1,3,15,110244,7672,7504,0,0,305,475
71274282,305,1,1,3,15,110244,7672,7504,0,0,305,476
71274283,305,1,1,3,15,110244,7672,7504,0,0,305,501
71274284,244,1,1,0,15,110244,7672,7504,0,0,110244,501
71274285,244,1,1,0,15,110244,7672,7504,0,0,110244,501
71274286,244,1,1,0,15,110244,7672,7504,0,0,110244,502
71274287,7,1,1,0,15,110244,7672,7504,0,0,7,502
71274288,7,1,1,0,15,110244,7672,7504,0,0,7,503
71274289,7,1,1,0,15,110244,7672,7504,0,0,7,503
71274290,300,1,1,0,15,300,7672,7504,0,0,300,503
71274291,300,1,1,0,15,300,7672,7504,0,0,300,504
71274292,300,1,1,0,15,300,7672,7504,0,0,300,511
71274293,3,1,1,0,15,300,7672,7504,0,0,3,511
71274294,3,1,1,0,15,300,7672,7504,0,0,3,511
71274295,3,1,1,0,15,300,7672,7504,0,0,3,3725
71274296,141,1,1,0,15,304,7672,7504,0,0,30141,3725
71274297,141,1,1,0,15,304,7672,7504,0,0,30141,3725
71274298,141,1,1,0,15,304,7672,7504,0,0,30141,476
71274299,15,0,1,0,15,30141,7672,7504,0,0,15,476
# MARK wr tick=71274299
71274300,15,0,1,0,15,30141,7672,7504,0,0,15,476
71299783,244,1,1,0,0,10244,7672,7504,0,0,10244,326
71299784,244,1,1,0,0,10244,7672,7504,0,0,10244,327
71299785,244,1,1,0,0,10244,7672,7504,0,0,10244,327
71299786,244,1,1,0,0,10244,7672,7504,0,0,10244,330
71299787,244,1,1,0,0,10244,7672,7504,0,0,10244,660
71299788,244,1,1,0,0,10244,7672,7504,0,0,10244,660
71299789,244,1,1,0,0,10244,7672,7504,0,0,10244,660
71299790,244,1,1,0,0,10244,7672,7504,0,0,10244,3642
71299791,244,1,1,0,0,10244,7672,7504,0,0,10244,3642
71299792,244,1,1,0,0,10244,7672,7504,0,0,10244,3642
71299793,244,1,1,0,0,10244,7672,7504,0,0,10244,663
71299794,0,1,1,0,0,10244,7672,7504,0,0,100000,663
71299795,0,1,1,0,0,10244,7672,7504,0,0,100000,663
71299796,0,1,1,0,0,10244,7672,7504,0,0,100000,664
71299797,244,1,1,0,0,110244,7672,7504,0,0,110244,664
71299798,244,1,1,0,0,110244,7672,7504,0,0,110244,665
71299799,244,1,1,0,0,110244,7672,7504,0,0,110244,665
71299800,244,1,1,0,0,110244,7672,7504,0,0,110244,665
71299801,244,1,1,0,0,110244,7672,7504,0,0,110244,666
71299802,244,1,1,0,0,110244,7672,7504,0,0,110244,1112
71299803,245,1,1,0,0,110244,7672,7504,0,0,130245,1112
71299804,245,1,1,0,0,110244,7672,7504,0,0,130245,1112
71299805,245,1,1,0,0,110244,7672,7504,0,0,130245,1113
71299806,245,1,1,0,0,110244,7672,7504,0,0,130245,1113
71299807,245,1,1,0,0,110244,7672,7504,0,0,130245,1113
71299808,245,1,1,0,0,110244,7672,7504,0,0,130245,1113
71299809,245,1,1,0,0,110244,7672,7504,0,0,130245,1113
71299810,245,1,1,0,0,110244,7672,7504,0,0,130245,1113
71299811,244,1,1,0,0,110244,7672,7504,0,0,110244,1113
71299812,244,1,1,0,0,110244,7672,7504,0,0,110244,1114
71299813,244,1,1,0,0,110244,7672,7504,0,0,110244,1114
71299814,10,1,1,0,0,110244,7672,7504,0,0,10,1114
71299815,10,1,1,0,0,110244,7672,7504,0,0,10,1115
71299816,10,1,1,0,0,110244,7672,7504,0,0,10,1115
71299817,10,1,1,0,0,110244,7672,7504,0,0,10,1115
71299818,10,1,1,0,0,110244,7672,7504,0,0,10,1115
71299819,10,1,1,0,0,110244,7672,7504,0,0,10,1115
71299820,10,1,1,0,0,110244,7672,7504,0,0,10,1115
71299821,10,1,1,0,0,110244,7672,7504,0,0,10,1115
71299822,0,1,1,0,0,110244,7672,7504,0,0,0,1115
71299823,0,1,1,0,0,110244,7672,7504,0,0,0,1116
71299824,0,1,1,0,0,110244,7672,7504,0,0,0,1116
71299825,244,1,1,0,0,0,7672,7504,0,0,110244,1116
71299826,244,1,1,0,0,0,7672,7504,0,0,110244,666
71299827,244,1,1,0,0,0,7672,7504,0,0,110244,1117
71299828,1,1,1,0,0,0,7672,7504,0,0,60001,1117
71299829,1,1,1,0,0,0,7672,7504,0,0,60001,1120
71299830,1,1,1,0,0,0,7672,7504,0,0,60001,1120
71299831,13,1,1,0,0,0,7672,7504,0,0,100013,1120
71299832,13,1,1,0,0,0,7672,7504,0,0,100013,1121
71299833,13,1,1,0,0,0,7672,7504,0,0,100013,1120
71299834,0,1,1,0,0,100013,7672,7504,0,0,0,1120
71299835,0,1,1,0,0,100013,7672,7504,0,0,0,1120
71299836,0,1,1,0,0,100013,7672,7504,0,0,0,1120
71299837,1,1,1,0,0,26,7672,7504,0,0,1,1120
71299838,1,1,1,0,0,26,7672,7504,0,0,1,1120
71299839,1,1,1,0,0,26,7672,7504,0,0,1,1120
71299840,2,1,1,0,0,54,7672,7504,0,0,2,1120
71299841,2,1,1,0,0,54,7672,7504,0,0,2,1120
71299842,2,1,1,0,0,54,7672,7504,0,0,2,1120
71299843,4,1,1,0,0,130,7672,7504,0,0,4,1120
71299844,4,1,1,0,0,130,7672,7504,0,0,4,1120
71299845,4,1,1,0,0,130,7672,7504,0,0,4,1120
71299846,10,1,1,0,0,260,7672,7504,0,0,10,1120
71299847,10,1,1,0,0,260,7672,7504,0,0,10,1120
71299848,10,1,1,0,0,260,7672,7504,0,0,10,1120
71299849,20,1,1,0,0,540,7672,7504,0,0,20,1120
71299850,20,1,1,0,0,540,7672,7504,0,0,20,1120
71299851,20,1,1,0,0,540,7672,7504,0,0,20,1120
71299852,40,1,1,0,0,1300,7672,7504,0,0,40,1120
71299853,40,1,1,0,0,1300,7672,7504,0,0,40,1120
71299854,40,1,1,0,0,1300,7672,7504,0,0,40,1120
71299855,100,1,1,0,0,2600,7672,7504,0,0,100,1120
71299856,100,1,1,0,0,2600,7672,7504,0,0,100,1120
71299857,100,1,1,0,0,2600,7672,7504,0,0,100,1120
71299858,200,1,1,0,0,5400,7672,7504,0,0,200,1120
71299859,200,1,1,0,0,5400,7672,7504,0,0,200,1120
71299860,200,1,1,0,0,5400,7672,7504,0,0,200,1120
71299861,0,1,1,0,0,13000,7672,7504,0,0,400,1120
71299862,0,1,1,0,0,13000,7672,7504,0,0,400,1120
71299863,0,1,1,0,0,13000,7672,7504,0,0,400,1120
71299864,0,1,1,0,0,26000,7672,7504,0,0,1000,1120
71299865,0,1,1,0,0,26000,7672,7504,0,0,1000,1120
71299866,0,1,1,0,0,26000,7672,7504,0,0,1000,1120
71299867,0,1,1,0,0,54000,7672,7504,0,0,2000,1120
71299868,0,1,1,0,0,54000,7672,7504,0,0,2000,1120
71299869,0,1,1,0,0,54000,7672,7504,0,0,2000,1120
71299870,0,1,1,0,0,130000,7672,7504,0,0,4000,1120
71299871,0,1,1,0,0,130000,7672,7504,0,0,4000,1120
71299872,0,1,1,0,0,130000,7672,7504,0,0,4000,1121
71299873,1,1,1,0,0,60000,7672,7504,0,0,10001,1121
71299874,1,1,1,0,0,60000,7672,7504,0,0,10001,1122
71299875,1,1,1,0,0,60000,7672,7504,0,0,10001,1133
71299876,0,1,1,0,0,140000,7672,7504,0,0,0,1133
71299877,0,1,1,0,0,140000,7672,7504,0,0,0,1133
71299878,0,1,1,0,0,140000,7672,7504,0,0,0,1134
71299879,0,1,1,0,0,0,7672,7504,0,0,0,1134
71299880,0,1,1,0,0,0,7672,7504,0,0,0,1135
71299881,0,1,1,0,0,0,7672,7504,0,0,0,1140
71299882,0,1,1,0,0,0,7672,7504,0,0,0,1140
71299883,0,1,1,0,0,0,7672,7504,0,0,0,1140
71299884,0,1,1,0,0,0,7672,7504,0,0,0,1141
71299885,1,1,1,0,0,0,7672,7504,0,0,1,1141
71299886,1,1,1,0,0,0,7672,7504,0,0,1,1142
71299887,1,1,1,0,0,0,7672,7504,0,0,1,1142
71299888,1,1,1,0,0,1,7672,7504,0,0,1,1142
71299889,1,1,1,0,0,1,7672,7504,0,0,1,1143
71299890,1,1,1,0,0,1,7672,7504,0,0,1,666
71299891,0,1,1,0,0,1,7672,7504,0,0,140000,666
71299892,0,1,1,0,0,1,7672,7504,0,0,140000,666
71299893,0,1,1,0,0,1,7672,7504,0,0,140000,0
71299894,0,1,1,3,0,1,7672,7504,0,0,0,0
71299895,0,1,1,3,0,1,7672,7504,0,0,0,0
71299896,0,1,1,3,0,1,7672,7504,0,0,0,2001
71299897,0,1,1,3,0,1,7672,7504,0,0,0,17040
71299898,0,1,1,3,0,1,7672,7504,0,0,0,17040
71299899,0,1,1,3,0,1,7672,7504,3040,0,0,0
71299900,0,1,1,3,0,1,7672,7504,3040,0,0,6000
71299901,0,1,1,3,0,1,7672,7504,0,0,0,6000
71299902,0,1,1,3,0,1,7672,7504,0,0,0,6000
71299903,0,1,1,3,0,1,7672,7504,0,0,0,6000
71299904,0,1,1,3,0,1,7672,7504,0,44035,44035,6440
71299905,0,1,1,3,0,1,7672,7504,0,44035,44035,6440
71299906,0,1,1,3,0,1,7672,7504,0,44035,44035,6440
71299907,0,1,1,3,0,1,7672,7504,0,44035,44035,6440
71299908,0,1,1,3,0,1,7672,7504,0,0,44035,6440
71299909,0,1,1,3,0,1,7672,7504,0,0,44035,6440
71299910,0,1,1,3,0,1,7672,7504,0,0,44035,6440
71299911,1,1,1,0,0,1,7672,7504,0,0,44035,170
71299912,1,1,1,0,0,1,7672,7504,0,0,0,170
71299913,1,1,1,0,0,1,7672,7504,0,0,0,0
71299914,1,1,1,0,0,1,7672,7504,0,0,0,0
71299915,1,1,1,0,0,1,7672,7504,0,0,0,0
71299916,1,1,1,0,0,1,7672,7504,3075,0,0,0
71299917,1,1,1,0,0,1,7672,7504,3075,0,0,0
71299918,1,1,1,0,0,1,7672,7504,0,0,0,0
71299919,1,1,1,0,0,1,7672,7504,0,0,0,0
71299920,1,1,1,0,0,1,7672,7504,0,0,0,0
71299921,1,1,1,0,0,1,7672,7504,0,12,12,0
71299922,1,1,1,0,0,1,7672,7504,0,12,12,0
71299923,1,1,1,0,0,1,7672,7504,0,12,12,0
71299924,1,1,1,0,0,1,7672,7504,0,12,12,0
71299925,1,1,1,0,0,1,7672,7504,0,0,12,0
71299926,1,1,1,0,0,1,7672,7504,0,0,12,0
71299927,1,1,1,0,0,1,7672,7504,0,0,12,0
71299928,12,1,1,3,0,1,7672,7504,0,0,12,0
71299929,12,1,1,3,0,1,7672,7504,0,0,0,0
71299930,12,1,1,3,0,1,7672,7504,0,0,0,2001
71299931,12,1,1,3,0,1,7672,7504,0,0,0,17041
71299932,12,1,1,3,0,1,7672,7504,0,0,0,17041
71299933,12,1,1,3,0,1,7672,7504,3041,0,0,0
71299934,12,1,1,3,0,1,7672,7504,3041,0,0,6000
71299935,12,1,1,3,0,1,7672,7504,0,0,0,6000
71299936,12,1,1,3,0,1,7672,7504,0,0,0,6000
71299937,12,1,1,3,0,1,7672,7504,0,0,0,6000
71299938,12,1,1,3,0,1,7672,7504,0,50033,50033,6500
71299939,12,1,1,3,0,1,7672,7504,0,50033,50033,6500
71299940,12,1,1,3,0,1,7672,7504,0,50033,50033,6500
71299941,12,1,1,3,0,1,7672,7504,0,50033,50033,6500
71299942,12,1,1,3,0,1,7672,7504,0,0,50033,6500
71299943,12,1,1,3,0,1,7672,7504,0,0,50033,6500
71299944,12,1,1,3,0,1,7672,7504,0,0,50033,6500
71299945,1,1,1,0,12,1,7672,7504,0,0,50033,172
71299946,1,1,1,0,12,1,7672,7504,0,0,0,172
71299947,1,1,1,0,12,1,7672,7504,0,0,0,0
71299948,1,1,1,0,12,1,7672,7504,0,0,0,0
71299949,1,1,1,0,12,1,7672,7504,0,0,0,0
71299950,1,1,1,0,12,1,7672,7504,3074,0,0,0
71299951,1,1,1,0,12,1,7672,7504,3074,0,0,0
71299952,1,1,1,0,12,1,7672,7504,0,0,0,0
71299953,1,1,1,0,12,1,7672,7504,0,0,0,0
71299954,1,1,1,0,12,1,7672,7504,0,0,0,0
71299955,1,1,1,0,12,1,7672,7504,0,300,300,0
71299956,1,1,1,0,12,1,7672,7504,0,300,300,0
71299957,1,1,1,0,12,1,7672,7504,0,300,300,0
71299958,1,1,1,0,12,1,7672,7504,0,300,300,0
71299959,1,1,1,0,12,1,7672,7504,0,0,300,0
71299960,1,1,1,0,12,1,7672,7504,0,0,300,0
71299961,1,1,1,0,12,1,7672,7504,0,0,300,0
71299962,300,1,1,3,12,1,7672,7504,0,0,300,0
71299963,300,1,1,3,12,1,7672,7504,0,0,0,0
71299964,300,1,1,3,12,1,7672,7504,0,0,0,2001
71299965,300,1,1,3,12,1,7672,7504,0,0,0,17042
71299966,300,1,1,3,12,1,7672,7504,0,0,0,17042
71299967,300,1,1,3,12,1,7672,7504,3042,0,0,0
71299968,300,1,1,3,12,1,7672,7504,3042,0,0,6000
71299969,300,1,1,3,12,1,7672,7504,0,0,0,6000
71299970,300,1,1,3,12,1,7672,7504,0,0,0,6000
71299971,300,1,1,3,12,1,7672,7504,0,0,0,6000
71299972,300,1,1,3,12,1,7672,7504,0,173005,173005,7730
71299973,300,1,1,3,12,1,7672,7504,0,173005,173005,7730
71299974,300,1,1,3,12,1,7672,7504,0,173005,173005,7730
71299975,300,1,1,3,12,1,7672,7504,0,173005,173005,7730
71299976,300,1,1,3,12,1,7672,7504,0,0,173005,7730
71299977,300,1,1,3,12,1,7672,7504,0,0,173005,7730
71299978,300,1,1,3,12,1,7672,7504,0,0,173005,7730
71299979,5,1,1,3,12,1,7672,7504,0,0,173005,0
71299980,5,1,1,3,12,1,7672,7504,0,0,0,0
71299981,5,1,1,3,12,1,7672,7504,0,0,0,2001
71299982,5,1,1,3,12,1,7672,7504,0,0,0,17043
71299983,5,1,1,3,12,1,7672,7504,0,0,0,17043
71299984,5,1,1,3,12,1,7672,7504,3043,0,0,0
71299985,5,1,1,3,12,1,7672,7504,3043,0,0,6000
71299986,5,1,1,3,12,1,7672,7504,0,0,0,6000
71299987,5,1,1,3,12,1,7672,7504,0,0,0,6000
71299988,5,1,1,3,12,1,7672,7504,0,0,0,6000
71299989,5,1,1,3,12,1,7672,7504,0,150415,150415,7504
71299990,5,1,1,3,12,1,7672,7504,0,150415,150415,7504
71299991,5,1,1,3,12,1,7672,7504,0,150415,150415,7504
71299992,5,1,1,3,12,1,7672,7504,0,150415,150415,7504
71299993,5,1,1,3,12,1,7672,7504,0,0,150415,7504
71299994,5,1,1,3,12,1,7672,7504,0,0,150415,7504
71299995,5,1,1,3,12,1,7672,7504,0,0,150415,7504
71299996,1,1,1,0,12,1,7672,7504,0,0,150415,657
71299997,1,1,1,0,12,1,7672,7504,0,0,1,657
71299998,1,1,1,0,12,1,7672,7504,0,0,1,326
71299999,1,1,1,0,12,1,7672,7504,0,0,1,326
71300000,1,1,1,0,12,1,7672,7504,0,0,1,326
71300001,1,1,1,0,12,1,7672,7504,0,0,1,327
71300002,1,1,1,0,12,1,7672,7504,0,0,1,327
71300003,1,1,1,0,12,1,7672,7504,0,0,1,330
71300004,1,1,1,0,12,1,7672,7504,0,0,1,660
71300005,1,1,1,0,12,1,7672,7504,0,0,1,660
71300006,1,1,1,0,12,1,7672,7504,0,0,1,660
71300007,1,1,1,0,12,1,7672,7504,0,0,1,3655
71300008,244,1,1,0,12,1,7672,7504,0,0,110244,3655
71300009,244,1,1,0,12,1,7672,7504,0,0,110244,3655
71300010,244,1,1,0,12,1,7672,7504,0,0,110244,474
71300011,244,1,1,0,12,110244,7672,7504,0,0,110244,474
71300012,244,1,1,0,12,110244,7672,7504,0,0,110244,474
71300013,244,1,1,0,12,110244,7672,7504,0,0,110244,475
71300014,305,1,1,3,12,110244,7672,7504,0,0,305,475
71300015,305,1,1,3,12,110244,7672,7504,0,0,305,476
71300016,305,1,1,3,12,110244,7672,7504,0,0,305,501
71300017,244,1,1,0,12,110244,7672,7504,0,0,110244,501
71300018,244,1,1,0,12,110244,7672,7504,0,0,110244,501
71300019,244,1,1,0,12,110244,7672,7504,0,0,110244,502
71300020,7,1,1,0,12,110244,7672,7504,0,0,7,502
71300021,7,1,1,0,12,110244,7672,7504,0,0,7,503
71300022,7,1,1,0,12,110244,7672,7504,0,0,7,503
71300023,300,1,1,0,12,300,7672,7504,0,0,300,503
71300024,300,1,1,0,12,300,7672,7504,0,0,300,504
71300025,300,1,1,0,12,300,7672,7504,0,0,300,511
71300026,3,1,1,0,12,300,7672,7504,0,0,3,511
71300027,3,1,1,0,12,300,7672,7504,0,0,3,511
71300028,3,1,1,0,12,300,7672,7504,0,0,3,3725
71300029,141,1,1,0,12,304,7672,7504,0,0,30141,3725
71300030,141,1,1,0,12,304,7672,7504,0,0,30141,3725
71300031,141,1,1,0,12,304,7672,7504,0,0,30141,476
71300032,12,0,1,0,12,30141,7672,7504,0,0,12,476
# MARK wr tick=71300032
71300033,12,0,1,0,12,30141,7672,7504,0,0,12,476
71331616,244,1,1,0,0,10244,7672,7504,0,0,10244,326
71331617,244,1,1,0,0,10244,7672,7504,0,0,10244,327
71331618,244,1,1,0,0,10244,7672,7504,0,0,10244,327
71331619,244,1,1,0,0,10244,7672,7504,0,0,10244,330
71331620,244,1,1,0,0,10244,7672,7504,0,0,10244,660
71331621,244,1,1,0,0,10244,7672,7504,0,0,10244,660
71331622,244,1,1,0,0,10244,7672,7504,0,0,10244,660
71331623,244,1,1,0,0,10244,7672,7504,0,0,10244,3642
71331624,244,1,1,0,0,10244,7672,7504,0,0,10244,3642
71331625,244,1,1,0,0,10244,7672,7504,0,0,10244,3642
71331626,244,1,1,0,0,10244,7672,7504,0,0,10244,663
71331627,0,1,1,0,0,10244,7672,7504,0,0,100000,663
71331628,0,1,1,0,0,10244,7672,7504,0,0,100000,663
71331629,0,1,1,0,0,10244,7672,7504,0,0,100000,664
71331630,244,1,1,0,0,110244,7672,7504,0,0,110244,664
71331631,244,1,1,0,0,110244,7672,7504,0,0,110244,665
71331632,244,1,1,0,0,110244,7672,7504,0,0,110244,665
71331633,244,1,1,0,0,110244,7672,7504,0,0,110244,665
71331634,244,1,1,0,0,110244,7672,7504,0,0,110244,666
71331635,244,1,1,0,0,110244,7672,7504,0,0,110244,1112
71331636,245,1,1,0,0,110244,7672,7504,0,0,130245,1112
71331637,245,1,1,0,0,110244,7672,7504,0,0,130245,1112
71331638,245,1,1,0,0,110244,7672,7504,0,0,130245,1113
71331639,245,1,1,0,0,110244,7672,7504,0,0,130245,1113
71331640,245,1,1,0,0,110244,7672,7504,0,0,130245,1113
71331641,245,1,1,0,0,110244,7672,7504,0,0,130245,1113
71331642,245,1,1,0,0,110244,7672,7504,0,0,130245,1113
71331643,245,1,1,0,0,110244,7672,7504,0,0,130245,1113
71331644,244,1,1,0,0,110244,7672,7504,0,0,110244,1113
71331645,244,1,1,0,0,110244,7672,7504,0,0,110244,1114
71331646,244,1,1,0,0,110244,7672,7504,0,0,110244,1114
71331647,10,1,1,0,0,110244,7672,7504,0,0,10,1114
71331648,10,1,1,0,0,110244,7672,7504,0,0,10,1115
71331649,10,1,1,0,0,110244,7672,7504,0,0,10,1115
71331650,10,1,1,0,0,110244,7672,7504,0,0,10,1115
71331651,10,1,1,0,0,110244,7672,7504,0,0,10,1115
71331652,10,1,1,0,0,110244,7672,7504,0,0,10,1115
71331653,10,1,1,0,0,110244,7672,7504,0,0,10,1115
71331654,10,1,1,0,0,110244,7672,7504,0,0,10,1115
71331655,0,1,1,0,0,110244,7672,7504,0,0,0,1115
71331656,0,1,1,0,0,110244,7672,7504,0,0,0,1116
71331657,0,1,1,0,0,110244,7672,7504,0,0,0,1116
71331658,244,1,1,0,0,0,7672,7504,0,0,110244,1116
71331659,244,1,1,0,0,0,7672,7504,0,0,110244,666
71331660,244,1,1,0,0,0,7672,7504,0,0,110244,1117
71331661,1,1,1,0,0,0,7672,7504,0,0,60001,1117
71331662,1,1,1,0,0,0,7672,7504,0,0,60001,1120
71331663,1,1,1,0,0,0,7672,7504,0,0,60001,1120
71331664,13,1,1,0,0,0,7672,7504,0,0,100013,1120
71331665,13,1,1,0,0,0,7672,7504,0,0,100013,1121
71331666,13,1,1,0,0,0,7672,7504,0,0,100013,1120
71331667,0,1,1,0,0,100013,7672,7504,0,0,0,1120
71331668,0,1,1,0,0,100013,7672,7504,0,0,0,1120
71331669,0,1,1,0,0,100013,7672,7504,0,0,0,1120
71331670,1,1,1,0,0,26,7672,7504,0,0,1,1120
71331671,1,1,1,0,0,26,7672,7504,0,0,1,1120
71331672,1,1,1,0,0,26,7672,7504,0,0,1,1120
71331673,2,1,1,0,0,54,7672,7504,0,0,2,1120
71331674,2,1,1,0,0,54,7672,7504,0,0,2,1120
71331675,2,1,1,0,0,54,7672,7504,0,0,2,1120
71331676,4,1,1,0,0,130,7672,7504,0,0,4,1120
71331677,4,1,1,0,0,130,7672,7504,0,0,4,1120
71331678,4,1,1,0,0,130,7672,7504,0,0,4,1120
71331679,10,1,1,0,0,260,7672,7504,0,0,10,1120
71331680,10,1,1,0,0,260,7672,7504,0,0,10,1120
71331681,10,1,1,0,0,260,7672,7504,0,0,10,1120
71331682,20,1,1,0,0,540,7672,7504,0,0,20,1120
71331683,20,1,1,0,0,540,7672,7504,0,0,20,1120
71331684,20,1,1,0,0,540,7672,7504,0,0,20,1120
71331685,40,1,1,0,0,1300,7672,7504,0,0,40,1120
71331686,40,1,1,0,0,1300,7672,7504,0,0,40,1120
71331687,40,1,1,0,0,1300,7672,7504,0,0,40,1120
71331688,100,1,1,0,0,2600,7672,7504,0,0,100,1120
71331689,100,1,1,0,0,2600,7672,7504,0,0,100,1120
71331690,100,1,1,0,0,2600,7672,7504,0,0,100,1120
71331691,200,1,1,0,0,5400,7672,7504,0,0,200,1120
71331692,200,1,1,0,0,5400,7672,7504,0,0,200,1120
71331693,200,1,1,0,0,5400,7672,7504,0,0,200,1120
71331694,0,1,1,0,0,13000,7672,7504,0,0,400,1120
71331695,0,1,1,0,0,13000,7672,7504,0,0,400,1120
71331696,0,1,1,0,0,13000,7672,7504,0,0,400,1120
71331697,0,1,1,0,0,26000,7672,7504,0,0,1000,1120
71331698,0,1,1,0,0,26000,7672,7504,0,0,1000,1120
71331699,0,1,1,0,0,26000,7672,7504,0,0,1000,1120
71331700,0,1,1,0,0,54000,7672,7504,0,0,2000,1120
71331701,0,1,1,0,0,54000,7672,7504,0,0,2000,1120
71331702,0,1,1,0,0,54000,7672,7504,0,0,2000,1120
71331703,0,1,1,0,0,130000,7672,7504,0,0,4000,1120
71331704,0,1,1,0,0,130000,7672,7504,0,0,4000,1120
71331705,0,1,1,0,0,130000,7672,7504,0,0,4000,1121
71331706,1,1,1,0,0,60000,7672,7504,0,0,10001,1121
71331707,1,1,1,0,0,60000,7672,7504,0,0,10001,1122
71331708,1,1,1,0,0,60000,7672,7504,0,0,10001,1133
71331709,0,1,1,0,0,140000,7672,7504,0,0,0,1133
71331710,0,1,1,0,0,140000,7672,7504,0,0,0,1133
71331711,0,1,1,0,0,140000,7672,7504,0,0,0,1134
71331712,0,1,1,0,0,0,7672,7504,0,0,0,1134
71331713,0,1,1,0,0,0,7672,7504,0,0,0,1135
71331714,0,1,1,0,0,0,7672,7504,0,0,0,1140
71331715,0,1,1,0,0,0,7672,7504,0,0,0,1140
71331716,0,1,1,0,0,0,7672,7504,0,0,0,1140
71331717,0,1,1,0,0,0,7672,7504,0,0,0,1141
71331718,1,1,1,0,0,0,7672,7504,0,0,1,1141
71331719,1,1,1,0,0,0,7672,7504,0,0,1,1142
71331720,1,1,1,0,0,0,7672,7504,0,0,1,1142
71331721,1,1,1,0,0,1,7672,7504,0,0,1,1142
71331722,1,1,1,0,0,1,7672,7504,0,0,1,1143
71331723,1,1,1,0,0,1,7672,7504,0,0,1,666
71331724,0,1,1,0,0,1,7672,7504,0,0,140000,666
71331725,0,1,1,0,0,1,7672,7504,0,0,140000,666
71331726,0,1,1,0,0,1,7672,7504,0,0,140000,0
71331727,0,1,1,3,0,1,7672,7504,0,0,0,0
71331728,0,1,1,3,0,1,7672,7504,0,0,0,0
71331729,0,1,1,3,0,1,7672,7504,0,0,0,2001
71331730,0,1,1,3,0,1,7672,7504,0,0,0,17040
71331731,0,1,1,3,0,1,7672,7504,0,0,0,17040
71331732,0,1,1,3,0,1,7672,7504,3040,0,0,0
71331733,0,1,1,3,0,1,7672,7504,3040,0,0,6000
71331734,0,1,1,3,0,1,7672,7504,0,0,0,6000
71331735,0,1,1,3,0,1,7672,7504,0,0,0,6000
71331736,0,1,1,3,0,1,7672,7504,0,0,0,6000
71331737,0,1,1,3,0,1,7672,7504,0,44035,44035,6440
71331738,0,1,1,3,0,1,7672,7504,0,44035,44035,6440
71331739,0,1,1,3,0,1,7672,7504,0,44035,44035,6440
71331740,0,1,1,3,0,1,7672,7504,0,44035,44035,6440
71331741,0,1,1,3,0,1,7672,7504,0,0,44035,6440
71331742,0,1,1,3,0,1,7672,7504,0,0,44035,6440
71331743,0,1,1,3,0,1,7672,7504,0,0,44035,6440
71331744,1,1,1,0,0,1,7672,7504,0,0,44035,170
71331745,1,1,1,0,0,1,7672,7504,0,0,0,170
71331746,1,1,1,0,0,1,7672,7504,0,0,0,0
71331747,1,1,1,0,0,1,7672,7504,0,0,0,0
71331748,1,1,1,0,0,1,7672,7504,0,0,0,0
71331749,1,1,1,0,0,1,7672,7504,3075,0,0,0
71331750,1,1,1,0,0,1,7672,7504,3075,0,0,0
71331751,1,1,1,0,0,1,7672,7504,0,0,0,0
71331752,1,1,1,0,0,1,7672,7504,0,0,0,0
71331753,1,1,1,0,0,1,7672,7504,0,0,0,0
71331754,1,1,1,0,0,1,7672,7504,0,40,40,0
71331755,1,1,1,0,0,1,7672,7504,0,40,40,0
71331756,1,1,1,0,0,1,7672,7504,0,40,40,0
71331757,1,1,1,0,0,1,7672,7504,0,40,40,0
71331758,1,1,1,0,0,1,7672,7504,0,0,40,0
71331759,1,1,1,0,0,1,7672,7504,0,0,40,0
71331760,1,1,1,0,0,1,7672,7504,0,0,40,0
71331761,40,1,1,3,0,1,7672,7504,0,0,40,0
71331762,40,1,1,3,0,1,7672,7504,0,0,0,0
71331763,40,1,1,3,0,1,7672,7504,0,0,0,2001
71331764,40,1,1,3,0,1,7672,7504,0,0,0,17041
71331765,40,1,1,3,0,1,7672,7504,0,0,0,17041
71331766,40,1,1,3,0,1,7672,7504,3041,0,0,0
71331767,40,1,1,3,0,1,7672,7504,3041,0,0,6000
71331768,40,1,1,3,0,1,7672,7504,0,0,0,6000
71331769,40,1,1,3,0,1,7672,7504,0,0,0,6000
71331770,40,1,1,3,0,1,7672,7504,0,0,0,6000
71331771,40,1,1,3,0,1,7672,7504,0,50033,50033,6500
71331772,40,1,1,3,0,1,7672,7504,0,50033,50033,6500
71331773,40,1,1,3,0,1,7672,7504,0,50033,50033,6500
71331774,40,1,1,3,0,1,7672,7504,0,50033,50033,6500
71331775,40,1,1,3,0,1,7672,7504,0,0,50033,6500
71331776,40,1,1,3,0,1,7672,7504,0,0,50033,6500
71331777,40,1,1,3,0,1,7672,7504,0,0,50033,6500
71331778,1,1,1,0,40,1,7672,7504,0,0,50033,172
71331779,1,1,1,0,40,1,7672,7504,0,0,0,172
71331780,1,1,1,0,40,1,7672,7504,0,0,0,0
71331781,1,1,1,0,40,1,7672,7504,0,0,0,0
71331782,1,1,1,0,40,1,7672,7504,0,0,0,0
71331783,1,1,1,0,40,1,7672,7504,3074,0,0,0
71331784,1,1,1,0,40,1,7672,7504,3074,0,0,0
71331785,1,1,1,0,40,1,7672,7504,0,0,0,0
71331786,1,1,1,0,40,1,7672,7504,0,0,0,0
71331787,1,1,1,0,40,1,7672,7504,0,0,0,0
71331788,1,1,1,0,40,1,7672,7504,0,300,300,0
71331789,1,1,1,0,40,1,7672,7504,0,300,300,0
71331790,1,1,1,0,40,1,7672,7504,0,300,300,0
71331791,1,1,1,0,40,1,7672,7504,0,300,300,0
71331792,1,1,1,0,40,1,7672,7504,0,0,300,0
71331793,1,1,1,0,40,1,7672,7504,0,0,300,0
71331794,1,1,1,0,40,1,7672,7504,0,0,300,0
71331795,300,1,1,3,40,1,7672,7504,0,0,300,0
71331796,300,1,1,3,40,1,7672,7504,0,0,0,0
71331797,300,1,1,3,40,1,7672,7504,0,0,0,2001
71331798,300,1,1,3,40,1,7672,7504,0,0,0,17042
71331799,300,1,1,3,40,1,7672,7504,0,0,0,17042
71331800,300,1,1,3,40,1,7672,7504,3042,0,0,0
71331801,300,1,1,3,40,1,7672,7504,3042,0,0,6000
71331802,300,1,1,3,40,1,7672,7504,0,0,0,6000
71331803,300,1,1,3,40,1,7672,7504,0,0,0,6000
71331804,300,1,1,3,40,1,7672,7504,0,0,0,6000
71331805,300,1,1,3,40,1,7672,7504,0,173005,173005,7730
71331806,300,1,1,3,40,1,7672,7504,0,173005,173005,7730
71331807,300,1,1,3,40,1,7672,7504,0,173005,173005,7730
71331808,300,1,1,3,40,1,7672,7504,0,173005,173005,7730
71331809,300,1,1,3,40,1,7672,7504,0,0,173005,7730
71331810,300,1,1,3,40,1,7672,7504,0,0,173005,7730
71331811,300,1,1,3,40,1,7672,7504,0,0,173005,7730
71331812,5,1,1,3,40,1,7672,7504,0,0,173005,0
71331813,5,1,1,3,40,1,7672,7504,0,0,0,0
71331814,5,1,1,3,40,1,7672,7504,0,0,0,2001
71331815,5,1,1,3,40,1,7672,7504,0,0,0,17043
71331816,5,1,1,3,40,1,7672,7504,0,0,0,17043
71331817,5,1,1,3,40,1,7672,7504,3043,0,0,0
71331818,5,1,1,3,40,1,7672,7504,3043,0,0,6000
71331819,5,1,1,3,40,1,7672,7504,0,0,0,6000
71331820,5,1,1,3,40,1,7672,7504,0,0,0,6000
71331821,5,1,1,3,40,1,7672,7504,0,0,0,6000
71331822,5,1,1,3,40,1,7672,7504,0,150415,150415,7504
71331823,5,1,1,3,40,1,7672,7504,0,150415,150415,7504
71331824,5,1,1,3,40,1,7672,7504,0,150415,150415,7504
71331825,5,1,1,3,40,1,7672,7504,0,150415,150415,7504
71331826,5,1,1,3,40,1,7672,7504,0,0,150415,7504
71331827,5,1,1,3,40,1,7672,7504,0,0,150415,7504
71331828,5,1,1,3,40,1,7672,7504,0,0,150415,7504
71331829,1,1,1,0,40,1,7672,7504,0,0,150415,657
71331830,1,1,1,0,40,1,7672,7504,0,0,1,657
71331831,1,1,1,0,40,1,7672,7504,0,0,1,326
71331832,1,1,1,0,40,1,7672,7504,0,0,1,326
71331833,1,1,1,0,40,1,7672,7504,0,0,1,326
71331834,1,1,1,0,40,1,7672,7504,0,0,1,327
71331835,1,1,1,0,40,1,7672,7504,0,0,1,327
71331836,1,1,1,0,40,1,7672,7504,0,0,1,330
71331837,1,1,1,0,40,1,7672,7504,0,0,1,660
71331838,1,1,1,0,40,1,7672,7504,0,0,1,660
71331839,1,1,1,0,40,1,7672,7504,0,0,1,660
71331840,1,1,1,0,40,1,7672,7504,0,0,1,3655
71331841,244,1,1,0,40,1,7672,7504,0,0,110244,3655
71331842,244,1,1,0,40,1,7672,7504,0,0,110244,3655
71331843,244,1,1,0,40,1,7672,7504,0,0,110244,474
71331844,244,1,1,0,40,110244,7672,7504,0,0,110244,474
71331845,244,1,1,0,40,110244,7672,7504,0,0,110244,474
71331846,244,1,1,0,40,110244,7672,7504,0,0,110244,475
71331847,305,1,1,3,40,110244,7672,7504,0,0,305,475
71331848,305,1,1,3,40,110244,7672,7504,0,0,305,476
71331849,305,1,1,3,40,110244,7672,7504,0,0,305,501
71331850,244,1,1,0,40,110244,7672,7504,0,0,110244,501
71331851,244,1,1,0,40,110244,7672,7504,0,0,110244,501
71331852,244,1,1,0,40,110244,7672,7504,0,0,110244,502
71331853,7,1,1,0,40,110244,7672,7504,0,0,7,502
71331854,7,1,1,0,40,110244,7672,7504,0,0,7,503
71331855,7,1,1,0,40,110244,7672,7504,0,0,7,503
71331856,300,1,1,0,40,300,7672,7504,0,0,300,503
71331857,300,1,1,0,40,300,7672,7504,0,0,300,504
71331858,300,1,1,0,40,300,7672,7504,0,0,300,511
71331859,3,1,1,0,40,300,7672,7504,0,0,3,511
71331860,3,1,1,0,40,300,7672,7504,0,0,3,511
71331861,3,1,1,0,40,300,7672,7504,0,0,3,3725
71331862,141,1,1,0,40,304,7672,7504,0,0,30141,3725
71331863,141,1,1,0,40,304,7672,7504,0,0,30141,3725
71331864,141,1,1,0,40,304,7672,7504,0,0,30141,476
71331865,40,0,1,0,40,30141,7672,7504,0,0,40,476
# MARK wr tick=71331865
71331866,40,0,1,0,40,30141,7672,7504,0,0,40,476
71363527,1,1,1,0,177777,60000,1147,15,0,0,10001,1121
71363528,1,1,1,0,177777,60000,1147,15,0,0,10001,1122
71363529,1,1,1,0,177777,60000,1147,15,0,0,10001,1133
71363530,0,1,1,0,177777,140000,1147,15,0,0,0,1133
71363531,0,1,1,0,177777,140000,1147,15,0,0,0,1133
71363532,0,1,1,0,177777,140000,1147,15,0,0,0,1134
71363533,0,1,1,0,177777,0,1147,15,0,0,0,1134
71363534,0,1,1,0,177777,0,1147,15,0,0,0,1135
71363535,0,1,1,0,177777,0,1147,15,0,0,0,1140
71363536,0,1,1,0,177777,0,1147,15,0,0,0,1140
71363537,0,1,1,0,177777,0,1147,15,0,0,0,1140
71363538,0,1,1,0,177777,0,1147,15,0,0,0,1141
71363539,0,1,1,0,177777,0,1147,15,0,0,20000,1141
71363540,0,1,1,0,177777,0,1147,15,0,0,20000,1142
71363541,0,1,1,0,177777,0,1147,15,0,0,20000,1142
71363542,1,1,1,0,177777,20000,1147,15,0,0,1,1142
71363543,1,1,1,0,177777,20000,1147,15,0,0,1,1143
71363544,1,1,1,0,177777,20000,1147,15,0,0,1,1143
71363545,0,1,1,0,177777,20000,1147,15,0,0,140000,1143
71363546,0,1,1,0,177777,20000,1147,15,0,0,140000,1144
71363547,0,1,1,0,177777,20000,1147,15,0,0,140000,1144
71363548,1,1,1,0,177777,20000,1147,15,0,0,1,1144
71363549,1,1,1,0,177777,20000,1147,15,0,0,1,1145
71363550,1,1,1,0,177777,20000,1147,15,0,0,1,1145
71363551,150,1,1,0,177777,1,1147,15,0,0,150,1145
71363552,150,1,1,0,177777,1,1147,15,0,0,150,1146
71363553,150,1,1,0,177777,1,1147,15,0,0,150,1146
71363554,150,1,1,0,177777,1,1147,15,0,0,150,1146
71363555,150,1,1,0,177777,1,1147,15,0,0,150,1147
71363556,150,1,1,0,177777,1,1147,15,0,0,150,1147
71363557,1,1,1,0,177777,1,1147,15,0,0,20001,1147
71363558,1,1,1,0,177777,1,1147,15,0,0,20001,1150
71363559,1,1,1,0,177777,1,1147,15,0,0,20001,1150
71363560,7,1,1,0,177777,1,1147,15,0,0,7,1150
71363561,7,1,1,0,177777,1,1147,15,0,0,7,1151
71363562,7,1,1,0,177777,1,1147,15,0,0,7,1151
71363563,0,1,1,0,177777,1,1147,15,0,0,116400,1151
71363564,0,1,1,0,177777,1,1147,15,0,0,116400,1152
71363565,0,1,1,0,177777,1,1147,15,0,0,116400,1151
71363566,15,1,1,0,177777,1,1147,15,0,0,15,1151
71363567,15,1,1,0,177777,1,1147,15,0,0,15,1151
71363568,15,1,1,0,177777,1,1147,15,0,0,15,1151
71363569,15,1,1,0,177777,15,1147,15,0,0,15,1151
71363570,15,1,1,0,177777,15,1147,15,0,0,15,1151
71363571,15,1,1,0,177777,15,1147,15,0,0,15,1151
71363572,0,1,1,0,177777,15,1147,15,0,0,0,1151
71363573,0,1,1,0,177777,15,1147,15,0,0,0,1151
71363574,0,1,1,0,177777,15,1147,15,0,0,0,1151
71363575,377,1,1,0,177777,0,1147,15,0,0,177777,1151
71363576,377,1,1,0,177777,0,1147,15,0,0,177777,1151
71363577,377,1,1,0,177777,0,1147,15,0,0,177777,1151
71363578,54,1,1,0,177777,177777,1147,15,0,0,2454,1151
71363579,54,1,1,0,177777,177777,1147,15,0,0,2454,1151
71363580,54,1,1,0,177777,177777,1147,15,0,0,2454,1151
71363581,147,1,1,0,177777,2454,1147,15,0,0,1147,1151
71363582,147,1,1,0,177777,2454,1147,15,0,0,1147,1151
71363583,147,1,1,0,177777,2454,1147,15,0,0,1147,1151
71363584,7,1,1,0,177777,1147,1147,15,0,0,2407,1151
71363585,7,1,1,0,177777,1147,1147,15,0,0,2407,1151
71363586,7,1,1,0,177777,1147,1147,15,0,0,2407,1151
71363587,157,1,1,0,177777,2407,1147,15,0,0,12557,1151
71363588,157,1,1,0,177777,2407,1147,15,0,0,12557,1151
71363589,150,1,1,0,177777,2407,1147,15,0,0,12550,1152
71363590,0,1,1,0,177777,12550,1147,15,0,0,116400,1152
71363591,0,1,1,0,177777,12550,1147,15,0,0,116400,1153
71363592,0,1,1,0,177777,12550,1147,15,0,0,116400,1153
71363593,0,1,1,0,177777,116400,1147,15,0,0,170000,1153
71363594,0,1,1,0,177777,116400,1147,15,0,0,170000,1154
71363595,0,1,1,0,177777,116400,1147,15,0,0,170000,1154
71363596,0,1,1,0,177777,116400,1147,15,0,0,110000,1154
71363597,0,1,1,0,177777,116400,1147,15,0,0,110000,1155
71363598,0,1,1,0,177777,116400,1147,15,0,0,110000,1155
71363599,7,1,1,0,177777,116400,1147,15,0,0,7,1155
71363600,7,1,1,0,177777,116400,1147,15,0,0,7,1156
71363601,7,1,1,0,177777,116400,1147,15,0,0,7,1156
71363602,1,1,1,0,177777,116400,1147,15,0,0,20001,1156
71363603,1,1,1,0,177777,116400,1147,15,0,0,20001,1157
71363604,1,1,1,0,177777,116400,1147,15,0,0,20001,1156
71363605,104,1,1,0,177777,116400,1147,15,0,0,7504,1156
71363606,104,1,1,0,177777,116400,1147,15,0,0,7504,1156
71363607,104,1,1,0,177777,116400,1147,15,0,0,7504,1156
71363608,104,1,1,0,177777,116400,1147,7504,0,0,7504,1156
71363609,104,1,1,0,177777,116400,1147,7504,0,0,7504,1156
71363610,104,1,1,0,177777,116400,1147,7504,0,0,7504,1156
71363611,302,1,1,0,177777,116400,1147,7504,0,0,302,1156
71363612,302,1,1,0,177777,116400,1147,7504,0,0,302,1156
71363613,302,1,1,0,177777,116400,1147,7504,0,0,302,1156
71363614,0,1,1,0,177777,116400,1147,7504,0,0,0,1156
71363615,0,1,1,0,177777,116400,1147,7504,0,0,0,1156
71363616,0,1,1,0,177777,116400,1147,7504,0,0,0,1156
71363617,26,1,1,0,0,116400,1147,7504,0,0,3026,1156
71363618,26,1,1,0,0,116400,1147,7504,0,0,3026,1156
71363619,26,1,1,0,0,116400,1147,7504,0,0,3026,1156
71363620,272,1,1,0,0,116400,1147,7504,0,0,7672,1156
71363621,272,1,1,0,0,116400,1147,7504,0,0,7672,1156
71363622,272,1,1,0,0,116400,1147,7504,0,0,7672,1156
71363623,40,1,1,0,0,116400,7672,7504,0,0,3040,1156
71363624,40,1,1,0,0,116400,7672,7504,0,0,3040,1156
71363625,40,1,1,0,0,116400,7672,7504,0,0,3040,1156
71363626,272,1,1,0,0,116400,7672,7504,0,0,55672,1156
71363627,272,1,1,0,0,116400,7672,7504,0,0,55672,1156
71363628,272,1,1,0,0,116400,7672,7504,0,0,55672,1157
71363629,244,1,1,0,0,116400,7672,7504,0,0,110244,1157
71363630,244,1,1,0,0,116400,7672,7504,0,0,110244,1160
71363631,244,1,1,0,0,116400,7672,7504,0,0,110244,1160
71363632,0,1,1,3,0,116400,7672,7504,0,0,0,1160
71363633,0,1,1,3,0,116400,7672,7504,0,0,0,1161
71363634,0,1,1,3,0,116400,7672,7504,0,0,0,1076
71363635,244,1,1,0,0,116400,7672,7504,0,0,110244,1076
71363636,244,1,1,0,0,116400,7672,7504,0,0,110244,1076
71363637,244,1,1,0,0,116400,7672,7504,0,0,110244,0
71363638,0,1,1,3,0,116400,7672,7504,0,0,0,0
71363639,0,1,1,3,0,116400,7672,7504,0,0,0,0
71363640,0,1,1,3,0,116400,7672,7504,0,0,0,2001
71363641,0,1,1,3,0,116400,7672,7504,0,0,0,17040
71363642,0,1,1,3,0,116400,7672,7504,0,0,0,17040
71363643,0,1,1,3,0,116400,7672,7504,3040,0,0,0
71363644,0,1,1,3,0,116400,7672,7504,3040,0,0,6000
71363645,0,1,1,3,0,116400,7672,7504,0,0,0,6000
71363646,0,1,1,3,0,116400,7672,7504,0,0,0,6000
71363647,0,1,1,3,0,116400,7672,7504,0,0,0,6000
71363648,0,1,1,3,0,116400,7672,7504,0,44035,44035,6440
71363649,0,1,1,3,0,116400,7672,7504,0,44035,44035,6440
71363650,0,1,1,3,0,116400,7672,7504,0,44035,44035,6440
71363651,0,1,1,3,0,116400,7672,7504,0,44035,44035,6440
71363652,0,1,1,3,0,116400,7672,7504,0,0,44035,6440
71363653,0,1,1,3,0,116400,7672,7504,0,0,44035,6440
71363654,0,1,1,3,0,116400,7672,7504,0,0,44035,6440
71363655,0,1,1,0,0,116400,7672,7504,0,0,44035,170
71363656,0,1,1,0,0,116400,7672,7504,0,0,0,170
71363657,0,1,1,0,0,116400,7672,7504,0,0,0,0
71363658,0,1,1,0,0,116400,7672,7504,0,0,0,0
71363659,0,1,1,0,0,116400,7672,7504,0,0,0,0
71363660,0,1,1,0,0,116400,7672,7504,3075,0,0,0
71363661,0,1,1,0,0,116400,7672,7504,3075,0,0,0
71363662,0,1,1,0,0,116400,7672,7504,0,0,0,0
71363663,0,1,1,0,0,116400,7672,7504,0,0,0,0
71363664,0,1,1,0,0,116400,7672,7504,0,0,0,0
71363665,0,1,1,0,0,116400,7672,7504,0,15,15,0
71363666,0,1,1,0,0,116400,7672,7504,0,15,15,0
71363667,0,1,1,0,0,116400,7672,7504,0,15,15,0
71363668,0,1,1,0,0,116400,7672,7504,0,15,15,0
71363669,0,1,1,0,0,116400,7672,7504,0,0,15,0
71363670,0,1,1,0,0,116400,7672,7504,0,0,15,0
71363671,0,1,1,0,0,116400,7672,7504,0,0,15,0
71363672,15,1,1,3,0,116400,7672,7504,0,0,15,0
71363673,15,1,1,3,0,116400,7672,7504,0,0,0,0
71363674,15,1,1,3,0,116400,7672,7504,0,0,0,2001
71363675,15,1,1,3,0,116400,7672,7504,0,0,0,17041
71363676,15,1,1,3,0,116400,7672,7504,0,0,0,17041
71363677,15,1,1,3,0,116400,7672,7504,3041,0,0,0
71363678,15,1,1,3,0,116400,7672,7504,3041,0,0,6000
71363679,15,1,1,3,0,116400,7672,7504,0,0,0,6000
71363680,15,1,1,3,0,116400,7672,7504,0,0,0,6000
71363681,15,1,1,3,0,116400,7672,7504,0,0,0,6000
71363682,15,1,1,3,0,116400,7672,7504,0,50033,50033,6500
71363683,15,1,1,3,0,116400,7672,7504,0,50033,50033,6500
71363684,15,1,1,3,0,116400,7672,7504,0,50033,50033,6500
71363685,15,1,1,3,0,116400,7672,7504,0,50033,50033,6500
71363686,15,1,1,3,0,116400,7672,7504,0,0,50033,6500
71363687,15,1,1,3,0,116400,7672,7504,0,0,50033,6500
71363688,15,1,1,3,0,116400,7672,7504,0,0,50033,6500
71363689,0,1,1,0,15,116400,7672,7504,0,0,50033,172
71363690,0,1,1,0,15,116400,7672,7504,0,0,0,172
71363691,0,1,1,0,15,116400,7672,7504,0,0,0,0
71363692,0,1,1,0,15,116400,7672,7504,0,0,0,0
71363693,0,1,1,0,15,116400,7672,7504,0,0,0,0
71363694,0,1,1,0,15,116400,7672,7504,3074,0,0,0
71363695,0,1,1,0,15,116400,7672,7504,3074,0,0,0
71363696,0,1,1,0,15,116400,7672,7504,0,0,0,0
71363697,0,1,1,0,15,116400,7672,7504,0,0,0,0
71363698,0,1,1,0,15,116400,7672,7504,0,0,0,0
71363699,0,1,1,0,15,116400,7672,7504,0,300,300,0
71363700,0,1,1,0,15,116400,7672,7504,0,300,300,0
71363701,0,1,1,0,15,116400,7672,7504,0,300,300,0
71363702,0,1,1,0,15,116400,7672,7504,0,300,300,0
71363703,0,1,1,0,15,116400,7672,7504,0,0,300,0
71363704,0,1,1,0,15,116400,7672,7504,0,0,300,0
71363705,0,1,1,0,15,116400,7672,7504,0,0,300,0
71363706,300,1,1,3,15,116400,7672,7504,0,0,300,0
71363707,300,1,1,3,15,116400,7672,7504,0,0,0,0
71363708,300,1,1,3,15,116400,7672,7504,0,0,0,2001
71363709,300,1,1,3,15,116400,7672,7504,0,0,0,17042
71363710,300,1,1,3,15,116400,7672,7504,0,0,0,17042
71363711,300,1,1,3,15,116400,7672,7504,3042,0,0,0
71363712,300,1,1,3,15,116400,7672,7504,3042,0,0,6000
71363713,300,1,1,3,15,116400,7672,7504,0,0,0,6000
71363714,300,1,1,3,15,116400,7672,7504,0,0,0,6000
71363715,300,1,1,3,15,116400,7672,7504,0,0,0,6000
71363716,300,1,1,3,15,116400,7672,7504,0,173005,173005,7730
71363717,300,1,1,3,15,116400,7672,7504,0,173005,173005,7730
71363718,300,1,1,3,15,116400,7672,7504,0,173005,173005,7730
71363719,300,1,1,3,15,116400,7672,7504,0,173005,173005,7730
71363720,300,1,1,3,15,116400,7672,7504,0,0,173005,7730
71363721,300,1,1,3,15,116400,7672,7504,0,0,173005,7730
71363722,300,1,1,3,15,116400,7672,7504,0,0,173005,7730
71363723,5,1,1,3,15,116400,7672,7504,0,0,173005,0
71363724,5,1,1,3,15,116400,7672,7504,0,0,0,0
71363725,5,1,1,3,15,116400,7672,7504,0,0,0,2001
71363726,5,1,1,3,15,116400,7672,7504,0,0,0,17043
71363727,5,1,1,3,15,116400,7672,7504,0,0,0,17043
71363728,5,1,1,3,15,116400,7672,7504,3043,0,0,0
71363729,5,1,1,3,15,116400,7672,7504,3043,0,0,6000
71363730,5,1,1,3,15,116400,7672,7504,0,0,0,6000
71363731,5,1,1,3,15,116400,7672,7504,0,0,0,6000
71363732,5,1,1,3,15,116400,7672,7504,0,0,0,6000
71363733,5,1,1,3,15,116400,7672,7504,0,150415,150415,7504
71363734,5,1,1,3,15,116400,7672,7504,0,150415,150415,7504
71363735,5,1,1,3,15,116400,7672,7504,0,150415,150415,7504
71363736,5,1,1,3,15,116400,7672,7504,0,150415,150415,7504
71363737,5,1,1,3,15,116400,7672,7504,0,0,150415,7504
71363738,5,1,1,3,15,116400,7672,7504,0,0,150415,7504
71363739,5,1,1,3,15,116400,7672,7504,0,0,150415,7504
71363740,0,1,1,0,15,116400,7672,7504,0,0,156415,657
71363741,0,1,1,0,15,116400,7672,7504,0,0,116400,657
71363742,0,1,1,0,15,116400,7672,7504,0,0,116400,326
71363743,0,1,1,0,15,116400,7672,7504,0,0,116400,326
71363744,0,1,1,0,15,116400,7672,7504,0,0,116400,326
71363745,0,1,1,0,15,116400,7672,7504,0,0,116400,327
71363746,0,1,1,0,15,116400,7672,7504,0,0,116400,327
71363747,0,1,1,0,15,116400,7672,7504,0,0,116400,330
71363748,0,1,1,0,15,116400,7672,7504,0,0,116400,660
71363749,0,1,1,0,15,116400,7672,7504,0,0,116400,660
71363750,0,1,1,0,15,116400,7672,7504,0,0,116400,660
71363751,0,1,1,0,15,116400,7672,7504,0,0,116400,3655
71363752,244,1,1,0,15,116400,7672,7504,0,0,110244,3655
71363753,244,1,1,0,15,116400,7672,7504,0,0,110244,3655
71363754,244,1,1,0,15,116400,7672,7504,0,0,110244,474
71363755,244,1,1,0,15,110244,7672,7504,0,0,110244,474
71363756,244,1,1,0,15,110244,7672,7504,0,0,110244,474
71363757,244,1,1,0,15,110244,7672,7504,0,0,110244,475
71363758,305,1,1,3,15,110244,7672,7504,0,0,305,475
71363759,305,1,1,3,15,110244,7672,7504,0,0,305,476
71363760,305,1,1,3,15,110244,7672,7504,0,0,305,501
71363761,244,1,1,0,15,110244,7672,7504,0,0,110244,501
71363762,244,1,1,0,15,110244,7672,7504,0,0,110244,501
71363763,244,1,1,0,15,110244,7672,7504,0,0,110244,502
71363764,7,1,1,0,15,110244,7672,7504,0,0,7,502
71363765,7,1,1,0,15,110244,7672,7504,0,0,7,503
71363766,7,1,1,0,15,110244,7672,7504,0,0,7,503
71363767,300,1,1,0,15,300,7672,7504,0,0,300,503
71363768,300,1,1,0,15,300,7672,7504,0,0,300,504
71363769,300,1,1,0,15,300,7672,7504,0,0,300,511
71363770,3,1,1,0,15,300,7672,7504,0,0,3,511
71363771,3,1,1,0,15,300,7672,7504,0,0,3,511
71363772,3,1,1,0,15,300,7672,7504,0,0,3,3725
71363773,141,1,1,0,15,304,7672,7504,0,0,30141,3725
71363774,141,1,1,0,15,304,7672,7504,0,0,30141,3725
71363775,141,1,1,0,15,304,7672,7504,0,0,30141,476
71363776,15,0,1,0,15,30141,7672,7504,0,0,15,476
# MARK wr tick=71363776
71363777,15,0,1,0,15,30141,7672,7504,0,0,15,476
71389279,244,1,1,0,0,10244,7672,7504,0,0,10244,326
71389280,244,1,1,0,0,10244,7672,7504,0,0,10244,327
71389281,244,1,1,0,0,10244,7672,7504,0,0,10244,327
71389282,244,1,1,0,0,10244,7672,7504,0,0,10244,330
71389283,244,1,1,0,0,10244,7672,7504,0,0,10244,660
71389284,244,1,1,0,0,10244,7672,7504,0,0,10244,660
71389285,244,1,1,0,0,10244,7672,7504,0,0,10244,660
71389286,244,1,1,0,0,10244,7672,7504,0,0,10244,3642
71389287,244,1,1,0,0,10244,7672,7504,0,0,10244,3642
71389288,244,1,1,0,0,10244,7672,7504,0,0,10244,3642
71389289,244,1,1,0,0,10244,7672,7504,0,0,10244,663
71389290,0,1,1,0,0,10244,7672,7504,0,0,100000,663
71389291,0,1,1,0,0,10244,7672,7504,0,0,100000,663
71389292,0,1,1,0,0,10244,7672,7504,0,0,100000,664
71389293,244,1,1,0,0,110244,7672,7504,0,0,110244,664
71389294,244,1,1,0,0,110244,7672,7504,0,0,110244,665
71389295,244,1,1,0,0,110244,7672,7504,0,0,110244,665
71389296,244,1,1,0,0,110244,7672,7504,0,0,110244,665
71389297,244,1,1,0,0,110244,7672,7504,0,0,110244,666
71389298,244,1,1,0,0,110244,7672,7504,0,0,110244,1112
71389299,245,1,1,0,0,110244,7672,7504,0,0,130245,1112
71389300,245,1,1,0,0,110244,7672,7504,0,0,130245,1112
71389301,245,1,1,0,0,110244,7672,7504,0,0,130245,1113
71389302,245,1,1,0,0,110244,7672,7504,0,0,130245,1113
71389303,245,1,1,0,0,110244,7672,7504,0,0,130245,1113
71389304,245,1,1,0,0,110244,7672,7504,0,0,130245,1113
71389305,245,1,1,0,0,110244,7672,7504,0,0,130245,1113
71389306,245,1,1,0,0,110244,7672,7504,0,0,130245,1113
71389307,244,1,1,0,0,110244,7672,7504,0,0,110244,1113
71389308,244,1,1,0,0,110244,7672,7504,0,0,110244,1114
71389309,244,1,1,0,0,110244,7672,7504,0,0,110244,1114
71389310,10,1,1,0,0,110244,7672,7504,0,0,10,1114
71389311,10,1,1,0,0,110244,7672,7504,0,0,10,1115
71389312,10,1,1,0,0,110244,7672,7504,0,0,10,1115
71389313,10,1,1,0,0,110244,7672,7504,0,0,10,1115
71389314,10,1,1,0,0,110244,7672,7504,0,0,10,1115
71389315,10,1,1,0,0,110244,7672,7504,0,0,10,1115
71389316,10,1,1,0,0,110244,7672,7504,0,0,10,1115
71389317,10,1,1,0,0,110244,7672,7504,0,0,10,1115
71389318,0,1,1,0,0,110244,7672,7504,0,0,0,1115
71389319,0,1,1,0,0,110244,7672,7504,0,0,0,1116
71389320,0,1,1,0,0,110244,7672,7504,0,0,0,1116
71389321,244,1,1,0,0,0,7672,7504,0,0,110244,1116
71389322,244,1,1,0,0,0,7672,7504,0,0,110244,666
71389323,244,1,1,0,0,0,7672,7504,0,0,110244,1117
71389324,1,1,1,0,0,0,7672,7504,0,0,60001,1117
71389325,1,1,1,0,0,0,7672,7504,0,0,60001,1120
71389326,1,1,1,0,0,0,7672,7504,0,0,60001,1120
71389327,13,1,1,0,0,0,7672,7504,0,0,100013,1120
71389328,13,1,1,0,0,0,7672,7504,0,0,100013,1121
71389329,13,1,1,0,0,0,7672,7504,0,0,100013,1120
71389330,0,1,1,0,0,100013,7672,7504,0,0,0,1120
71389331,0,1,1,0,0,100013,7672,7504,0,0,0,1120
71389332,0,1,1,0,0,100013,7672,7504,0,0,0,1120
71389333,1,1,1,0,0,26,7672,7504,0,0,1,1120
71389334,1,1,1,0,0,26,7672,7504,0,0,1,1120
71389335,1,1,1,0,0,26,7672,7504,0,0,1,1120
71389336,2,1,1,0,0,54,7672,7504,0,0,2,1120
71389337,2,1,1,0,0,54,7672,7504,0,0,2,1120
71389338,2,1,1,0,0,54,7672,7504,0,0,2,1120
71389339,4,1,1,0,0,130,7672,7504,0,0,4,1120
71389340,4,1,1,0,0,130,7672,7504,0,0,4,1120
71389341,4,1,1,0,0,130,7672,7504,0,0,4,1120
71389342,10,1,1,0,0,260,7672,7504,0,0,10,1120
71389343,10,1,1,0,0,260,7672,7504,0,0,10,1120
71389344,10,1,1,0,0,260,7672,7504,0,0,10,1120
71389345,20,1,1,0,0,540,7672,7504,0,0,20,1120
71389346,20,1,1,0,0,540,7672,7504,0,0,20,1120
71389347,20,1,1,0,0,540,7672,7504,0,0,20,1120
71389348,40,1,1,0,0,1300,7672,7504,0,0,40,1120
71389349,40,1,1,0,0,1300,7672,7504,0,0,40,1120
71389350,40,1,1,0,0,1300,7672,7504,0,0,40,1120
71389351,100,1,1,0,0,2600,7672,7504,0,0,100,1120
71389352,100,1,1,0,0,2600,7672,7504,0,0,100,1120
71389353,100,1,1,0,0,2600,7672,7504,0,0,100,1120
71389354,200,1,1,0,0,5400,7672,7504,0,0,200,1120
71389355,200,1,1,0,0,5400,7672,7504,0,0,200,1120
71389356,200,1,1,0,0,5400,7672,7504,0,0,200,1120
71389357,0,1,1,0,0,13000,7672,7504,0,0,400,1120
71389358,0,1,1,0,0,13000,7672,7504,0,0,400,1120
71389359,0,1,1,0,0,13000,7672,7504,0,0,400,1120
71389360,0,1,1,0,0,26000,7672,7504,0,0,1000,1120
71389361,0,1,1,0,0,26000,7672,7504,0,0,1000,1120
71389362,0,1,1,0,0,26000,7672,7504,0,0,1000,1120
71389363,0,1,1,0,0,54000,7672,7504,0,0,2000,1120
71389364,0,1,1,0,0,54000,7672,7504,0,0,2000,1120
71389365,0,1,1,0,0,54000,7672,7504,0,0,2000,1120
71389366,0,1,1,0,0,130000,7672,7504,0,0,4000,1120
71389367,0,1,1,0,0,130000,7672,7504,0,0,4000,1120
71389368,0,1,1,0,0,130000,7672,7504,0,0,4000,1121
71389369,1,1,1,0,0,60000,7672,7504,0,0,10001,1121
71389370,1,1,1,0,0,60000,7672,7504,0,0,10001,1122
71389371,1,1,1,0,0,60000,7672,7504,0,0,10001,1133
71389372,0,1,1,0,0,140000,7672,7504,0,0,0,1133
71389373,0,1,1,0,0,140000,7672,7504,0,0,0,1133
71389374,0,1,1,0,0,140000,7672,7504,0,0,0,1134
71389375,0,1,1,0,0,0,7672,7504,0,0,0,1134
71389376,0,1,1,0,0,0,7672,7504,0,0,0,1135
71389377,0,1,1,0,0,0,7672,7504,0,0,0,1140
71389378,0,1,1,0,0,0,7672,7504,0,0,0,1140
71389379,0,1,1,0,0,0,7672,7504,0,0,0,1140
71389380,0,1,1,0,0,0,7672,7504,0,0,0,1141
71389381,1,1,1,0,0,0,7672,7504,0,0,1,1141
71389382,1,1,1,0,0,0,7672,7504,0,0,1,1142
71389383,1,1,1,0,0,0,7672,7504,0,0,1,1142
71389384,1,1,1,0,0,1,7672,7504,0,0,1,1142
71389385,1,1,1,0,0,1,7672,7504,0,0,1,1143
71389386,1,1,1,0,0,1,7672,7504,0,0,1,666
71389387,0,1,1,0,0,1,7672,7504,0,0,140000,666
71389388,0,1,1,0,0,1,7672,7504,0,0,140000,666
71389389,0,1,1,0,0,1,7672,7504,0,0,140000,0
71389390,0,1,1,3,0,1,7672,7504,0,0,0,0
71389391,0,1,1,3,0,1,7672,7504,0,0,0,0
71389392,0,1,1,3,0,1,7672,7504,0,0,0,2001
71389393,0,1,1,3,0,1,7672,7504,0,0,0,17040
71389394,0,1,1,3,0,1,7672,7504,0,0,0,17040
71389395,0,1,1,3,0,1,7672,7504,3040,0,0,0
71389396,0,1,1,3,0,1,7672,7504,3040,0,0,6000
71389397,0,1,1,3,0,1,7672,7504,0,0,0,6000
71389398,0,1,1,3,0,1,7672,7504,0,0,0,6000
71389399,0,1,1,3,0,1,7672,7504,0,0,0,6000
71389400,0,1,1,3,0,1,7672,7504,0,44035,44035,6440
71389401,0,1,1,3,0,1,7672,7504,0,44035,44035,6440
71389402,0,1,1,3,0,1,7672,7504,0,44035,44035,6440
71389403,0,1,1,3,0,1,7672,7504,0,44035,44035,6440
71389404,0,1,1,3,0,1,7672,7504,0,0,44035,6440
71389405,0,1,1,3,0,1,7672,7504,0,0,44035,6440
71389406,0,1,1,3,0,1,7672,7504,0,0,44035,6440
71389407,1,1,1,0,0,1,7672,7504,0,0,44035,170
71389408,1,1,1,0,0,1,7672,7504,0,0,0,170
71389409,1,1,1,0,0,1,7672,7504,0,0,0,0
71389410,1,1,1,0,0,1,7672,7504,0,0,0,0
71389411,1,1,1,0,0,1,7672,7504,0,0,0,0
71389412,1,1,1,0,0,1,7672,7504,3075,0,0,0
71389413,1,1,1,0,0,1,7672,7504,3075,0,0,0
71389414,1,1,1,0,0,1,7672,7504,0,0,0,0
71389415,1,1,1,0,0,1,7672,7504,0,0,0,0
71389416,1,1,1,0,0,1,7672,7504,0,0,0,0
71389417,1,1,1,0,0,1,7672,7504,0,12,12,0
71389418,1,1,1,0,0,1,7672,7504,0,12,12,0
71389419,1,1,1,0,0,1,7672,7504,0,12,12,0
71389420,1,1,1,0,0,1,7672,7504,0,12,12,0
71389421,1,1,1,0,0,1,7672,7504,0,0,12,0
71389422,1,1,1,0,0,1,7672,7504,0,0,12,0
71389423,1,1,1,0,0,1,7672,7504,0,0,12,0
71389424,12,1,1,3,0,1,7672,7504,0,0,12,0
71389425,12,1,1,3,0,1,7672,7504,0,0,0,0
71389426,12,1,1,3,0,1,7672,7504,0,0,0,2001
71389427,12,1,1,3,0,1,7672,7504,0,0,0,17041
71389428,12,1,1,3,0,1,7672,7504,0,0,0,17041
71389429,12,1,1,3,0,1,7672,7504,3041,0,0,0
71389430,12,1,1,3,0,1,7672,7504,3041,0,0,6000
71389431,12,1,1,3,0,1,7672,7504,0,0,0,6000
71389432,12,1,1,3,0,1,7672,7504,0,0,0,6000
71389433,12,1,1,3,0,1,7672,7504,0,0,0,6000
71389434,12,1,1,3,0,1,7672,7504,0,50033,50033,6500
71389435,12,1,1,3,0,1,7672,7504,0,50033,50033,6500
71389436,12,1,1,3,0,1,7672,7504,0,50033,50033,6500
71389437,12,1,1,3,0,1,7672,7504,0,50033,50033,6500
71389438,12,1,1,3,0,1,7672,7504,0,0,50033,6500
71389439,12,1,1,3,0,1,7672,7504,0,0,50033,6500
71389440,12,1,1,3,0,1,7672,7504,0,0,50033,6500
71389441,1,1,1,0,12,1,7672,7504,0,0,50033,172
71389442,1,1,1,0,12,1,7672,7504,0,0,0,172
71389443,1,1,1,0,12,1,7672,7504,0,0,0,0
71389444,1,1,1,0,12,1,7672,7504,0,0,0,0
71389445,1,1,1,0,12,1,7672,7504,0,0,0,0
71389446,1,1,1,0,12,1,7672,7504,3074,0,0,0
71389447,1,1,1,0,12,1,7672,7504,3074,0,0,0
71389448,1,1,1,0,12,1,7672,7504,0,0,0,0
71389449,1,1,1,0,12,1,7672,7504,0,0,0,0
71389450,1,1,1,0,12,1,7672,7504,0,0,0,0
71389451,1,1,1,0,12,1,7672,7504,0,300,300,0
71389452,1,1,1,0,12,1,7672,7504,0,300,300,0
71389453,1,1,1,0,12,1,7672,7504,0,300,300,0
71389454,1,1,1,0,12,1,7672,7504,0,300,300,0
71389455,1,1,1,0,12,1,7672,7504,0,0,300,0
71389456,1,1,1,0,12,1,7672,7504,0,0,300,0
71389457,1,1,1,0,12,1,7672,7504,0,0,300,0
71389458,300,1,1,3,12,1,7672,7504,0,0,300,0
71389459,300,1,1,3,12,1,7672,7504,0,0,0,0
71389460,300,1,1,3,12,1,7672,7504,0,0,0,2001
71389461,300,1,1,3,12,1,7672,7504,0,0,0,17042
71389462,300,1,1,3,12,1,7672,7504,0,0,0,17042
71389463,300,1,1,3,12,1,7672,7504,3042,0,0,0
71389464,300,1,1,3,12,1,7672,7504,3042,0,0,6000
71389465,300,1,1,3,12,1,7672,7504,0,0,0,6000
71389466,300,1,1,3,12,1,7672,7504,0,0,0,6000
71389467,300,1,1,3,12,1,7672,7504,0,0,0,6000
71389468,300,1,1,3,12,1,7672,7504,0,173005,173005,7730
71389469,300,1,1,3,12,1,7672,7504,0,173005,173005,7730
71389470,300,1,1,3,12,1,7672,7504,0,173005,173005,7730
71389471,300,1,1,3,12,1,7672,7504,0,173005,173005,7730
71389472,300,1,1,3,12,1,7672,7504,0,0,173005,7730
71389473,300,1,1,3,12,1,7672,7504,0,0,173005,7730
71389474,300,1,1,3,12,1,7672,7504,0,0,173005,7730
71389475,5,1,1,3,12,1,7672,7504,0,0,173005,0
71389476,5,1,1,3,12,1,7672,7504,0,0,0,0
71389477,5,1,1,3,12,1,7672,7504,0,0,0,2001
71389478,5,1,1,3,12,1,7672,7504,0,0,0,17043
71389479,5,1,1,3,12,1,7672,7504,0,0,0,17043
71389480,5,1,1,3,12,1,7672,7504,3043,0,0,0
71389481,5,1,1,3,12,1,7672,7504,3043,0,0,6000
71389482,5,1,1,3,12,1,7672,7504,0,0,0,6000
71389483,5,1,1,3,12,1,7672,7504,0,0,0,6000
71389484,5,1,1,3,12,1,7672,7504,0,0,0,6000
71389485,5,1,1,3,12,1,7672,7504,0,150415,150415,7504
71389486,5,1,1,3,12,1,7672,7504,0,150415,150415,7504
71389487,5,1,1,3,12,1,7672,7504,0,150415,150415,7504
71389488,5,1,1,3,12,1,7672,7504,0,150415,150415,7504
71389489,5,1,1,3,12,1,7672,7504,0,0,150415,7504
71389490,5,1,1,3,12,1,7672,7504,0,0,150415,7504
71389491,5,1,1,3,12,1,7672,7504,0,0,150415,7504
71389492,1,1,1,0,12,1,7672,7504,0,0,150415,657
71389493,1,1,1,0,12,1,7672,7504,0,0,1,657
71389494,1,1,1,0,12,1,7672,7504,0,0,1,326
71389495,1,1,1,0,12,1,7672,7504,0,0,1,326
71389496,1,1,1,0,12,1,7672,7504,0,0,1,326
71389497,1,1,1,0,12,1,7672,7504,0,0,1,327
71389498,1,1,1,0,12,1,7672,7504,0,0,1,327
71389499,1,1,1,0,12,1,7672,7504,0,0,1,330
71389500,1,1,1,0,12,1,7672,7504,0,0,1,660
71389501,1,1,1,0,12,1,7672,7504,0,0,1,660
71389502,1,1,1,0,12,1,7672,7504,0,0,1,660
71389503,1,1,1,0,12,1,7672,7504,0,0,1,3655
71389504,244,1,1,0,12,1,7672,7504,0,0,110244,3655
71389505,244,1,1,0,12,1,7672,7504,0,0,110244,3655
71389506,244,1,1,0,12,1,7672,7504,0,0,110244,474
71389507,244,1,1,0,12,110244,7672,7504,0,0,110244,474
71389508,244,1,1,0,12,110244,7672,7504,0,0,110244,474
71389509,244,1,1,0,12,110244,7672,7504,0,0,110244,475
71389510,305,1,1,3,12,110244,7672,7504,0,0,305,475
71389511,305,1,1,3,12,110244,7672,7504,0,0,305,476
71389512,305,1,1,3,12,110244,7672,7504,0,0,305,501
71389513,244,1,1,0,12,110244,7672,7504,0,0,110244,501
71389514,244,1,1,0,12,110244,7672,7504,0,0,110244,501
71389515,244,1,1,0,12,110244,7672,7504,0,0,110244,502
71389516,7,1,1,0,12,110244,7672,7504,0,0,7,502
71389517,7,1,1,0,12,110244,7672,7504,0,0,7,503
71389518,7,1,1,0,12,110244,7672,7504,0,0,7,503
71389519,300,1,1,0,12,300,7672,7504,0,0,300,503
71389520,300,1,1,0,12,300,7672,7504,0,0,300,504
71389521,300,1,1,0,12,300,7672,7504,0,0,300,511
71389522,3,1,1,0,12,300,7672,7504,0,0,3,511
71389523,3,1,1,0,12,300,7672,7504,0,0,3,511
71389524,3,1,1,0,12,300,7672,7504,0,0,3,3725
71389525,141,1,1,0,12,304,7672,7504,0,0,30141,3725
71389526,141,1,1,0,12,304,7672,7504,0,0,30141,3725
71389527,141,1,1,0,12,304,7672,7504,0,0,30141,476
71389528,12,0,1,0,12,30141,7672,7504,0,0,12,476
# MARK wr tick=71389528
71389529,12,0,1,0,12,30141,7672,7504,0,0,12,476
71421031,1,1,1,0,177777,60000,1147,15,0,0,10001,1121
71421032,1,1,1,0,177777,60000,1147,15,0,0,10001,1122
71421033,1,1,1,0,177777,60000,1147,15,0,0,10001,1133
71421034,0,1,1,0,177777,140000,1147,15,0,0,0,1133
71421035,0,1,1,0,177777,140000,1147,15,0,0,0,1133
71421036,0,1,1,0,177777,140000,1147,15,0,0,0,1134
71421037,0,1,1,0,177777,0,1147,15,0,0,0,1134
71421038,0,1,1,0,177777,0,1147,15,0,0,0,1135
71421039,0,1,1,0,177777,0,1147,15,0,0,0,1140
71421040,0,1,1,0,177777,0,1147,15,0,0,0,1140
71421041,0,1,1,0,177777,0,1147,15,0,0,0,1140
71421042,0,1,1,0,177777,0,1147,15,0,0,0,1141
71421043,0,1,1,0,177777,0,1147,15,0,0,20000,1141
71421044,0,1,1,0,177777,0,1147,15,0,0,20000,1142
71421045,0,1,1,0,177777,0,1147,15,0,0,20000,1142
71421046,1,1,1,0,177777,20000,1147,15,0,0,1,1142
71421047,1,1,1,0,177777,20000,1147,15,0,0,1,1143
71421048,1,1,1,0,177777,20000,1147,15,0,0,1,1143
71421049,0,1,1,0,177777,20000,1147,15,0,0,140000,1143
71421050,0,1,1,0,177777,20000,1147,15,0,0,140000,1144
71421051,0,1,1,0,177777,20000,1147,15,0,0,140000,1144
71421052,1,1,1,0,177777,20000,1147,15,0,0,1,1144
71421053,1,1,1,0,177777,20000,1147,15,0,0,1,1145
71421054,1,1,1,0,177777,20000,1147,15,0,0,1,1145
71421055,150,1,1,0,177777,1,1147,15,0,0,150,1145
71421056,150,1,1,0,177777,1,1147,15,0,0,150,1146
71421057,150,1,1,0,177777,1,1147,15,0,0,150,1146
71421058,150,1,1,0,177777,1,1147,15,0,0,150,1146
71421059,150,1,1,0,177777,1,1147,15,0,0,150,1147
71421060,150,1,1,0,177777,1,1147,15,0,0,150,1147
71421061,1,1,1,0,177777,1,1147,15,0,0,20001,1147
71421062,1,1,1,0,177777,1,1147,15,0,0,20001,1150
71421063,1,1,1,0,177777,1,1147,15,0,0,20001,1150
71421064,7,1,1,0,177777,1,1147,15,0,0,7,1150
71421065,7,1,1,0,177777,1,1147,15,0,0,7,1151
71421066,7,1,1,0,177777,1,1147,15,0,0,7,1151
71421067,0,1,1,0,177777,1,1147,15,0,0,116400,1151
71421068,0,1,1,0,177777,1,1147,15,0,0,116400,1152
71421069,0,1,1,0,177777,1,1147,15,0,0,116400,1151
71421070,15,1,1,0,177777,1,1147,15,0,0,15,1151
71421071,15,1,1,0,177777,1,1147,15,0,0,15,1151
71421072,15,1,1,0,177777,1,1147,15,0,0,15,1151
71421073,15,1,1,0,177777,15,1147,15,0,0,15,1151
71421074,15,1,1,0,177777,15,1147,15,0,0,15,1151
71421075,15,1,1,0,177777,15,1147,15,0,0,15,1151
71421076,0,1,1,0,177777,15,1147,15,0,0,0,1151
71421077,0,1,1,0,177777,15,1147,15,0,0,0,1151
71421078,0,1,1,0,177777,15,1147,15,0,0,0,1151
71421079,377,1,1,0,177777,0,1147,15,0,0,177777,1151
71421080,377,1,1,0,177777,0,1147,15,0,0,177777,1151
71421081,377,1,1,0,177777,0,1147,15,0,0,177777,1151
71421082,54,1,1,0,177777,177777,1147,15,0,0,2454,1151
71421083,54,1,1,0,177777,177777,1147,15,0,0,2454,1151
71421084,54,1,1,0,177777,177777,1147,15,0,0,2454,1151
71421085,147,1,1,0,177777,2454,1147,15,0,0,1147,1151
71421086,147,1,1,0,177777,2454,1147,15,0,0,1147,1151
71421087,147,1,1,0,177777,2454,1147,15,0,0,1147,1151
71421088,7,1,1,0,177777,1147,1147,15,0,0,2407,1151
71421089,7,1,1,0,177777,1147,1147,15,0,0,2407,1151
71421090,7,1,1,0,177777,1147,1147,15,0,0,2407,1151
71421091,157,1,1,0,177777,2407,1147,15,0,0,12557,1151
71421092,157,1,1,0,177777,2407,1147,15,0,0,12557,1151
71421093,157,1,1,0,177777,2407,1147,15,0,0,12557,1152
71421094,0,1,1,0,177777,12557,1147,15,0,0,116400,1152
71421095,0,1,1,0,177777,12557,1147,15,0,0,116400,1153
71421096,0,1,1,0,177777,12557,1147,15,0,0,116400,1153
71421097,0,1,1,0,177777,116400,1147,15,0,0,170000,1153
71421098,0,1,1,0,177777,116400,1147,15,0,0,170000,1154
71421099,0,1,1,0,177777,116400,1147,15,0,0,170000,1154
71421100,0,1,1,0,177777,116400,1147,15,0,0,110000,1154
71421101,0,1,1,0,177777,116400,1147,15,0,0,110000,1155
71421102,0,1,1,0,177777,116400,1147,15,0,0,110000,1155
71421103,7,1,1,0,177777,116400,1147,15,0,0,7,1155
71421104,7,1,1,0,177777,116400,1147,15,0,0,7,1156
71421105,7,1,1,0,177777,116400,1147,15,0,0,7,1156
71421106,1,1,1,0,177777,116400,1147,15,0,0,20001,1156
71421107,1,1,1,0,177777,116400,1147,15,0,0,20001,1157
71421108,1,1,1,0,177777,116400,1147,15,0,0,20001,1156
71421109,104,1,1,0,177777,116400,1147,15,0,0,7504,1156
71421110,104,1,1,0,177777,116400,1147,15,0,0,7504,1156
71421111,104,1,1,0,177777,116400,1147,15,0,0,7504,1156
71421112,104,1,1,0,177777,116400,1147,7504,0,0,7504,1156
71421113,104,1,1,0,177777,116400,1147,7504,0,0,7504,1156
71421114,104,1,1,0,177777,116400,1147,7504,0,0,7504,1156
71421115,302,1,1,0,177777,116400,1147,7504,0,0,302,1156
71421116,302,1,1,0,177777,116400,1147,7504,0,0,302,1156
71421117,302,1,1,0,177777,116400,1147,7504,0,0,302,1156
71421118,0,1,1,0,177777,116400,1147,7504,0,0,0,1156
71421119,0,1,1,0,177777,116400,1147,7504,0,0,0,1156
71421120,0,1,1,0,177777,116400,1147,7504,0,0,0,1156
71421121,26,1,1,0,0,116400,1147,7504,0,0,3026,1156
71421122,26,1,1,0,0,116400,1147,7504,0,0,3026,1156
71421123,26,1,1,0,0,116400,1147,7504,0,0,3026,1156
71421124,272,1,1,0,0,116400,1147,7504,0,0,7672,1156
71421125,272,1,1,0,0,116400,1147,7504,0,0,7672,1156
71421126,272,1,1,0,0,116400,1147,7504,0,0,7672,1156
71421127,40,1,1,0,0,116400,7672,7504,0,0,3040,1156
71421128,40,1,1,0,0,116400,7672,7504,0,0,3040,1156
71421129,40,1,1,0,0,116400,7672,7504,0,0,3040,1156
71421130,272,1,1,0,0,116400,7672,7504,0,0,55672,1156
71421131,272,1,1,0,0,116400,7672,7504,0,0,55672,1156
71421132,272,1,1,0,0,116400,7672,7504,0,0,55672,1157
71421133,244,1,1,0,0,116400,7672,7504,0,0,110244,1157
71421134,244,1,1,0,0,116400,7672,7504,0,0,110244,1160
71421135,244,1,1,0,0,116400,7672,7504,0,0,110244,1160
71421136,0,1,1,3,0,116400,7672,7504,0,0,0,1160
71421137,0,1,1,3,0,116400,7672,7504,0,0,0,1161
71421138,0,1,1,3,0,116400,7672,7504,0,0,0,1076
71421139,244,1,1,0,0,116400,7672,7504,0,0,110244,1076
71421140,244,1,1,0,0,116400,7672,7504,0,0,110244,1076
71421141,244,1,1,0,0,116400,7672,7504,0,0,110244,0
71421142,0,1,1,3,0,116400,7672,7504,0,0,0,0
71421143,0,1,1,3,0,116400,7672,7504,0,0,0,0
71421144,0,1,1,3,0,116400,7672,7504,0,0,0,2001
71421145,0,1,1,3,0,116400,7672,7504,0,0,0,17040
71421146,0,1,1,3,0,116400,7672,7504,0,0,0,17040
71421147,0,1,1,3,0,116400,7672,7504,3040,0,0,0
71421148,0,1,1,3,0,116400,7672,7504,3040,0,0,6000
71421149,0,1,1,3,0,116400,7672,7504,0,0,0,6000
71421150,0,1,1,3,0,116400,7672,7504,0,0,0,6000
71421151,0,1,1,3,0,116400,7672,7504,0,0,0,6000
71421152,0,1,1,3,0,116400,7672,7504,0,44035,44035,6440
71421153,0,1,1,3,0,116400,7672,7504,0,44035,44035,6440
71421154,0,1,1,3,0,116400,7672,7504,0,44035,44035,6440
71421155,0,1,1,3,0,116400,7672,7504,0,44035,44035,6440
71421156,0,1,1,3,0,116400,7672,7504,0,0,44035,6440
71421157,0,1,1,3,0,116400,7672,7504,0,0,44035,6440
71421158,0,1,1,3,0,116400,7672,7504,0,0,44035,6440
71421159,0,1,1,0,0,116400,7672,7504,0,0,44035,170
71421160,0,1,1,0,0,116400,7672,7504,0,0,0,170
71421161,0,1,1,0,0,116400,7672,7504,0,0,0,0
71421162,0,1,1,0,0,116400,7672,7504,0,0,0,0
71421163,0,1,1,0,0,116400,7672,7504,0,0,0,0
71421164,0,1,1,0,0,116400,7672,7504,3075,0,0,0
71421165,0,1,1,0,0,116400,7672,7504,3075,0,0,0
71421166,0,1,1,0,0,116400,7672,7504,0,0,0,0
71421167,0,1,1,0,0,116400,7672,7504,0,0,0,0
71421168,0,1,1,0,0,116400,7672,7504,0,0,0,0
71421169,0,1,1,0,0,116400,7672,7504,0,40,40,0
71421170,0,1,1,0,0,116400,7672,7504,0,40,40,0
71421171,0,1,1,0,0,116400,7672,7504,0,40,40,0
71421172,0,1,1,0,0,116400,7672,7504,0,40,40,0
71421173,0,1,1,0,0,116400,7672,7504,0,0,40,0
71421174,0,1,1,0,0,116400,7672,7504,0,0,40,0
71421175,0,1,1,0,0,116400,7672,7504,0,0,40,0
71421176,40,1,1,3,0,116400,7672,7504,0,0,40,0
71421177,40,1,1,3,0,116400,7672,7504,0,0,0,0
71421178,40,1,1,3,0,116400,7672,7504,0,0,0,2001
71421179,40,1,1,3,0,116400,7672,7504,0,0,0,17041
71421180,40,1,1,3,0,116400,7672,7504,0,0,0,17041
71421181,40,1,1,3,0,116400,7672,7504,3041,0,0,0
71421182,40,1,1,3,0,116400,7672,7504,3041,0,0,6000
71421183,40,1,1,3,0,116400,7672,7504,0,0,0,6000
71421184,40,1,1,3,0,116400,7672,7504,0,0,0,6000
71421185,40,1,1,3,0,116400,7672,7504,0,0,0,6000
71421186,40,1,1,3,0,116400,7672,7504,0,50033,50033,6500
71421187,40,1,1,3,0,116400,7672,7504,0,50033,50033,6500
71421188,40,1,1,3,0,116400,7672,7504,0,50033,50033,6500
71421189,40,1,1,3,0,116400,7672,7504,0,50033,50033,6500
71421190,40,1,1,3,0,116400,7672,7504,0,0,50033,6500
71421191,40,1,1,3,0,116400,7672,7504,0,0,50033,6500
71421192,40,1,1,3,0,116400,7672,7504,0,0,50033,6500
71421193,0,1,1,0,40,116400,7672,7504,0,0,50033,172
71421194,0,1,1,0,40,116400,7672,7504,0,0,0,172
71421195,0,1,1,0,40,116400,7672,7504,0,0,0,0
71421196,0,1,1,0,40,116400,7672,7504,0,0,0,0
71421197,0,1,1,0,40,116400,7672,7504,0,0,0,0
71421198,0,1,1,0,40,116400,7672,7504,3074,0,0,0
71421199,0,1,1,0,40,116400,7672,7504,3074,0,0,0
71421200,0,1,1,0,40,116400,7672,7504,0,0,0,0
71421201,0,1,1,0,40,116400,7672,7504,0,0,0,0
71421202,0,1,1,0,40,116400,7672,7504,0,0,0,0
71421203,0,1,1,0,40,116400,7672,7504,0,300,300,0
71421204,0,1,1,0,40,116400,7672,7504,0,300,300,0
71421205,0,1,1,0,40,116400,7672,7504,0,300,300,0
71421206,0,1,1,0,40,116400,7672,7504,0,300,300,0
71421207,0,1,1,0,40,116400,7672,7504,0,0,300,0
71421208,0,1,1,0,40,116400,7672,7504,0,0,300,0
71421209,0,1,1,0,40,116400,7672,7504,0,0,300,0
71421210,300,1,1,3,40,116400,7672,7504,0,0,300,0
71421211,300,1,1,3,40,116400,7672,7504,0,0,0,0
71421212,300,1,1,3,40,116400,7672,7504,0,0,0,2001
71421213,300,1,1,3,40,116400,7672,7504,0,0,0,17042
71421214,300,1,1,3,40,116400,7672,7504,0,0,0,17042
71421215,300,1,1,3,40,116400,7672,7504,3042,0,0,0
71421216,300,1,1,3,40,116400,7672,7504,3042,0,0,6000
71421217,300,1,1,3,40,116400,7672,7504,0,0,0,6000
71421218,300,1,1,3,40,116400,7672,7504,0,0,0,6000
71421219,300,1,1,3,40,116400,7672,7504,0,0,0,6000
71421220,300,1,1,3,40,116400,7672,7504,0,173005,173005,7730
71421221,300,1,1,3,40,116400,7672,7504,0,173005,173005,7730
71421222,300,1,1,3,40,116400,7672,7504,0,173005,173005,7730
71421223,300,1,1,3,40,116400,7672,7504,0,173005,173005,7730
71421224,300,1,1,3,40,116400,7672,7504,0,0,173005,7730
71421225,300,1,1,3,40,116400,7672,7504,0,0,173005,7730
71421226,300,1,1,3,40,116400,7672,7504,0,0,173005,7730
71421227,5,1,1,3,40,116400,7672,7504,0,0,173005,0
71421228,5,1,1,3,40,116400,7672,7504,0,0,0,0
71421229,5,1,1,3,40,116400,7672,7504,0,0,0,2001
71421230,5,1,1,3,40,116400,7672,7504,0,0,0,17043
71421231,5,1,1,3,40,116400,7672,7504,0,0,0,17043
71421232,5,1,1,3,40,116400,7672,7504,3043,0,0,0
71421233,5,1,1,3,40,116400,7672,7504,3043,0,0,6000
71421234,5,1,1,3,40,116400,7672,7504,0,0,0,6000
71421235,5,1,1,3,40,116400,7672,7504,0,0,0,6000
71421236,5,1,1,3,40,116400,7672,7504,0,0,0,6000
71421237,5,1,1,3,40,116400,7672,7504,0,150415,150415,7504
71421238,5,1,1,3,40,116400,7672,7504,0,150415,150415,7504
71421239,5,1,1,3,40,116400,7672,7504,0,150415,150415,7504
71421240,5,1,1,3,40,116400,7672,7504,0,150415,150415,7504
71421241,5,1,1,3,40,116400,7672,7504,0,0,150415,7504
71421242,5,1,1,3,40,116400,7672,7504,0,0,150415,7504
71421243,5,1,1,3,40,116400,7672,7504,0,0,150415,7504
71421244,0,1,1,0,40,116400,7672,7504,0,0,156415,657
71421245,0,1,1,0,40,116400,7672,7504,0,0,116400,657
71421246,0,1,1,0,40,116400,7672,7504,0,0,116400,326
71421247,0,1,1,0,40,116400,7672,7504,0,0,116400,326
71421248,0,1,1,0,40,116400,7672,7504,0,0,116400,326
71421249,0,1,1,0,40,116400,7672,7504,0,0,116400,327
71421250,0,1,1,0,40,116400,7672,7504,0,0,116400,327
71421251,0,1,1,0,40,116400,7672,7504,0,0,116400,330
71421252,0,1,1,0,40,116400,7672,7504,0,0,116400,660
71421253,0,1,1,0,40,116400,7672,7504,0,0,116400,660
71421254,0,1,1,0,40,116400,7672,7504,0,0,116400,660
71421255,0,1,1,0,40,116400,7672,7504,0,0,116400,3655
71421256,244,1,1,0,40,116400,7672,7504,0,0,110244,3655
71421257,244,1,1,0,40,116400,7672,7504,0,0,110244,3655
71421258,244,1,1,0,40,116400,7672,7504,0,0,110244,474
71421259,244,1,1,0,40,110244,7672,7504,0,0,110244,474
71421260,244,1,1,0,40,110244,7672,7504,0,0,110244,474
71421261,244,1,1,0,40,110244,7672,7504,0,0,110244,475
71421262,305,1,1,3,40,110244,7672,7504,0,0,305,475
71421263,305,1,1,3,40,110244,7672,7504,0,0,305,476
71421264,305,1,1,3,40,110244,7672,7504,0,0,305,501
71421265,244,1,1,0,40,110244,7672,7504,0,0,110244,501
71421266,244,1,1,0,40,110244,7672,7504,0,0,110244,501
71421267,244,1,1,0,40,110244,7672,7504,0,0,110244,502
71421268,7,1,1,0,40,110244,7672,7504,0,0,7,502
71421269,7,1,1,0,40,110244,7672,7504,0,0,7,503
71421270,7,1,1,0,40,110244,7672,7504,0,0,7,503
71421271,300,1,1,0,40,300,7672,7504,0,0,300,503
71421272,300,1,1,0,40,300,7672,7504,0,0,300,504
71421273,300,1,1,0,40,300,7672,7504,0,0,300,511
71421274,3,1,1,0,40,300,7672,7504,0,0,3,511
71421275,3,1,1,0,40,300,7672,7504,0,0,3,511
71421276,3,1,1,0,40,300,7672,7504,0,0,3,3725
71421277,141,1,1,0,40,304,7672,7504,0,0,30141,3725
71421278,141,1,1,0,40,304,7672,7504,0,0,30141,3725
71421279,141,1,1,0,40,304,7672,7504,0,0,30141,476
71421280,40,0,1,0,40,30141,7672,7504,0,0,40,476
# MARK wr tick=71421280
71421281,40,0,1,0,40,30141,7672,7504,0,0,40,476
71447193,244,1,1,0,0,10244,7672,7504,0,0,10244,326
71447194,244,1,1,0,0,10244,7672,7504,0,0,10244,327
71447195,244,1,1,0,0,10244,7672,7504,0,0,10244,327
71447196,244,1,1,0,0,10244,7672,7504,0,0,10244,330
71447197,244,1,1,0,0,10244,7672,7504,0,0,10244,660
71447198,244,1,1,0,0,10244,7672,7504,0,0,10244,660
71447199,244,1,1,0,0,10244,7672,7504,0,0,10244,660
71447200,244,1,1,0,0,10244,7672,7504,0,0,10244,3642
71447201,244,1,1,0,0,10244,7672,7504,0,0,10244,3642
71447202,244,1,1,0,0,10244,7672,7504,0,0,10244,3642
71447203,244,1,1,0,0,10244,7672,7504,0,0,10244,663
71447204,0,1,1,0,0,10244,7672,7504,0,0,100000,663
71447205,0,1,1,0,0,10244,7672,7504,0,0,100000,663
71447206,0,1,1,0,0,10244,7672,7504,0,0,100000,664
71447207,244,1,1,0,0,110244,7672,7504,0,0,110244,664
71447208,244,1,1,0,0,110244,7672,7504,0,0,110244,665
71447209,244,1,1,0,0,110244,7672,7504,0,0,110244,665
71447210,244,1,1,0,0,110244,7672,7504,0,0,110244,665
71447211,244,1,1,0,0,110244,7672,7504,0,0,110244,666
71447212,244,1,1,0,0,110244,7672,7504,0,0,110244,1112
71447213,245,1,1,0,0,110244,7672,7504,0,0,130245,1112
71447214,245,1,1,0,0,110244,7672,7504,0,0,130245,1112
71447215,245,1,1,0,0,110244,7672,7504,0,0,130245,1113
71447216,245,1,1,0,0,110244,7672,7504,0,0,130245,1113
71447217,245,1,1,0,0,110244,7672,7504,0,0,130245,1113
71447218,245,1,1,0,0,110244,7672,7504,0,0,130245,1113
71447219,245,1,1,0,0,110244,7672,7504,0,0,130245,1113
71447220,245,1,1,0,0,110244,7672,7504,0,0,130245,1113
71447221,244,1,1,0,0,110244,7672,7504,0,0,110244,1113
71447222,244,1,1,0,0,110244,7672,7504,0,0,110244,1114
71447223,244,1,1,0,0,110244,7672,7504,0,0,110244,1114
71447224,10,1,1,0,0,110244,7672,7504,0,0,10,1114
71447225,10,1,1,0,0,110244,7672,7504,0,0,10,1115
71447226,10,1,1,0,0,110244,7672,7504,0,0,10,1115
71447227,10,1,1,0,0,110244,7672,7504,0,0,10,1115
71447228,10,1,1,0,0,110244,7672,7504,0,0,10,1115
71447229,10,1,1,0,0,110244,7672,7504,0,0,10,1115
71447230,10,1,1,0,0,110244,7672,7504,0,0,10,1115
71447231,10,1,1,0,0,110244,7672,7504,0,0,10,1115
71447232,0,1,1,0,0,110244,7672,7504,0,0,0,1115
71447233,0,1,1,0,0,110244,7672,7504,0,0,0,1116
71447234,0,1,1,0,0,110244,7672,7504,0,0,0,1116
71447235,244,1,1,0,0,0,7672,7504,0,0,110244,1116
71447236,244,1,1,0,0,0,7672,7504,0,0,110244,666
71447237,244,1,1,0,0,0,7672,7504,0,0,110244,1117
71447238,1,1,1,0,0,0,7672,7504,0,0,60001,1117
71447239,1,1,1,0,0,0,7672,7504,0,0,60001,1120
71447240,1,1,1,0,0,0,7672,7504,0,0,60001,1120
71447241,13,1,1,0,0,0,7672,7504,0,0,100013,1120
71447242,13,1,1,0,0,0,7672,7504,0,0,100013,1121
71447243,13,1,1,0,0,0,7672,7504,0,0,100013,1120
71447244,0,1,1,0,0,100013,7672,7504,0,0,0,1120
71447245,0,1,1,0,0,100013,7672,7504,0,0,0,1120
71447246,0,1,1,0,0,100013,7672,7504,0,0,0,1120
71447247,1,1,1,0,0,26,7672,7504,0,0,1,1120
71447248,1,1,1,0,0,26,7672,7504,0,0,1,1120
71447249,1,1,1,0,0,26,7672,7504,0,0,1,1120
71447250,2,1,1,0,0,54,7672,7504,0,0,2,1120
71447251,2,1,1,0,0,54,7672,7504,0,0,2,1120
71447252,2,1,1,0,0,54,7672,7504,0,0,2,1120
71447253,4,1,1,0,0,130,7672,7504,0,0,4,1120
71447254,4,1,1,0,0,130,7672,7504,0,0,4,1120
71447255,4,1,1,0,0,130,7672,7504,0,0,4,1120
71447256,10,1,1,0,0,260,7672,7504,0,0,10,1120
71447257,10,1,1,0,0,260,7672,7504,0,0,10,1120
71447258,10,1,1,0,0,260,7672,7504,0,0,10,1120
71447259,20,1,1,0,0,540,7672,7504,0,0,20,1120
71447260,20,1,1,0,0,540,7672,7504,0,0,20,1120
71447261,20,1,1,0,0,540,7672,7504,0,0,20,1120
71447262,40,1,1,0,0,1300,7672,7504,0,0,40,1120
71447263,40,1,1,0,0,1300,7672,7504,0,0,40,1120
71447264,40,1,1,0,0,1300,7672,7504,0,0,40,1120
71447265,100,1,1,0,0,2600,7672,7504,0,0,100,1120
71447266,100,1,1,0,0,2600,7672,7504,0,0,100,1120
71447267,100,1,1,0,0,2600,7672,7504,0,0,100,1120
71447268,200,1,1,0,0,5400,7672,7504,0,0,200,1120
71447269,200,1,1,0,0,5400,7672,7504,0,0,200,1120
71447270,200,1,1,0,0,5400,7672,7504,0,0,200,1120
71447271,0,1,1,0,0,13000,7672,7504,0,0,400,1120
71447272,0,1,1,0,0,13000,7672,7504,0,0,400,1120
71447273,0,1,1,0,0,13000,7672,7504,0,0,400,1120
71447274,0,1,1,0,0,26000,7672,7504,0,0,1000,1120
71447275,0,1,1,0,0,26000,7672,7504,0,0,1000,1120
71447276,0,1,1,0,0,26000,7672,7504,0,0,1000,1120
71447277,0,1,1,0,0,54000,7672,7504,0,0,2000,1120
71447278,0,1,1,0,0,54000,7672,7504,0,0,2000,1120
71447279,0,1,1,0,0,54000,7672,7504,0,0,2000,1120
71447280,0,1,1,0,0,130000,7672,7504,0,0,4000,1120
71447281,0,1,1,0,0,130000,7672,7504,0,0,4000,1120
71447282,0,1,1,0,0,130000,7672,7504,0,0,4000,1121
71447283,1,1,1,0,0,60000,7672,7504,0,0,10001,1121
71447284,1,1,1,0,0,60000,7672,7504,0,0,10001,1122
71447285,1,1,1,0,0,60000,7672,7504,0,0,10001,1133
71447286,0,1,1,0,0,140000,7672,7504,0,0,0,1133
71447287,0,1,1,0,0,140000,7672,7504,0,0,0,1133
71447288,0,1,1,0,0,140000,7672,7504,0,0,0,1134
71447289,0,1,1,0,0,0,7672,7504,0,0,0,1134
71447290,0,1,1,0,0,0,7672,7504,0,0,0,1135
71447291,0,1,1,0,0,0,7672,7504,0,0,0,1140
71447292,0,1,1,0,0,0,7672,7504,0,0,0,1140
71447293,0,1,1,0,0,0,7672,7504,0,0,0,1140
71447294,0,1,1,0,0,0,7672,7504,0,0,0,1141
71447295,1,1,1,0,0,0,7672,7504,0,0,1,1141
71447296,1,1,1,0,0,0,7672,7504,0,0,1,1142
71447297,1,1,1,0,0,0,7672,7504,0,0,1,1142
71447298,1,1,1,0,0,1,7672,7504,0,0,1,1142
71447299,1,1,1,0,0,1,7672,7504,0,0,1,1143
71447300,1,1,1,0,0,1,7672,7504,0,0,1,666
71447301,0,1,1,0,0,1,7672,7504,0,0,140000,666
71447302,0,1,1,0,0,1,7672,7504,0,0,140000,666
71447303,0,1,1,0,0,1,7672,7504,0,0,140000,0
71447304,0,1,1,3,0,1,7672,7504,0,0,0,0
71447305,0,1,1,3,0,1,7672,7504,0,0,0,0
71447306,0,1,1,3,0,1,7672,7504,0,0,0,2001
71447307,0,1,1,3,0,1,7672,7504,0,0,0,17040
71447308,0,1,1,3,0,1,7672,7504,0,0,0,17040
71447309,0,1,1,3,0,1,7672,7504,3040,0,0,0
71447310,0,1,1,3,0,1,7672,7504,3040,0,0,6000
71447311,0,1,1,3,0,1,7672,7504,0,0,0,6000
71447312,0,1,1,3,0,1,7672,7504,0,0,0,6000
71447313,0,1,1,3,0,1,7672,7504,0,0,0,6000
71447314,0,1,1,3,0,1,7672,7504,0,44035,44035,6440
71447315,0,1,1,3,0,1,7672,7504,0,44035,44035,6440
71447316,0,1,1,3,0,1,7672,7504,0,44035,44035,6440
71447317,0,1,1,3,0,1,7672,7504,0,44035,44035,6440
71447318,0,1,1,3,0,1,7672,7504,0,0,44035,6440
71447319,0,1,1,3,0,1,7672,7504,0,0,44035,6440
71447320,0,1,1,3,0,1,7672,7504,0,0,44035,6440
71447321,1,1,1,0,0,1,7672,7504,0,0,44035,170
71447322,1,1,1,0,0,1,7672,7504,0,0,0,170
71447323,1,1,1,0,0,1,7672,7504,0,0,0,0
71447324,1,1,1,0,0,1,7672,7504,0,0,0,0
71447325,1,1,1,0,0,1,7672,7504,0,0,0,0
71447326,1,1,1,0,0,1,7672,7504,3075,0,0,0
71447327,1,1,1,0,0,1,7672,7504,3075,0,0,0
71447328,1,1,1,0,0,1,7672,7504,0,0,0,0
71447329,1,1,1,0,0,1,7672,7504,0,0,0,0
71447330,1,1,1,0,0,1,7672,7504,0,0,0,0
71447331,1,1,1,0,0,1,7672,7504,0,40,40,0
71447332,1,1,1,0,0,1,7672,7504,0,40,40,0
71447333,1,1,1,0,0,1,7672,7504,0,40,40,0
71447334,1,1,1,0,0,1,7672,7504,0,40,40,0
71447335,1,1,1,0,0,1,7672,7504,0,0,40,0
71447336,1,1,1,0,0,1,7672,7504,0,0,40,0
71447337,1,1,1,0,0,1,7672,7504,0,0,40,0
71447338,40,1,1,3,0,1,7672,7504,0,0,40,0
71447339,40,1,1,3,0,1,7672,7504,0,0,0,0
71447340,40,1,1,3,0,1,7672,7504,0,0,0,2001
71447341,40,1,1,3,0,1,7672,7504,0,0,0,17041
71447342,40,1,1,3,0,1,7672,7504,0,0,0,17041
71447343,40,1,1,3,0,1,7672,7504,3041,0,0,0
71447344,40,1,1,3,0,1,7672,7504,3041,0,0,6000
71447345,40,1,1,3,0,1,7672,7504,0,0,0,6000
71447346,40,1,1,3,0,1,7672,7504,0,0,0,6000
71447347,40,1,1,3,0,1,7672,7504,0,0,0,6000
71447348,40,1,1,3,0,1,7672,7504,0,50033,50033,6500
71447349,40,1,1,3,0,1,7672,7504,0,50033,50033,6500
71447350,40,1,1,3,0,1,7672,7504,0,50033,50033,6500
71447351,40,1,1,3,0,1,7672,7504,0,50033,50033,6500
71447352,40,1,1,3,0,1,7672,7504,0,0,50033,6500
71447353,40,1,1,3,0,1,7672,7504,0,0,50033,6500
71447354,40,1,1,3,0,1,7672,7504,0,0,50033,6500
71447355,1,1,1,0,40,1,7672,7504,0,0,50033,172
71447356,1,1,1,0,40,1,7672,7504,0,0,0,172
71447357,1,1,1,0,40,1,7672,7504,0,0,0,0
71447358,1,1,1,0,40,1,7672,7504,0,0,0,0
71447359,1,1,1,0,40,1,7672,7504,0,0,0,0
71447360,1,1,1,0,40,1,7672,7504,3074,0,0,0
71447361,1,1,1,0,40,1,7672,7504,3074,0,0,0
71447362,1,1,1,0,40,1,7672,7504,0,0,0,0
71447363,1,1,1,0,40,1,7672,7504,0,0,0,0
71447364,1,1,1,0,40,1,7672,7504,0,0,0,0
71447365,1,1,1,0,40,1,7672,7504,0,300,300,0
71447366,1,1,1,0,40,1,7672,7504,0,300,300,0
71447367,1,1,1,0,40,1,7672,7504,0,300,300,0
71447368,1,1,1,0,40,1,7672,7504,0,300,300,0
71447369,1,1,1,0,40,1,7672,7504,0,0,300,0
71447370,1,1,1,0,40,1,7672,7504,0,0,300,0
71447371,1,1,1,0,40,1,7672,7504,0,0,300,0
71447372,300,1,1,3,40,1,7672,7504,0,0,300,0
71447373,300,1,1,3,40,1,7672,7504,0,0,0,0
71447374,300,1,1,3,40,1,7672,7504,0,0,0,2001
71447375,300,1,1,3,40,1,7672,7504,0,0,0,17042
71447376,300,1,1,3,40,1,7672,7504,0,0,0,17042
71447377,300,1,1,3,40,1,7672,7504,3042,0,0,0
71447378,300,1,1,3,40,1,7672,7504,3042,0,0,6000
71447379,300,1,1,3,40,1,7672,7504,0,0,0,6000
71447380,300,1,1,3,40,1,7672,7504,0,0,0,6000
71447381,300,1,1,3,40,1,7672,7504,0,0,0,6000
71447382,300,1,1,3,40,1,7672,7504,0,173005,173005,7730
71447383,300,1,1,3,40,1,7672,7504,0,173005,173005,7730
71447384,300,1,1,3,40,1,7672,7504,0,173005,173005,7730
71447385,300,1,1,3,40,1,7672,7504,0,173005,173005,7730
71447386,300,1,1,3,40,1,7672,7504,0,0,173005,7730
71447387,300,1,1,3,40,1,7672,7504,0,0,173005,7730
71447388,300,1,1,3,40,1,7672,7504,0,0,173005,7730
71447389,5,1,1,3,40,1,7672,7504,0,0,173005,0
71447390,5,1,1,3,40,1,7672,7504,0,0,0,0
71447391,5,1,1,3,40,1,7672,7504,0,0,0,2001
71447392,5,1,1,3,40,1,7672,7504,0,0,0,17043
71447393,5,1,1,3,40,1,7672,7504,0,0,0,17043
71447394,5,1,1,3,40,1,7672,7504,3043,0,0,0
71447395,5,1,1,3,40,1,7672,7504,3043,0,0,6000
71447396,5,1,1,3,40,1,7672,7504,0,0,0,6000
71447397,5,1,1,3,40,1,7672,7504,0,0,0,6000
71447398,5,1,1,3,40,1,7672,7504,0,0,0,6000
71447399,5,1,1,3,40,1,7672,7504,0,150415,150415,7504
71447400,5,1,1,3,40,1,7672,7504,0,150415,150415,7504
71447401,5,1,1,3,40,1,7672,7504,0,150415,150415,7504
71447402,5,1,1,3,40,1,7672,7504,0,150415,150415,7504
71447403,5,1,1,3,40,1,7672,7504,0,0,150415,7504
71447404,5,1,1,3,40,1,7672,7504,0,0,150415,7504
71447405,5,1,1,3,40,1,7672,7504,0,0,150415,7504
71447406,1,1,1,0,40,1,7672,7504,0,0,150415,657
71447407,1,1,1,0,40,1,7672,7504,0,0,1,657
71447408,1,1,1,0,40,1,7672,7504,0,0,1,326
71447409,1,1,1,0,40,1,7672,7504,0,0,1,326
71447410,1,1,1,0,40,1,7672,7504,0,0,1,326
71447411,1,1,1,0,40,1,7672,7504,0,0,1,327
71447412,1,1,1,0,40,1,7672,7504,0,0,1,327
71447413,1,1,1,0,40,1,7672,7504,0,0,1,330
71447414,1,1,1,0,40,1,7672,7504,0,0,1,660
71447415,1,1,1,0,40,1,7672,7504,0,0,1,660
71447416,1,1,1,0,40,1,7672,7504,0,0,1,660
71447417,1,1,1,0,40,1,7672,7504,0,0,1,3655
71447418,244,1,1,0,40,1,7672,7504,0,0,110244,3655
71447419,244,1,1,0,40,1,7672,7504,0,0,110244,3655
71447420,244,1,1,0,40,1,7672,7504,0,0,110244,474
71447421,244,1,1,0,40,110244,7672,7504,0,0,110244,474
71447422,244,1,1,0,40,110244,7672,7504,0,0,110244,474
71447423,244,1,1,0,40,110244,7672,7504,0,0,110244,475
71447424,305,1,1,3,40,110244,7672,7504,0,0,305,475
71447425,305,1,1,3,40,110244,7672,7504,0,0,305,476
71447426,305,1,1,3,40,110244,7672,7504,0,0,305,501
71447427,244,1,1,0,40,110244,7672,7504,0,0,110244,501
71447428,244,1,1,0,40,110244,7672,7504,0,0,110244,501
71447429,244,1,1,0,40,110244,7672,7504,0,0,110244,502
71447430,7,1,1,0,40,110244,7672,7504,0,0,7,502
71447431,7,1,1,0,40,110244,7672,7504,0,0,7,503
71447432,7,1,1,0,40,110244,7672,7504,0,0,7,503
71447433,300,1,1,0,40,300,7672,7504,0,0,300,503
71447434,300,1,1,0,40,300,7672,7504,0,0,300,504
71447435,300,1,1,0,40,300,7672,7504,0,0,300,511
71447436,3,1,1,0,40,300,7672,7504,0,0,3,511
71447437,3,1,1,0,40,300,7672,7504,0,0,3,511
71447438,3,1,1,0,40,300,7672,7504,0,0,3,3725
71447439,141,1,1,0,40,304,7672,7504,0,0,30141,3725
71447440,141,1,1,0,40,304,7672,7504,0,0,30141,3725
71447441,141,1,1,0,40,304,7672,7504,0,0,30141,476
71447442,40,0,1,0,40,30141,7672,7504,0,0,40,476
# MARK wr tick=71447442
71447443,40,0,1,0,40,30141,7672,7504,0,0,40,476
71478913,1,1,1,0,177777,60000,1147,15,0,0,10001,1121
71478914,1,1,1,0,177777,60000,1147,15,0,0,10001,1122
71478915,1,1,1,0,177777,60000,1147,15,0,0,10001,1133
71478916,0,1,1,0,177777,140000,1147,15,0,0,0,1133
71478917,0,1,1,0,177777,140000,1147,15,0,0,0,1133
71478918,0,1,1,0,177777,140000,1147,15,0,0,0,1134
71478919,0,1,1,0,177777,0,1147,15,0,0,0,1134
71478920,0,1,1,0,177777,0,1147,15,0,0,0,1135
71478921,0,1,1,0,177777,0,1147,15,0,0,0,1140
71478922,0,1,1,0,177777,0,1147,15,0,0,0,1140
71478923,0,1,1,0,177777,0,1147,15,0,0,0,1140
71478924,0,1,1,0,177777,0,1147,15,0,0,0,1141
71478925,0,1,1,0,177777,0,1147,15,0,0,20000,1141
71478926,0,1,1,0,177777,0,1147,15,0,0,20000,1142
71478927,0,1,1,0,177777,0,1147,15,0,0,20000,1142
71478928,1,1,1,0,177777,20000,1147,15,0,0,1,1142
71478929,1,1,1,0,177777,20000,1147,15,0,0,1,1143
71478930,1,1,1,0,177777,20000,1147,15,0,0,1,1143
71478931,0,1,1,0,177777,20000,1147,15,0,0,140000,1143
71478932,0,1,1,0,177777,20000,1147,15,0,0,140000,1144
71478933,0,1,1,0,177777,20000,1147,15,0,0,140000,1144
71478934,1,1,1,0,177777,20000,1147,15,0,0,1,1144
71478935,1,1,1,0,177777,20000,1147,15,0,0,1,1145
71478936,1,1,1,0,177777,20000,1147,15,0,0,1,1145
71478937,150,1,1,0,177777,1,1147,15,0,0,150,1145
71478938,150,1,1,0,177777,1,1147,15,0,0,150,1146
71478939,150,1,1,0,177777,1,1147,15,0,0,150,1146
71478940,150,1,1,0,177777,1,1147,15,0,0,150,1146
71478941,150,1,1,0,177777,1,1147,15,0,0,150,1147
71478942,150,1,1,0,177777,1,1147,15,0,0,150,1147
71478943,1,1,1,0,177777,1,1147,15,0,0,20001,1147
71478944,1,1,1,0,177777,1,1147,15,0,0,20001,1150
71478945,1,1,1,0,177777,1,1147,15,0,0,20001,1150
71478946,7,1,1,0,177777,1,1147,15,0,0,7,1150
71478947,7,1,1,0,177777,1,1147,15,0,0,7,1151
71478948,7,1,1,0,177777,1,1147,15,0,0,7,1151
71478949,0,1,1,0,177777,1,1147,15,0,0,116400,1151
71478950,0,1,1,0,177777,1,1147,15,0,0,116400,1152
71478951,0,1,1,0,177777,1,1147,15,0,0,116400,1151
71478952,15,1,1,0,177777,1,1147,15,0,0,15,1151
71478953,15,1,1,0,177777,1,1147,15,0,0,15,1151
71478954,15,1,1,0,177777,1,1147,15,0,0,15,1151
71478955,15,1,1,0,177777,15,1147,15,0,0,15,1151
71478956,15,1,1,0,177777,15,1147,15,0,0,15,1151
71478957,15,1,1,0,177777,15,1147,15,0,0,15,1151
71478958,0,1,1,0,177777,15,1147,15,0,0,0,1151
71478959,0,1,1,0,177777,15,1147,15,0,0,0,1151
71478960,0,1,1,0,177777,15,1147,15,0,0,0,1151
71478961,377,1,1,0,177777,0,1147,15,0,0,177777,1151
71478962,377,1,1,0,177777,0,1147,15,0,0,177777,1151
71478963,377,1,1,0,177777,0,1147,15,0,0,177777,1151
71478964,54,1,1,0,177777,177777,1147,15,0,0,2454,1151
71478965,54,1,1,0,177777,177777,1147,15,0,0,2454,1151
71478966,54,1,1,0,177777,177777,1147,15,0,0,2454,1151
71478967,147,1,1,0,177777,2454,1147,15,0,0,1147,1151
71478968,147,1,1,0,177777,2454,1147,15,0,0,1147,1151
71478969,147,1,1,0,177777,2454,1147,15,0,0,1147,1151
71478970,7,1,1,0,177777,1147,1147,15,0,0,2407,1151
71478971,7,1,1,0,177777,1147,1147,15,0,0,2407,1151
71478972,7,1,1,0,177777,1147,1147,15,0,0,2407,1151
71478973,167,1,1,0,177777,2407,1147,15,0,0,12567,1151
71478974,167,1,1,0,177777,2407,1147,15,0,0,12567,1151
71478975,166,1,1,0,177777,2407,1147,15,0,0,12566,1152
71478976,0,1,1,0,177777,12566,1147,15,0,0,116400,1152
71478977,0,1,1,0,177777,12566,1147,15,0,0,116400,1153
71478978,0,1,1,0,177777,12566,1147,15,0,0,116400,1153
71478979,0,1,1,0,177777,116400,1147,15,0,0,170000,1153
71478980,0,1,1,0,177777,116400,1147,15,0,0,170000,1154
71478981,0,1,1,0,177777,116400,1147,15,0,0,170000,1154
71478982,0,1,1,0,177777,116400,1147,15,0,0,110000,1154
71478983,0,1,1,0,177777,116400,1147,15,0,0,110000,1155
71478984,0,1,1,0,177777,116400,1147,15,0,0,110000,1155
71478985,7,1,1,0,177777,116400,1147,15,0,0,7,1155
71478986,7,1,1,0,177777,116400,1147,15,0,0,7,1156
71478987,7,1,1,0,177777,116400,1147,15,0,0,7,1156
71478988,1,1,1,0,177777,116400,1147,15,0,0,20001,1156
71478989,1,1,1,0,177777,116400,1147,15,0,0,20001,1157
71478990,1,1,1,0,177777,116400,1147,15,0,0,20001,1156
71478991,104,1,1,0,177777,116400,1147,15,0,0,7504,1156
71478992,104,1,1,0,177777,116400,1147,15,0,0,7504,1156
71478993,104,1,1,0,177777,116400,1147,15,0,0,7504,1156
71478994,104,1,1,0,177777,116400,1147,7504,0,0,7504,1156
71478995,104,1,1,0,177777,116400,1147,7504,0,0,7504,1156
71478996,104,1,1,0,177777,116400,1147,7504,0,0,7504,1156
71478997,302,1,1,0,177777,116400,1147,7504,0,0,302,1156
71478998,302,1,1,0,177777,116400,1147,7504,0,0,302,1156
71478999,302,1,1,0,177777,116400,1147,7504,0,0,302,1156
71479000,0,1,1,0,177777,116400,1147,7504,0,0,0,1156
71479001,0,1,1,0,177777,116400,1147,7504,0,0,0,1156
71479002,0,1,1,0,177777,116400,1147,7504,0,0,0,1156
71479003,26,1,1,0,0,116400,1147,7504,0,0,3026,1156
71479004,26,1,1,0,0,116400,1147,7504,0,0,3026,1156
71479005,26,1,1,0,0,116400,1147,7504,0,0,3026,1156
71479006,272,1,1,0,0,116400,1147,7504,0,0,7672,1156
71479007,272,1,1,0,0,116400,1147,7504,0,0,7672,1156
71479008,272,1,1,0,0,116400,1147,7504,0,0,7672,1156
71479009,40,1,1,0,0,116400,7672,7504,0,0,3040,1156
71479010,40,1,1,0,0,116400,7672,7504,0,0,3040,1156
71479011,40,1,1,0,0,116400,7672,7504,0,0,3040,1156
71479012,272,1,1,0,0,116400,7672,7504,0,0,55672,1156
71479013,272,1,1,0,0,116400,7672,7504,0,0,55672,1156
71479014,272,1,1,0,0,116400,7672,7504,0,0,55672,1157
71479015,244,1,1,0,0,116400,7672,7504,0,0,110244,1157
71479016,244,1,1,0,0,116400,7672,7504,0,0,110244,1160
71479017,244,1,1,0,0,116400,7672,7504,0,0,110244,1160
71479018,0,1,1,3,0,116400,7672,7504,0,0,0,1160
71479019,0,1,1,3,0,116400,7672,7504,0,0,0,1161
71479020,0,1,1,3,0,116400,7672,7504,0,0,0,1076
71479021,244,1,1,0,0,116400,7672,7504,0,0,110244,1076
71479022,244,1,1,0,0,116400,7672,7504,0,0,110244,1076
71479023,244,1,1,0,0,116400,7672,7504,0,0,110244,0
71479024,0,1,1,3,0,116400,7672,7504,0,0,0,0
71479025,0,1,1,3,0,116400,7672,7504,0,0,0,0
71479026,0,1,1,3,0,116400,7672,7504,0,0,0,2001
71479027,0,1,1,3,0,116400,7672,7504,0,0,0,17040
71479028,0,1,1,3,0,116400,7672,7504,0,0,0,17040
71479029,0,1,1,3,0,116400,7672,7504,3040,0,0,0
71479030,0,1,1,3,0,116400,7672,7504,3040,0,0,6000
71479031,0,1,1,3,0,116400,7672,7504,0,0,0,6000
71479032,0,1,1,3,0,116400,7672,7504,0,0,0,6000
71479033,0,1,1,3,0,116400,7672,7504,0,0,0,6000
71479034,0,1,1,3,0,116400,7672,7504,0,44035,44035,6440
71479035,0,1,1,3,0,116400,7672,7504,0,44035,44035,6440
71479036,0,1,1,3,0,116400,7672,7504,0,44035,44035,6440
71479037,0,1,1,3,0,116400,7672,7504,0,44035,44035,6440
71479038,0,1,1,3,0,116400,7672,7504,0,0,44035,6440
71479039,0,1,1,3,0,116400,7672,7504,0,0,44035,6440
71479040,0,1,1,3,0,116400,7672,7504,0,0,44035,6440
71479041,0,1,1,0,0,116400,7672,7504,0,0,44035,170
71479042,0,1,1,0,0,116400,7672,7504,0,0,0,170
71479043,0,1,1,0,0,116400,7672,7504,0,0,0,0
71479044,0,1,1,0,0,116400,7672,7504,0,0,0,0
71479045,0,1,1,0,0,116400,7672,7504,0,0,0,0
71479046,0,1,1,0,0,116400,7672,7504,3075,0,0,0
71479047,0,1,1,0,0,116400,7672,7504,3075,0,0,0
71479048,0,1,1,0,0,116400,7672,7504,0,0,0,0
71479049,0,1,1,0,0,116400,7672,7504,0,0,0,0
71479050,0,1,1,0,0,116400,7672,7504,0,0,0,0
71479051,0,1,1,0,0,116400,7672,7504,0,40,40,0
71479052,0,1,1,0,0,116400,7672,7504,0,40,40,0
71479053,0,1,1,0,0,116400,7672,7504,0,40,40,0
71479054,0,1,1,0,0,116400,7672,7504,0,40,40,0
71479055,0,1,1,0,0,116400,7672,7504,0,0,40,0
71479056,0,1,1,0,0,116400,7672,7504,0,0,40,0
71479057,0,1,1,0,0,116400,7672,7504,0,0,40,0
71479058,40,1,1,3,0,116400,7672,7504,0,0,40,0
71479059,40,1,1,3,0,116400,7672,7504,0,0,0,0
71479060,40,1,1,3,0,116400,7672,7504,0,0,0,2001
71479061,40,1,1,3,0,116400,7672,7504,0,0,0,17041
71479062,40,1,1,3,0,116400,7672,7504,0,0,0,17041
71479063,40,1,1,3,0,116400,7672,7504,3041,0,0,0
71479064,40,1,1,3,0,116400,7672,7504,3041,0,0,6000
71479065,40,1,1,3,0,116400,7672,7504,0,0,0,6000
71479066,40,1,1,3,0,116400,7672,7504,0,0,0,6000
71479067,40,1,1,3,0,116400,7672,7504,0,0,0,6000
71479068,40,1,1,3,0,116400,7672,7504,0,50033,50033,6500
71479069,40,1,1,3,0,116400,7672,7504,0,50033,50033,6500
71479070,40,1,1,3,0,116400,7672,7504,0,50033,50033,6500
71479071,40,1,1,3,0,116400,7672,7504,0,50033,50033,6500
71479072,40,1,1,3,0,116400,7672,7504,0,0,50033,6500
71479073,40,1,1,3,0,116400,7672,7504,0,0,50033,6500
71479074,40,1,1,3,0,116400,7672,7504,0,0,50033,6500
71479075,0,1,1,0,40,116400,7672,7504,0,0,50033,172
71479076,0,1,1,0,40,116400,7672,7504,0,0,0,172
71479077,0,1,1,0,40,116400,7672,7504,0,0,0,0
71479078,0,1,1,0,40,116400,7672,7504,0,0,0,0
71479079,0,1,1,0,40,116400,7672,7504,0,0,0,0
71479080,0,1,1,0,40,116400,7672,7504,3074,0,0,0
71479081,0,1,1,0,40,116400,7672,7504,3074,0,0,0
71479082,0,1,1,0,40,116400,7672,7504,0,0,0,0
71479083,0,1,1,0,40,116400,7672,7504,0,0,0,0
71479084,0,1,1,0,40,116400,7672,7504,0,0,0,0
71479085,0,1,1,0,40,116400,7672,7504,0,300,300,0
71479086,0,1,1,0,40,116400,7672,7504,0,300,300,0
71479087,0,1,1,0,40,116400,7672,7504,0,300,300,0
71479088,0,1,1,0,40,116400,7672,7504,0,300,300,0
71479089,0,1,1,0,40,116400,7672,7504,0,0,300,0
71479090,0,1,1,0,40,116400,7672,7504,0,0,300,0
71479091,0,1,1,0,40,116400,7672,7504,0,0,300,0
71479092,300,1,1,3,40,116400,7672,7504,0,0,300,0
71479093,300,1,1,3,40,116400,7672,7504,0,0,0,0
71479094,300,1,1,3,40,116400,7672,7504,0,0,0,2001
71479095,300,1,1,3,40,116400,7672,7504,0,0,0,17042
71479096,300,1,1,3,40,116400,7672,7504,0,0,0,17042
71479097,300,1,1,3,40,116400,7672,7504,3042,0,0,0
71479098,300,1,1,3,40,116400,7672,7504,3042,0,0,6000
71479099,300,1,1,3,40,116400,7672,7504,0,0,0,6000
71479100,300,1,1,3,40,116400,7672,7504,0,0,0,6000
71479101,300,1,1,3,40,116400,7672,7504,0,0,0,6000
71479102,300,1,1,3,40,116400,7672,7504,0,173005,173005,7730
71479103,300,1,1,3,40,116400,7672,7504,0,173005,173005,7730
71479104,300,1,1,3,40,116400,7672,7504,0,173005,173005,7730
71479105,300,1,1,3,40,116400,7672,7504,0,173005,173005,7730
71479106,300,1,1,3,40,116400,7672,7504,0,0,173005,7730
71479107,300,1,1,3,40,116400,7672,7504,0,0,173005,7730
71479108,300,1,1,3,40,116400,7672,7504,0,0,173005,7730
71479109,5,1,1,3,40,116400,7672,7504,0,0,173005,0
71479110,5,1,1,3,40,116400,7672,7504,0,0,0,0
71479111,5,1,1,3,40,116400,7672,7504,0,0,0,2001
71479112,5,1,1,3,40,116400,7672,7504,0,0,0,17043
71479113,5,1,1,3,40,116400,7672,7504,0,0,0,17043
71479114,5,1,1,3,40,116400,7672,7504,3043,0,0,0
71479115,5,1,1,3,40,116400,7672,7504,3043,0,0,6000
71479116,5,1,1,3,40,116400,7672,7504,0,0,0,6000
71479117,5,1,1,3,40,116400,7672,7504,0,0,0,6000
71479118,5,1,1,3,40,116400,7672,7504,0,0,0,6000
71479119,5,1,1,3,40,116400,7672,7504,0,150415,150415,7504
71479120,5,1,1,3,40,116400,7672,7504,0,150415,150415,7504
71479121,5,1,1,3,40,116400,7672,7504,0,150415,150415,7504
71479122,5,1,1,3,40,116400,7672,7504,0,150415,150415,7504
71479123,5,1,1,3,40,116400,7672,7504,0,0,150415,7504
71479124,5,1,1,3,40,116400,7672,7504,0,0,150415,7504
71479125,5,1,1,3,40,116400,7672,7504,0,0,150415,7504
71479126,0,1,1,0,40,116400,7672,7504,0,0,156415,657
71479127,0,1,1,0,40,116400,7672,7504,0,0,116400,657
71479128,0,1,1,0,40,116400,7672,7504,0,0,116400,326
71479129,0,1,1,0,40,116400,7672,7504,0,0,116400,326
71479130,0,1,1,0,40,116400,7672,7504,0,0,116400,326
71479131,0,1,1,0,40,116400,7672,7504,0,0,116400,327
71479132,0,1,1,0,40,116400,7672,7504,0,0,116400,327
71479133,0,1,1,0,40,116400,7672,7504,0,0,116400,330
71479134,0,1,1,0,40,116400,7672,7504,0,0,116400,660
71479135,0,1,1,0,40,116400,7672,7504,0,0,116400,660
71479136,0,1,1,0,40,116400,7672,7504,0,0,116400,660
71479137,0,1,1,0,40,116400,7672,7504,0,0,116400,3655
71479138,244,1,1,0,40,116400,7672,7504,0,0,110244,3655
71479139,244,1,1,0,40,116400,7672,7504,0,0,110244,3655
71479140,244,1,1,0,40,116400,7672,7504,0,0,110244,474
71479141,244,1,1,0,40,110244,7672,7504,0,0,110244,474
71479142,244,1,1,0,40,110244,7672,7504,0,0,110244,474
71479143,244,1,1,0,40,110244,7672,7504,0,0,110244,475
71479144,305,1,1,3,40,110244,7672,7504,0,0,305,475
71479145,305,1,1,3,40,110244,7672,7504,0,0,305,476
71479146,305,1,1,3,40,110244,7672,7504,0,0,305,501
71479147,244,1,1,0,40,110244,7672,7504,0,0,110244,501
71479148,244,1,1,0,40,110244,7672,7504,0,0,110244,501
71479149,244,1,1,0,40,110244,7672,7504,0,0,110244,502
71479150,7,1,1,0,40,110244,7672,7504,0,0,7,502
71479151,7,1,1,0,40,110244,7672,7504,0,0,7,503
71479152,7,1,1,0,40,110244,7672,7504,0,0,7,503
71479153,300,1,1,0,40,300,7672,7504,0,0,300,503
71479154,300,1,1,0,40,300,7672,7504,0,0,300,504
71479155,300,1,1,0,40,300,7672,7504,0,0,300,511
71479156,3,1,1,0,40,300,7672,7504,0,0,3,511
71479157,3,1,1,0,40,300,7672,7504,0,0,3,511
71479158,3,1,1,0,40,300,7672,7504,0,0,3,3725
71479159,141,1,1,0,40,304,7672,7504,0,0,30141,3725
71479160,141,1,1,0,40,304,7672,7504,0,0,30141,3725
71479161,141,1,1,0,40,304,7672,7504,0,0,30141,476
71479162,40,0,1,0,40,30141,7672,7504,0,0,40,476
# MARK wr tick=71479162
71479163,40,0,1,0,40,30141,7672,7504,0,0,40,476
71505066,244,1,1,0,0,10244,7672,7504,0,0,10244,326
71505067,244,1,1,0,0,10244,7672,7504,0,0,10244,327
71505068,244,1,1,0,0,10244,7672,7504,0,0,10244,327
71505069,244,1,1,0,0,10244,7672,7504,0,0,10244,330
71505070,244,1,1,0,0,10244,7672,7504,0,0,10244,660
71505071,244,1,1,0,0,10244,7672,7504,0,0,10244,660
71505072,244,1,1,0,0,10244,7672,7504,0,0,10244,660
71505073,244,1,1,0,0,10244,7672,7504,0,0,10244,3642
71505074,244,1,1,0,0,10244,7672,7504,0,0,10244,3642
71505075,244,1,1,0,0,10244,7672,7504,0,0,10244,3642
71505076,244,1,1,0,0,10244,7672,7504,0,0,10244,663
71505077,0,1,1,0,0,10244,7672,7504,0,0,100000,663
71505078,0,1,1,0,0,10244,7672,7504,0,0,100000,663
71505079,0,1,1,0,0,10244,7672,7504,0,0,100000,664
71505080,244,1,1,0,0,110244,7672,7504,0,0,110244,664
71505081,244,1,1,0,0,110244,7672,7504,0,0,110244,665
71505082,244,1,1,0,0,110244,7672,7504,0,0,110244,665
71505083,244,1,1,0,0,110244,7672,7504,0,0,110244,665
71505084,244,1,1,0,0,110244,7672,7504,0,0,110244,666
71505085,244,1,1,0,0,110244,7672,7504,0,0,110244,1112
71505086,245,1,1,0,0,110244,7672,7504,0,0,130245,1112
71505087,245,1,1,0,0,110244,7672,7504,0,0,130245,1112
71505088,245,1,1,0,0,110244,7672,7504,0,0,130245,1113
71505089,245,1,1,0,0,110244,7672,7504,0,0,130245,1113
71505090,245,1,1,0,0,110244,7672,7504,0,0,130245,1113
71505091,245,1,1,0,0,110244,7672,7504,0,0,130245,1113
71505092,245,1,1,0,0,110244,7672,7504,0,0,130245,1113
71505093,245,1,1,0,0,110244,7672,7504,0,0,130245,1113
71505094,244,1,1,0,0,110244,7672,7504,0,0,110244,1113
71505095,244,1,1,0,0,110244,7672,7504,0,0,110244,1114
71505096,244,1,1,0,0,110244,7672,7504,0,0,110244,1114
71505097,10,1,1,0,0,110244,7672,7504,0,0,10,1114
71505098,10,1,1,0,0,110244,7672,7504,0,0,10,1115
71505099,10,1,1,0,0,110244,7672,7504,0,0,10,1115
71505100,10,1,1,0,0,110244,7672,7504,0,0,10,1115
71505101,10,1,1,0,0,110244,7672,7504,0,0,10,1115
71505102,10,1,1,0,0,110244,7672,7504,0,0,10,1115
71505103,10,1,1,0,0,110244,7672,7504,0,0,10,1115
71505104,10,1,1,0,0,110244,7672,7504,0,0,10,1115
71505105,0,1,1,0,0,110244,7672,7504,0,0,0,1115
71505106,0,1,1,0,0,110244,7672,7504,0,0,0,1116
71505107,0,1,1,0,0,110244,7672,7504,0,0,0,1116
71505108,244,1,1,0,0,0,7672,7504,0,0,110244,1116
71505109,244,1,1,0,0,0,7672,7504,0,0,110244,666
71505110,244,1,1,0,0,0,7672,7504,0,0,110244,1117
71505111,1,1,1,0,0,0,7672,7504,0,0,60001,1117
71505112,1,1,1,0,0,0,7672,7504,0,0,60001,1120
71505113,1,1,1,0,0,0,7672,7504,0,0,60001,1120
71505114,13,1,1,0,0,0,7672,7504,0,0,100013,1120
71505115,13,1,1,0,0,0,7672,7504,0,0,100013,1121
71505116,13,1,1,0,0,0,7672,7504,0,0,100013,1120
71505117,0,1,1,0,0,100013,7672,7504,0,0,0,1120
71505118,0,1,1,0,0,100013,7672,7504,0,0,0,1120
71505119,0,1,1,0,0,100013,7672,7504,0,0,0,1120
71505120,1,1,1,0,0,26,7672,7504,0,0,1,1120
71505121,1,1,1,0,0,26,7672,7504,0,0,1,1120
71505122,1,1,1,0,0,26,7672,7504,0,0,1,1120
71505123,2,1,1,0,0,54,7672,7504,0,0,2,1120
71505124,2,1,1,0,0,54,7672,7504,0,0,2,1120
71505125,2,1,1,0,0,54,7672,7504,0,0,2,1120
71505126,4,1,1,0,0,130,7672,7504,0,0,4,1120
71505127,4,1,1,0,0,130,7672,7504,0,0,4,1120
71505128,4,1,1,0,0,130,7672,7504,0,0,4,1120
71505129,10,1,1,0,0,260,7672,7504,0,0,10,1120
71505130,10,1,1,0,0,260,7672,7504,0,0,10,1120
71505131,10,1,1,0,0,260,7672,7504,0,0,10,1120
71505132,20,1,1,0,0,540,7672,7504,0,0,20,1120
71505133,20,1,1,0,0,540,7672,7504,0,0,20,1120
71505134,20,1,1,0,0,540,7672,7504,0,0,20,1120
71505135,40,1,1,0,0,1300,7672,7504,0,0,40,1120
71505136,40,1,1,0,0,1300,7672,7504,0,0,40,1120
71505137,40,1,1,0,0,1300,7672,7504,0,0,40,1120
71505138,100,1,1,0,0,2600,7672,7504,0,0,100,1120
71505139,100,1,1,0,0,2600,7672,7504,0,0,100,1120
71505140,100,1,1,0,0,2600,7672,7504,0,0,100,1120
71505141,200,1,1,0,0,5400,7672,7504,0,0,200,1120
71505142,200,1,1,0,0,5400,7672,7504,0,0,200,1120
71505143,200,1,1,0,0,5400,7672,7504,0,0,200,1120
71505144,0,1,1,0,0,13000,7672,7504,0,0,400,1120
71505145,0,1,1,0,0,13000,7672,7504,0,0,400,1120
71505146,0,1,1,0,0,13000,7672,7504,0,0,400,1120
71505147,0,1,1,0,0,26000,7672,7504,0,0,1000,1120
71505148,0,1,1,0,0,26000,7672,7504,0,0,1000,1120
71505149,0,1,1,0,0,26000,7672,7504,0,0,1000,1120
71505150,0,1,1,0,0,54000,7672,7504,0,0,2000,1120
71505151,0,1,1,0,0,54000,7672,7504,0,0,2000,1120
71505152,0,1,1,0,0,54000,7672,7504,0,0,2000,1120
71505153,0,1,1,0,0,130000,7672,7504,0,0,4000,1120
71505154,0,1,1,0,0,130000,7672,7504,0,0,4000,1120
71505155,0,1,1,0,0,130000,7672,7504,0,0,4000,1121
71505156,1,1,1,0,0,60000,7672,7504,0,0,10001,1121
71505157,1,1,1,0,0,60000,7672,7504,0,0,10001,1122
71505158,1,1,1,0,0,60000,7672,7504,0,0,10001,1133
71505159,0,1,1,0,0,140000,7672,7504,0,0,0,1133
71505160,0,1,1,0,0,140000,7672,7504,0,0,0,1133
71505161,0,1,1,0,0,140000,7672,7504,0,0,0,1134
71505162,0,1,1,0,0,0,7672,7504,0,0,0,1134
71505163,0,1,1,0,0,0,7672,7504,0,0,0,1135
71505164,0,1,1,0,0,0,7672,7504,0,0,0,1140
71505165,0,1,1,0,0,0,7672,7504,0,0,0,1140
71505166,0,1,1,0,0,0,7672,7504,0,0,0,1140
71505167,0,1,1,0,0,0,7672,7504,0,0,0,1141
71505168,1,1,1,0,0,0,7672,7504,0,0,1,1141
71505169,1,1,1,0,0,0,7672,7504,0,0,1,1142
71505170,1,1,1,0,0,0,7672,7504,0,0,1,1142
71505171,1,1,1,0,0,1,7672,7504,0,0,1,1142
71505172,1,1,1,0,0,1,7672,7504,0,0,1,1143
71505173,1,1,1,0,0,1,7672,7504,0,0,1,666
71505174,0,1,1,0,0,1,7672,7504,0,0,140000,666
71505175,0,1,1,0,0,1,7672,7504,0,0,140000,666
71505176,0,1,1,0,0,1,7672,7504,0,0,140000,0
71505177,0,1,1,3,0,1,7672,7504,0,0,0,0
71505178,0,1,1,3,0,1,7672,7504,0,0,0,0
71505179,0,1,1,3,0,1,7672,7504,0,0,0,2001
71505180,0,1,1,3,0,1,7672,7504,0,0,0,17040
71505181,0,1,1,3,0,1,7672,7504,0,0,0,17040
71505182,0,1,1,3,0,1,7672,7504,3040,0,0,0
71505183,0,1,1,3,0,1,7672,7504,3040,0,0,6000
71505184,0,1,1,3,0,1,7672,7504,0,0,0,6000
71505185,0,1,1,3,0,1,7672,7504,0,0,0,6000
71505186,0,1,1,3,0,1,7672,7504,0,0,0,6000
71505187,0,1,1,3,0,1,7672,7504,0,44035,44035,6440
71505188,0,1,1,3,0,1,7672,7504,0,44035,44035,6440
71505189,0,1,1,3,0,1,7672,7504,0,44035,44035,6440
71505190,0,1,1,3,0,1,7672,7504,0,44035,44035,6440
71505191,0,1,1,3,0,1,7672,7504,0,0,44035,6440
71505192,0,1,1,3,0,1,7672,7504,0,0,44035,6440
71505193,0,1,1,3,0,1,7672,7504,0,0,44035,6440
71505194,1,1,1,0,0,1,7672,7504,0,0,44035,170
71505195,1,1,1,0,0,1,7672,7504,0,0,0,170
71505196,1,1,1,0,0,1,7672,7504,0,0,0,0
71505197,1,1,1,0,0,1,7672,7504,0,0,0,0
71505198,1,1,1,0,0,1,7672,7504,0,0,0,0
71505199,1,1,1,0,0,1,7672,7504,3075,0,0,0
71505200,1,1,1,0,0,1,7672,7504,3075,0,0,0
71505201,1,1,1,0,0,1,7672,7504,0,0,0,0
71505202,1,1,1,0,0,1,7672,7504,0,0,0,0
71505203,1,1,1,0,0,1,7672,7504,0,0,0,0
71505204,1,1,1,0,0,1,7672,7504,0,40,40,0
71505205,1,1,1,0,0,1,7672,7504,0,40,40,0
71505206,1,1,1,0,0,1,7672,7504,0,40,40,0
71505207,1,1,1,0,0,1,7672,7504,0,40,40,0
71505208,1,1,1,0,0,1,7672,7504,0,0,40,0
71505209,1,1,1,0,0,1,7672,7504,0,0,40,0
71505210,1,1,1,0,0,1,7672,7504,0,0,40,0
71505211,40,1,1,3,0,1,7672,7504,0,0,40,0
71505212,40,1,1,3,0,1,7672,7504,0,0,0,0
71505213,40,1,1,3,0,1,7672,7504,0,0,0,2001
71505214,40,1,1,3,0,1,7672,7504,0,0,0,17041
71505215,40,1,1,3,0,1,7672,7504,0,0,0,17041
71505216,40,1,1,3,0,1,7672,7504,3041,0,0,0
71505217,40,1,1,3,0,1,7672,7504,3041,0,0,6000
71505218,40,1,1,3,0,1,7672,7504,0,0,0,6000
71505219,40,1,1,3,0,1,7672,7504,0,0,0,6000
71505220,40,1,1,3,0,1,7672,7504,0,0,0,6000
71505221,40,1,1,3,0,1,7672,7504,0,50033,50033,6500
71505222,40,1,1,3,0,1,7672,7504,0,50033,50033,6500
71505223,40,1,1,3,0,1,7672,7504,0,50033,50033,6500
71505224,40,1,1,3,0,1,7672,7504,0,50033,50033,6500
71505225,40,1,1,3,0,1,7672,7504,0,0,50033,6500
71505226,40,1,1,3,0,1,7672,7504,0,0,50033,6500
71505227,40,1,1,3,0,1,7672,7504,0,0,50033,6500
71505228,1,1,1,0,40,1,7672,7504,0,0,50033,172
71505229,1,1,1,0,40,1,7672,7504,0,0,0,172
71505230,1,1,1,0,40,1,7672,7504,0,0,0,0
71505231,1,1,1,0,40,1,7672,7504,0,0,0,0
71505232,1,1,1,0,40,1,7672,7504,0,0,0,0
71505233,1,1,1,0,40,1,7672,7504,3074,0,0,0
71505234,1,1,1,0,40,1,7672,7504,3074,0,0,0
71505235,1,1,1,0,40,1,7672,7504,0,0,0,0
71505236,1,1,1,0,40,1,7672,7504,0,0,0,0
71505237,1,1,1,0,40,1,7672,7504,0,0,0,0
71505238,1,1,1,0,40,1,7672,7504,0,300,300,0
71505239,1,1,1,0,40,1,7672,7504,0,300,300,0
71505240,1,1,1,0,40,1,7672,7504,0,300,300,0
71505241,1,1,1,0,40,1,7672,7504,0,300,300,0
71505242,1,1,1,0,40,1,7672,7504,0,0,300,0
71505243,1,1,1,0,40,1,7672,7504,0,0,300,0
71505244,1,1,1,0,40,1,7672,7504,0,0,300,0
71505245,300,1,1,3,40,1,7672,7504,0,0,300,0
71505246,300,1,1,3,40,1,7672,7504,0,0,0,0
71505247,300,1,1,3,40,1,7672,7504,0,0,0,2001
71505248,300,1,1,3,40,1,7672,7504,0,0,0,17042
71505249,300,1,1,3,40,1,7672,7504,0,0,0,17042
71505250,300,1,1,3,40,1,7672,7504,3042,0,0,0
71505251,300,1,1,3,40,1,7672,7504,3042,0,0,6000
71505252,300,1,1,3,40,1,7672,7504,0,0,0,6000
71505253,300,1,1,3,40,1,7672,7504,0,0,0,6000
71505254,300,1,1,3,40,1,7672,7504,0,0,0,6000
71505255,300,1,1,3,40,1,7672,7504,0,173005,173005,7730
71505256,300,1,1,3,40,1,7672,7504,0,173005,173005,7730
71505257,300,1,1,3,40,1,7672,7504,0,173005,173005,7730
71505258,300,1,1,3,40,1,7672,7504,0,173005,173005,7730
71505259,300,1,1,3,40,1,7672,7504,0,0,173005,7730
71505260,300,1,1,3,40,1,7672,7504,0,0,173005,7730
71505261,300,1,1,3,40,1,7672,7504,0,0,173005,7730
71505262,5,1,1,3,40,1,7672,7504,0,0,173005,0
71505263,5,1,1,3,40,1,7672,7504,0,0,0,0
71505264,5,1,1,3,40,1,7672,7504,0,0,0,2001
71505265,5,1,1,3,40,1,7672,7504,0,0,0,17043
71505266,5,1,1,3,40,1,7672,7504,0,0,0,17043
71505267,5,1,1,3,40,1,7672,7504,3043,0,0,0
71505268,5,1,1,3,40,1,7672,7504,3043,0,0,6000
71505269,5,1,1,3,40,1,7672,7504,0,0,0,6000
71505270,5,1,1,3,40,1,7672,7504,0,0,0,6000
71505271,5,1,1,3,40,1,7672,7504,0,0,0,6000
71505272,5,1,1,3,40,1,7672,7504,0,150415,150415,7504
71505273,5,1,1,3,40,1,7672,7504,0,150415,150415,7504
71505274,5,1,1,3,40,1,7672,7504,0,150415,150415,7504
71505275,5,1,1,3,40,1,7672,7504,0,150415,150415,7504
71505276,5,1,1,3,40,1,7672,7504,0,0,150415,7504
71505277,5,1,1,3,40,1,7672,7504,0,0,150415,7504
71505278,5,1,1,3,40,1,7672,7504,0,0,150415,7504
71505279,1,1,1,0,40,1,7672,7504,0,0,150415,657
71505280,1,1,1,0,40,1,7672,7504,0,0,1,657
71505281,1,1,1,0,40,1,7672,7504,0,0,1,326
71505282,1,1,1,0,40,1,7672,7504,0,0,1,326
71505283,1,1,1,0,40,1,7672,7504,0,0,1,326
71505284,1,1,1,0,40,1,7672,7504,0,0,1,327
71505285,1,1,1,0,40,1,7672,7504,0,0,1,327
71505286,1,1,1,0,40,1,7672,7504,0,0,1,330
71505287,1,1,1,0,40,1,7672,7504,0,0,1,660
71505288,1,1,1,0,40,1,7672,7504,0,0,1,660
71505289,1,1,1,0,40,1,7672,7504,0,0,1,660
71505290,1,1,1,0,40,1,7672,7504,0,0,1,3655
71505291,244,1,1,0,40,1,7672,7504,0,0,110244,3655
71505292,244,1,1,0,40,1,7672,7504,0,0,110244,3655
71505293,244,1,1,0,40,1,7672,7504,0,0,110244,474
71505294,244,1,1,0,40,110244,7672,7504,0,0,110244,474
71505295,244,1,1,0,40,110244,7672,7504,0,0,110244,474
71505296,244,1,1,0,40,110244,7672,7504,0,0,110244,475
71505297,305,1,1,3,40,110244,7672,7504,0,0,305,475
71505298,305,1,1,3,40,110244,7672,7504,0,0,305,476
71505299,305,1,1,3,40,110244,7672,7504,0,0,305,501
71505300,244,1,1,0,40,110244,7672,7504,0,0,110244,501
71505301,244,1,1,0,40,110244,7672,7504,0,0,110244,501
71505302,244,1,1,0,40,110244,7672,7504,0,0,110244,502
71505303,7,1,1,0,40,110244,7672,7504,0,0,7,502
71505304,7,1,1,0,40,110244,7672,7504,0,0,7,503
71505305,7,1,1,0,40,110244,7672,7504,0,0,7,503
71505306,300,1,1,0,40,300,7672,7504,0,0,300,503
71505307,300,1,1,0,40,300,7672,7504,0,0,300,504
71505308,300,1,1,0,40,300,7672,7504,0,0,300,511
71505309,3,1,1,0,40,300,7672,7504,0,0,3,511
71505310,3,1,1,0,40,300,7672,7504,0,0,3,511
71505311,3,1,1,0,40,300,7672,7504,0,0,3,3725
71505312,141,1,1,0,40,304,7672,7504,0,0,30141,3725
71505313,141,1,1,0,40,304,7672,7504,0,0,30141,3725
71505314,141,1,1,0,40,304,7672,7504,0,0,30141,476
71505315,40,0,1,0,40,30141,7672,7504,0,0,40,476
# MARK wr tick=71505315
71505316,40,0,1,0,40,30141,7672,7504,0,0,40,476
71546251,244,1,1,0,0,10244,7672,7504,0,0,10244,660
71546252,244,1,1,0,0,10244,7672,7504,0,0,10244,660
71546253,244,1,1,0,0,10244,7672,7504,0,0,10244,660
71546254,244,1,1,0,0,10244,7672,7504,0,0,10244,3642
71546255,244,1,1,0,0,10244,7672,7504,0,0,10244,3642
71546256,244,1,1,0,0,10244,7672,7504,0,0,10244,3642
71546257,244,1,1,0,0,10244,7672,7504,0,0,10244,663
71546258,0,1,1,0,0,10244,7672,7504,0,0,100000,663
71546259,0,1,1,0,0,10244,7672,7504,0,0,100000,663
71546260,0,1,1,0,0,10244,7672,7504,0,0,100000,664
71546261,244,1,1,0,0,110244,7672,7504,0,0,110244,664
71546262,244,1,1,0,0,110244,7672,7504,0,0,110244,665
71546263,244,1,1,0,0,110244,7672,7504,0,0,110244,665
71546264,244,1,1,0,0,110244,7672,7504,0,0,110244,665
71546265,244,1,1,0,0,110244,7672,7504,0,0,110244,666
71546266,244,1,1,0,0,110244,7672,7504,0,0,110244,1112
71546267,245,1,1,0,0,110244,7672,7504,0,0,130245,1112
71546268,245,1,1,0,0,110244,7672,7504,0,0,130245,1112
71546269,245,1,1,0,0,110244,7672,7504,0,0,130245,1113
71546270,245,1,1,0,0,110244,7672,7504,0,0,130245,1113
71546271,245,1,1,0,0,110244,7672,7504,0,0,130245,1113
71546272,245,1,1,0,0,110244,7672,7504,0,0,130245,1113
71546273,245,1,1,0,0,110244,7672,7504,0,0,130245,1113
71546274,245,1,1,0,0,110244,7672,7504,0,0,130245,1113
71546275,244,1,1,0,0,110244,7672,7504,0,0,110244,1113
71546276,244,1,1,0,0,110244,7672,7504,0,0,110244,1114
71546277,244,1,1,0,0,110244,7672,7504,0,0,110244,1114
71546278,10,1,1,0,0,110244,7672,7504,0,0,10,1114
71546279,10,1,1,0,0,110244,7672,7504,0,0,10,1115
71546280,10,1,1,0,0,110244,7672,7504,0,0,10,1115
71546281,10,1,1,0,0,110244,7672,7504,0,0,10,1115
71546282,10,1,1,0,0,110244,7672,7504,0,0,10,1115
71546283,10,1,1,0,0,110244,7672,7504,0,0,10,1115
71546284,10,1,1,0,0,110244,7672,7504,0,0,10,1115
71546285,10,1,1,0,0,110244,7672,7504,0,0,10,1115
71546286,0,1,1,0,0,110244,7672,7504,0,0,0,1115
71546287,0,1,1,0,0,110244,7672,7504,0,0,0,1116
71546288,0,1,1,0,0,110244,7672,7504,0,0,0,1116
71546289,244,1,1,0,0,0,7672,7504,0,0,110244,1116
71546290,244,1,1,0,0,0,7672,7504,0,0,110244,666
71546291,244,1,1,0,0,0,7672,7504,0,0,110244,1117
71546292,1,1,1,0,0,0,7672,7504,0,0,60001,1117
71546293,1,1,1,0,0,0,7672,7504,0,0,60001,1120
71546294,1,1,1,0,0,0,7672,7504,0,0,60001,1120
71546295,13,1,1,0,0,0,7672,7504,0,0,100013,1120
71546296,13,1,1,0,0,0,7672,7504,0,0,100013,1121
71546297,13,1,1,0,0,0,7672,7504,0,0,100013,1120
71546298,0,1,1,0,0,100013,7672,7504,0,0,0,1120
71546299,0,1,1,0,0,100013,7672,7504,0,0,0,1120
71546300,0,1,1,0,0,100013,7672,7504,0,0,0,1120
71546301,1,1,1,0,0,26,7672,7504,0,0,1,1120
71546302,1,1,1,0,0,26,7672,7504,0,0,1,1120
71546303,1,1,1,0,0,26,7672,7504,0,0,1,1120
71546304,2,1,1,0,0,54,7672,7504,0,0,2,1120
71546305,2,1,1,0,0,54,7672,7504,0,0,2,1120
71546306,2,1,1,0,0,54,7672,7504,0,0,2,1120
71546307,4,1,1,0,0,130,7672,7504,0,0,4,1120
71546308,4,1,1,0,0,130,7672,7504,0,0,4,1120
71546309,4,1,1,0,0,130,7672,7504,0,0,4,1120
71546310,10,1,1,0,0,260,7672,7504,0,0,10,1120
71546311,10,1,1,0,0,260,7672,7504,0,0,10,1120
71546312,10,1,1,0,0,260,7672,7504,0,0,10,1120
71546313,20,1,1,0,0,540,7672,7504,0,0,20,1120
71546314,20,1,1,0,0,540,7672,7504,0,0,20,1120
71546315,20,1,1,0,0,540,7672,7504,0,0,20,1120
71546316,40,1,1,0,0,1300,7672,7504,0,0,40,1120
71546317,40,1,1,0,0,1300,7672,7504,0,0,40,1120
71546318,40,1,1,0,0,1300,7672,7504,0,0,40,1120
71546319,100,1,1,0,0,2600,7672,7504,0,0,100,1120
71546320,100,1,1,0,0,2600,7672,7504,0,0,100,1120
71546321,100,1,1,0,0,2600,7672,7504,0,0,100,1120
71546322,200,1,1,0,0,5400,7672,7504,0,0,200,1120
71546323,200,1,1,0,0,5400,7672,7504,0,0,200,1120
71546324,200,1,1,0,0,5400,7672,7504,0,0,200,1120
71546325,0,1,1,0,0,13000,7672,7504,0,0,400,1120
71546326,0,1,1,0,0,13000,7672,7504,0,0,400,1120
71546327,0,1,1,0,0,13000,7672,7504,0,0,400,1120
71546328,0,1,1,0,0,26000,7672,7504,0,0,1000,1120
71546329,0,1,1,0,0,26000,7672,7504,0,0,1000,1120
71546330,0,1,1,0,0,26000,7672,7504,0,0,1000,1120
71546331,0,1,1,0,0,54000,7672,7504,0,0,2000,1120
71546332,0,1,1,0,0,54000,7672,7504,0,0,2000,1120
71546333,0,1,1,0,0,54000,7672,7504,0,0,2000,1120
71546334,0,1,1,0,0,130000,7672,7504,0,0,4000,1120
71546335,0,1,1,0,0,130000,7672,7504,0,0,4000,1120
71546336,0,1,1,0,0,130000,7672,7504,0,0,4000,1121
71546337,1,1,1,0,0,60000,7672,7504,0,0,10001,1121
71546338,1,1,1,0,0,60000,7672,7504,0,0,10001,1122
71546339,1,1,1,0,0,60000,7672,7504,0,0,10001,1133
71546340,0,1,1,0,0,140000,7672,7504,0,0,0,1133
71546341,0,1,1,0,0,140000,7672,7504,0,0,0,1133
71546342,0,1,1,0,0,140000,7672,7504,0,0,0,1134
71546343,0,1,1,0,0,0,7672,7504,0,0,0,1134
71546344,0,1,1,0,0,0,7672,7504,0,0,0,1135
71546345,0,1,1,0,0,0,7672,7504,0,0,0,1140
71546346,0,1,1,0,0,0,7672,7504,0,0,0,1140
71546347,0,1,1,0,0,0,7672,7504,0,0,0,1140
71546348,0,1,1,0,0,0,7672,7504,0,0,0,1141
71546349,1,1,1,0,0,0,7672,7504,0,0,1,1141
71546350,1,1,1,0,0,0,7672,7504,0,0,1,1142
71546351,1,1,1,0,0,0,7672,7504,0,0,1,1142
71546352,1,1,1,0,0,1,7672,7504,0,0,1,1142
71546353,1,1,1,0,0,1,7672,7504,0,0,1,1143
71546354,1,1,1,0,0,1,7672,7504,0,0,1,666
71546355,0,1,1,0,0,1,7672,7504,0,0,140000,666
71546356,0,1,1,0,0,1,7672,7504,0,0,140000,666
71546357,0,1,1,0,0,1,7672,7504,0,0,140000,0
71546358,0,1,1,3,0,1,7672,7504,0,0,0,0
71546359,0,1,1,3,0,1,7672,7504,0,0,0,0
71546360,0,1,1,3,0,1,7672,7504,0,0,0,2001
71546361,0,1,1,3,0,1,7672,7504,0,0,0,17040
71546362,0,1,1,3,0,1,7672,7504,0,0,0,17040
71546363,0,1,1,3,0,1,7672,7504,0,0,0,0
71546364,0,1,1,3,0,1,7672,7504,0,0,0,0
71546365,0,1,1,3,0,1,7672,7504,0,0,0,0
71546366,0,1,1,3,0,1,7672,7504,0,0,0,0
71546367,0,1,1,3,0,1,7672,7504,3040,0,0,0
71546368,0,1,1,3,0,1,7672,7504,3040,0,0,6000
71546369,0,1,1,3,0,1,7672,7504,0,0,0,6000
71546370,0,1,1,3,0,1,7672,7504,0,0,0,6000
71546371,0,1,1,3,0,1,7672,7504,0,0,0,6000
71546372,0,1,1,3,0,1,7672,7504,0,44035,44035,6440
71546373,0,1,1,3,0,1,7672,7504,0,44035,44035,6440
71546374,0,1,1,3,0,1,7672,7504,0,44035,44035,6440
71546375,0,1,1,3,0,1,7672,7504,0,44035,44035,6440
71546376,0,1,1,3,0,1,7672,7504,0,0,44035,6440
71546377,0,1,1,3,0,1,7672,7504,0,0,44035,6440
71546378,0,1,1,3,0,1,7672,7504,0,0,44035,6440
71546379,1,1,1,0,0,1,7672,7504,0,0,44035,170
71546380,1,1,1,0,0,1,7672,7504,0,0,0,170
71546381,1,1,1,0,0,1,7672,7504,0,0,0,0
71546382,1,1,1,0,0,1,7672,7504,0,0,0,0
71546383,1,1,1,0,0,1,7672,7504,0,0,0,0
71546384,1,1,1,0,0,1,7672,7504,3075,0,0,0
71546385,1,1,1,0,0,1,7672,7504,3075,0,0,0
71546386,1,1,1,0,0,1,7672,7504,0,0,0,0
71546387,1,1,1,0,0,1,7672,7504,0,0,0,0
71546388,1,1,1,0,0,1,7672,7504,0,0,0,0
71546389,1,1,1,0,0,1,7672,7504,0,111,111,0
71546390,1,1,1,0,0,1,7672,7504,0,111,111,0
71546391,1,1,1,0,0,1,7672,7504,0,111,111,0
71546392,1,1,1,0,0,1,7672,7504,0,111,111,0
71546393,1,1,1,0,0,1,7672,7504,0,0,111,0
71546394,1,1,1,0,0,1,7672,7504,0,0,111,0
71546395,1,1,1,0,0,1,7672,7504,0,0,111,0
71546396,111,1,1,3,0,1,7672,7504,0,0,111,0
71546397,111,1,1,3,0,1,7672,7504,0,0,0,0
71546398,111,1,1,3,0,1,7672,7504,0,0,0,2001
71546399,111,1,1,3,0,1,7672,7504,0,0,0,17041
71546400,111,1,1,3,0,1,7672,7504,0,0,0,17041
71546401,111,1,1,3,0,1,7672,7504,3041,0,0,0
71546402,111,1,1,3,0,1,7672,7504,3041,0,0,6000
71546403,111,1,1,3,0,1,7672,7504,0,0,0,6000
71546404,111,1,1,3,0,1,7672,7504,0,0,0,6000
71546405,111,1,1,3,0,1,7672,7504,0,0,0,6000
71546406,111,1,1,3,0,1,7672,7504,0,50033,50033,6500
71546407,111,1,1,3,0,1,7672,7504,0,50033,50033,6500
71546408,111,1,1,3,0,1,7672,7504,0,50033,50033,6500
71546409,111,1,1,3,0,1,7672,7504,0,50033,50033,6500
71546410,111,1,1,3,0,1,7672,7504,0,0,50033,6500
71546411,111,1,1,3,0,1,7672,7504,0,0,50033,6500
71546412,111,1,1,3,0,1,7672,7504,0,0,50033,6500
71546413,1,1,1,0,111,1,7672,7504,0,0,50033,172
71546414,1,1,1,0,111,1,7672,7504,0,0,0,172
71546415,1,1,1,0,111,1,7672,7504,0,0,0,0
71546416,1,1,1,0,111,1,7672,7504,0,0,0,0
71546417,1,1,1,0,111,1,7672,7504,0,0,0,0
71546418,1,1,1,0,111,1,7672,7504,3074,0,0,0
71546419,1,1,1,0,111,1,7672,7504,3074,0,0,0
71546420,1,1,1,0,111,1,7672,7504,0,0,0,0
71546421,1,1,1,0,111,1,7672,7504,0,0,0,0
71546422,1,1,1,0,111,1,7672,7504,0,0,0,0
71546423,1,1,1,0,111,1,7672,7504,0,300,300,0
71546424,1,1,1,0,111,1,7672,7504,0,300,300,0
71546425,1,1,1,0,111,1,7672,7504,0,300,300,0
71546426,1,1,1,0,111,1,7672,7504,0,300,300,0
71546427,1,1,1,0,111,1,7672,7504,0,0,300,0
71546428,1,1,1,0,111,1,7672,7504,0,0,300,0
71546429,1,1,1,0,111,1,7672,7504,0,0,300,0
71546430,300,1,1,3,111,1,7672,7504,0,0,300,0
71546431,300,1,1,3,111,1,7672,7504,0,0,0,0
71546432,300,1,1,3,111,1,7672,7504,0,0,0,2001
71546433,300,1,1,3,111,1,7672,7504,0,0,0,17042
71546434,300,1,1,3,111,1,7672,7504,0,0,0,17042
71546435,300,1,1,3,111,1,7672,7504,3042,0,0,0
71546436,300,1,1,3,111,1,7672,7504,3042,0,0,6000
71546437,300,1,1,3,111,1,7672,7504,0,0,0,6000
71546438,300,1,1,3,111,1,7672,7504,0,0,0,6000
71546439,300,1,1,3,111,1,7672,7504,0,0,0,6000
71546440,300,1,1,3,111,1,7672,7504,0,173005,173005,7730
71546441,300,1,1,3,111,1,7672,7504,0,173005,173005,7730
71546442,300,1,1,3,111,1,7672,7504,0,173005,173005,7730
71546443,300,1,1,3,111,1,7672,7504,0,173005,173005,7730
71546444,300,1,1,3,111,1,7672,7504,0,0,173005,7730
71546445,300,1,1,3,111,1,7672,7504,0,0,173005,7730
71546446,300,1,1,3,111,1,7672,7504,0,0,173005,7730
71546447,5,1,1,3,111,1,7672,7504,0,0,173005,0
71546448,5,1,1,3,111,1,7672,7504,0,0,0,0
71546449,5,1,1,3,111,1,7672,7504,0,0,0,2001
71546450,5,1,1,3,111,1,7672,7504,0,0,0,17043
71546451,5,1,1,3,111,1,7672,7504,0,0,0,17043
71546452,5,1,1,3,111,1,7672,7504,3043,0,0,0
71546453,5,1,1,3,111,1,7672,7504,3043,0,0,6000
71546454,5,1,1,3,111,1,7672,7504,0,0,0,6000
71546455,5,1,1,3,111,1,7672,7504,0,0,0,6000
71546456,5,1,1,3,111,1,7672,7504,0,0,0,6000
71546457,5,1,1,3,111,1,7672,7504,0,150415,150415,7504
71546458,5,1,1,3,111,1,7672,7504,0,150415,150415,7504
71546459,5,1,1,3,111,1,7672,7504,0,150415,150415,7504
71546460,5,1,1,3,111,1,7672,7504,0,150415,150415,7504
71546461,5,1,1,3,111,1,7672,7504,0,0,150415,7504
71546462,5,1,1,3,111,1,7672,7504,0,0,150415,7504
71546463,5,1,1,3,111,1,7672,7504,0,0,150415,7504
71546464,1,1,1,0,111,1,7672,7504,0,0,150415,657
71546465,1,1,1,0,111,1,7672,7504,0,0,1,657
71546466,1,1,1,0,111,1,7672,7504,0,0,1,326
71546467,1,1,1,0,111,1,7672,7504,0,0,1,326
71546468,1,1,1,0,111,1,7672,7504,0,0,1,326
71546469,1,1,1,0,111,1,7672,7504,0,0,1,327
71546470,1,1,1,0,111,1,7672,7504,0,0,1,327
71546471,1,1,1,0,111,1,7672,7504,0,0,1,330
71546472,1,1,1,0,111,1,7672,7504,0,0,1,660
71546473,1,1,1,0,111,1,7672,7504,0,0,1,660
71546474,1,1,1,0,111,1,7672,7504,0,0,1,660
71546475,1,1,1,0,111,1,7672,7504,0,0,1,3655
71546476,244,1,1,0,111,1,7672,7504,0,0,110244,3655
71546477,244,1,1,0,111,1,7672,7504,0,0,110244,3655
71546478,244,1,1,0,111,1,7672,7504,0,0,110244,474
71546479,244,1,1,0,111,110244,7672,7504,0,0,110244,474
71546480,244,1,1,0,111,110244,7672,7504,0,0,110244,474
71546481,244,1,1,0,111,110244,7672,7504,0,0,110244,475
71546482,305,1,1,3,111,110244,7672,7504,0,0,305,475
71546483,305,1,1,3,111,110244,7672,7504,0,0,305,476
71546484,305,1,1,3,111,110244,7672,7504,0,0,305,501
71546485,244,1,1,0,111,110244,7672,7504,0,0,110244,501
71546486,244,1,1,0,111,110244,7672,7504,0,0,110244,501
71546487,244,1,1,0,111,110244,7672,7504,0,0,110244,502
71546488,7,1,1,0,111,110244,7672,7504,0,0,7,502
71546489,7,1,1,0,111,110244,7672,7504,0,0,7,503
71546490,7,1,1,0,111,110244,7672,7504,0,0,7,503
71546491,300,1,1,0,111,300,7672,7504,0,0,300,503
71546492,300,1,1,0,111,300,7672,7504,0,0,300,504
71546493,300,1,1,0,111,300,7672,7504,0,0,300,511
71546494,3,1,1,0,111,300,7672,7504,0,0,3,511
71546495,3,1,1,0,111,300,7672,7504,0,0,3,511
71546496,3,1,1,0,111,300,7672,7504,0,0,3,3725
71546497,141,1,1,0,111,304,7672,7504,0,0,30141,3725
71546498,141,1,1,0,111,304,7672,7504,0,0,30141,3725
71546499,141,1,1,0,111,304,7672,7504,0,0,30141,476
71546500,111,0,1,0,111,30141,7672,7504,0,0,111,476
# MARK wr tick=71546500
71546501,111,0,1,0,111,30141,7672,7504,0,0,111,476
71577978,0,1,1,0,177777,140000,1147,15,0,0,0,1133
71577979,0,1,1,0,177777,140000,1147,15,0,0,0,1133
71577980,0,1,1,0,177777,140000,1147,15,0,0,0,1134
71577981,0,1,1,0,177777,0,1147,15,0,0,0,1134
71577982,0,1,1,0,177777,0,1147,15,0,0,0,1135
71577983,0,1,1,0,177777,0,1147,15,0,0,0,1140
71577984,0,1,1,0,177777,0,1147,15,0,0,0,1140
71577985,0,1,1,0,177777,0,1147,15,0,0,0,1140
71577986,0,1,1,0,177777,0,1147,15,0,0,0,1141
71577987,0,1,1,0,177777,0,1147,15,0,0,20000,1141
71577988,0,1,1,0,177777,0,1147,15,0,0,20000,1142
71577989,0,1,1,0,177777,0,1147,15,0,0,20000,1142
71577990,1,1,1,0,177777,20000,1147,15,0,0,1,1142
71577991,1,1,1,0,177777,20000,1147,15,0,0,1,1143
71577992,1,1,1,0,177777,20000,1147,15,0,0,1,1143
71577993,0,1,1,0,177777,20000,1147,15,0,0,140000,1143
71577994,0,1,1,0,177777,20000,1147,15,0,0,140000,1144
71577995,0,1,1,0,177777,20000,1147,15,0,0,140000,1144
71577996,1,1,1,0,177777,20000,1147,15,0,0,1,1144
71577997,1,1,1,0,177777,20000,1147,15,0,0,1,1145
71577998,1,1,1,0,177777,20000,1147,15,0,0,1,1145
71577999,150,1,1,0,177777,1,1147,15,0,0,150,1145
71578000,150,1,1,0,177777,1,1147,15,0,0,150,1146
71578001,150,1,1,0,177777,1,1147,15,0,0,150,1146
71578002,150,1,1,0,177777,1,1147,15,0,0,150,1146
71578003,150,1,1,0,177777,1,1147,15,0,0,150,1147
71578004,150,1,1,0,177777,1,1147,15,0,0,150,1147
71578005,1,1,1,0,177777,1,1147,15,0,0,20001,1147
71578006,1,1,1,0,177777,1,1147,15,0,0,20001,1150
71578007,1,1,1,0,177777,1,1147,15,0,0,20001,1150
71578008,7,1,1,0,177777,1,1147,15,0,0,7,1150
71578009,7,1,1,0,177777,1,1147,15,0,0,7,1151
71578010,7,1,1,0,177777,1,1147,15,0,0,7,1151
71578011,0,1,1,0,177777,1,1147,15,0,0,116400,1151
71578012,0,1,1,0,177777,1,1147,15,0,0,116400,1152
71578013,0,1,1,0,177777,1,1147,15,0,0,116400,1151
71578014,15,1,1,0,177777,1,1147,15,0,0,15,1151
71578015,15,1,1,0,177777,1,1147,15,0,0,15,1151
71578016,15,1,1,0,177777,1,1147,15,0,0,15,1151
71578017,15,1,1,0,177777,15,1147,15,0,0,15,1151
71578018,15,1,1,0,177777,15,1147,15,0,0,15,1151
71578019,15,1,1,0,177777,15,1147,15,0,0,15,1151
71578020,0,1,1,0,177777,15,1147,15,0,0,0,1151
71578021,0,1,1,0,177777,15,1147,15,0,0,0,1151
71578022,0,1,1,0,177777,15,1147,15,0,0,0,1151
71578023,377,1,1,0,177777,0,1147,15,0,0,177777,1151
71578024,377,1,1,0,177777,0,1147,15,0,0,177777,1151
71578025,377,1,1,0,177777,0,1147,15,0,0,177777,1151
71578026,54,1,1,0,177777,177777,1147,15,0,0,2454,1151
71578027,54,1,1,0,177777,177777,1147,15,0,0,2454,1151
71578028,54,1,1,0,177777,177777,1147,15,0,0,2454,1151
71578029,147,1,1,0,177777,2454,1147,15,0,0,1147,1151
71578030,147,1,1,0,177777,2454,1147,15,0,0,1147,1151
71578031,147,1,1,0,177777,2454,1147,15,0,0,1147,1151
71578032,7,1,1,0,177777,1147,1147,15,0,0,2407,1151
71578033,7,1,1,0,177777,1147,1147,15,0,0,2407,1151
71578034,7,1,1,0,177777,1147,1147,15,0,0,2407,1151
71578035,203,1,1,0,177777,2407,1147,15,0,0,12603,1151
71578036,203,1,1,0,177777,2407,1147,15,0,0,12603,1151
71578037,202,1,1,0,177777,2407,1147,15,0,0,12602,1152
71578038,0,1,1,0,177777,12602,1147,15,0,0,116400,1152
71578039,0,1,1,0,177777,12602,1147,15,0,0,116400,1153
71578040,0,1,1,0,177777,12602,1147,15,0,0,116400,1153
71578041,0,1,1,0,177777,116400,1147,15,0,0,170000,1153
71578042,0,1,1,0,177777,116400,1147,15,0,0,170000,1154
71578043,0,1,1,0,177777,116400,1147,15,0,0,170000,1154
71578044,0,1,1,0,177777,116400,1147,15,0,0,110000,1154
71578045,0,1,1,0,177777,116400,1147,15,0,0,110000,1155
71578046,0,1,1,0,177777,116400,1147,15,0,0,110000,1155
71578047,7,1,1,0,177777,116400,1147,15,0,0,7,1155
71578048,7,1,1,0,177777,116400,1147,15,0,0,7,1156
71578049,7,1,1,0,177777,116400,1147,15,0,0,7,1156
71578050,1,1,1,0,177777,116400,1147,15,0,0,20001,1156
71578051,1,1,1,0,177777,116400,1147,15,0,0,20001,1157
71578052,1,1,1,0,177777,116400,1147,15,0,0,20001,1156
71578053,104,1,1,0,177777,116400,1147,15,0,0,7504,1156
71578054,104,1,1,0,177777,116400,1147,15,0,0,7504,1156
71578055,104,1,1,0,177777,116400,1147,15,0,0,7504,1156
71578056,104,1,1,0,177777,116400,1147,7504,0,0,7504,1156
71578057,104,1,1,0,177777,116400,1147,7504,0,0,7504,1156
71578058,104,1,1,0,177777,116400,1147,7504,0,0,7504,1156
71578059,302,1,1,0,177777,116400,1147,7504,0,0,302,1156
71578060,302,1,1,0,177777,116400,1147,7504,0,0,302,1156
71578061,302,1,1,0,177777,116400,1147,7504,0,0,302,1156
71578062,0,1,1,0,177777,116400,1147,7504,0,0,0,1156
71578063,0,1,1,0,177777,116400,1147,7504,0,0,0,1156
71578064,0,1,1,0,177777,116400,1147,7504,0,0,0,1156
71578065,26,1,1,0,0,116400,1147,7504,0,0,3026,1156
71578066,26,1,1,0,0,116400,1147,7504,0,0,3026,1156
71578067,26,1,1,0,0,116400,1147,7504,0,0,3026,1156
71578068,272,1,1,0,0,116400,1147,7504,0,0,7672,1156
71578069,272,1,1,0,0,116400,1147,7504,0,0,7672,1156
71578070,272,1,1,0,0,116400,1147,7504,0,0,7672,1156
71578071,40,1,1,0,0,116400,7672,7504,0,0,3040,1156
71578072,40,1,1,0,0,116400,7672,7504,0,0,3040,1156
71578073,40,1,1,0,0,116400,7672,7504,0,0,3040,1156
71578074,272,1,1,0,0,116400,7672,7504,0,0,55672,1156
71578075,272,1,1,0,0,116400,7672,7504,0,0,55672,1156
71578076,272,1,1,0,0,116400,7672,7504,0,0,55672,1157
71578077,244,1,1,0,0,116400,7672,7504,0,0,110244,1157
71578078,244,1,1,0,0,116400,7672,7504,0,0,110244,1160
71578079,244,1,1,0,0,116400,7672,7504,0,0,110244,1160
71578080,0,1,1,3,0,116400,7672,7504,0,0,0,1160
71578081,0,1,1,3,0,116400,7672,7504,0,0,0,1161
71578082,0,1,1,3,0,116400,7672,7504,0,0,0,1076
71578083,244,1,1,0,0,116400,7672,7504,0,0,110244,1076
71578084,244,1,1,0,0,116400,7672,7504,0,0,110244,1076
71578085,244,1,1,0,0,116400,7672,7504,0,0,110244,0
71578086,0,1,1,3,0,116400,7672,7504,0,0,0,0
71578087,0,1,1,3,0,116400,7672,7504,0,0,0,0
71578088,0,1,1,3,0,116400,7672,7504,0,0,0,2001
71578089,0,1,1,3,0,116400,7672,7504,0,0,0,17040
71578090,0,1,1,3,0,116400,7672,7504,0,0,0,17040
71578091,0,1,1,3,0,116400,7672,7504,3040,0,0,0
71578092,0,1,1,3,0,116400,7672,7504,3040,0,0,6000
71578093,0,1,1,3,0,116400,7672,7504,0,0,0,6000
71578094,0,1,1,3,0,116400,7672,7504,0,0,0,6000
71578095,0,1,1,3,0,116400,7672,7504,0,0,0,6000
71578096,0,1,1,3,0,116400,7672,7504,0,44035,44035,6440
71578097,0,1,1,3,0,116400,7672,7504,0,44035,44035,6440
71578098,0,1,1,3,0,116400,7672,7504,0,44035,44035,6440
71578099,0,1,1,3,0,116400,7672,7504,0,44035,44035,6440
71578100,0,1,1,3,0,116400,7672,7504,0,0,44035,6440
71578101,0,1,1,3,0,116400,7672,7504,0,0,44035,6440
71578102,0,1,1,3,0,116400,7672,7504,0,0,44035,6440
71578103,0,1,1,0,0,116400,7672,7504,0,0,44035,170
71578104,0,1,1,0,0,116400,7672,7504,0,0,0,170
71578105,0,1,1,0,0,116400,7672,7504,0,0,0,0
71578106,0,1,1,0,0,116400,7672,7504,0,0,0,0
71578107,0,1,1,0,0,116400,7672,7504,0,0,0,0
71578108,0,1,1,0,0,116400,7672,7504,0,0,0,0
71578109,0,1,1,0,0,116400,7672,7504,0,0,0,0
71578110,0,1,1,0,0,116400,7672,7504,0,0,0,0
71578111,0,1,1,0,0,116400,7672,7504,3075,0,0,0
71578112,0,1,1,0,0,116400,7672,7504,3075,0,0,0
71578113,0,1,1,0,0,116400,7672,7504,0,0,0,0
71578114,0,1,1,0,0,116400,7672,7504,0,0,0,0
71578115,0,1,1,0,0,116400,7672,7504,0,0,0,0
71578116,0,1,1,0,0,116400,7672,7504,0,116,116,0
71578117,0,1,1,0,0,116400,7672,7504,0,116,116,0
71578118,0,1,1,0,0,116400,7672,7504,0,116,116,0
71578119,0,1,1,0,0,116400,7672,7504,0,116,116,0
71578120,0,1,1,0,0,116400,7672,7504,0,0,116,0
71578121,0,1,1,0,0,116400,7672,7504,0,0,116,0
71578122,0,1,1,0,0,116400,7672,7504,0,0,116,0
71578123,116,1,1,3,0,116400,7672,7504,0,0,116,0
71578124,116,1,1,3,0,116400,7672,7504,0,0,0,0
71578125,116,1,1,3,0,116400,7672,7504,0,0,0,2001
71578126,116,1,1,3,0,116400,7672,7504,0,0,0,17041
71578127,116,1,1,3,0,116400,7672,7504,0,0,0,17041
71578128,116,1,1,3,0,116400,7672,7504,3041,0,0,0
71578129,116,1,1,3,0,116400,7672,7504,3041,0,0,6000
71578130,116,1,1,3,0,116400,7672,7504,0,0,0,6000
71578131,116,1,1,3,0,116400,7672,7504,0,0,0,6000
71578132,116,1,1,3,0,116400,7672,7504,0,0,0,6000
71578133,116,1,1,3,0,116400,7672,7504,0,50033,50033,6500
71578134,116,1,1,3,0,116400,7672,7504,0,50033,50033,6500
71578135,116,1,1,3,0,116400,7672,7504,0,50033,50033,6500
71578136,116,1,1,3,0,116400,7672,7504,0,50033,50033,6500
71578137,116,1,1,3,0,116400,7672,7504,0,0,50033,6500
71578138,116,1,1,3,0,116400,7672,7504,0,0,50033,6500
71578139,116,1,1,3,0,116400,7672,7504,0,0,50033,6500
71578140,0,1,1,0,116,116400,7672,7504,0,0,50033,172
71578141,0,1,1,0,116,116400,7672,7504,0,0,0,172
71578142,0,1,1,0,116,116400,7672,7504,0,0,0,0
71578143,0,1,1,0,116,116400,7672,7504,0,0,0,0
71578144,0,1,1,0,116,116400,7672,7504,0,0,0,0
71578145,0,1,1,0,116,116400,7672,7504,3074,0,0,0
71578146,0,1,1,0,116,116400,7672,7504,3074,0,0,0
71578147,0,1,1,0,116,116400,7672,7504,0,0,0,0
71578148,0,1,1,0,116,116400,7672,7504,0,0,0,0
71578149,0,1,1,0,116,116400,7672,7504,0,0,0,0
71578150,0,1,1,0,116,116400,7672,7504,0,300,300,0
71578151,0,1,1,0,116,116400,7672,7504,0,300,300,0
71578152,0,1,1,0,116,116400,7672,7504,0,300,300,0
71578153,0,1,1,0,116,116400,7672,7504,0,300,300,0
71578154,0,1,1,0,116,116400,7672,7504,0,0,300,0
71578155,0,1,1,0,116,116400,7672,7504,0,0,300,0
71578156,0,1,1,0,116,116400,7672,7504,0,0,300,0
71578157,300,1,1,3,116,116400,7672,7504,0,0,300,0
71578158,300,1,1,3,116,116400,7672,7504,0,0,0,0
71578159,300,1,1,3,116,116400,7672,7504,0,0,0,2001
71578160,300,1,1,3,116,116400,7672,7504,0,0,0,17042
71578161,300,1,1,3,116,116400,7672,7504,0,0,0,17042
71578162,300,1,1,3,116,116400,7672,7504,3042,0,0,0
71578163,300,1,1,3,116,116400,7672,7504,3042,0,0,6000
71578164,300,1,1,3,116,116400,7672,7504,0,0,0,6000
71578165,300,1,1,3,116,116400,7672,7504,0,0,0,6000
71578166,300,1,1,3,116,116400,7672,7504,0,0,0,6000
71578167,300,1,1,3,116,116400,7672,7504,0,173005,173005,7730
71578168,300,1,1,3,116,116400,7672,7504,0,173005,173005,7730
71578169,300,1,1,3,116,116400,7672,7504,0,173005,173005,7730
71578170,300,1,1,3,116,116400,7672,7504,0,173005,173005,7730
71578171,300,1,1,3,116,116400,7672,7504,0,0,173005,7730
71578172,300,1,1,3,116,116400,7672,7504,0,0,173005,7730
71578173,300,1,1,3,116,116400,7672,7504,0,0,173005,7730
71578174,5,1,1,3,116,116400,7672,7504,0,0,173005,0
71578175,5,1,1,3,116,116400,7672,7504,0,0,0,0
71578176,5,1,1,3,116,116400,7672,7504,0,0,0,2001
71578177,5,1,1,3,116,116400,7672,7504,0,0,0,17043
71578178,5,1,1,3,116,116400,7672,7504,0,0,0,17043
71578179,5,1,1,3,116,116400,7672,7504,3043,0,0,0
71578180,5,1,1,3,116,116400,7672,7504,3043,0,0,6000
71578181,5,1,1,3,116,116400,7672,7504,0,0,0,6000
71578182,5,1,1,3,116,116400,7672,7504,0,0,0,6000
71578183,5,1,1,3,116,116400,7672,7504,0,0,0,6000
71578184,5,1,1,3,116,116400,7672,7504,0,150415,150415,7504
71578185,5,1,1,3,116,116400,7672,7504,0,150415,150415,7504
71578186,5,1,1,3,116,116400,7672,7504,0,150415,150415,7504
71578187,5,1,1,3,116,116400,7672,7504,0,150415,150415,7504
71578188,5,1,1,3,116,116400,7672,7504,0,0,150415,7504
71578189,5,1,1,3,116,116400,7672,7504,0,0,150415,7504
71578190,5,1,1,3,116,116400,7672,7504,0,0,150415,7504
71578191,0,1,1,0,116,116400,7672,7504,0,0,156415,657
71578192,0,1,1,0,116,116400,7672,7504,0,0,116400,657
71578193,0,1,1,0,116,116400,7672,7504,0,0,116400,326
71578194,0,1,1,0,116,116400,7672,7504,0,0,116400,326
71578195,0,1,1,0,116,116400,7672,7504,0,0,116400,326
71578196,0,1,1,0,116,116400,7672,7504,0,0,116400,327
71578197,0,1,1,0,116,116400,7672,7504,0,0,116400,327
71578198,0,1,1,0,116,116400,7672,7504,0,0,116400,330
71578199,0,1,1,0,116,116400,7672,7504,0,0,116400,660
71578200,0,1,1,0,116,116400,7672,7504,0,0,116400,660
71578201,0,1,1,0,116,116400,7672,7504,0,0,116400,660
71578202,0,1,1,0,116,116400,7672,7504,0,0,116400,3655
71578203,244,1,1,0,116,116400,7672,7504,0,0,110244,3655
71578204,244,1,1,0,116,116400,7672,7504,0,0,110244,3655
71578205,244,1,1,0,116,116400,7672,7504,0,0,110244,474
71578206,244,1,1,0,116,110244,7672,7504,0,0,110244,474
71578207,244,1,1,0,116,110244,7672,7504,0,0,110244,474
71578208,244,1,1,0,116,110244,7672,7504,0,0,110244,475
71578209,305,1,1,3,116,110244,7672,7504,0,0,305,475
71578210,305,1,1,3,116,110244,7672,7504,0,0,305,476
71578211,305,1,1,3,116,110244,7672,7504,0,0,305,501
71578212,244,1,1,0,116,110244,7672,7504,0,0,110244,501
71578213,244,1,1,0,116,110244,7672,7504,0,0,110244,501
71578214,244,1,1,0,116,110244,7672,7504,0,0,110244,502
71578215,7,1,1,0,116,110244,7672,7504,0,0,7,502
71578216,7,1,1,0,116,110244,7672,7504,0,0,7,503
71578217,7,1,1,0,116,110244,7672,7504,0,0,7,503
71578218,300,1,1,0,116,300,7672,7504,0,0,300,503
71578219,300,1,1,0,116,300,7672,7504,0,0,300,504
71578220,300,1,1,0,116,300,7672,7504,0,0,300,511
71578221,3,1,1,0,116,300,7672,7504,0,0,3,511
71578222,3,1,1,0,116,300,7672,7504,0,0,3,511
71578223,3,1,1,0,116,300,7672,7504,0,0,3,3725
71578224,141,1,1,0,116,304,7672,7504,0,0,30141,3725
71578225,141,1,1,0,116,304,7672,7504,0,0,30141,3725
71578226,141,1,1,0,116,304,7672,7504,0,0,30141,476
71578227,116,0,1,0,116,30141,7672,7504,0,0,116,476
# MARK wr tick=71578227
71578228,116,0,1,0,116,30141,7672,7504,0,0,116,476
71604148,244,1,1,0,0,10244,7672,7504,0,0,10244,326
71604149,244,1,1,0,0,10244,7672,7504,0,0,10244,327
71604150,244,1,1,0,0,10244,7672,7504,0,0,10244,327
71604151,244,1,1,0,0,10244,7672,7504,0,0,10244,330
71604152,244,1,1,0,0,10244,7672,7504,0,0,10244,660
71604153,244,1,1,0,0,10244,7672,7504,0,0,10244,660
71604154,244,1,1,0,0,10244,7672,7504,0,0,10244,660
71604155,244,1,1,0,0,10244,7672,7504,0,0,10244,3642
71604156,244,1,1,0,0,10244,7672,7504,0,0,10244,3642
71604157,244,1,1,0,0,10244,7672,7504,0,0,10244,3642
71604158,244,1,1,0,0,10244,7672,7504,0,0,10244,663
71604159,0,1,1,0,0,10244,7672,7504,0,0,100000,663
71604160,0,1,1,0,0,10244,7672,7504,0,0,100000,663
71604161,0,1,1,0,0,10244,7672,7504,0,0,100000,664
71604162,244,1,1,0,0,110244,7672,7504,0,0,110244,664
71604163,244,1,1,0,0,110244,7672,7504,0,0,110244,665
71604164,244,1,1,0,0,110244,7672,7504,0,0,110244,665
71604165,244,1,1,0,0,110244,7672,7504,0,0,110244,665
71604166,244,1,1,0,0,110244,7672,7504,0,0,110244,666
71604167,244,1,1,0,0,110244,7672,7504,0,0,110244,1112
71604168,245,1,1,0,0,110244,7672,7504,0,0,130245,1112
71604169,245,1,1,0,0,110244,7672,7504,0,0,130245,1112
71604170,245,1,1,0,0,110244,7672,7504,0,0,130245,1113
71604171,245,1,1,0,0,110244,7672,7504,0,0,130245,1113
71604172,245,1,1,0,0,110244,7672,7504,0,0,130245,1113
71604173,245,1,1,0,0,110244,7672,7504,0,0,130245,1113
71604174,245,1,1,0,0,110244,7672,7504,0,0,130245,1113
71604175,245,1,1,0,0,110244,7672,7504,0,0,130245,1113
71604176,244,1,1,0,0,110244,7672,7504,0,0,110244,1113
71604177,244,1,1,0,0,110244,7672,7504,0,0,110244,1114
71604178,244,1,1,0,0,110244,7672,7504,0,0,110244,1114
71604179,10,1,1,0,0,110244,7672,7504,0,0,10,1114
71604180,10,1,1,0,0,110244,7672,7504,0,0,10,1115
71604181,10,1,1,0,0,110244,7672,7504,0,0,10,1115
71604182,10,1,1,0,0,110244,7672,7504,0,0,10,1115
71604183,10,1,1,0,0,110244,7672,7504,0,0,10,1115
71604184,10,1,1,0,0,110244,7672,7504,0,0,10,1115
71604185,10,1,1,0,0,110244,7672,7504,0,0,10,1115
71604186,10,1,1,0,0,110244,7672,7504,0,0,10,1115
71604187,0,1,1,0,0,110244,7672,7504,0,0,0,1115
71604188,0,1,1,0,0,110244,7672,7504,0,0,0,1116
71604189,0,1,1,0,0,110244,7672,7504,0,0,0,1116
71604190,244,1,1,0,0,0,7672,7504,0,0,110244,1116
71604191,244,1,1,0,0,0,7672,7504,0,0,110244,666
71604192,244,1,1,0,0,0,7672,7504,0,0,110244,1117
71604193,1,1,1,0,0,0,7672,7504,0,0,60001,1117
71604194,1,1,1,0,0,0,7672,7504,0,0,60001,1120
71604195,1,1,1,0,0,0,7672,7504,0,0,60001,1120
71604196,13,1,1,0,0,0,7672,7504,0,0,100013,1120
71604197,13,1,1,0,0,0,7672,7504,0,0,100013,1121
71604198,13,1,1,0,0,0,7672,7504,0,0,100013,1120
71604199,0,1,1,0,0,100013,7672,7504,0,0,0,1120
71604200,0,1,1,0,0,100013,7672,7504,0,0,0,1120
71604201,0,1,1,0,0,100013,7672,7504,0,0,0,1120
71604202,1,1,1,0,0,26,7672,7504,0,0,1,1120
71604203,1,1,1,0,0,26,7672,7504,0,0,1,1120
71604204,1,1,1,0,0,26,7672,7504,0,0,1,1120
71604205,2,1,1,0,0,54,7672,7504,0,0,2,1120
71604206,2,1,1,0,0,54,7672,7504,0,0,2,1120
71604207,2,1,1,0,0,54,7672,7504,0,0,2,1120
71604208,4,1,1,0,0,130,7672,7504,0,0,4,1120
71604209,4,1,1,0,0,130,7672,7504,0,0,4,1120
71604210,4,1,1,0,0,130,7672,7504,0,0,4,1120
71604211,10,1,1,0,0,260,7672,7504,0,0,10,1120
71604212,10,1,1,0,0,260,7672,7504,0,0,10,1120
71604213,10,1,1,0,0,260,7672,7504,0,0,10,1120
71604214,20,1,1,0,0,540,7672,7504,0,0,20,1120
71604215,20,1,1,0,0,540,7672,7504,0,0,20,1120
71604216,20,1,1,0,0,540,7672,7504,0,0,20,1120
71604217,40,1,1,0,0,1300,7672,7504,0,0,40,1120
71604218,40,1,1,0,0,1300,7672,7504,0,0,40,1120
71604219,40,1,1,0,0,1300,7672,7504,0,0,40,1120
71604220,100,1,1,0,0,2600,7672,7504,0,0,100,1120
71604221,100,1,1,0,0,2600,7672,7504,0,0,100,1120
71604222,100,1,1,0,0,2600,7672,7504,0,0,100,1120
71604223,200,1,1,0,0,5400,7672,7504,0,0,200,1120
71604224,200,1,1,0,0,5400,7672,7504,0,0,200,1120
71604225,200,1,1,0,0,5400,7672,7504,0,0,200,1120
71604226,0,1,1,0,0,13000,7672,7504,0,0,400,1120
71604227,0,1,1,0,0,13000,7672,7504,0,0,400,1120
71604228,0,1,1,0,0,13000,7672,7504,0,0,400,1120
71604229,0,1,1,0,0,26000,7672,7504,0,0,1000,1120
71604230,0,1,1,0,0,26000,7672,7504,0,0,1000,1120
71604231,0,1,1,0,0,26000,7672,7504,0,0,1000,1120
71604232,0,1,1,0,0,54000,7672,7504,0,0,2000,1120
71604233,0,1,1,0,0,54000,7672,7504,0,0,2000,1120
71604234,0,1,1,0,0,54000,7672,7504,0,0,2000,1120
71604235,0,1,1,0,0,130000,7672,7504,0,0,4000,1120
71604236,0,1,1,0,0,130000,7672,7504,0,0,4000,1120
71604237,0,1,1,0,0,130000,7672,7504,0,0,4000,1121
71604238,1,1,1,0,0,60000,7672,7504,0,0,10001,1121
71604239,1,1,1,0,0,60000,7672,7504,0,0,10001,1122
71604240,1,1,1,0,0,60000,7672,7504,0,0,10001,1133
71604241,0,1,1,0,0,140000,7672,7504,0,0,0,1133
71604242,0,1,1,0,0,140000,7672,7504,0,0,0,1133
71604243,0,1,1,0,0,140000,7672,7504,0,0,0,1134
71604244,0,1,1,0,0,0,7672,7504,0,0,0,1134
71604245,0,1,1,0,0,0,7672,7504,0,0,0,1135
71604246,0,1,1,0,0,0,7672,7504,0,0,0,1140
71604247,0,1,1,0,0,0,7672,7504,0,0,0,1140
71604248,0,1,1,0,0,0,7672,7504,0,0,0,1140
71604249,0,1,1,0,0,0,7672,7504,0,0,0,1141
71604250,1,1,1,0,0,0,7672,7504,0,0,1,1141
71604251,1,1,1,0,0,0,7672,7504,0,0,1,1142
71604252,1,1,1,0,0,0,7672,7504,0,0,1,1142
71604253,1,1,1,0,0,1,7672,7504,0,0,1,1142
71604254,1,1,1,0,0,1,7672,7504,0,0,1,1143
71604255,1,1,1,0,0,1,7672,7504,0,0,1,666
71604256,0,1,1,0,0,1,7672,7504,0,0,140000,666
71604257,0,1,1,0,0,1,7672,7504,0,0,140000,666
71604258,0,1,1,0,0,1,7672,7504,0,0,140000,0
71604259,0,1,1,3,0,1,7672,7504,0,0,0,0
71604260,0,1,1,3,0,1,7672,7504,0,0,0,0
71604261,0,1,1,3,0,1,7672,7504,0,0,0,2001
71604262,0,1,1,3,0,1,7672,7504,0,0,0,17040
71604263,0,1,1,3,0,1,7672,7504,0,0,0,17040
71604264,0,1,1,3,0,1,7672,7504,3040,0,0,0
71604265,0,1,1,3,0,1,7672,7504,3040,0,0,6000
71604266,0,1,1,3,0,1,7672,7504,0,0,0,6000
71604267,0,1,1,3,0,1,7672,7504,0,0,0,6000
71604268,0,1,1,3,0,1,7672,7504,0,0,0,6000
71604269,0,1,1,3,0,1,7672,7504,0,44035,44035,6440
71604270,0,1,1,3,0,1,7672,7504,0,44035,44035,6440
71604271,0,1,1,3,0,1,7672,7504,0,44035,44035,6440
71604272,0,1,1,3,0,1,7672,7504,0,44035,44035,6440
71604273,0,1,1,3,0,1,7672,7504,0,0,44035,6440
71604274,0,1,1,3,0,1,7672,7504,0,0,44035,6440
71604275,0,1,1,3,0,1,7672,7504,0,0,44035,6440
71604276,1,1,1,0,0,1,7672,7504,0,0,44035,170
71604277,1,1,1,0,0,1,7672,7504,0,0,0,170
71604278,1,1,1,0,0,1,7672,7504,0,0,0,0
71604279,1,1,1,0,0,1,7672,7504,0,0,0,0
71604280,1,1,1,0,0,1,7672,7504,0,0,0,0
71604281,1,1,1,0,0,1,7672,7504,3075,0,0,0
71604282,1,1,1,0,0,1,7672,7504,3075,0,0,0
71604283,1,1,1,0,0,1,7672,7504,0,0,0,0
71604284,1,1,1,0,0,1,7672,7504,0,0,0,0
71604285,1,1,1,0,0,1,7672,7504,0,0,0,0
71604286,1,1,1,0,0,1,7672,7504,0,123,123,0
71604287,1,1,1,0,0,1,7672,7504,0,123,123,0
71604288,1,1,1,0,0,1,7672,7504,0,123,123,0
71604289,1,1,1,0,0,1,7672,7504,0,123,123,0
71604290,1,1,1,0,0,1,7672,7504,0,0,123,0
71604291,1,1,1,0,0,1,7672,7504,0,0,123,0
71604292,1,1,1,0,0,1,7672,7504,0,0,123,0
71604293,123,1,1,3,0,1,7672,7504,0,0,123,0
71604294,123,1,1,3,0,1,7672,7504,0,0,0,0
71604295,123,1,1,3,0,1,7672,7504,0,0,0,2001
71604296,123,1,1,3,0,1,7672,7504,0,0,0,17041
71604297,123,1,1,3,0,1,7672,7504,0,0,0,17041
71604298,123,1,1,3,0,1,7672,7504,3041,0,0,0
71604299,123,1,1,3,0,1,7672,7504,3041,0,0,6000
71604300,123,1,1,3,0,1,7672,7504,0,0,0,6000
71604301,123,1,1,3,0,1,7672,7504,0,0,0,6000
71604302,123,1,1,3,0,1,7672,7504,0,0,0,6000
71604303,123,1,1,3,0,1,7672,7504,0,50033,50033,6500
71604304,123,1,1,3,0,1,7672,7504,0,50033,50033,6500
71604305,123,1,1,3,0,1,7672,7504,0,50033,50033,6500
71604306,123,1,1,3,0,1,7672,7504,0,50033,50033,6500
71604307,123,1,1,3,0,1,7672,7504,0,0,50033,6500
71604308,123,1,1,3,0,1,7672,7504,0,0,50033,6500
71604309,123,1,1,3,0,1,7672,7504,0,0,50033,6500
71604310,1,1,1,0,123,1,7672,7504,0,0,50033,172
71604311,1,1,1,0,123,1,7672,7504,0,0,0,172
71604312,1,1,1,0,123,1,7672,7504,0,0,0,0
71604313,1,1,1,0,123,1,7672,7504,0,0,0,0
71604314,1,1,1,0,123,1,7672,7504,0,0,0,0
71604315,1,1,1,0,123,1,7672,7504,3074,0,0,0
71604316,1,1,1,0,123,1,7672,7504,3074,0,0,0
71604317,1,1,1,0,123,1,7672,7504,0,0,0,0
71604318,1,1,1,0,123,1,7672,7504,0,0,0,0
71604319,1,1,1,0,123,1,7672,7504,0,0,0,0
71604320,1,1,1,0,123,1,7672,7504,0,300,300,0
71604321,1,1,1,0,123,1,7672,7504,0,300,300,0
71604322,1,1,1,0,123,1,7672,7504,0,300,300,0
71604323,1,1,1,0,123,1,7672,7504,0,300,300,0
71604324,1,1,1,0,123,1,7672,7504,0,0,300,0
71604325,1,1,1,0,123,1,7672,7504,0,0,300,0
71604326,1,1,1,0,123,1,7672,7504,0,0,300,0
71604327,300,1,1,3,123,1,7672,7504,0,0,300,0
71604328,300,1,1,3,123,1,7672,7504,0,0,0,0
71604329,300,1,1,3,123,1,7672,7504,0,0,0,2001
71604330,300,1,1,3,123,1,7672,7504,0,0,0,17042
71604331,300,1,1,3,123,1,7672,7504,0,0,0,17042
71604332,300,1,1,3,123,1,7672,7504,3042,0,0,0
71604333,300,1,1,3,123,1,7672,7504,3042,0,0,6000
71604334,300,1,1,3,123,1,7672,7504,0,0,0,6000
71604335,300,1,1,3,123,1,7672,7504,0,0,0,6000
71604336,300,1,1,3,123,1,7672,7504,0,0,0,6000
71604337,300,1,1,3,123,1,7672,7504,0,173005,173005,7730
71604338,300,1,1,3,123,1,7672,7504,0,173005,173005,7730
71604339,300,1,1,3,123,1,7672,7504,0,173005,173005,7730
71604340,300,1,1,3,123,1,7672,7504,0,173005,173005,7730
71604341,300,1,1,3,123,1,7672,7504,0,0,173005,7730
71604342,300,1,1,3,123,1,7672,7504,0,0,173005,7730
71604343,300,1,1,3,123,1,7672,7504,0,0,173005,7730
71604344,5,1,1,3,123,1,7672,7504,0,0,173005,0
71604345,5,1,1,3,123,1,7672,7504,0,0,0,0
71604346,5,1,1,3,123,1,7672,7504,0,0,0,2001
71604347,5,1,1,3,123,1,7672,7504,0,0,0,17043
71604348,5,1,1,3,123,1,7672,7504,0,0,0,17043
71604349,5,1,1,3,123,1,7672,7504,3043,0,0,0
71604350,5,1,1,3,123,1,7672,7504,3043,0,0,6000
71604351,5,1,1,3,123,1,7672,7504,0,0,0,6000
71604352,5,1,1,3,123,1,7672,7504,0,0,0,6000
71604353,5,1,1,3,123,1,7672,7504,0,0,0,6000
71604354,5,1,1,3,123,1,7672,7504,0,150415,150415,7504
71604355,5,1,1,3,123,1,7672,7504,0,150415,150415,7504
71604356,5,1,1,3,123,1,7672,7504,0,150415,150415,7504
71604357,5,1,1,3,123,1,7672,7504,0,150415,150415,7504
71604358,5,1,1,3,123,1,7672,7504,0,0,150415,7504
71604359,5,1,1,3,123,1,7672,7504,0,0,150415,7504
71604360,5,1,1,3,123,1,7672,7504,0,0,150415,7504
71604361,1,1,1,0,123,1,7672,7504,0,0,150415,657
71604362,1,1,1,0,123,1,7672,7504,0,0,1,657
71604363,1,1,1,0,123,1,7672,7504,0,0,1,326
71604364,1,1,1,0,123,1,7672,7504,0,0,1,326
71604365,1,1,1,0,123,1,7672,7504,0,0,1,326
71604366,1,1,1,0,123,1,7672,7504,0,0,1,327
71604367,1,1,1,0,123,1,7672,7504,0,0,1,327
71604368,1,1,1,0,123,1,7672,7504,0,0,1,330
71604369,1,1,1,0,123,1,7672,7504,0,0,1,660
71604370,1,1,1,0,123,1,7672,7504,0,0,1,660
71604371,1,1,1,0,123,1,7672,7504,0,0,1,660
71604372,1,1,1,0,123,1,7672,7504,0,0,1,3655
71604373,244,1,1,0,123,1,7672,7504,0,0,110244,3655
71604374,244,1,1,0,123,1,7672,7504,0,0,110244,3655
71604375,244,1,1,0,123,1,7672,7504,0,0,110244,474
71604376,244,1,1,0,123,110244,7672,7504,0,0,110244,474
71604377,244,1,1,0,123,110244,7672,7504,0,0,110244,474
71604378,244,1,1,0,123,110244,7672,7504,0,0,110244,475
71604379,305,1,1,3,123,110244,7672,7504,0,0,305,475
71604380,305,1,1,3,123,110244,7672,7504,0,0,305,476
71604381,305,1,1,3,123,110244,7672,7504,0,0,305,501
71604382,244,1,1,0,123,110244,7672,7504,0,0,110244,501
71604383,244,1,1,0,123,110244,7672,7504,0,0,110244,501
71604384,244,1,1,0,123,110244,7672,7504,0,0,110244,502
71604385,7,1,1,0,123,110244,7672,7504,0,0,7,502
71604386,7,1,1,0,123,110244,7672,7504,0,0,7,503
71604387,7,1,1,0,123,110244,7672,7504,0,0,7,503
71604388,300,1,1,0,123,300,7672,7504,0,0,300,503
71604389,300,1,1,0,123,300,7672,7504,0,0,300,504
71604390,300,1,1,0,123,300,7672,7504,0,0,300,511
71604391,3,1,1,0,123,300,7672,7504,0,0,3,511
71604392,3,1,1,0,123,300,7672,7504,0,0,3,511
71604393,3,1,1,0,123,300,7672,7504,0,0,3,3725
71604394,141,1,1,0,123,304,7672,7504,0,0,30141,3725
71604395,141,1,1,0,123,304,7672,7504,0,0,30141,3725
71604396,141,1,1,0,123,304,7672,7504,0,0,30141,476
71604397,123,0,1,0,123,30141,7672,7504,0,0,123,476
# MARK wr tick=71604397
71604398,123,0,1,0,123,30141,7672,7504,0,0,123,476
71635943,244,1,1,0,0,10244,7672,7504,0,0,10244,326
71635944,244,1,1,0,0,10244,7672,7504,0,0,10244,327
71635945,244,1,1,0,0,10244,7672,7504,0,0,10244,327
71635946,244,1,1,0,0,10244,7672,7504,0,0,10244,330
71635947,244,1,1,0,0,10244,7672,7504,0,0,10244,660
71635948,244,1,1,0,0,10244,7672,7504,0,0,10244,660
71635949,244,1,1,0,0,10244,7672,7504,0,0,10244,660
71635950,244,1,1,0,0,10244,7672,7504,0,0,10244,3642
71635951,244,1,1,0,0,10244,7672,7504,0,0,10244,3642
71635952,244,1,1,0,0,10244,7672,7504,0,0,10244,3642
71635953,244,1,1,0,0,10244,7672,7504,0,0,10244,663
71635954,0,1,1,0,0,10244,7672,7504,0,0,100000,663
71635955,0,1,1,0,0,10244,7672,7504,0,0,100000,663
71635956,0,1,1,0,0,10244,7672,7504,0,0,100000,664
71635957,244,1,1,0,0,110244,7672,7504,0,0,110244,664
71635958,244,1,1,0,0,110244,7672,7504,0,0,110244,665
71635959,244,1,1,0,0,110244,7672,7504,0,0,110244,665
71635960,244,1,1,0,0,110244,7672,7504,0,0,110244,665
71635961,244,1,1,0,0,110244,7672,7504,0,0,110244,666
71635962,244,1,1,0,0,110244,7672,7504,0,0,110244,1112
71635963,245,1,1,0,0,110244,7672,7504,0,0,130245,1112
71635964,245,1,1,0,0,110244,7672,7504,0,0,130245,1112
71635965,245,1,1,0,0,110244,7672,7504,0,0,130245,1113
71635966,245,1,1,0,0,110244,7672,7504,0,0,130245,1113
71635967,245,1,1,0,0,110244,7672,7504,0,0,130245,1113
71635968,245,1,1,0,0,110244,7672,7504,0,0,130245,1113
71635969,245,1,1,0,0,110244,7672,7504,0,0,130245,1113
71635970,245,1,1,0,0,110244,7672,7504,0,0,130245,1113
71635971,244,1,1,0,0,110244,7672,7504,0,0,110244,1113
71635972,244,1,1,0,0,110244,7672,7504,0,0,110244,1114
71635973,244,1,1,0,0,110244,7672,7504,0,0,110244,1114
71635974,10,1,1,0,0,110244,7672,7504,0,0,10,1114
71635975,10,1,1,0,0,110244,7672,7504,0,0,10,1115
71635976,10,1,1,0,0,110244,7672,7504,0,0,10,1115
71635977,10,1,1,0,0,110244,7672,7504,0,0,10,1115
71635978,10,1,1,0,0,110244,7672,7504,0,0,10,1115
71635979,10,1,1,0,0,110244,7672,7504,0,0,10,1115
71635980,10,1,1,0,0,110244,7672,7504,0,0,10,1115
71635981,10,1,1,0,0,110244,7672,7504,0,0,10,1115
71635982,0,1,1,0,0,110244,7672,7504,0,0,0,1115
71635983,0,1,1,0,0,110244,7672,7504,0,0,0,1116
71635984,0,1,1,0,0,110244,7672,7504,0,0,0,1116
71635985,244,1,1,0,0,0,7672,7504,0,0,110244,1116
71635986,244,1,1,0,0,0,7672,7504,0,0,110244,666
71635987,244,1,1,0,0,0,7672,7504,0,0,110244,1117
71635988,1,1,1,0,0,0,7672,7504,0,0,60001,1117
71635989,1,1,1,0,0,0,7672,7504,0,0,60001,1120
71635990,1,1,1,0,0,0,7672,7504,0,0,60001,1120
71635991,13,1,1,0,0,0,7672,7504,0,0,100013,1120
71635992,13,1,1,0,0,0,7672,7504,0,0,100013,1121
71635993,13,1,1,0,0,0,7672,7504,0,0,100013,1120
71635994,0,1,1,0,0,100013,7672,7504,0,0,0,1120
71635995,0,1,1,0,0,100013,7672,7504,0,0,0,1120
71635996,0,1,1,0,0,100013,7672,7504,0,0,0,1120
71635997,1,1,1,0,0,26,7672,7504,0,0,1,1120
71635998,1,1,1,0,0,26,7672,7504,0,0,1,1120
71635999,1,1,1,0,0,26,7672,7504,0,0,1,1120
71636000,2,1,1,0,0,54,7672,7504,0,0,2,1120
71636001,2,1,1,0,0,54,7672,7504,0,0,2,1120
71636002,2,1,1,0,0,54,7672,7504,0,0,2,1120
71636003,4,1,1,0,0,130,7672,7504,0,0,4,1120
71636004,4,1,1,0,0,130,7672,7504,0,0,4,1120
71636005,4,1,1,0,0,130,7672,7504,0,0,4,1120
71636006,10,1,1,0,0,260,7672,7504,0,0,10,1120
71636007,10,1,1,0,0,260,7672,7504,0,0,10,1120
71636008,10,1,1,0,0,260,7672,7504,0,0,10,1120
71636009,20,1,1,0,0,540,7672,7504,0,0,20,1120
71636010,20,1,1,0,0,540,7672,7504,0,0,20,1120
71636011,20,1,1,0,0,540,7672,7504,0,0,20,1120
71636012,40,1,1,0,0,1300,7672,7504,0,0,40,1120
71636013,40,1,1,0,0,1300,7672,7504,0,0,40,1120
71636014,40,1,1,0,0,1300,7672,7504,0,0,40,1120
71636015,100,1,1,0,0,2600,7672,7504,0,0,100,1120
71636016,100,1,1,0,0,2600,7672,7504,0,0,100,1120
71636017,100,1,1,0,0,2600,7672,7504,0,0,100,1120
71636018,200,1,1,0,0,5400,7672,7504,0,0,200,1120
71636019,200,1,1,0,0,5400,7672,7504,0,0,200,1120
71636020,200,1,1,0,0,5400,7672,7504,0,0,200,1120
71636021,0,1,1,0,0,13000,7672,7504,0,0,400,1120
71636022,0,1,1,0,0,13000,7672,7504,0,0,400,1120
71636023,0,1,1,0,0,13000,7672,7504,0,0,400,1120
71636024,0,1,1,0,0,26000,7672,7504,0,0,1000,1120
71636025,0,1,1,0,0,26000,7672,7504,0,0,1000,1120
71636026,0,1,1,0,0,26000,7672,7504,0,0,1000,1120
71636027,0,1,1,0,0,54000,7672,7504,0,0,2000,1120
71636028,0,1,1,0,0,54000,7672,7504,0,0,2000,1120
71636029,0,1,1,0,0,54000,7672,7504,0,0,2000,1120
71636030,0,1,1,0,0,130000,7672,7504,0,0,4000,1120
71636031,0,1,1,0,0,130000,7672,7504,0,0,4000,1120
71636032,0,1,1,0,0,130000,7672,7504,0,0,4000,1121
71636033,1,1,1,0,0,60000,7672,7504,0,0,10001,1121
71636034,1,1,1,0,0,60000,7672,7504,0,0,10001,1122
71636035,1,1,1,0,0,60000,7672,7504,0,0,10001,1133
71636036,0,1,1,0,0,140000,7672,7504,0,0,0,1133
71636037,0,1,1,0,0,140000,7672,7504,0,0,0,1133
71636038,0,1,1,0,0,140000,7672,7504,0,0,0,1134
71636039,0,1,1,0,0,0,7672,7504,0,0,0,1134
71636040,0,1,1,0,0,0,7672,7504,0,0,0,1135
71636041,0,1,1,0,0,0,7672,7504,0,0,0,1140
71636042,0,1,1,0,0,0,7672,7504,0,0,0,1140
71636043,0,1,1,0,0,0,7672,7504,0,0,0,1140
71636044,0,1,1,0,0,0,7672,7504,0,0,0,1141
71636045,1,1,1,0,0,0,7672,7504,0,0,1,1141
71636046,1,1,1,0,0,0,7672,7504,0,0,1,1142
71636047,1,1,1,0,0,0,7672,7504,0,0,1,1142
71636048,1,1,1,0,0,1,7672,7504,0,0,1,1142
71636049,1,1,1,0,0,1,7672,7504,0,0,1,1143
71636050,1,1,1,0,0,1,7672,7504,0,0,1,666
71636051,0,1,1,0,0,1,7672,7504,0,0,140000,666
71636052,0,1,1,0,0,1,7672,7504,0,0,140000,666
71636053,0,1,1,0,0,1,7672,7504,0,0,140000,0
71636054,0,1,1,3,0,1,7672,7504,0,0,0,0
71636055,0,1,1,3,0,1,7672,7504,0,0,0,0
71636056,0,1,1,3,0,1,7672,7504,0,0,0,2001
71636057,0,1,1,3,0,1,7672,7504,0,0,0,17040
71636058,0,1,1,3,0,1,7672,7504,0,0,0,17040
71636059,0,1,1,3,0,1,7672,7504,3040,0,0,0
71636060,0,1,1,3,0,1,7672,7504,3040,0,0,6000
71636061,0,1,1,3,0,1,7672,7504,0,0,0,6000
71636062,0,1,1,3,0,1,7672,7504,0,0,0,6000
71636063,0,1,1,3,0,1,7672,7504,0,0,0,6000
71636064,0,1,1,3,0,1,7672,7504,0,44035,44035,6440
71636065,0,1,1,3,0,1,7672,7504,0,44035,44035,6440
71636066,0,1,1,3,0,1,7672,7504,0,44035,44035,6440
71636067,0,1,1,3,0,1,7672,7504,0,44035,44035,6440
71636068,0,1,1,3,0,1,7672,7504,0,0,44035,6440
71636069,0,1,1,3,0,1,7672,7504,0,0,44035,6440
71636070,0,1,1,3,0,1,7672,7504,0,0,44035,6440
71636071,1,1,1,0,0,1,7672,7504,0,0,44035,170
71636072,1,1,1,0,0,1,7672,7504,0,0,0,170
71636073,1,1,1,0,0,1,7672,7504,0,0,0,0
71636074,1,1,1,0,0,1,7672,7504,0,0,0,0
71636075,1,1,1,0,0,1,7672,7504,0,0,0,0
71636076,1,1,1,0,0,1,7672,7504,3075,0,0,0
71636077,1,1,1,0,0,1,7672,7504,3075,0,0,0
71636078,1,1,1,0,0,1,7672,7504,0,0,0,0
71636079,1,1,1,0,0,1,7672,7504,0,0,0,0
71636080,1,1,1,0,0,1,7672,7504,0,0,0,0
71636081,1,1,1,0,0,1,7672,7504,0,124,124,0
71636082,1,1,1,0,0,1,7672,7504,0,124,124,0
71636083,1,1,1,0,0,1,7672,7504,0,124,124,0
71636084,1,1,1,0,0,1,7672,7504,0,124,124,0
71636085,1,1,1,0,0,1,7672,7504,0,0,124,0
71636086,1,1,1,0,0,1,7672,7504,0,0,124,0
71636087,1,1,1,0,0,1,7672,7504,0,0,124,0
71636088,124,1,1,3,0,1,7672,7504,0,0,124,0
71636089,124,1,1,3,0,1,7672,7504,0,0,0,0
71636090,124,1,1,3,0,1,7672,7504,0,0,0,2001
71636091,124,1,1,3,0,1,7672,7504,0,0,0,17041
71636092,124,1,1,3,0,1,7672,7504,0,0,0,17041
71636093,124,1,1,3,0,1,7672,7504,3041,0,0,0
71636094,124,1,1,3,0,1,7672,7504,3041,0,0,6000
71636095,124,1,1,3,0,1,7672,7504,0,0,0,6000
71636096,124,1,1,3,0,1,7672,7504,0,0,0,6000
71636097,124,1,1,3,0,1,7672,7504,0,0,0,6000
71636098,124,1,1,3,0,1,7672,7504,0,50033,50033,6500
71636099,124,1,1,3,0,1,7672,7504,0,50033,50033,6500
71636100,124,1,1,3,0,1,7672,7504,0,50033,50033,6500
71636101,124,1,1,3,0,1,7672,7504,0,50033,50033,6500
71636102,124,1,1,3,0,1,7672,7504,0,0,50033,6500
71636103,124,1,1,3,0,1,7672,7504,0,0,50033,6500
71636104,124,1,1,3,0,1,7672,7504,0,0,50033,6500
71636105,1,1,1,0,124,1,7672,7504,0,0,50033,172
71636106,1,1,1,0,124,1,7672,7504,0,0,0,172
71636107,1,1,1,0,124,1,7672,7504,0,0,0,0
71636108,1,1,1,0,124,1,7672,7504,0,0,0,0
71636109,1,1,1,0,124,1,7672,7504,0,0,0,0
71636110,1,1,1,0,124,1,7672,7504,3074,0,0,0
71636111,1,1,1,0,124,1,7672,7504,3074,0,0,0
71636112,1,1,1,0,124,1,7672,7504,0,0,0,0
71636113,1,1,1,0,124,1,7672,7504,0,0,0,0
71636114,1,1,1,0,124,1,7672,7504,0,0,0,0
71636115,1,1,1,0,124,1,7672,7504,0,300,300,0
71636116,1,1,1,0,124,1,7672,7504,0,300,300,0
71636117,1,1,1,0,124,1,7672,7504,0,300,300,0
71636118,1,1,1,0,124,1,7672,7504,0,300,300,0
71636119,1,1,1,0,124,1,7672,7504,0,0,300,0
71636120,1,1,1,0,124,1,7672,7504,0,0,300,0
71636121,1,1,1,0,124,1,7672,7504,0,0,300,0
71636122,300,1,1,3,124,1,7672,7504,0,0,300,0
71636123,300,1,1,3,124,1,7672,7504,0,0,0,0
71636124,300,1,1,3,124,1,7672,7504,0,0,0,2001
71636125,300,1,1,3,124,1,7672,7504,0,0,0,17042
71636126,300,1,1,3,124,1,7672,7504,0,0,0,17042
71636127,300,1,1,3,124,1,7672,7504,3042,0,0,0
71636128,300,1,1,3,124,1,7672,7504,3042,0,0,6000
71636129,300,1,1,3,124,1,7672,7504,0,0,0,6000
71636130,300,1,1,3,124,1,7672,7504,0,0,0,6000
71636131,300,1,1,3,124,1,7672,7504,0,0,0,6000
71636132,300,1,1,3,124,1,7672,7504,0,173005,173005,7730
71636133,300,1,1,3,124,1,7672,7504,0,173005,173005,7730
71636134,300,1,1,3,124,1,7672,7504,0,173005,173005,7730
71636135,300,1,1,3,124,1,7672,7504,0,173005,173005,7730
71636136,300,1,1,3,124,1,7672,7504,0,0,173005,7730
71636137,300,1,1,3,124,1,7672,7504,0,0,173005,7730
71636138,300,1,1,3,124,1,7672,7504,0,0,173005,7730
71636139,5,1,1,3,124,1,7672,7504,0,0,173005,0
71636140,5,1,1,3,124,1,7672,7504,0,0,0,0
71636141,5,1,1,3,124,1,7672,7504,0,0,0,2001
71636142,5,1,1,3,124,1,7672,7504,0,0,0,17043
71636143,5,1,1,3,124,1,7672,7504,0,0,0,17043
71636144,5,1,1,3,124,1,7672,7504,3043,0,0,0
71636145,5,1,1,3,124,1,7672,7504,3043,0,0,6000
71636146,5,1,1,3,124,1,7672,7504,0,0,0,6000
71636147,5,1,1,3,124,1,7672,7504,0,0,0,6000
71636148,5,1,1,3,124,1,7672,7504,0,0,0,6000
71636149,5,1,1,3,124,1,7672,7504,0,150415,150415,7504
71636150,5,1,1,3,124,1,7672,7504,0,150415,150415,7504
71636151,5,1,1,3,124,1,7672,7504,0,150415,150415,7504
71636152,5,1,1,3,124,1,7672,7504,0,150415,150415,7504
71636153,5,1,1,3,124,1,7672,7504,0,0,150415,7504
71636154,5,1,1,3,124,1,7672,7504,0,0,150415,7504
71636155,5,1,1,3,124,1,7672,7504,0,0,150415,7504
71636156,1,1,1,0,124,1,7672,7504,0,0,150415,657
71636157,1,1,1,0,124,1,7672,7504,0,0,1,657
71636158,1,1,1,0,124,1,7672,7504,0,0,1,326
71636159,1,1,1,0,124,1,7672,7504,0,0,1,326
71636160,1,1,1,0,124,1,7672,7504,0,0,1,326
71636161,1,1,1,0,124,1,7672,7504,0,0,1,327
71636162,1,1,1,0,124,1,7672,7504,0,0,1,327
71636163,1,1,1,0,124,1,7672,7504,0,0,1,330
71636164,1,1,1,0,124,1,7672,7504,0,0,1,660
71636165,1,1,1,0,124,1,7672,7504,0,0,1,660
71636166,1,1,1,0,124,1,7672,7504,0,0,1,660
71636167,1,1,1,0,124,1,7672,7504,0,0,1,3655
71636168,244,1,1,0,124,1,7672,7504,0,0,110244,3655
71636169,244,1,1,0,124,1,7672,7504,0,0,110244,3655
71636170,244,1,1,0,124,1,7672,7504,0,0,110244,474
71636171,244,1,1,0,124,110244,7672,7504,0,0,110244,474
71636172,244,1,1,0,124,110244,7672,7504,0,0,110244,474
71636173,244,1,1,0,124,110244,7672,7504,0,0,110244,475
71636174,305,1,1,3,124,110244,7672,7504,0,0,305,475
71636175,305,1,1,3,124,110244,7672,7504,0,0,305,476
71636176,305,1,1,3,124,110244,7672,7504,0,0,305,501
71636177,244,1,1,0,124,110244,7672,7504,0,0,110244,501
71636178,244,1,1,0,124,110244,7672,7504,0,0,110244,501
71636179,244,1,1,0,124,110244,7672,7504,0,0,110244,502
71636180,7,1,1,0,124,110244,7672,7504,0,0,7,502
71636181,7,1,1,0,124,110244,7672,7504,0,0,7,503
71636182,7,1,1,0,124,110244,7672,7504,0,0,7,503
71636183,300,1,1,0,124,300,7672,7504,0,0,300,503
71636184,300,1,1,0,124,300,7672,7504,0,0,300,504
71636185,300,1,1,0,124,300,7672,7504,0,0,300,511
71636186,3,1,1,0,124,300,7672,7504,0,0,3,511
71636187,3,1,1,0,124,300,7672,7504,0,0,3,511
71636188,3,1,1,0,124,300,7672,7504,0,0,3,3725
71636189,141,1,1,0,124,304,7672,7504,0,0,30141,3725
71636190,141,1,1,0,124,304,7672,7504,0,0,30141,3725
71636191,141,1,1,0,124,304,7672,7504,0,0,30141,476
71636192,124,0,1,0,124,30141,7672,7504,0,0,124,476
# MARK wr tick=71636192
71636193,124,0,1,0,124,30141,7672,7504,0,0,124,476
71662083,244,1,1,0,0,10244,7672,7504,0,0,10244,326
71662084,244,1,1,0,0,10244,7672,7504,0,0,10244,327
71662085,244,1,1,0,0,10244,7672,7504,0,0,10244,327
71662086,244,1,1,0,0,10244,7672,7504,0,0,10244,330
71662087,244,1,1,0,0,10244,7672,7504,0,0,10244,660
71662088,244,1,1,0,0,10244,7672,7504,0,0,10244,660
71662089,244,1,1,0,0,10244,7672,7504,0,0,10244,660
71662090,244,1,1,0,0,10244,7672,7504,0,0,10244,3642
71662091,244,1,1,0,0,10244,7672,7504,0,0,10244,3642
71662092,244,1,1,0,0,10244,7672,7504,0,0,10244,3642
71662093,244,1,1,0,0,10244,7672,7504,0,0,10244,663
71662094,0,1,1,0,0,10244,7672,7504,0,0,100000,663
71662095,0,1,1,0,0,10244,7672,7504,0,0,100000,663
71662096,0,1,1,0,0,10244,7672,7504,0,0,100000,664
71662097,244,1,1,0,0,110244,7672,7504,0,0,110244,664
71662098,244,1,1,0,0,110244,7672,7504,0,0,110244,665
71662099,244,1,1,0,0,110244,7672,7504,0,0,110244,665
71662100,244,1,1,0,0,110244,7672,7504,0,0,110244,665
71662101,244,1,1,0,0,110244,7672,7504,0,0,110244,666
71662102,244,1,1,0,0,110244,7672,7504,0,0,110244,1112
71662103,245,1,1,0,0,110244,7672,7504,0,0,130245,1112
71662104,245,1,1,0,0,110244,7672,7504,0,0,130245,1112
71662105,245,1,1,0,0,110244,7672,7504,0,0,130245,1113
71662106,245,1,1,0,0,110244,7672,7504,0,0,130245,1113
71662107,245,1,1,0,0,110244,7672,7504,0,0,130245,1113
71662108,245,1,1,0,0,110244,7672,7504,0,0,130245,1113
71662109,245,1,1,0,0,110244,7672,7504,0,0,130245,1113
71662110,245,1,1,0,0,110244,7672,7504,0,0,130245,1113
71662111,244,1,1,0,0,110244,7672,7504,0,0,110244,1113
71662112,244,1,1,0,0,110244,7672,7504,0,0,110244,1114
71662113,244,1,1,0,0,110244,7672,7504,0,0,110244,1114
71662114,10,1,1,0,0,110244,7672,7504,0,0,10,1114
71662115,10,1,1,0,0,110244,7672,7504,0,0,10,1115
71662116,10,1,1,0,0,110244,7672,7504,0,0,10,1115
71662117,10,1,1,0,0,110244,7672,7504,0,0,10,1115
71662118,10,1,1,0,0,110244,7672,7504,0,0,10,1115
71662119,10,1,1,0,0,110244,7672,7504,0,0,10,1115
71662120,10,1,1,0,0,110244,7672,7504,0,0,10,1115
71662121,10,1,1,0,0,110244,7672,7504,0,0,10,1115
71662122,0,1,1,0,0,110244,7672,7504,0,0,0,1115
71662123,0,1,1,0,0,110244,7672,7504,0,0,0,1116
71662124,0,1,1,0,0,110244,7672,7504,0,0,0,1116
71662125,244,1,1,0,0,0,7672,7504,0,0,110244,1116
71662126,244,1,1,0,0,0,7672,7504,0,0,110244,666
71662127,244,1,1,0,0,0,7672,7504,0,0,110244,1117
71662128,1,1,1,0,0,0,7672,7504,0,0,60001,1117
71662129,1,1,1,0,0,0,7672,7504,0,0,60001,1120
71662130,1,1,1,0,0,0,7672,7504,0,0,60001,1120
71662131,13,1,1,0,0,0,7672,7504,0,0,100013,1120
71662132,13,1,1,0,0,0,7672,7504,0,0,100013,1121
71662133,13,1,1,0,0,0,7672,7504,0,0,100013,1120
71662134,0,1,1,0,0,100013,7672,7504,0,0,0,1120
71662135,0,1,1,0,0,100013,7672,7504,0,0,0,1120
71662136,0,1,1,0,0,100013,7672,7504,0,0,0,1120
71662137,1,1,1,0,0,26,7672,7504,0,0,1,1120
71662138,1,1,1,0,0,26,7672,7504,0,0,1,1120
71662139,1,1,1,0,0,26,7672,7504,0,0,1,1120
71662140,2,1,1,0,0,54,7672,7504,0,0,2,1120
71662141,2,1,1,0,0,54,7672,7504,0,0,2,1120
71662142,2,1,1,0,0,54,7672,7504,0,0,2,1120
71662143,4,1,1,0,0,130,7672,7504,0,0,4,1120
71662144,4,1,1,0,0,130,7672,7504,0,0,4,1120
71662145,4,1,1,0,0,130,7672,7504,0,0,4,1120
71662146,10,1,1,0,0,260,7672,7504,0,0,10,1120
71662147,10,1,1,0,0,260,7672,7504,0,0,10,1120
71662148,10,1,1,0,0,260,7672,7504,0,0,10,1120
71662149,20,1,1,0,0,540,7672,7504,0,0,20,1120
71662150,20,1,1,0,0,540,7672,7504,0,0,20,1120
71662151,20,1,1,0,0,540,7672,7504,0,0,20,1120
71662152,40,1,1,0,0,1300,7672,7504,0,0,40,1120
71662153,40,1,1,0,0,1300,7672,7504,0,0,40,1120
71662154,40,1,1,0,0,1300,7672,7504,0,0,40,1120
71662155,100,1,1,0,0,2600,7672,7504,0,0,100,1120
71662156,100,1,1,0,0,2600,7672,7504,0,0,100,1120
71662157,100,1,1,0,0,2600,7672,7504,0,0,100,1120
71662158,200,1,1,0,0,5400,7672,7504,0,0,200,1120
71662159,200,1,1,0,0,5400,7672,7504,0,0,200,1120
71662160,200,1,1,0,0,5400,7672,7504,0,0,200,1120
71662161,0,1,1,0,0,13000,7672,7504,0,0,400,1120
71662162,0,1,1,0,0,13000,7672,7504,0,0,400,1120
71662163,0,1,1,0,0,13000,7672,7504,0,0,400,1120
71662164,0,1,1,0,0,26000,7672,7504,0,0,1000,1120
71662165,0,1,1,0,0,26000,7672,7504,0,0,1000,1120
71662166,0,1,1,0,0,26000,7672,7504,0,0,1000,1120
71662167,0,1,1,0,0,54000,7672,7504,0,0,2000,1120
71662168,0,1,1,0,0,54000,7672,7504,0,0,2000,1120
71662169,0,1,1,0,0,54000,7672,7504,0,0,2000,1120
71662170,0,1,1,0,0,130000,7672,7504,0,0,4000,1120
71662171,0,1,1,0,0,130000,7672,7504,0,0,4000,1120
71662172,0,1,1,0,0,130000,7672,7504,0,0,4000,1121
71662173,1,1,1,0,0,60000,7672,7504,0,0,10001,1121
71662174,1,1,1,0,0,60000,7672,7504,0,0,10001,1122
71662175,1,1,1,0,0,60000,7672,7504,0,0,10001,1133
71662176,0,1,1,0,0,140000,7672,7504,0,0,0,1133
71662177,0,1,1,0,0,140000,7672,7504,0,0,0,1133
71662178,0,1,1,0,0,140000,7672,7504,0,0,0,1134
71662179,0,1,1,0,0,0,7672,7504,0,0,0,1134
71662180,0,1,1,0,0,0,7672,7504,0,0,0,1135
71662181,0,1,1,0,0,0,7672,7504,0,0,0,1140
71662182,0,1,1,0,0,0,7672,7504,0,0,0,1140
71662183,0,1,1,0,0,0,7672,7504,0,0,0,1140
71662184,0,1,1,0,0,0,7672,7504,0,0,0,1141
71662185,1,1,1,0,0,0,7672,7504,0,0,1,1141
71662186,1,1,1,0,0,0,7672,7504,0,0,1,1142
71662187,1,1,1,0,0,0,7672,7504,0,0,1,1142
71662188,1,1,1,0,0,1,7672,7504,0,0,1,1142
71662189,1,1,1,0,0,1,7672,7504,0,0,1,1143
71662190,1,1,1,0,0,1,7672,7504,0,0,1,666
71662191,0,1,1,0,0,1,7672,7504,0,0,140000,666
71662192,0,1,1,0,0,1,7672,7504,0,0,140000,666
71662193,0,1,1,0,0,1,7672,7504,0,0,140000,0
71662194,0,1,1,3,0,1,7672,7504,0,0,0,0
71662195,0,1,1,3,0,1,7672,7504,0,0,0,0
71662196,0,1,1,3,0,1,7672,7504,0,0,0,2001
71662197,0,1,1,3,0,1,7672,7504,0,0,0,17040
71662198,0,1,1,3,0,1,7672,7504,0,0,0,17040
71662199,0,1,1,3,0,1,7672,7504,3040,0,0,0
71662200,0,1,1,3,0,1,7672,7504,3040,0,0,6000
71662201,0,1,1,3,0,1,7672,7504,0,0,0,6000
71662202,0,1,1,3,0,1,7672,7504,0,0,0,6000
71662203,0,1,1,3,0,1,7672,7504,0,0,0,6000
71662204,0,1,1,3,0,1,7672,7504,0,44035,44035,6440
71662205,0,1,1,3,0,1,7672,7504,0,44035,44035,6440
71662206,0,1,1,3,0,1,7672,7504,0,44035,44035,6440
71662207,0,1,1,3,0,1,7672,7504,0,44035,44035,6440
71662208,0,1,1,3,0,1,7672,7504,0,0,44035,6440
71662209,0,1,1,3,0,1,7672,7504,0,0,44035,6440
71662210,0,1,1,3,0,1,7672,7504,0,0,44035,6440
71662211,1,1,1,0,0,1,7672,7504,0,0,44035,170
71662212,1,1,1,0,0,1,7672,7504,0,0,0,170
71662213,1,1,1,0,0,1,7672,7504,0,0,0,0
71662214,1,1,1,0,0,1,7672,7504,0,0,0,0
71662215,1,1,1,0,0,1,7672,7504,0,0,0,0
71662216,1,1,1,0,0,1,7672,7504,3075,0,0,0
71662217,1,1,1,0,0,1,7672,7504,3075,0,0,0
71662218,1,1,1,0,0,1,7672,7504,0,0,0,0
71662219,1,1,1,0,0,1,7672,7504,0,0,0,0
71662220,1,1,1,0,0,1,7672,7504,0,0,0,0
71662221,1,1,1,0,0,1,7672,7504,0,377,377,0
71662222,1,1,1,0,0,1,7672,7504,0,377,377,0
71662223,1,1,1,0,0,1,7672,7504,0,377,377,0
71662224,1,1,1,0,0,1,7672,7504,0,377,377,0
71662225,1,1,1,0,0,1,7672,7504,0,0,377,0
71662226,1,1,1,0,0,1,7672,7504,0,0,377,0
71662227,1,1,1,0,0,1,7672,7504,0,0,377,0
71662228,377,1,1,3,0,1,7672,7504,0,0,377,0
71662229,377,1,1,3,0,1,7672,7504,0,0,0,0
71662230,377,1,1,3,0,1,7672,7504,0,0,0,2001
71662231,377,1,1,3,0,1,7672,7504,0,0,0,17041
71662232,377,1,1,3,0,1,7672,7504,0,0,0,17041
71662233,377,1,1,3,0,1,7672,7504,3041,0,0,0
71662234,377,1,1,3,0,1,7672,7504,3041,0,0,6000
71662235,377,1,1,3,0,1,7672,7504,0,0,0,6000
71662236,377,1,1,3,0,1,7672,7504,0,0,0,6000
71662237,377,1,1,3,0,1,7672,7504,0,0,0,6000
71662238,377,1,1,3,0,1,7672,7504,0,50033,50033,6500
71662239,377,1,1,3,0,1,7672,7504,0,50033,50033,6500
71662240,377,1,1,3,0,1,7672,7504,0,50033,50033,6500
71662241,377,1,1,3,0,1,7672,7504,0,50033,50033,6500
71662242,377,1,1,3,0,1,7672,7504,0,0,50033,6500
71662243,377,1,1,3,0,1,7672,7504,0,0,50033,6500
71662244,377,1,1,3,0,1,7672,7504,0,0,50033,6500
71662245,1,1,1,0,377,1,7672,7504,0,0,50033,172
71662246,1,1,1,0,377,1,7672,7504,0,0,0,172
71662247,1,1,1,0,377,1,7672,7504,0,0,0,0
71662248,1,1,1,0,377,1,7672,7504,0,0,0,0
71662249,1,1,1,0,377,1,7672,7504,0,0,0,0
71662250,1,1,1,0,377,1,7672,7504,3074,0,0,0
71662251,1,1,1,0,377,1,7672,7504,3074,0,0,0
71662252,1,1,1,0,377,1,7672,7504,0,0,0,0
71662253,1,1,1,0,377,1,7672,7504,0,0,0,0
71662254,1,1,1,0,377,1,7672,7504,0,0,0,0
71662255,1,1,1,0,377,1,7672,7504,0,300,300,0
71662256,1,1,1,0,377,1,7672,7504,0,300,300,0
71662257,1,1,1,0,377,1,7672,7504,0,300,300,0
71662258,1,1,1,0,377,1,7672,7504,0,300,300,0
71662259,1,1,1,0,377,1,7672,7504,0,0,300,0
71662260,1,1,1,0,377,1,7672,7504,0,0,300,0
71662261,1,1,1,0,377,1,7672,7504,0,0,300,0
71662262,300,1,1,3,377,1,7672,7504,0,0,300,0
71662263,300,1,1,3,377,1,7672,7504,0,0,0,0
71662264,300,1,1,3,377,1,7672,7504,0,0,0,2001
71662265,300,1,1,3,377,1,7672,7504,0,0,0,17042
71662266,300,1,1,3,377,1,7672,7504,0,0,0,17042
71662267,300,1,1,3,377,1,7672,7504,3042,0,0,0
71662268,300,1,1,3,377,1,7672,7504,3042,0,0,6000
71662269,300,1,1,3,377,1,7672,7504,0,0,0,6000
71662270,300,1,1,3,377,1,7672,7504,0,0,0,6000
71662271,300,1,1,3,377,1,7672,7504,0,0,0,6000
71662272,300,1,1,3,377,1,7672,7504,0,173005,173005,7730
71662273,300,1,1,3,377,1,7672,7504,0,173005,173005,7730
71662274,300,1,1,3,377,1,7672,7504,0,173005,173005,7730
71662275,300,1,1,3,377,1,7672,7504,0,173005,173005,7730
71662276,300,1,1,3,377,1,7672,7504,0,0,173005,7730
71662277,300,1,1,3,377,1,7672,7504,0,0,173005,7730
71662278,300,1,1,3,377,1,7672,7504,0,0,173005,7730
71662279,5,1,1,3,377,1,7672,7504,0,0,173005,0
71662280,5,1,1,3,377,1,7672,7504,0,0,0,0
71662281,5,1,1,3,377,1,7672,7504,0,0,0,2001
71662282,5,1,1,3,377,1,7672,7504,0,0,0,17043
71662283,5,1,1,3,377,1,7672,7504,0,0,0,17043
71662284,5,1,1,3,377,1,7672,7504,3043,0,0,0
71662285,5,1,1,3,377,1,7672,7504,3043,0,0,6000
71662286,5,1,1,3,377,1,7672,7504,0,0,0,6000
71662287,5,1,1,3,377,1,7672,7504,0,0,0,6000
71662288,5,1,1,3,377,1,7672,7504,0,0,0,6000
71662289,5,1,1,3,377,1,7672,7504,0,150415,150415,7504
71662290,5,1,1,3,377,1,7672,7504,0,150415,150415,7504
71662291,5,1,1,3,377,1,7672,7504,0,150415,150415,7504
71662292,5,1,1,3,377,1,7672,7504,0,150415,150415,7504
71662293,5,1,1,3,377,1,7672,7504,0,0,150415,7504
71662294,5,1,1,3,377,1,7672,7504,0,0,150415,7504
71662295,5,1,1,3,377,1,7672,7504,0,0,150415,7504
71662296,1,1,1,0,377,1,7672,7504,0,0,150415,657
71662297,1,1,1,0,377,1,7672,7504,0,0,1,657
71662298,1,1,1,0,377,1,7672,7504,0,0,1,326
71662299,1,1,1,0,377,1,7672,7504,0,0,1,326
71662300,1,1,1,0,377,1,7672,7504,0,0,1,326
71662301,1,1,1,0,377,1,7672,7504,0,0,1,327
71662302,1,1,1,0,377,1,7672,7504,0,0,1,327
71662303,1,1,1,0,377,1,7672,7504,0,0,1,330
71662304,1,1,1,0,377,1,7672,7504,0,0,1,660
71662305,1,1,1,0,377,1,7672,7504,0,0,1,660
71662306,1,1,1,0,377,1,7672,7504,0,0,1,660
71662307,1,1,1,0,377,1,7672,7504,0,0,1,3655
71662308,244,1,1,0,377,1,7672,7504,0,0,110244,3655
71662309,244,1,1,0,377,1,7672,7504,0,0,110244,3655
71662310,244,1,1,0,377,1,7672,7504,0,0,110244,474
71662311,244,1,1,0,377,110244,7672,7504,0,0,110244,474
71662312,244,1,1,0,377,110244,7672,7504,0,0,110244,474
71662313,244,1,1,0,377,110244,7672,7504,0,0,110244,475
71662314,305,1,1,3,377,110244,7672,7504,0,0,305,475
71662315,305,1,1,3,377,110244,7672,7504,0,0,305,476
71662316,305,1,1,3,377,110244,7672,7504,0,0,305,501
71662317,244,1,1,0,377,110244,7672,7504,0,0,110244,501
71662318,244,1,1,0,377,110244,7672,7504,0,0,110244,501
71662319,244,1,1,0,377,110244,7672,7504,0,0,110244,502
71662320,7,1,1,0,377,110244,7672,7504,0,0,7,502
71662321,7,1,1,0,377,110244,7672,7504,0,0,7,503
71662322,7,1,1,0,377,110244,7672,7504,0,0,7,503
71662323,300,1,1,0,377,300,7672,7504,0,0,300,503
71662324,300,1,1,0,377,300,7672,7504,0,0,300,504
71662325,300,1,1,0,377,300,7672,7504,0,0,300,511
71662326,3,1,1,0,377,300,7672,7504,0,0,3,511
71662327,3,1,1,0,377,300,7672,7504,0,0,3,511
71662328,3,1,1,0,377,300,7672,7504,0,0,3,3725
71662329,141,1,1,0,377,304,7672,7504,0,0,30141,3725
71662330,141,1,1,0,377,304,7672,7504,0,0,30141,3725
71662331,141,1,1,0,377,304,7672,7504,0,0,30141,476
71662332,377,0,1,0,377,30141,7672,7504,0,0,377,476
# MARK wr tick=71662332
71662333,377,0,1,0,377,30141,7672,7504,0,0,377,476
71693871,244,1,1,0,0,10244,7672,7504,0,0,10244,326
71693872,244,1,1,0,0,10244,7672,7504,0,0,10244,327
71693873,244,1,1,0,0,10244,7672,7504,0,0,10244,327
71693874,244,1,1,0,0,10244,7672,7504,0,0,10244,330
71693875,244,1,1,0,0,10244,7672,7504,0,0,10244,660
71693876,244,1,1,0,0,10244,7672,7504,0,0,10244,660
71693877,244,1,1,0,0,10244,7672,7504,0,0,10244,660
71693878,244,1,1,0,0,10244,7672,7504,0,0,10244,3642
71693879,244,1,1,0,0,10244,7672,7504,0,0,10244,3642
71693880,244,1,1,0,0,10244,7672,7504,0,0,10244,3642
71693881,244,1,1,0,0,10244,7672,7504,0,0,10244,663
71693882,0,1,1,0,0,10244,7672,7504,0,0,100000,663
71693883,0,1,1,0,0,10244,7672,7504,0,0,100000,663
71693884,0,1,1,0,0,10244,7672,7504,0,0,100000,664
71693885,244,1,1,0,0,110244,7672,7504,0,0,110244,664
71693886,244,1,1,0,0,110244,7672,7504,0,0,110244,665
71693887,244,1,1,0,0,110244,7672,7504,0,0,110244,665
71693888,244,1,1,0,0,110244,7672,7504,0,0,110244,665
71693889,244,1,1,0,0,110244,7672,7504,0,0,110244,666
71693890,244,1,1,0,0,110244,7672,7504,0,0,110244,1112
71693891,245,1,1,0,0,110244,7672,7504,0,0,130245,1112
71693892,245,1,1,0,0,110244,7672,7504,0,0,130245,1112
71693893,245,1,1,0,0,110244,7672,7504,0,0,130245,1113
71693894,245,1,1,0,0,110244,7672,7504,0,0,130245,1113
71693895,245,1,1,0,0,110244,7672,7504,0,0,130245,1113
71693896,245,1,1,0,0,110244,7672,7504,0,0,130245,1113
71693897,245,1,1,0,0,110244,7672,7504,0,0,130245,1113
71693898,245,1,1,0,0,110244,7672,7504,0,0,130245,1113
71693899,244,1,1,0,0,110244,7672,7504,0,0,110244,1113
71693900,244,1,1,0,0,110244,7672,7504,0,0,110244,1114
71693901,244,1,1,0,0,110244,7672,7504,0,0,110244,1114
71693902,10,1,1,0,0,110244,7672,7504,0,0,10,1114
71693903,10,1,1,0,0,110244,7672,7504,0,0,10,1115
71693904,10,1,1,0,0,110244,7672,7504,0,0,10,1115
71693905,10,1,1,0,0,110244,7672,7504,0,0,10,1115
71693906,10,1,1,0,0,110244,7672,7504,0,0,10,1115
71693907,10,1,1,0,0,110244,7672,7504,0,0,10,1115
71693908,10,1,1,0,0,110244,7672,7504,0,0,10,1115
71693909,10,1,1,0,0,110244,7672,7504,0,0,10,1115
71693910,0,1,1,0,0,110244,7672,7504,0,0,0,1115
71693911,0,1,1,0,0,110244,7672,7504,0,0,0,1116
71693912,0,1,1,0,0,110244,7672,7504,0,0,0,1116
71693913,244,1,1,0,0,0,7672,7504,0,0,110244,1116
71693914,244,1,1,0,0,0,7672,7504,0,0,110244,666
71693915,244,1,1,0,0,0,7672,7504,0,0,110244,1117
71693916,1,1,1,0,0,0,7672,7504,0,0,60001,1117
71693917,1,1,1,0,0,0,7672,7504,0,0,60001,1120
71693918,1,1,1,0,0,0,7672,7504,0,0,60001,1120
71693919,13,1,1,0,0,0,7672,7504,0,0,100013,1120
71693920,13,1,1,0,0,0,7672,7504,0,0,100013,1121
71693921,13,1,1,0,0,0,7672,7504,0,0,100013,1120
71693922,0,1,1,0,0,100013,7672,7504,0,0,0,1120
71693923,0,1,1,0,0,100013,7672,7504,0,0,0,1120
71693924,0,1,1,0,0,100013,7672,7504,0,0,0,1120
71693925,1,1,1,0,0,26,7672,7504,0,0,1,1120
71693926,1,1,1,0,0,26,7672,7504,0,0,1,1120
71693927,1,1,1,0,0,26,7672,7504,0,0,1,1120
71693928,2,1,1,0,0,54,7672,7504,0,0,2,1120
71693929,2,1,1,0,0,54,7672,7504,0,0,2,1120
71693930,2,1,1,0,0,54,7672,7504,0,0,2,1120
71693931,4,1,1,0,0,130,7672,7504,0,0,4,1120
71693932,4,1,1,0,0,130,7672,7504,0,0,4,1120
71693933,4,1,1,0,0,130,7672,7504,0,0,4,1120
71693934,10,1,1,0,0,260,7672,7504,0,0,10,1120
71693935,10,1,1,0,0,260,7672,7504,0,0,10,1120
71693936,10,1,1,0,0,260,7672,7504,0,0,10,1120
71693937,20,1,1,0,0,540,7672,7504,0,0,20,1120
71693938,20,1,1,0,0,540,7672,7504,0,0,20,1120
71693939,20,1,1,0,0,540,7672,7504,0,0,20,1120
71693940,40,1,1,0,0,1300,7672,7504,0,0,40,1120
71693941,40,1,1,0,0,1300,7672,7504,0,0,40,1120
71693942,40,1,1,0,0,1300,7672,7504,0,0,40,1120
71693943,100,1,1,0,0,2600,7672,7504,0,0,100,1120
71693944,100,1,1,0,0,2600,7672,7504,0,0,100,1120
71693945,100,1,1,0,0,2600,7672,7504,0,0,100,1120
71693946,200,1,1,0,0,5400,7672,7504,0,0,200,1120
71693947,200,1,1,0,0,5400,7672,7504,0,0,200,1120
71693948,200,1,1,0,0,5400,7672,7504,0,0,200,1120
71693949,0,1,1,0,0,13000,7672,7504,0,0,400,1120
71693950,0,1,1,0,0,13000,7672,7504,0,0,400,1120
71693951,0,1,1,0,0,13000,7672,7504,0,0,400,1120
71693952,0,1,1,0,0,26000,7672,7504,0,0,1000,1120
71693953,0,1,1,0,0,26000,7672,7504,0,0,1000,1120
71693954,0,1,1,0,0,26000,7672,7504,0,0,1000,1120
71693955,0,1,1,0,0,54000,7672,7504,0,0,2000,1120
71693956,0,1,1,0,0,54000,7672,7504,0,0,2000,1120
71693957,0,1,1,0,0,54000,7672,7504,0,0,2000,1120
71693958,0,1,1,0,0,130000,7672,7504,0,0,4000,1120
71693959,0,1,1,0,0,130000,7672,7504,0,0,4000,1120
71693960,0,1,1,0,0,130000,7672,7504,0,0,4000,1121
71693961,1,1,1,0,0,60000,7672,7504,0,0,10001,1121
71693962,1,1,1,0,0,60000,7672,7504,0,0,10001,1122
71693963,1,1,1,0,0,60000,7672,7504,0,0,10001,1133
71693964,0,1,1,0,0,140000,7672,7504,0,0,0,1133
71693965,0,1,1,0,0,140000,7672,7504,0,0,0,1133
71693966,0,1,1,0,0,140000,7672,7504,0,0,0,1134
71693967,0,1,1,0,0,0,7672,7504,0,0,0,1134
71693968,0,1,1,0,0,0,7672,7504,0,0,0,1135
71693969,0,1,1,0,0,0,7672,7504,0,0,0,1140
71693970,0,1,1,0,0,0,7672,7504,0,0,0,1140
71693971,0,1,1,0,0,0,7672,7504,0,0,0,1140
71693972,0,1,1,0,0,0,7672,7504,0,0,0,1141
71693973,1,1,1,0,0,0,7672,7504,0,0,1,1141
71693974,1,1,1,0,0,0,7672,7504,0,0,1,1142
71693975,1,1,1,0,0,0,7672,7504,0,0,1,1142
71693976,1,1,1,0,0,1,7672,7504,0,0,1,1142
71693977,1,1,1,0,0,1,7672,7504,0,0,1,1143
71693978,1,1,1,0,0,1,7672,7504,0,0,1,666
71693979,0,1,1,0,0,1,7672,7504,0,0,140000,666
71693980,0,1,1,0,0,1,7672,7504,0,0,140000,666
71693981,0,1,1,0,0,1,7672,7504,0,0,140000,0
71693982,0,1,1,3,0,1,7672,7504,0,0,0,0
71693983,0,1,1,3,0,1,7672,7504,0,0,0,0
71693984,0,1,1,3,0,1,7672,7504,0,0,0,2001
71693985,0,1,1,3,0,1,7672,7504,0,0,0,17040
71693986,0,1,1,3,0,1,7672,7504,0,0,0,17040
71693987,0,1,1,3,0,1,7672,7504,3040,0,0,0
71693988,0,1,1,3,0,1,7672,7504,3040,0,0,6000
71693989,0,1,1,3,0,1,7672,7504,0,0,0,6000
71693990,0,1,1,3,0,1,7672,7504,0,0,0,6000
71693991,0,1,1,3,0,1,7672,7504,0,0,0,6000
71693992,0,1,1,3,0,1,7672,7504,0,44035,44035,6440
71693993,0,1,1,3,0,1,7672,7504,0,44035,44035,6440
71693994,0,1,1,3,0,1,7672,7504,0,44035,44035,6440
71693995,0,1,1,3,0,1,7672,7504,0,44035,44035,6440
71693996,0,1,1,3,0,1,7672,7504,0,0,44035,6440
71693997,0,1,1,3,0,1,7672,7504,0,0,44035,6440
71693998,0,1,1,3,0,1,7672,7504,0,0,44035,6440
71693999,1,1,1,0,0,1,7672,7504,0,0,44035,170
71694000,1,1,1,0,0,1,7672,7504,0,0,0,170
71694001,1,1,1,0,0,1,7672,7504,0,0,0,0
71694002,1,1,1,0,0,1,7672,7504,0,0,0,0
71694003,1,1,1,0,0,1,7672,7504,0,0,0,0
71694004,1,1,1,0,0,1,7672,7504,3075,0,0,0
71694005,1,1,1,0,0,1,7672,7504,3075,0,0,0
71694006,1,1,1,0,0,1,7672,7504,0,0,0,0
71694007,1,1,1,0,0,1,7672,7504,0,0,0,0
71694008,1,1,1,0,0,1,7672,7504,0,0,0,0
71694009,1,1,1,0,0,1,7672,7504,0,377,377,0
71694010,1,1,1,0,0,1,7672,7504,0,377,377,0
71694011,1,1,1,0,0,1,7672,7504,0,377,377,0
71694012,1,1,1,0,0,1,7672,7504,0,377,377,0
71694013,1,1,1,0,0,1,7672,7504,0,0,377,0
71694014,1,1,1,0,0,1,7672,7504,0,0,377,0
71694015,1,1,1,0,0,1,7672,7504,0,0,377,0
71694016,377,1,1,3,0,1,7672,7504,0,0,377,0
71694017,377,1,1,3,0,1,7672,7504,0,0,0,0
71694018,377,1,1,3,0,1,7672,7504,0,0,0,2001
71694019,377,1,1,3,0,1,7672,7504,0,0,0,17041
71694020,377,1,1,3,0,1,7672,7504,0,0,0,17041
71694021,377,1,1,3,0,1,7672,7504,3041,0,0,0
71694022,377,1,1,3,0,1,7672,7504,3041,0,0,6000
71694023,377,1,1,3,0,1,7672,7504,0,0,0,6000
71694024,377,1,1,3,0,1,7672,7504,0,0,0,6000
71694025,377,1,1,3,0,1,7672,7504,0,0,0,6000
71694026,377,1,1,3,0,1,7672,7504,0,50033,50033,6500
71694027,377,1,1,3,0,1,7672,7504,0,50033,50033,6500
71694028,377,1,1,3,0,1,7672,7504,0,50033,50033,6500
71694029,377,1,1,3,0,1,7672,7504,0,50033,50033,6500
71694030,377,1,1,3,0,1,7672,7504,0,0,50033,6500
71694031,377,1,1,3,0,1,7672,7504,0,0,50033,6500
71694032,377,1,1,3,0,1,7672,7504,0,0,50033,6500
71694033,1,1,1,0,377,1,7672,7504,0,0,50033,172
71694034,1,1,1,0,377,1,7672,7504,0,0,0,172
71694035,1,1,1,0,377,1,7672,7504,0,0,0,0
71694036,1,1,1,0,377,1,7672,7504,0,0,0,0
71694037,1,1,1,0,377,1,7672,7504,0,0,0,0
71694038,1,1,1,0,377,1,7672,7504,3074,0,0,0
71694039,1,1,1,0,377,1,7672,7504,3074,0,0,0
71694040,1,1,1,0,377,1,7672,7504,0,0,0,0
71694041,1,1,1,0,377,1,7672,7504,0,0,0,0
71694042,1,1,1,0,377,1,7672,7504,0,0,0,0
71694043,1,1,1,0,377,1,7672,7504,0,300,300,0
71694044,1,1,1,0,377,1,7672,7504,0,300,300,0
71694045,1,1,1,0,377,1,7672,7504,0,300,300,0
71694046,1,1,1,0,377,1,7672,7504,0,300,300,0
71694047,1,1,1,0,377,1,7672,7504,0,0,300,0
71694048,1,1,1,0,377,1,7672,7504,0,0,300,0
71694049,1,1,1,0,377,1,7672,7504,0,0,300,0
71694050,300,1,1,3,377,1,7672,7504,0,0,300,0
71694051,300,1,1,3,377,1,7672,7504,0,0,0,0
71694052,300,1,1,3,377,1,7672,7504,0,0,0,2001
71694053,300,1,1,3,377,1,7672,7504,0,0,0,17042
71694054,300,1,1,3,377,1,7672,7504,0,0,0,17042
71694055,300,1,1,3,377,1,7672,7504,3042,0,0,0
71694056,300,1,1,3,377,1,7672,7504,3042,0,0,6000
71694057,300,1,1,3,377,1,7672,7504,0,0,0,6000
71694058,300,1,1,3,377,1,7672,7504,0,0,0,6000
71694059,300,1,1,3,377,1,7672,7504,0,0,0,6000
71694060,300,1,1,3,377,1,7672,7504,0,173005,173005,7730
71694061,300,1,1,3,377,1,7672,7504,0,173005,173005,7730
71694062,300,1,1,3,377,1,7672,7504,0,173005,173005,7730
71694063,300,1,1,3,377,1,7672,7504,0,173005,173005,7730
71694064,300,1,1,3,377,1,7672,7504,0,0,173005,7730
71694065,300,1,1,3,377,1,7672,7504,0,0,173005,7730
71694066,300,1,1,3,377,1,7672,7504,0,0,173005,7730
71694067,5,1,1,3,377,1,7672,7504,0,0,173005,0
71694068,5,1,1,3,377,1,7672,7504,0,0,0,0
71694069,5,1,1,3,377,1,7672,7504,0,0,0,2001
71694070,5,1,1,3,377,1,7672,7504,0,0,0,17043
71694071,5,1,1,3,377,1,7672,7504,0,0,0,17043
71694072,5,1,1,3,377,1,7672,7504,3043,0,0,0
71694073,5,1,1,3,377,1,7672,7504,3043,0,0,6000
71694074,5,1,1,3,377,1,7672,7504,0,0,0,6000
71694075,5,1,1,3,377,1,7672,7504,0,0,0,6000
71694076,5,1,1,3,377,1,7672,7504,0,0,0,6000
71694077,5,1,1,3,377,1,7672,7504,0,150415,150415,7504
71694078,5,1,1,3,377,1,7672,7504,0,150415,150415,7504
71694079,5,1,1,3,377,1,7672,7504,0,150415,150415,7504
71694080,5,1,1,3,377,1,7672,7504,0,150415,150415,7504
71694081,5,1,1,3,377,1,7672,7504,0,0,150415,7504
71694082,5,1,1,3,377,1,7672,7504,0,0,150415,7504
71694083,5,1,1,3,377,1,7672,7504,0,0,150415,7504
71694084,1,1,1,0,377,1,7672,7504,0,0,150415,657
71694085,1,1,1,0,377,1,7672,7504,0,0,1,657
71694086,1,1,1,0,377,1,7672,7504,0,0,1,326
71694087,1,1,1,0,377,1,7672,7504,0,0,1,326
71694088,1,1,1,0,377,1,7672,7504,0,0,1,326
71694089,1,1,1,0,377,1,7672,7504,0,0,1,327
71694090,1,1,1,0,377,1,7672,7504,0,0,1,327
71694091,1,1,1,0,377,1,7672,7504,0,0,1,330
71694092,1,1,1,0,377,1,7672,7504,0,0,1,660
71694093,1,1,1,0,377,1,7672,7504,0,0,1,660
71694094,1,1,1,0,377,1,7672,7504,0,0,1,660
71694095,1,1,1,0,377,1,7672,7504,0,0,1,3655
71694096,244,1,1,0,377,1,7672,7504,0,0,110244,3655
71694097,244,1,1,0,377,1,7672,7504,0,0,110244,3655
71694098,244,1,1,0,377,1,7672,7504,0,0,110244,474
71694099,244,1,1,0,377,110244,7672,7504,0,0,110244,474
71694100,244,1,1,0,377,110244,7672,7504,0,0,110244,474
71694101,244,1,1,0,377,110244,7672,7504,0,0,110244,475
71694102,305,1,1,3,377,110244,7672,7504,0,0,305,475
71694103,305,1,1,3,377,110244,7672,7504,0,0,305,476
71694104,305,1,1,3,377,110244,7672,7504,0,0,305,501
71694105,244,1,1,0,377,110244,7672,7504,0,0,110244,501
71694106,244,1,1,0,377,110244,7672,7504,0,0,110244,501
71694107,244,1,1,0,377,110244,7672,7504,0,0,110244,502
71694108,7,1,1,0,377,110244,7672,7504,0,0,7,502
71694109,7,1,1,0,377,110244,7672,7504,0,0,7,503
71694110,7,1,1,0,377,110244,7672,7504,0,0,7,503
71694111,300,1,1,0,377,300,7672,7504,0,0,300,503
71694112,300,1,1,0,377,300,7672,7504,0,0,300,504
71694113,300,1,1,0,377,300,7672,7504,0,0,300,511
71694114,3,1,1,0,377,300,7672,7504,0,0,3,511
71694115,3,1,1,0,377,300,7672,7504,0,0,3,511
71694116,3,1,1,0,377,300,7672,7504,0,0,3,3725
71694117,141,1,1,0,377,304,7672,7504,0,0,30141,3725
71694118,141,1,1,0,377,304,7672,7504,0,0,30141,3725
71694119,141,1,1,0,377,304,7672,7504,0,0,30141,476
71694120,377,0,1,0,377,30141,7672,7504,0,0,377,476
# MARK wr tick=71694120
71694121,377,0,1,0,377,30141,7672,7504,0,0,377,476
71725607,1,1,1,0,177777,60000,1147,15,0,0,10001,1121
71725608,1,1,1,0,177777,60000,1147,15,0,0,10001,1122
71725609,1,1,1,0,177777,60000,1147,15,0,0,10001,1133
71725610,0,1,1,0,177777,140000,1147,15,0,0,0,1133
71725611,0,1,1,0,177777,140000,1147,15,0,0,0,1133
71725612,0,1,1,0,177777,140000,1147,15,0,0,0,1134
71725613,0,1,1,0,177777,0,1147,15,0,0,0,1134
71725614,0,1,1,0,177777,0,1147,15,0,0,0,1135
71725615,0,1,1,0,177777,0,1147,15,0,0,0,1140
71725616,0,1,1,0,177777,0,1147,15,0,0,0,1140
71725617,0,1,1,0,177777,0,1147,15,0,0,0,1140
71725618,0,1,1,0,177777,0,1147,15,0,0,0,1141
71725619,0,1,1,0,177777,0,1147,15,0,0,20000,1141
71725620,0,1,1,0,177777,0,1147,15,0,0,20000,1142
71725621,0,1,1,0,177777,0,1147,15,0,0,20000,1142
71725622,1,1,1,0,177777,20000,1147,15,0,0,1,1142
71725623,1,1,1,0,177777,20000,1147,15,0,0,1,1143
71725624,1,1,1,0,177777,20000,1147,15,0,0,1,1143
71725625,0,1,1,0,177777,20000,1147,15,0,0,140000,1143
71725626,0,1,1,0,177777,20000,1147,15,0,0,140000,1144
71725627,0,1,1,0,177777,20000,1147,15,0,0,140000,1144
71725628,1,1,1,0,177777,20000,1147,15,0,0,1,1144
71725629,1,1,1,0,177777,20000,1147,15,0,0,1,1145
71725630,1,1,1,0,177777,20000,1147,15,0,0,1,1145
71725631,150,1,1,0,177777,1,1147,15,0,0,150,1145
71725632,150,1,1,0,177777,1,1147,15,0,0,150,1146
71725633,150,1,1,0,177777,1,1147,15,0,0,150,1146
71725634,150,1,1,0,177777,1,1147,15,0,0,150,1146
71725635,150,1,1,0,177777,1,1147,15,0,0,150,1147
71725636,150,1,1,0,177777,1,1147,15,0,0,150,1147
71725637,1,1,1,0,177777,1,1147,15,0,0,20001,1147
71725638,1,1,1,0,177777,1,1147,15,0,0,20001,1150
71725639,1,1,1,0,177777,1,1147,15,0,0,20001,1150
71725640,7,1,1,0,177777,1,1147,15,0,0,7,1150
71725641,7,1,1,0,177777,1,1147,15,0,0,7,1151
71725642,7,1,1,0,177777,1,1147,15,0,0,7,1151
71725643,0,1,1,0,177777,1,1147,15,0,0,116400,1151
71725644,0,1,1,0,177777,1,1147,15,0,0,116400,1152
71725645,0,1,1,0,177777,1,1147,15,0,0,116400,1151
71725646,15,1,1,0,177777,1,1147,15,0,0,15,1151
71725647,15,1,1,0,177777,1,1147,15,0,0,15,1151
71725648,15,1,1,0,177777,1,1147,15,0,0,15,1151
71725649,15,1,1,0,177777,15,1147,15,0,0,15,1151
71725650,15,1,1,0,177777,15,1147,15,0,0,15,1151
71725651,15,1,1,0,177777,15,1147,15,0,0,15,1151
71725652,0,1,1,0,177777,15,1147,15,0,0,0,1151
71725653,0,1,1,0,177777,15,1147,15,0,0,0,1151
71725654,0,1,1,0,177777,15,1147,15,0,0,0,1151
71725655,377,1,1,0,177777,0,1147,15,0,0,177777,1151
71725656,377,1,1,0,177777,0,1147,15,0,0,177777,1151
71725657,377,1,1,0,177777,0,1147,15,0,0,177777,1151
71725658,54,1,1,0,177777,177777,1147,15,0,0,2454,1151
71725659,54,1,1,0,177777,177777,1147,15,0,0,2454,1151
71725660,54,1,1,0,177777,177777,1147,15,0,0,2454,1151
71725661,147,1,1,0,177777,2454,1147,15,0,0,1147,1151
71725662,147,1,1,0,177777,2454,1147,15,0,0,1147,1151
71725663,147,1,1,0,177777,2454,1147,15,0,0,1147,1151
71725664,7,1,1,0,177777,1147,1147,15,0,0,2407,1151
71725665,7,1,1,0,177777,1147,1147,15,0,0,2407,1151
71725666,7,1,1,0,177777,1147,1147,15,0,0,2407,1151
71725667,227,1,1,0,177777,2407,1147,15,0,0,12627,1151
71725668,227,1,1,0,177777,2407,1147,15,0,0,12627,1151
71725669,224,1,1,0,177777,2407,1147,15,0,0,12624,1152
71725670,0,1,1,0,177777,12624,1147,15,0,0,116400,1152
71725671,0,1,1,0,177777,12624,1147,15,0,0,116400,1153
71725672,0,1,1,0,177777,12624,1147,15,0,0,116400,1153
71725673,0,1,1,0,177777,116400,1147,15,0,0,170000,1153
71725674,0,1,1,0,177777,116400,1147,15,0,0,170000,1154
71725675,0,1,1,0,177777,116400,1147,15,0,0,170000,1154
71725676,0,1,1,0,177777,116400,1147,15,0,0,110000,1154
71725677,0,1,1,0,177777,116400,1147,15,0,0,110000,1155
71725678,0,1,1,0,177777,116400,1147,15,0,0,110000,1155
71725679,7,1,1,0,177777,116400,1147,15,0,0,7,1155
71725680,7,1,1,0,177777,116400,1147,15,0,0,7,1156
71725681,7,1,1,0,177777,116400,1147,15,0,0,7,1156
71725682,1,1,1,0,177777,116400,1147,15,0,0,20001,1156
71725683,1,1,1,0,177777,116400,1147,15,0,0,20001,1157
71725684,1,1,1,0,177777,116400,1147,15,0,0,20001,1156
71725685,104,1,1,0,177777,116400,1147,15,0,0,7504,1156
71725686,104,1,1,0,177777,116400,1147,15,0,0,7504,1156
71725687,104,1,1,0,177777,116400,1147,15,0,0,7504,1156
71725688,104,1,1,0,177777,116400,1147,7504,0,0,7504,1156
71725689,104,1,1,0,177777,116400,1147,7504,0,0,7504,1156
71725690,104,1,1,0,177777,116400,1147,7504,0,0,7504,1156
71725691,302,1,1,0,177777,116400,1147,7504,0,0,302,1156
71725692,302,1,1,0,177777,116400,1147,7504,0,0,302,1156
71725693,302,1,1,0,177777,116400,1147,7504,0,0,302,1156
71725694,0,1,1,0,177777,116400,1147,7504,0,0,0,1156
71725695,0,1,1,0,177777,116400,1147,7504,0,0,0,1156
71725696,0,1,1,0,177777,116400,1147,7504,0,0,0,1156
71725697,26,1,1,0,0,116400,1147,7504,0,0,3026,1156
71725698,26,1,1,0,0,116400,1147,7504,0,0,3026,1156
71725699,26,1,1,0,0,116400,1147,7504,0,0,3026,1156
71725700,272,1,1,0,0,116400,1147,7504,0,0,7672,1156
71725701,272,1,1,0,0,116400,1147,7504,0,0,7672,1156
71725702,272,1,1,0,0,116400,1147,7504,0,0,7672,1156
71725703,40,1,1,0,0,116400,7672,7504,0,0,3040,1156
71725704,40,1,1,0,0,116400,7672,7504,0,0,3040,1156
71725705,40,1,1,0,0,116400,7672,7504,0,0,3040,1156
71725706,272,1,1,0,0,116400,7672,7504,0,0,55672,1156
71725707,272,1,1,0,0,116400,7672,7504,0,0,55672,1156
71725708,272,1,1,0,0,116400,7672,7504,0,0,55672,1157
71725709,244,1,1,0,0,116400,7672,7504,0,0,110244,1157
71725710,244,1,1,0,0,116400,7672,7504,0,0,110244,1160
71725711,244,1,1,0,0,116400,7672,7504,0,0,110244,1160
71725712,0,1,1,3,0,116400,7672,7504,0,0,0,1160
71725713,0,1,1,3,0,116400,7672,7504,0,0,0,1161
71725714,0,1,1,3,0,116400,7672,7504,0,0,0,1076
71725715,244,1,1,0,0,116400,7672,7504,0,0,110244,1076
71725716,244,1,1,0,0,116400,7672,7504,0,0,110244,1076
71725717,244,1,1,0,0,116400,7672,7504,0,0,110244,0
71725718,0,1,1,3,0,116400,7672,7504,0,0,0,0
71725719,0,1,1,3,0,116400,7672,7504,0,0,0,0
71725720,0,1,1,3,0,116400,7672,7504,0,0,0,2001
71725721,0,1,1,3,0,116400,7672,7504,0,0,0,17040
71725722,0,1,1,3,0,116400,7672,7504,0,0,0,17040
71725723,0,1,1,3,0,116400,7672,7504,3040,0,0,0
71725724,0,1,1,3,0,116400,7672,7504,3040,0,0,6000
71725725,0,1,1,3,0,116400,7672,7504,0,0,0,6000
71725726,0,1,1,3,0,116400,7672,7504,0,0,0,6000
71725727,0,1,1,3,0,116400,7672,7504,0,0,0,6000
71725728,0,1,1,3,0,116400,7672,7504,0,44035,44035,6440
71725729,0,1,1,3,0,116400,7672,7504,0,44035,44035,6440
71725730,0,1,1,3,0,116400,7672,7504,0,44035,44035,6440
71725731,0,1,1,3,0,116400,7672,7504,0,44035,44035,6440
71725732,0,1,1,3,0,116400,7672,7504,0,0,44035,6440
71725733,0,1,1,3,0,116400,7672,7504,0,0,44035,6440
71725734,0,1,1,3,0,116400,7672,7504,0,0,44035,6440
71725735,0,1,1,0,0,116400,7672,7504,0,0,44035,170
71725736,0,1,1,0,0,116400,7672,7504,0,0,0,170
71725737,0,1,1,0,0,116400,7672,7504,0,0,0,0
71725738,0,1,1,0,0,116400,7672,7504,0,0,0,0
71725739,0,1,1,0,0,116400,7672,7504,0,0,0,0
71725740,0,1,1,0,0,116400,7672,7504,3075,0,0,0
71725741,0,1,1,0,0,116400,7672,7504,3075,0,0,0
71725742,0,1,1,0,0,116400,7672,7504,0,0,0,0
71725743,0,1,1,0,0,116400,7672,7504,0,0,0,0
71725744,0,1,1,0,0,116400,7672,7504,0,0,0,0
71725745,0,1,1,0,0,116400,7672,7504,0,103,103,0
71725746,0,1,1,0,0,116400,7672,7504,0,103,103,0
71725747,0,1,1,0,0,116400,7672,7504,0,103,103,0
71725748,0,1,1,0,0,116400,7672,7504,0,103,103,0
71725749,0,1,1,0,0,116400,7672,7504,0,0,103,0
71725750,0,1,1,0,0,116400,7672,7504,0,0,103,0
71725751,0,1,1,0,0,116400,7672,7504,0,0,103,0
71725752,103,1,1,3,0,116400,7672,7504,0,0,103,0
71725753,103,1,1,3,0,116400,7672,7504,0,0,0,0
71725754,103,1,1,3,0,116400,7672,7504,0,0,0,2001
71725755,103,1,1,3,0,116400,7672,7504,0,0,0,17041
71725756,103,1,1,3,0,116400,7672,7504,0,0,0,17041
71725757,103,1,1,3,0,116400,7672,7504,3041,0,0,0
71725758,103,1,1,3,0,116400,7672,7504,3041,0,0,6000
71725759,103,1,1,3,0,116400,7672,7504,0,0,0,6000
71725760,103,1,1,3,0,116400,7672,7504,0,0,0,6000
71725761,103,1,1,3,0,116400,7672,7504,0,0,0,6000
71725762,103,1,1,3,0,116400,7672,7504,0,50033,50033,6500
71725763,103,1,1,3,0,116400,7672,7504,0,50033,50033,6500
71725764,103,1,1,3,0,116400,7672,7504,0,50033,50033,6500
71725765,103,1,1,3,0,116400,7672,7504,0,50033,50033,6500
71725766,103,1,1,3,0,116400,7672,7504,0,0,50033,6500
71725767,103,1,1,3,0,116400,7672,7504,0,0,50033,6500
71725768,103,1,1,3,0,116400,7672,7504,0,0,50033,6500
71725769,0,1,1,0,103,116400,7672,7504,0,0,50033,172
71725770,0,1,1,0,103,116400,7672,7504,0,0,0,172
71725771,0,1,1,0,103,116400,7672,7504,0,0,0,0
71725772,0,1,1,0,103,116400,7672,7504,0,0,0,0
71725773,0,1,1,0,103,116400,7672,7504,0,0,0,0
71725774,0,1,1,0,103,116400,7672,7504,3074,0,0,0
71725775,0,1,1,0,103,116400,7672,7504,3074,0,0,0
71725776,0,1,1,0,103,116400,7672,7504,0,0,0,0
71725777,0,1,1,0,103,116400,7672,7504,0,0,0,0
71725778,0,1,1,0,103,116400,7672,7504,0,0,0,0
71725779,0,1,1,0,103,116400,7672,7504,0,300,300,0
71725780,0,1,1,0,103,116400,7672,7504,0,300,300,0
71725781,0,1,1,0,103,116400,7672,7504,0,300,300,0
71725782,0,1,1,0,103,116400,7672,7504,0,300,300,0
71725783,0,1,1,0,103,116400,7672,7504,0,0,300,0
71725784,0,1,1,0,103,116400,7672,7504,0,0,300,0
71725785,0,1,1,0,103,116400,7672,7504,0,0,300,0
71725786,300,1,1,3,103,116400,7672,7504,0,0,300,0
71725787,300,1,1,3,103,116400,7672,7504,0,0,0,0
71725788,300,1,1,3,103,116400,7672,7504,0,0,0,2001
71725789,300,1,1,3,103,116400,7672,7504,0,0,0,17042
71725790,300,1,1,3,103,116400,7672,7504,0,0,0,17042
71725791,300,1,1,3,103,116400,7672,7504,3042,0,0,0
71725792,300,1,1,3,103,116400,7672,7504,3042,0,0,6000
71725793,300,1,1,3,103,116400,7672,7504,0,0,0,6000
71725794,300,1,1,3,103,116400,7672,7504,0,0,0,6000
71725795,300,1,1,3,103,116400,7672,7504,0,0,0,6000
71725796,300,1,1,3,103,116400,7672,7504,0,173005,173005,7730
71725797,300,1,1,3,103,116400,7672,7504,0,173005,173005,7730
71725798,300,1,1,3,103,116400,7672,7504,0,173005,173005,7730
71725799,300,1,1,3,103,116400,7672,7504,0,173005,173005,7730
71725800,300,1,1,3,103,116400,7672,7504,0,0,173005,7730
71725801,300,1,1,3,103,116400,7672,7504,0,0,173005,7730
71725802,300,1,1,3,103,116400,7672,7504,0,0,173005,7730
71725803,5,1,1,3,103,116400,7672,7504,0,0,173005,0
71725804,5,1,1,3,103,116400,7672,7504,0,0,0,0
71725805,5,1,1,3,103,116400,7672,7504,0,0,0,2001
71725806,5,1,1,3,103,116400,7672,7504,0,0,0,17043
71725807,5,1,1,3,103,116400,7672,7504,0,0,0,17043
71725808,5,1,1,3,103,116400,7672,7504,3043,0,0,0
71725809,5,1,1,3,103,116400,7672,7504,3043,0,0,6000
71725810,5,1,1,3,103,116400,7672,7504,0,0,0,6000
71725811,5,1,1,3,103,116400,7672,7504,0,0,0,6000
71725812,5,1,1,3,103,116400,7672,7504,0,0,0,6000
71725813,5,1,1,3,103,116400,7672,7504,0,150415,150415,7504
71725814,5,1,1,3,103,116400,7672,7504,0,150415,150415,7504
71725815,5,1,1,3,103,116400,7672,7504,0,150415,150415,7504
71725816,5,1,1,3,103,116400,7672,7504,0,150415,150415,7504
71725817,5,1,1,3,103,116400,7672,7504,0,0,150415,7504
71725818,5,1,1,3,103,116400,7672,7504,0,0,150415,7504
71725819,5,1,1,3,103,116400,7672,7504,0,0,150415,7504
71725820,0,1,1,0,103,116400,7672,7504,0,0,156415,657
71725821,0,1,1,0,103,116400,7672,7504,0,0,116400,657
71725822,0,1,1,0,103,116400,7672,7504,0,0,116400,326
71725823,0,1,1,0,103,116400,7672,7504,0,0,116400,326
71725824,0,1,1,0,103,116400,7672,7504,0,0,116400,326
71725825,0,1,1,0,103,116400,7672,7504,0,0,116400,327
71725826,0,1,1,0,103,116400,7672,7504,0,0,116400,327
71725827,0,1,1,0,103,116400,7672,7504,0,0,116400,330
71725828,0,1,1,0,103,116400,7672,7504,0,0,116400,660
71725829,0,1,1,0,103,116400,7672,7504,0,0,116400,660
71725830,0,1,1,0,103,116400,7672,7504,0,0,116400,660
71725831,0,1,1,0,103,116400,7672,7504,0,0,116400,3655
71725832,244,1,1,0,103,116400,7672,7504,0,0,110244,3655
71725833,244,1,1,0,103,116400,7672,7504,0,0,110244,3655
71725834,244,1,1,0,103,116400,7672,7504,0,0,110244,474
71725835,244,1,1,0,103,110244,7672,7504,0,0,110244,474
71725836,244,1,1,0,103,110244,7672,7504,0,0,110244,474
71725837,244,1,1,0,103,110244,7672,7504,0,0,110244,475
71725838,305,1,1,3,103,110244,7672,7504,0,0,305,475
71725839,305,1,1,3,103,110244,7672,7504,0,0,305,476
71725840,305,1,1,3,103,110244,7672,7504,0,0,305,501
71725841,244,1,1,0,103,110244,7672,7504,0,0,110244,501
71725842,244,1,1,0,103,110244,7672,7504,0,0,110244,501
71725843,244,1,1,0,103,110244,7672,7504,0,0,110244,502
71725844,7,1,1,0,103,110244,7672,7504,0,0,7,502
71725845,7,1,1,0,103,110244,7672,7504,0,0,7,503
71725846,7,1,1,0,103,110244,7672,7504,0,0,7,503
71725847,300,1,1,0,103,300,7672,7504,0,0,300,503
71725848,300,1,1,0,103,300,7672,7504,0,0,300,504
71725849,300,1,1,0,103,300,7672,7504,0,0,300,511
71725850,3,1,1,0,103,300,7672,7504,0,0,3,511
71725851,3,1,1,0,103,300,7672,7504,0,0,3,511
71725852,3,1,1,0,103,300,7672,7504,0,0,3,3725
71725853,141,1,1,0,103,304,7672,7504,0,0,30141,3725
71725854,141,1,1,0,103,304,7672,7504,0,0,30141,3725
71725855,141,1,1,0,103,304,7672,7504,0,0,30141,476
71725856,103,0,1,0,103,30141,7672,7504,0,0,103,476
# MARK wr tick=71725856
71725857,103,0,1,0,103,30141,7672,7504,0,0,103,476
71751758,244,1,1,0,0,10244,7672,7504,0,0,10244,326
71751759,244,1,1,0,0,10244,7672,7504,0,0,10244,327
71751760,244,1,1,0,0,10244,7672,7504,0,0,10244,327
71751761,244,1,1,0,0,10244,7672,7504,0,0,10244,330
71751762,244,1,1,0,0,10244,7672,7504,0,0,10244,660
71751763,244,1,1,0,0,10244,7672,7504,0,0,10244,660
71751764,244,1,1,0,0,10244,7672,7504,0,0,10244,660
71751765,244,1,1,0,0,10244,7672,7504,0,0,10244,3642
71751766,244,1,1,0,0,10244,7672,7504,0,0,10244,3642
71751767,244,1,1,0,0,10244,7672,7504,0,0,10244,3642
71751768,244,1,1,0,0,10244,7672,7504,0,0,10244,663
71751769,0,1,1,0,0,10244,7672,7504,0,0,100000,663
71751770,0,1,1,0,0,10244,7672,7504,0,0,100000,663
71751771,0,1,1,0,0,10244,7672,7504,0,0,100000,664
71751772,244,1,1,0,0,110244,7672,7504,0,0,110244,664
71751773,244,1,1,0,0,110244,7672,7504,0,0,110244,665
71751774,244,1,1,0,0,110244,7672,7504,0,0,110244,665
71751775,244,1,1,0,0,110244,7672,7504,0,0,110244,665
71751776,244,1,1,0,0,110244,7672,7504,0,0,110244,666
71751777,244,1,1,0,0,110244,7672,7504,0,0,110244,1112
71751778,245,1,1,0,0,110244,7672,7504,0,0,130245,1112
71751779,245,1,1,0,0,110244,7672,7504,0,0,130245,1112
71751780,245,1,1,0,0,110244,7672,7504,0,0,130245,1113
71751781,245,1,1,0,0,110244,7672,7504,0,0,130245,1113
71751782,245,1,1,0,0,110244,7672,7504,0,0,130245,1113
71751783,245,1,1,0,0,110244,7672,7504,0,0,130245,1113
71751784,245,1,1,0,0,110244,7672,7504,0,0,130245,1113
71751785,245,1,1,0,0,110244,7672,7504,0,0,130245,1113
71751786,244,1,1,0,0,110244,7672,7504,0,0,110244,1113
71751787,244,1,1,0,0,110244,7672,7504,0,0,110244,1114
71751788,244,1,1,0,0,110244,7672,7504,0,0,110244,1114
71751789,10,1,1,0,0,110244,7672,7504,0,0,10,1114
71751790,10,1,1,0,0,110244,7672,7504,0,0,10,1115
71751791,10,1,1,0,0,110244,7672,7504,0,0,10,1115
71751792,10,1,1,0,0,110244,7672,7504,0,0,10,1115
71751793,10,1,1,0,0,110244,7672,7504,0,0,10,1115
71751794,10,1,1,0,0,110244,7672,7504,0,0,10,1115
71751795,10,1,1,0,0,110244,7672,7504,0,0,10,1115
71751796,10,1,1,0,0,110244,7672,7504,0,0,10,1115
71751797,0,1,1,0,0,110244,7672,7504,0,0,0,1115
71751798,0,1,1,0,0,110244,7672,7504,0,0,0,1116
71751799,0,1,1,0,0,110244,7672,7504,0,0,0,1116
71751800,244,1,1,0,0,0,7672,7504,0,0,110244,1116
71751801,244,1,1,0,0,0,7672,7504,0,0,110244,666
71751802,244,1,1,0,0,0,7672,7504,0,0,110244,1117
71751803,1,1,1,0,0,0,7672,7504,0,0,60001,1117
71751804,1,1,1,0,0,0,7672,7504,0,0,60001,1120
71751805,1,1,1,0,0,0,7672,7504,0,0,60001,1120
71751806,13,1,1,0,0,0,7672,7504,0,0,100013,1120
71751807,13,1,1,0,0,0,7672,7504,0,0,100013,1121
71751808,13,1,1,0,0,0,7672,7504,0,0,100013,1120
71751809,0,1,1,0,0,100013,7672,7504,0,0,0,1120
71751810,0,1,1,0,0,100013,7672,7504,0,0,0,1120
71751811,0,1,1,0,0,100013,7672,7504,0,0,0,1120
71751812,1,1,1,0,0,26,7672,7504,0,0,1,1120
71751813,1,1,1,0,0,26,7672,7504,0,0,1,1120
71751814,1,1,1,0,0,26,7672,7504,0,0,1,1120
71751815,2,1,1,0,0,54,7672,7504,0,0,2,1120
71751816,2,1,1,0,0,54,7672,7504,0,0,2,1120
71751817,2,1,1,0,0,54,7672,7504,0,0,2,1120
71751818,4,1,1,0,0,130,7672,7504,0,0,4,1120
71751819,4,1,1,0,0,130,7672,7504,0,0,4,1120
71751820,4,1,1,0,0,130,7672,7504,0,0,4,1120
71751821,10,1,1,0,0,260,7672,7504,0,0,10,1120
71751822,10,1,1,0,0,260,7672,7504,0,0,10,1120
71751823,10,1,1,0,0,260,7672,7504,0,0,10,1120
71751824,20,1,1,0,0,540,7672,7504,0,0,20,1120
71751825,20,1,1,0,0,540,7672,7504,0,0,20,1120
71751826,20,1,1,0,0,540,7672,7504,0,0,20,1120
71751827,40,1,1,0,0,1300,7672,7504,0,0,40,1120
71751828,40,1,1,0,0,1300,7672,7504,0,0,40,1120
71751829,40,1,1,0,0,1300,7672,7504,0,0,40,1120
71751830,100,1,1,0,0,2600,7672,7504,0,0,100,1120
71751831,100,1,1,0,0,2600,7672,7504,0,0,100,1120
71751832,100,1,1,0,0,2600,7672,7504,0,0,100,1120
71751833,200,1,1,0,0,5400,7672,7504,0,0,200,1120
71751834,200,1,1,0,0,5400,7672,7504,0,0,200,1120
71751835,200,1,1,0,0,5400,7672,7504,0,0,200,1120
71751836,0,1,1,0,0,13000,7672,7504,0,0,400,1120
71751837,0,1,1,0,0,13000,7672,7504,0,0,400,1120
71751838,0,1,1,0,0,13000,7672,7504,0,0,400,1120
71751839,0,1,1,0,0,26000,7672,7504,0,0,1000,1120
71751840,0,1,1,0,0,26000,7672,7504,0,0,1000,1120
71751841,0,1,1,0,0,26000,7672,7504,0,0,1000,1120
71751842,0,1,1,0,0,54000,7672,7504,0,0,2000,1120
71751843,0,1,1,0,0,54000,7672,7504,0,0,2000,1120
71751844,0,1,1,0,0,54000,7672,7504,0,0,2000,1120
71751845,0,1,1,0,0,130000,7672,7504,0,0,4000,1120
71751846,0,1,1,0,0,130000,7672,7504,0,0,4000,1120
71751847,0,1,1,0,0,130000,7672,7504,0,0,4000,1121
71751848,1,1,1,0,0,60000,7672,7504,0,0,10001,1121
71751849,1,1,1,0,0,60000,7672,7504,0,0,10001,1122
71751850,1,1,1,0,0,60000,7672,7504,0,0,10001,1133
71751851,0,1,1,0,0,140000,7672,7504,0,0,0,1133
71751852,0,1,1,0,0,140000,7672,7504,0,0,0,1133
71751853,0,1,1,0,0,140000,7672,7504,0,0,0,1134
71751854,0,1,1,0,0,0,7672,7504,0,0,0,1134
71751855,0,1,1,0,0,0,7672,7504,0,0,0,1135
71751856,0,1,1,0,0,0,7672,7504,0,0,0,1140
71751857,0,1,1,0,0,0,7672,7504,0,0,0,1140
71751858,0,1,1,0,0,0,7672,7504,0,0,0,1140
71751859,0,1,1,0,0,0,7672,7504,0,0,0,1141
71751860,1,1,1,0,0,0,7672,7504,0,0,1,1141
71751861,1,1,1,0,0,0,7672,7504,0,0,1,1142
71751862,1,1,1,0,0,0,7672,7504,0,0,1,1142
71751863,1,1,1,0,0,1,7672,7504,0,0,1,1142
71751864,1,1,1,0,0,1,7672,7504,0,0,1,1143
71751865,1,1,1,0,0,1,7672,7504,0,0,1,666
71751866,0,1,1,0,0,1,7672,7504,0,0,140000,666
71751867,0,1,1,0,0,1,7672,7504,0,0,140000,666
71751868,0,1,1,0,0,1,7672,7504,0,0,140000,0
71751869,0,1,1,3,0,1,7672,7504,0,0,0,0
71751870,0,1,1,3,0,1,7672,7504,0,0,0,0
71751871,0,1,1,3,0,1,7672,7504,0,0,0,2001
71751872,0,1,1,3,0,1,7672,7504,0,0,0,17040
71751873,0,1,1,3,0,1,7672,7504,0,0,0,17040
71751874,0,1,1,3,0,1,7672,7504,3040,0,0,0
71751875,0,1,1,3,0,1,7672,7504,3040,0,0,6000
71751876,0,1,1,3,0,1,7672,7504,0,0,0,6000
71751877,0,1,1,3,0,1,7672,7504,0,0,0,6000
71751878,0,1,1,3,0,1,7672,7504,0,0,0,6000
71751879,0,1,1,3,0,1,7672,7504,0,44035,44035,6440
71751880,0,1,1,3,0,1,7672,7504,0,44035,44035,6440
71751881,0,1,1,3,0,1,7672,7504,0,44035,44035,6440
71751882,0,1,1,3,0,1,7672,7504,0,44035,44035,6440
71751883,0,1,1,3,0,1,7672,7504,0,0,44035,6440
71751884,0,1,1,3,0,1,7672,7504,0,0,44035,6440
71751885,0,1,1,3,0,1,7672,7504,0,0,44035,6440
71751886,1,1,1,0,0,1,7672,7504,0,0,44035,170
71751887,1,1,1,0,0,1,7672,7504,0,0,0,170
71751888,1,1,1,0,0,1,7672,7504,0,0,0,0
71751889,1,1,1,0,0,1,7672,7504,0,0,0,0
71751890,1,1,1,0,0,1,7672,7504,0,0,0,0
71751891,1,1,1,0,0,1,7672,7504,3075,0,0,0
71751892,1,1,1,0,0,1,7672,7504,3075,0,0,0
71751893,1,1,1,0,0,1,7672,7504,0,0,0,0
71751894,1,1,1,0,0,1,7672,7504,0,0,0,0
71751895,1,1,1,0,0,1,7672,7504,0,0,0,0
71751896,1,1,1,0,0,1,7672,7504,0,124,124,0
71751897,1,1,1,0,0,1,7672,7504,0,124,124,0
71751898,1,1,1,0,0,1,7672,7504,0,124,124,0
71751899,1,1,1,0,0,1,7672,7504,0,124,124,0
71751900,1,1,1,0,0,1,7672,7504,0,0,124,0
71751901,1,1,1,0,0,1,7672,7504,0,0,124,0
71751902,1,1,1,0,0,1,7672,7504,0,0,124,0
71751903,124,1,1,3,0,1,7672,7504,0,0,124,0
71751904,124,1,1,3,0,1,7672,7504,0,0,0,0
71751905,124,1,1,3,0,1,7672,7504,0,0,0,2001
71751906,124,1,1,3,0,1,7672,7504,0,0,0,17041
71751907,124,1,1,3,0,1,7672,7504,0,0,0,17041
71751908,124,1,1,3,0,1,7672,7504,3041,0,0,0
71751909,124,1,1,3,0,1,7672,7504,3041,0,0,6000
71751910,124,1,1,3,0,1,7672,7504,0,0,0,6000
71751911,124,1,1,3,0,1,7672,7504,0,0,0,6000
71751912,124,1,1,3,0,1,7672,7504,0,0,0,6000
71751913,124,1,1,3,0,1,7672,7504,0,50033,50033,6500
71751914,124,1,1,3,0,1,7672,7504,0,50033,50033,6500
71751915,124,1,1,3,0,1,7672,7504,0,50033,50033,6500
71751916,124,1,1,3,0,1,7672,7504,0,50033,50033,6500
71751917,124,1,1,3,0,1,7672,7504,0,0,50033,6500
71751918,124,1,1,3,0,1,7672,7504,0,0,50033,6500
71751919,124,1,1,3,0,1,7672,7504,0,0,50033,6500
71751920,1,1,1,0,124,1,7672,7504,0,0,50033,172
71751921,1,1,1,0,124,1,7672,7504,0,0,0,172
71751922,1,1,1,0,124,1,7672,7504,0,0,0,0
71751923,1,1,1,0,124,1,7672,7504,0,0,0,0
71751924,1,1,1,0,124,1,7672,7504,0,0,0,0
71751925,1,1,1,0,124,1,7672,7504,3074,0,0,0
71751926,1,1,1,0,124,1,7672,7504,3074,0,0,0
71751927,1,1,1,0,124,1,7672,7504,0,0,0,0
71751928,1,1,1,0,124,1,7672,7504,0,0,0,0
71751929,1,1,1,0,124,1,7672,7504,0,0,0,0
71751930,1,1,1,0,124,1,7672,7504,0,300,300,0
71751931,1,1,1,0,124,1,7672,7504,0,300,300,0
71751932,1,1,1,0,124,1,7672,7504,0,300,300,0
71751933,1,1,1,0,124,1,7672,7504,0,300,300,0
71751934,1,1,1,0,124,1,7672,7504,0,0,300,0
71751935,1,1,1,0,124,1,7672,7504,0,0,300,0
71751936,1,1,1,0,124,1,7672,7504,0,0,300,0
71751937,300,1,1,3,124,1,7672,7504,0,0,300,0
71751938,300,1,1,3,124,1,7672,7504,0,0,0,0
71751939,300,1,1,3,124,1,7672,7504,0,0,0,2001
71751940,300,1,1,3,124,1,7672,7504,0,0,0,17042
71751941,300,1,1,3,124,1,7672,7504,0,0,0,17042
71751942,300,1,1,3,124,1,7672,7504,3042,0,0,0
71751943,300,1,1,3,124,1,7672,7504,3042,0,0,6000
71751944,300,1,1,3,124,1,7672,7504,0,0,0,6000
71751945,300,1,1,3,124,1,7672,7504,0,0,0,6000
71751946,300,1,1,3,124,1,7672,7504,0,0,0,6000
71751947,300,1,1,3,124,1,7672,7504,0,173005,173005,7730
71751948,300,1,1,3,124,1,7672,7504,0,173005,173005,7730
71751949,300,1,1,3,124,1,7672,7504,0,173005,173005,7730
71751950,300,1,1,3,124,1,7672,7504,0,173005,173005,7730
71751951,300,1,1,3,124,1,7672,7504,0,0,173005,7730
71751952,300,1,1,3,124,1,7672,7504,0,0,173005,7730
71751953,300,1,1,3,124,1,7672,7504,0,0,173005,7730
71751954,5,1,1,3,124,1,7672,7504,0,0,173005,0
71751955,5,1,1,3,124,1,7672,7504,0,0,0,0
71751956,5,1,1,3,124,1,7672,7504,0,0,0,2001
71751957,5,1,1,3,124,1,7672,7504,0,0,0,17043
71751958,5,1,1,3,124,1,7672,7504,0,0,0,17043
71751959,5,1,1,3,124,1,7672,7504,3043,0,0,0
71751960,5,1,1,3,124,1,7672,7504,3043,0,0,6000
71751961,5,1,1,3,124,1,7672,7504,0,0,0,6000
71751962,5,1,1,3,124,1,7672,7504,0,0,0,6000
71751963,5,1,1,3,124,1,7672,7504,0,0,0,6000
71751964,5,1,1,3,124,1,7672,7504,0,150415,150415,7504
71751965,5,1,1,3,124,1,7672,7504,0,150415,150415,7504
71751966,5,1,1,3,124,1,7672,7504,0,150415,150415,7504
71751967,5,1,1,3,124,1,7672,7504,0,150415,150415,7504
71751968,5,1,1,3,124,1,7672,7504,0,0,150415,7504
71751969,5,1,1,3,124,1,7672,7504,0,0,150415,7504
71751970,5,1,1,3,124,1,7672,7504,0,0,150415,7504
71751971,1,1,1,0,124,1,7672,7504,0,0,150415,657
71751972,1,1,1,0,124,1,7672,7504,0,0,1,657
71751973,1,1,1,0,124,1,7672,7504,0,0,1,326
71751974,1,1,1,0,124,1,7672,7504,0,0,1,326
71751975,1,1,1,0,124,1,7672,7504,0,0,1,326
71751976,1,1,1,0,124,1,7672,7504,0,0,1,327
71751977,1,1,1,0,124,1,7672,7504,0,0,1,327
71751978,1,1,1,0,124,1,7672,7504,0,0,1,330
71751979,1,1,1,0,124,1,7672,7504,0,0,1,660
71751980,1,1,1,0,124,1,7672,7504,0,0,1,660
71751981,1,1,1,0,124,1,7672,7504,0,0,1,660
71751982,1,1,1,0,124,1,7672,7504,0,0,1,3655
71751983,244,1,1,0,124,1,7672,7504,0,0,110244,3655
71751984,244,1,1,0,124,1,7672,7504,0,0,110244,3655
71751985,244,1,1,0,124,1,7672,7504,0,0,110244,474
71751986,244,1,1,0,124,110244,7672,7504,0,0,110244,474
71751987,244,1,1,0,124,110244,7672,7504,0,0,110244,474
71751988,244,1,1,0,124,110244,7672,7504,0,0,110244,475
71751989,305,1,1,3,124,110244,7672,7504,0,0,305,475
71751990,305,1,1,3,124,110244,7672,7504,0,0,305,476
71751991,305,1,1,3,124,110244,7672,7504,0,0,305,501
71751992,244,1,1,0,124,110244,7672,7504,0,0,110244,501
71751993,244,1,1,0,124,110244,7672,7504,0,0,110244,501
71751994,244,1,1,0,124,110244,7672,7504,0,0,110244,502
71751995,7,1,1,0,124,110244,7672,7504,0,0,7,502
71751996,7,1,1,0,124,110244,7672,7504,0,0,7,503
71751997,7,1,1,0,124,110244,7672,7504,0,0,7,503
71751998,300,1,1,0,124,300,7672,7504,0,0,300,503
71751999,300,1,1,0,124,300,7672,7504,0,0,300,504
71752000,300,1,1,0,124,300,7672,7504,0,0,300,511
71752001,3,1,1,0,124,300,7672,7504,0,0,3,511
71752002,3,1,1,0,124,300,7672,7504,0,0,3,511
71752003,3,1,1,0,124,300,7672,7504,0,0,3,3725
71752004,141,1,1,0,124,304,7672,7504,0,0,30141,3725
71752005,141,1,1,0,124,304,7672,7504,0,0,30141,3725
71752006,141,1,1,0,124,304,7672,7504,0,0,30141,476
71752007,124,0,1,0,124,30141,7672,7504,0,0,124,476
# MARK wr tick=71752007
71752008,124,0,1,0,124,30141,7672,7504,0,0,124,476
71783529,1,1,1,0,177777,60000,1147,15,0,0,10001,1121
71783530,1,1,1,0,177777,60000,1147,15,0,0,10001,1122
71783531,1,1,1,0,177777,60000,1147,15,0,0,10001,1133
71783532,0,1,1,0,177777,140000,1147,15,0,0,0,1133
71783533,0,1,1,0,177777,140000,1147,15,0,0,0,1133
71783534,0,1,1,0,177777,140000,1147,15,0,0,0,1134
71783535,0,1,1,0,177777,0,1147,15,0,0,0,1134
71783536,0,1,1,0,177777,0,1147,15,0,0,0,1135
71783537,0,1,1,0,177777,0,1147,15,0,0,0,1140
71783538,0,1,1,0,177777,0,1147,15,0,0,0,1140
71783539,0,1,1,0,177777,0,1147,15,0,0,0,1140
71783540,0,1,1,0,177777,0,1147,15,0,0,0,1141
71783541,0,1,1,0,177777,0,1147,15,0,0,20000,1141
71783542,0,1,1,0,177777,0,1147,15,0,0,20000,1142
71783543,0,1,1,0,177777,0,1147,15,0,0,20000,1142
71783544,1,1,1,0,177777,20000,1147,15,0,0,1,1142
71783545,1,1,1,0,177777,20000,1147,15,0,0,1,1143
71783546,1,1,1,0,177777,20000,1147,15,0,0,1,1143
71783547,0,1,1,0,177777,20000,1147,15,0,0,140000,1143
71783548,0,1,1,0,177777,20000,1147,15,0,0,140000,1144
71783549,0,1,1,0,177777,20000,1147,15,0,0,140000,1144
71783550,1,1,1,0,177777,20000,1147,15,0,0,1,1144
71783551,1,1,1,0,177777,20000,1147,15,0,0,1,1145
71783552,1,1,1,0,177777,20000,1147,15,0,0,1,1145
71783553,150,1,1,0,177777,1,1147,15,0,0,150,1145
71783554,150,1,1,0,177777,1,1147,15,0,0,150,1146
71783555,150,1,1,0,177777,1,1147,15,0,0,150,1146
71783556,150,1,1,0,177777,1,1147,15,0,0,150,1146
71783557,150,1,1,0,177777,1,1147,15,0,0,150,1147
71783558,150,1,1,0,177777,1,1147,15,0,0,150,1147
71783559,1,1,1,0,177777,1,1147,15,0,0,20001,1147
71783560,1,1,1,0,177777,1,1147,15,0,0,20001,1150
71783561,1,1,1,0,177777,1,1147,15,0,0,20001,1150
71783562,7,1,1,0,177777,1,1147,15,0,0,7,1150
71783563,7,1,1,0,177777,1,1147,15,0,0,7,1151
71783564,7,1,1,0,177777,1,1147,15,0,0,7,1151
71783565,0,1,1,0,177777,1,1147,15,0,0,116400,1151
71783566,0,1,1,0,177777,1,1147,15,0,0,116400,1152
71783567,0,1,1,0,177777,1,1147,15,0,0,116400,1151
71783568,15,1,1,0,177777,1,1147,15,0,0,15,1151
71783569,15,1,1,0,177777,1,1147,15,0,0,15,1151
71783570,15,1,1,0,177777,1,1147,15,0,0,15,1151
71783571,15,1,1,0,177777,15,1147,15,0,0,15,1151
71783572,15,1,1,0,177777,15,1147,15,0,0,15,1151
71783573,15,1,1,0,177777,15,1147,15,0,0,15,1151
71783574,0,1,1,0,177777,15,1147,15,0,0,0,1151
71783575,0,1,1,0,177777,15,1147,15,0,0,0,1151
71783576,0,1,1,0,177777,15,1147,15,0,0,0,1151
71783577,377,1,1,0,177777,0,1147,15,0,0,177777,1151
71783578,377,1,1,0,177777,0,1147,15,0,0,177777,1151
71783579,377,1,1,0,177777,0,1147,15,0,0,177777,1151
71783580,54,1,1,0,177777,177777,1147,15,0,0,2454,1151
71783581,54,1,1,0,177777,177777,1147,15,0,0,2454,1151
71783582,54,1,1,0,177777,177777,1147,15,0,0,2454,1151
71783583,147,1,1,0,177777,2454,1147,15,0,0,1147,1151
71783584,147,1,1,0,177777,2454,1147,15,0,0,1147,1151
71783585,147,1,1,0,177777,2454,1147,15,0,0,1147,1151
71783586,7,1,1,0,177777,1147,1147,15,0,0,2407,1151
71783587,7,1,1,0,177777,1147,1147,15,0,0,2407,1151
71783588,7,1,1,0,177777,1147,1147,15,0,0,2407,1151
71783589,233,1,1,0,177777,2407,1147,15,0,0,12633,1151
71783590,233,1,1,0,177777,2407,1147,15,0,0,12633,1151
71783591,233,1,1,0,177777,2407,1147,15,0,0,12633,1152
71783592,0,1,1,0,177777,12633,1147,15,0,0,116400,1152
71783593,0,1,1,0,177777,12633,1147,15,0,0,116400,1153
71783594,0,1,1,0,177777,12633,1147,15,0,0,116400,1153
71783595,0,1,1,0,177777,116400,1147,15,0,0,170000,1153
71783596,0,1,1,0,177777,116400,1147,15,0,0,170000,1154
71783597,0,1,1,0,177777,116400,1147,15,0,0,170000,1154
71783598,0,1,1,0,177777,116400,1147,15,0,0,110000,1154
71783599,0,1,1,0,177777,116400,1147,15,0,0,110000,1155
71783600,0,1,1,0,177777,116400,1147,15,0,0,110000,1155
71783601,7,1,1,0,177777,116400,1147,15,0,0,7,1155
71783602,7,1,1,0,177777,116400,1147,15,0,0,7,1156
71783603,7,1,1,0,177777,116400,1147,15,0,0,7,1156
71783604,1,1,1,0,177777,116400,1147,15,0,0,20001,1156
71783605,1,1,1,0,177777,116400,1147,15,0,0,20001,1157
71783606,1,1,1,0,177777,116400,1147,15,0,0,20001,1156
71783607,104,1,1,0,177777,116400,1147,15,0,0,7504,1156
71783608,104,1,1,0,177777,116400,1147,15,0,0,7504,1156
71783609,104,1,1,0,177777,116400,1147,15,0,0,7504,1156
71783610,104,1,1,0,177777,116400,1147,7504,0,0,7504,1156
71783611,104,1,1,0,177777,116400,1147,7504,0,0,7504,1156
71783612,104,1,1,0,177777,116400,1147,7504,0,0,7504,1156
71783613,302,1,1,0,177777,116400,1147,7504,0,0,302,1156
71783614,302,1,1,0,177777,116400,1147,7504,0,0,302,1156
71783615,302,1,1,0,177777,116400,1147,7504,0,0,302,1156
71783616,0,1,1,0,177777,116400,1147,7504,0,0,0,1156
71783617,0,1,1,0,177777,116400,1147,7504,0,0,0,1156
71783618,0,1,1,0,177777,116400,1147,7504,0,0,0,1156
71783619,26,1,1,0,0,116400,1147,7504,0,0,3026,1156
71783620,26,1,1,0,0,116400,1147,7504,0,0,3026,1156
71783621,26,1,1,0,0,116400,1147,7504,0,0,3026,1156
71783622,272,1,1,0,0,116400,1147,7504,0,0,7672,1156
71783623,272,1,1,0,0,116400,1147,7504,0,0,7672,1156
71783624,272,1,1,0,0,116400,1147,7504,0,0,7672,1156
71783625,40,1,1,0,0,116400,7672,7504,0,0,3040,1156
71783626,40,1,1,0,0,116400,7672,7504,0,0,3040,1156
71783627,40,1,1,0,0,116400,7672,7504,0,0,3040,1156
71783628,272,1,1,0,0,116400,7672,7504,0,0,55672,1156
71783629,272,1,1,0,0,116400,7672,7504,0,0,55672,1156
71783630,272,1,1,0,0,116400,7672,7504,0,0,55672,1157
71783631,244,1,1,0,0,116400,7672,7504,0,0,110244,1157
71783632,244,1,1,0,0,116400,7672,7504,0,0,110244,1160
71783633,244,1,1,0,0,116400,7672,7504,0,0,110244,1160
71783634,0,1,1,3,0,116400,7672,7504,0,0,0,1160
71783635,0,1,1,3,0,116400,7672,7504,0,0,0,1161
71783636,0,1,1,3,0,116400,7672,7504,0,0,0,1076
71783637,244,1,1,0,0,116400,7672,7504,0,0,110244,1076
71783638,244,1,1,0,0,116400,7672,7504,0,0,110244,1076
71783639,244,1,1,0,0,116400,7672,7504,0,0,110244,0
71783640,0,1,1,3,0,116400,7672,7504,0,0,0,0
71783641,0,1,1,3,0,116400,7672,7504,0,0,0,0
71783642,0,1,1,3,0,116400,7672,7504,0,0,0,2001
71783643,0,1,1,3,0,116400,7672,7504,0,0,0,17040
71783644,0,1,1,3,0,116400,7672,7504,0,0,0,17040
71783645,0,1,1,3,0,116400,7672,7504,3040,0,0,0
71783646,0,1,1,3,0,116400,7672,7504,3040,0,0,6000
71783647,0,1,1,3,0,116400,7672,7504,0,0,0,6000
71783648,0,1,1,3,0,116400,7672,7504,0,0,0,6000
71783649,0,1,1,3,0,116400,7672,7504,0,0,0,6000
71783650,0,1,1,3,0,116400,7672,7504,0,44035,44035,6440
71783651,0,1,1,3,0,116400,7672,7504,0,44035,44035,6440
71783652,0,1,1,3,0,116400,7672,7504,0,44035,44035,6440
71783653,0,1,1,3,0,116400,7672,7504,0,44035,44035,6440
71783654,0,1,1,3,0,116400,7672,7504,0,0,44035,6440
71783655,0,1,1,3,0,116400,7672,7504,0,0,44035,6440
71783656,0,1,1,3,0,116400,7672,7504,0,0,44035,6440
71783657,0,1,1,0,0,116400,7672,7504,0,0,44035,170
71783658,0,1,1,0,0,116400,7672,7504,0,0,0,170
71783659,0,1,1,0,0,116400,7672,7504,0,0,0,0
71783660,0,1,1,0,0,116400,7672,7504,0,0,0,0
71783661,0,1,1,0,0,116400,7672,7504,0,0,0,0
71783662,0,1,1,0,0,116400,7672,7504,3075,0,0,0
71783663,0,1,1,0,0,116400,7672,7504,3075,0,0,0
71783664,0,1,1,0,0,116400,7672,7504,0,0,0,0
71783665,0,1,1,0,0,116400,7672,7504,0,0,0,0
71783666,0,1,1,0,0,116400,7672,7504,0,0,0,0
71783667,0,1,1,0,0,116400,7672,7504,0,111,111,0
71783668,0,1,1,0,0,116400,7672,7504,0,111,111,0
71783669,0,1,1,0,0,116400,7672,7504,0,111,111,0
71783670,0,1,1,0,0,116400,7672,7504,0,111,111,0
71783671,0,1,1,0,0,116400,7672,7504,0,0,111,0
71783672,0,1,1,0,0,116400,7672,7504,0,0,111,0
71783673,0,1,1,0,0,116400,7672,7504,0,0,111,0
71783674,111,1,1,3,0,116400,7672,7504,0,0,111,0
71783675,111,1,1,3,0,116400,7672,7504,0,0,0,0
71783676,111,1,1,3,0,116400,7672,7504,0,0,0,2001
71783677,111,1,1,3,0,116400,7672,7504,0,0,0,17041
71783678,111,1,1,3,0,116400,7672,7504,0,0,0,17041
71783679,111,1,1,3,0,116400,7672,7504,3041,0,0,0
71783680,111,1,1,3,0,116400,7672,7504,3041,0,0,6000
71783681,111,1,1,3,0,116400,7672,7504,0,0,0,6000
71783682,111,1,1,3,0,116400,7672,7504,0,0,0,6000
71783683,111,1,1,3,0,116400,7672,7504,0,0,0,6000
71783684,111,1,1,3,0,116400,7672,7504,0,50033,50033,6500
71783685,111,1,1,3,0,116400,7672,7504,0,50033,50033,6500
71783686,111,1,1,3,0,116400,7672,7504,0,50033,50033,6500
71783687,111,1,1,3,0,116400,7672,7504,0,50033,50033,6500
71783688,111,1,1,3,0,116400,7672,7504,0,0,50033,6500
71783689,111,1,1,3,0,116400,7672,7504,0,0,50033,6500
71783690,111,1,1,3,0,116400,7672,7504,0,0,50033,6500
71783691,0,1,1,0,111,116400,7672,7504,0,0,50033,172
71783692,0,1,1,0,111,116400,7672,7504,0,0,0,172
71783693,0,1,1,0,111,116400,7672,7504,0,0,0,0
71783694,0,1,1,0,111,116400,7672,7504,0,0,0,0
71783695,0,1,1,0,111,116400,7672,7504,0,0,0,0
71783696,0,1,1,0,111,116400,7672,7504,3074,0,0,0
71783697,0,1,1,0,111,116400,7672,7504,3074,0,0,0
71783698,0,1,1,0,111,116400,7672,7504,0,0,0,0
71783699,0,1,1,0,111,116400,7672,7504,0,0,0,0
71783700,0,1,1,0,111,116400,7672,7504,0,0,0,0
71783701,0,1,1,0,111,116400,7672,7504,0,300,300,0
71783702,0,1,1,0,111,116400,7672,7504,0,300,300,0
71783703,0,1,1,0,111,116400,7672,7504,0,300,300,0
71783704,0,1,1,0,111,116400,7672,7504,0,300,300,0
71783705,0,1,1,0,111,116400,7672,7504,0,0,300,0
71783706,0,1,1,0,111,116400,7672,7504,0,0,300,0
71783707,0,1,1,0,111,116400,7672,7504,0,0,300,0
71783708,300,1,1,3,111,116400,7672,7504,0,0,300,0
71783709,300,1,1,3,111,116400,7672,7504,0,0,0,0
71783710,300,1,1,3,111,116400,7672,7504,0,0,0,2001
71783711,300,1,1,3,111,116400,7672,7504,0,0,0,17042
71783712,300,1,1,3,111,116400,7672,7504,0,0,0,17042
71783713,300,1,1,3,111,116400,7672,7504,3042,0,0,0
71783714,300,1,1,3,111,116400,7672,7504,3042,0,0,6000
71783715,300,1,1,3,111,116400,7672,7504,0,0,0,6000
71783716,300,1,1,3,111,116400,7672,7504,0,0,0,6000
71783717,300,1,1,3,111,116400,7672,7504,0,0,0,6000
71783718,300,1,1,3,111,116400,7672,7504,0,173005,173005,7730
71783719,300,1,1,3,111,116400,7672,7504,0,173005,173005,7730
71783720,300,1,1,3,111,116400,7672,7504,0,173005,173005,7730
71783721,300,1,1,3,111,116400,7672,7504,0,173005,173005,7730
71783722,300,1,1,3,111,116400,7672,7504,0,0,173005,7730
71783723,300,1,1,3,111,116400,7672,7504,0,0,173005,7730
71783724,300,1,1,3,111,116400,7672,7504,0,0,173005,7730
71783725,5,1,1,3,111,116400,7672,7504,0,0,173005,0
71783726,5,1,1,3,111,116400,7672,7504,0,0,0,0
71783727,5,1,1,3,111,116400,7672,7504,0,0,0,2001
71783728,5,1,1,3,111,116400,7672,7504,0,0,0,17043
71783729,5,1,1,3,111,116400,7672,7504,0,0,0,17043
71783730,5,1,1,3,111,116400,7672,7504,3043,0,0,0
71783731,5,1,1,3,111,116400,7672,7504,3043,0,0,6000
71783732,5,1,1,3,111,116400,7672,7504,0,0,0,6000
71783733,5,1,1,3,111,116400,7672,7504,0,0,0,6000
71783734,5,1,1,3,111,116400,7672,7504,0,0,0,6000
71783735,5,1,1,3,111,116400,7672,7504,0,150415,150415,7504
71783736,5,1,1,3,111,116400,7672,7504,0,150415,150415,7504
71783737,5,1,1,3,111,116400,7672,7504,0,150415,150415,7504
71783738,5,1,1,3,111,116400,7672,7504,0,150415,150415,7504
71783739,5,1,1,3,111,116400,7672,7504,0,0,150415,7504
71783740,5,1,1,3,111,116400,7672,7504,0,0,150415,7504
71783741,5,1,1,3,111,116400,7672,7504,0,0,150415,7504
71783742,0,1,1,0,111,116400,7672,7504,0,0,156415,657
71783743,0,1,1,0,111,116400,7672,7504,0,0,116400,657
71783744,0,1,1,0,111,116400,7672,7504,0,0,116400,326
71783745,0,1,1,0,111,116400,7672,7504,0,0,116400,326
71783746,0,1,1,0,111,116400,7672,7504,0,0,116400,326
71783747,0,1,1,0,111,116400,7672,7504,0,0,116400,327
71783748,0,1,1,0,111,116400,7672,7504,0,0,116400,327
71783749,0,1,1,0,111,116400,7672,7504,0,0,116400,330
71783750,0,1,1,0,111,116400,7672,7504,0,0,116400,660
71783751,0,1,1,0,111,116400,7672,7504,0,0,116400,660
71783752,0,1,1,0,111,116400,7672,7504,0,0,116400,660
71783753,0,1,1,0,111,116400,7672,7504,0,0,116400,3655
71783754,244,1,1,0,111,116400,7672,7504,0,0,110244,3655
71783755,244,1,1,0,111,116400,7672,7504,0,0,110244,3655
71783756,244,1,1,0,111,116400,7672,7504,0,0,110244,474
71783757,244,1,1,0,111,110244,7672,7504,0,0,110244,474
71783758,244,1,1,0,111,110244,7672,7504,0,0,110244,474
71783759,244,1,1,0,111,110244,7672,7504,0,0,110244,475
71783760,305,1,1,3,111,110244,7672,7504,0,0,305,475
71783761,305,1,1,3,111,110244,7672,7504,0,0,305,476
71783762,305,1,1,3,111,110244,7672,7504,0,0,305,501
71783763,244,1,1,0,111,110244,7672,7504,0,0,110244,501
71783764,244,1,1,0,111,110244,7672,7504,0,0,110244,501
71783765,244,1,1,0,111,110244,7672,7504,0,0,110244,502
71783766,7,1,1,0,111,110244,7672,7504,0,0,7,502
71783767,7,1,1,0,111,110244,7672,7504,0,0,7,503
71783768,7,1,1,0,111,110244,7672,7504,0,0,7,503
71783769,300,1,1,0,111,300,7672,7504,0,0,300,503
71783770,300,1,1,0,111,300,7672,7504,0,0,300,504
71783771,300,1,1,0,111,300,7672,7504,0,0,300,511
71783772,3,1,1,0,111,300,7672,7504,0,0,3,511
71783773,3,1,1,0,111,300,7672,7504,0,0,3,511
71783774,3,1,1,0,111,300,7672,7504,0,0,3,3725
71783775,141,1,1,0,111,304,7672,7504,0,0,30141,3725
71783776,141,1,1,0,111,304,7672,7504,0,0,30141,3725
71783777,141,1,1,0,111,304,7672,7504,0,0,30141,476
71783778,111,0,1,0,111,30141,7672,7504,0,0,111,476
# MARK wr tick=71783778
71783779,111,0,1,0,111,30141,7672,7504,0,0,111,476
71809661,244,1,1,0,0,10244,7672,7504,0,0,10244,326
71809662,244,1,1,0,0,10244,7672,7504,0,0,10244,327
71809663,244,1,1,0,0,10244,7672,7504,0,0,10244,327
71809664,244,1,1,0,0,10244,7672,7504,0,0,10244,330
71809665,244,1,1,0,0,10244,7672,7504,0,0,10244,660
71809666,244,1,1,0,0,10244,7672,7504,0,0,10244,660
71809667,244,1,1,0,0,10244,7672,7504,0,0,10244,660
71809668,244,1,1,0,0,10244,7672,7504,0,0,10244,3642
71809669,244,1,1,0,0,10244,7672,7504,0,0,10244,3642
71809670,244,1,1,0,0,10244,7672,7504,0,0,10244,3642
71809671,244,1,1,0,0,10244,7672,7504,0,0,10244,663
71809672,0,1,1,0,0,10244,7672,7504,0,0,100000,663
71809673,0,1,1,0,0,10244,7672,7504,0,0,100000,663
71809674,0,1,1,0,0,10244,7672,7504,0,0,100000,664
71809675,244,1,1,0,0,110244,7672,7504,0,0,110244,664
71809676,244,1,1,0,0,110244,7672,7504,0,0,110244,665
71809677,244,1,1,0,0,110244,7672,7504,0,0,110244,665
71809678,244,1,1,0,0,110244,7672,7504,0,0,110244,665
71809679,244,1,1,0,0,110244,7672,7504,0,0,110244,666
71809680,244,1,1,0,0,110244,7672,7504,0,0,110244,1112
71809681,245,1,1,0,0,110244,7672,7504,0,0,130245,1112
71809682,245,1,1,0,0,110244,7672,7504,0,0,130245,1112
71809683,245,1,1,0,0,110244,7672,7504,0,0,130245,1113
71809684,245,1,1,0,0,110244,7672,7504,0,0,130245,1113
71809685,245,1,1,0,0,110244,7672,7504,0,0,130245,1113
71809686,245,1,1,0,0,110244,7672,7504,0,0,130245,1113
71809687,245,1,1,0,0,110244,7672,7504,0,0,130245,1113
71809688,245,1,1,0,0,110244,7672,7504,0,0,130245,1113
71809689,244,1,1,0,0,110244,7672,7504,0,0,110244,1113
71809690,244,1,1,0,0,110244,7672,7504,0,0,110244,1114
71809691,244,1,1,0,0,110244,7672,7504,0,0,110244,1114
71809692,10,1,1,0,0,110244,7672,7504,0,0,10,1114
71809693,10,1,1,0,0,110244,7672,7504,0,0,10,1115
71809694,10,1,1,0,0,110244,7672,7504,0,0,10,1115
71809695,10,1,1,0,0,110244,7672,7504,0,0,10,1115
71809696,10,1,1,0,0,110244,7672,7504,0,0,10,1115
71809697,10,1,1,0,0,110244,7672,7504,0,0,10,1115
71809698,10,1,1,0,0,110244,7672,7504,0,0,10,1115
71809699,10,1,1,0,0,110244,7672,7504,0,0,10,1115
71809700,0,1,1,0,0,110244,7672,7504,0,0,0,1115
71809701,0,1,1,0,0,110244,7672,7504,0,0,0,1116
71809702,0,1,1,0,0,110244,7672,7504,0,0,0,1116
71809703,244,1,1,0,0,0,7672,7504,0,0,110244,1116
71809704,244,1,1,0,0,0,7672,7504,0,0,110244,666
71809705,244,1,1,0,0,0,7672,7504,0,0,110244,1117
71809706,1,1,1,0,0,0,7672,7504,0,0,60001,1117
71809707,1,1,1,0,0,0,7672,7504,0,0,60001,1120
71809708,1,1,1,0,0,0,7672,7504,0,0,60001,1120
71809709,13,1,1,0,0,0,7672,7504,0,0,100013,1120
71809710,13,1,1,0,0,0,7672,7504,0,0,100013,1121
71809711,13,1,1,0,0,0,7672,7504,0,0,100013,1120
71809712,0,1,1,0,0,100013,7672,7504,0,0,0,1120
71809713,0,1,1,0,0,100013,7672,7504,0,0,0,1120
71809714,0,1,1,0,0,100013,7672,7504,0,0,0,1120
71809715,1,1,1,0,0,26,7672,7504,0,0,1,1120
71809716,1,1,1,0,0,26,7672,7504,0,0,1,1120
71809717,1,1,1,0,0,26,7672,7504,0,0,1,1120
71809718,2,1,1,0,0,54,7672,7504,0,0,2,1120
71809719,2,1,1,0,0,54,7672,7504,0,0,2,1120
71809720,2,1,1,0,0,54,7672,7504,0,0,2,1120
71809721,4,1,1,0,0,130,7672,7504,0,0,4,1120
71809722,4,1,1,0,0,130,7672,7504,0,0,4,1120
71809723,4,1,1,0,0,130,7672,7504,0,0,4,1120
71809724,10,1,1,0,0,260,7672,7504,0,0,10,1120
71809725,10,1,1,0,0,260,7672,7504,0,0,10,1120
71809726,10,1,1,0,0,260,7672,7504,0,0,10,1120
71809727,20,1,1,0,0,540,7672,7504,0,0,20,1120
71809728,20,1,1,0,0,540,7672,7504,0,0,20,1120
71809729,20,1,1,0,0,540,7672,7504,0,0,20,1120
71809730,40,1,1,0,0,1300,7672,7504,0,0,40,1120
71809731,40,1,1,0,0,1300,7672,7504,0,0,40,1120
71809732,40,1,1,0,0,1300,7672,7504,0,0,40,1120
71809733,100,1,1,0,0,2600,7672,7504,0,0,100,1120
71809734,100,1,1,0,0,2600,7672,7504,0,0,100,1120
71809735,100,1,1,0,0,2600,7672,7504,0,0,100,1120
71809736,200,1,1,0,0,5400,7672,7504,0,0,200,1120
71809737,200,1,1,0,0,5400,7672,7504,0,0,200,1120
71809738,200,1,1,0,0,5400,7672,7504,0,0,200,1120
71809739,0,1,1,0,0,13000,7672,7504,0,0,400,1120
71809740,0,1,1,0,0,13000,7672,7504,0,0,400,1120
71809741,0,1,1,0,0,13000,7672,7504,0,0,400,1120
71809742,0,1,1,0,0,26000,7672,7504,0,0,1000,1120
71809743,0,1,1,0,0,26000,7672,7504,0,0,1000,1120
71809744,0,1,1,0,0,26000,7672,7504,0,0,1000,1120
71809745,0,1,1,0,0,54000,7672,7504,0,0,2000,1120
71809746,0,1,1,0,0,54000,7672,7504,0,0,2000,1120
71809747,0,1,1,0,0,54000,7672,7504,0,0,2000,1120
71809748,0,1,1,0,0,130000,7672,7504,0,0,4000,1120
71809749,0,1,1,0,0,130000,7672,7504,0,0,4000,1120
71809750,0,1,1,0,0,130000,7672,7504,0,0,4000,1121
71809751,1,1,1,0,0,60000,7672,7504,0,0,10001,1121
71809752,1,1,1,0,0,60000,7672,7504,0,0,10001,1122
71809753,1,1,1,0,0,60000,7672,7504,0,0,10001,1133
71809754,0,1,1,0,0,140000,7672,7504,0,0,0,1133
71809755,0,1,1,0,0,140000,7672,7504,0,0,0,1133
71809756,0,1,1,0,0,140000,7672,7504,0,0,0,1134
71809757,0,1,1,0,0,0,7672,7504,0,0,0,1134
71809758,0,1,1,0,0,0,7672,7504,0,0,0,1135
71809759,0,1,1,0,0,0,7672,7504,0,0,0,1140
71809760,0,1,1,0,0,0,7672,7504,0,0,0,1140
71809761,0,1,1,0,0,0,7672,7504,0,0,0,1140
71809762,0,1,1,0,0,0,7672,7504,0,0,0,1141
71809763,1,1,1,0,0,0,7672,7504,0,0,1,1141
71809764,1,1,1,0,0,0,7672,7504,0,0,1,1142
71809765,1,1,1,0,0,0,7672,7504,0,0,1,1142
71809766,1,1,1,0,0,1,7672,7504,0,0,1,1142
71809767,1,1,1,0,0,1,7672,7504,0,0,1,1143
71809768,1,1,1,0,0,1,7672,7504,0,0,1,666
71809769,0,1,1,0,0,1,7672,7504,0,0,140000,666
71809770,0,1,1,0,0,1,7672,7504,0,0,140000,666
71809771,0,1,1,0,0,1,7672,7504,0,0,140000,0
71809772,0,1,1,3,0,1,7672,7504,0,0,0,0
71809773,0,1,1,3,0,1,7672,7504,0,0,0,0
71809774,0,1,1,3,0,1,7672,7504,0,0,0,2001
71809775,0,1,1,3,0,1,7672,7504,0,0,0,17040
71809776,0,1,1,3,0,1,7672,7504,0,0,0,17040
71809777,0,1,1,3,0,1,7672,7504,3040,0,0,0
71809778,0,1,1,3,0,1,7672,7504,3040,0,0,6000
71809779,0,1,1,3,0,1,7672,7504,0,0,0,6000
71809780,0,1,1,3,0,1,7672,7504,0,0,0,6000
71809781,0,1,1,3,0,1,7672,7504,0,0,0,6000
71809782,0,1,1,3,0,1,7672,7504,0,44035,44035,6440
71809783,0,1,1,3,0,1,7672,7504,0,44035,44035,6440
71809784,0,1,1,3,0,1,7672,7504,0,44035,44035,6440
71809785,0,1,1,3,0,1,7672,7504,0,44035,44035,6440
71809786,0,1,1,3,0,1,7672,7504,0,0,44035,6440
71809787,0,1,1,3,0,1,7672,7504,0,0,44035,6440
71809788,0,1,1,3,0,1,7672,7504,0,0,44035,6440
71809789,1,1,1,0,0,1,7672,7504,0,0,44035,170
71809790,1,1,1,0,0,1,7672,7504,0,0,0,170
71809791,1,1,1,0,0,1,7672,7504,0,0,0,0
71809792,1,1,1,0,0,1,7672,7504,0,0,0,0
71809793,1,1,1,0,0,1,7672,7504,0,0,0,0
71809794,1,1,1,0,0,1,7672,7504,3075,0,0,0
71809795,1,1,1,0,0,1,7672,7504,3075,0,0,0
71809796,1,1,1,0,0,1,7672,7504,0,0,0,0
71809797,1,1,1,0,0,1,7672,7504,0,0,0,0
71809798,1,1,1,0,0,1,7672,7504,0,0,0,0
71809799,1,1,1,0,0,1,7672,7504,0,117,117,0
71809800,1,1,1,0,0,1,7672,7504,0,117,117,0
71809801,1,1,1,0,0,1,7672,7504,0,117,117,0
71809802,1,1,1,0,0,1,7672,7504,0,117,117,0
71809803,1,1,1,0,0,1,7672,7504,0,0,117,0
71809804,1,1,1,0,0,1,7672,7504,0,0,117,0
71809805,1,1,1,0,0,1,7672,7504,0,0,117,0
71809806,117,1,1,3,0,1,7672,7504,0,0,117,0
71809807,117,1,1,3,0,1,7672,7504,0,0,0,0
71809808,117,1,1,3,0,1,7672,7504,0,0,0,2001
71809809,117,1,1,3,0,1,7672,7504,0,0,0,17041
71809810,117,1,1,3,0,1,7672,7504,0,0,0,17041
71809811,117,1,1,3,0,1,7672,7504,3041,0,0,0
71809812,117,1,1,3,0,1,7672,7504,3041,0,0,6000
71809813,117,1,1,3,0,1,7672,7504,0,0,0,6000
71809814,117,1,1,3,0,1,7672,7504,0,0,0,6000
71809815,117,1,1,3,0,1,7672,7504,0,0,0,6000
71809816,117,1,1,3,0,1,7672,7504,0,50033,50033,6500
71809817,117,1,1,3,0,1,7672,7504,0,50033,50033,6500
71809818,117,1,1,3,0,1,7672,7504,0,50033,50033,6500
71809819,117,1,1,3,0,1,7672,7504,0,50033,50033,6500
71809820,117,1,1,3,0,1,7672,7504,0,0,50033,6500
71809821,117,1,1,3,0,1,7672,7504,0,0,50033,6500
71809822,117,1,1,3,0,1,7672,7504,0,0,50033,6500
71809823,1,1,1,0,117,1,7672,7504,0,0,50033,172
71809824,1,1,1,0,117,1,7672,7504,0,0,0,172
71809825,1,1,1,0,117,1,7672,7504,0,0,0,0
71809826,1,1,1,0,117,1,7672,7504,0,0,0,0
71809827,1,1,1,0,117,1,7672,7504,0,0,0,0
71809828,1,1,1,0,117,1,7672,7504,3074,0,0,0
71809829,1,1,1,0,117,1,7672,7504,3074,0,0,0
71809830,1,1,1,0,117,1,7672,7504,0,0,0,0
71809831,1,1,1,0,117,1,7672,7504,0,0,0,0
71809832,1,1,1,0,117,1,7672,7504,0,0,0,0
71809833,1,1,1,0,117,1,7672,7504,0,300,300,0
71809834,1,1,1,0,117,1,7672,7504,0,300,300,0
71809835,1,1,1,0,117,1,7672,7504,0,300,300,0
71809836,1,1,1,0,117,1,7672,7504,0,300,300,0
71809837,1,1,1,0,117,1,7672,7504,0,0,300,0
71809838,1,1,1,0,117,1,7672,7504,0,0,300,0
71809839,1,1,1,0,117,1,7672,7504,0,0,300,0
71809840,300,1,1,3,117,1,7672,7504,0,0,300,0
71809841,300,1,1,3,117,1,7672,7504,0,0,0,0
71809842,300,1,1,3,117,1,7672,7504,0,0,0,2001
71809843,300,1,1,3,117,1,7672,7504,0,0,0,17042
71809844,300,1,1,3,117,1,7672,7504,0,0,0,17042
71809845,300,1,1,3,117,1,7672,7504,3042,0,0,0
71809846,300,1,1,3,117,1,7672,7504,3042,0,0,6000
71809847,300,1,1,3,117,1,7672,7504,0,0,0,6000
71809848,300,1,1,3,117,1,7672,7504,0,0,0,6000
71809849,300,1,1,3,117,1,7672,7504,0,0,0,6000
71809850,300,1,1,3,117,1,7672,7504,0,173005,173005,7730
71809851,300,1,1,3,117,1,7672,7504,0,173005,173005,7730
71809852,300,1,1,3,117,1,7672,7504,0,173005,173005,7730
71809853,300,1,1,3,117,1,7672,7504,0,173005,173005,7730
71809854,300,1,1,3,117,1,7672,7504,0,0,173005,7730
71809855,300,1,1,3,117,1,7672,7504,0,0,173005,7730
71809856,300,1,1,3,117,1,7672,7504,0,0,173005,7730
71809857,5,1,1,3,117,1,7672,7504,0,0,173005,0
71809858,5,1,1,3,117,1,7672,7504,0,0,0,0
71809859,5,1,1,3,117,1,7672,7504,0,0,0,2001
71809860,5,1,1,3,117,1,7672,7504,0,0,0,17043
71809861,5,1,1,3,117,1,7672,7504,0,0,0,17043
71809862,5,1,1,3,117,1,7672,7504,3043,0,0,0
71809863,5,1,1,3,117,1,7672,7504,3043,0,0,6000
71809864,5,1,1,3,117,1,7672,7504,0,0,0,6000
71809865,5,1,1,3,117,1,7672,7504,0,0,0,6000
71809866,5,1,1,3,117,1,7672,7504,0,0,0,6000
71809867,5,1,1,3,117,1,7672,7504,0,150415,150415,7504
71809868,5,1,1,3,117,1,7672,7504,0,150415,150415,7504
71809869,5,1,1,3,117,1,7672,7504,0,150415,150415,7504
71809870,5,1,1,3,117,1,7672,7504,0,150415,150415,7504
71809871,5,1,1,3,117,1,7672,7504,0,0,150415,7504
71809872,5,1,1,3,117,1,7672,7504,0,0,150415,7504
71809873,5,1,1,3,117,1,7672,7504,0,0,150415,7504
71809874,1,1,1,0,117,1,7672,7504,0,0,150415,657
71809875,1,1,1,0,117,1,7672,7504,0,0,1,657
71809876,1,1,1,0,117,1,7672,7504,0,0,1,326
71809877,1,1,1,0,117,1,7672,7504,0,0,1,326
71809878,1,1,1,0,117,1,7672,7504,0,0,1,326
71809879,1,1,1,0,117,1,7672,7504,0,0,1,327
71809880,1,1,1,0,117,1,7672,7504,0,0,1,327
71809881,1,1,1,0,117,1,7672,7504,0,0,1,330
71809882,1,1,1,0,117,1,7672,7504,0,0,1,660
71809883,1,1,1,0,117,1,7672,7504,0,0,1,660
71809884,1,1,1,0,117,1,7672,7504,0,0,1,660
71809885,1,1,1,0,117,1,7672,7504,0,0,1,3655
71809886,244,1,1,0,117,1,7672,7504,0,0,110244,3655
71809887,244,1,1,0,117,1,7672,7504,0,0,110244,3655
71809888,244,1,1,0,117,1,7672,7504,0,0,110244,474
71809889,244,1,1,0,117,110244,7672,7504,0,0,110244,474
71809890,244,1,1,0,117,110244,7672,7504,0,0,110244,474
71809891,244,1,1,0,117,110244,7672,7504,0,0,110244,475
71809892,305,1,1,3,117,110244,7672,7504,0,0,305,475
71809893,305,1,1,3,117,110244,7672,7504,0,0,305,476
71809894,305,1,1,3,117,110244,7672,7504,0,0,305,501
71809895,244,1,1,0,117,110244,7672,7504,0,0,110244,501
71809896,244,1,1,0,117,110244,7672,7504,0,0,110244,501
71809897,244,1,1,0,117,110244,7672,7504,0,0,110244,502
71809898,7,1,1,0,117,110244,7672,7504,0,0,7,502
71809899,7,1,1,0,117,110244,7672,7504,0,0,7,503
71809900,7,1,1,0,117,110244,7672,7504,0,0,7,503
71809901,300,1,1,0,117,300,7672,7504,0,0,300,503
71809902,300,1,1,0,117,300,7672,7504,0,0,300,504
71809903,300,1,1,0,117,300,7672,7504,0,0,300,511
71809904,3,1,1,0,117,300,7672,7504,0,0,3,511
71809905,3,1,1,0,117,300,7672,7504,0,0,3,511
71809906,3,1,1,0,117,300,7672,7504,0,0,3,3725
71809907,141,1,1,0,117,304,7672,7504,0,0,30141,3725
71809908,141,1,1,0,117,304,7672,7504,0,0,30141,3725
71809909,141,1,1,0,117,304,7672,7504,0,0,30141,476
71809910,117,0,1,0,117,30141,7672,7504,0,0,117,476
# MARK wr tick=71809910
71809911,117,0,1,0,117,30141,7672,7504,0,0,117,476
71841409,1,1,1,0,177777,60000,1147,15,0,0,10001,1121
71841410,1,1,1,0,177777,60000,1147,15,0,0,10001,1122
71841411,1,1,1,0,177777,60000,1147,15,0,0,10001,1133
71841412,0,1,1,0,177777,140000,1147,15,0,0,0,1133
71841413,0,1,1,0,177777,140000,1147,15,0,0,0,1133
71841414,0,1,1,0,177777,140000,1147,15,0,0,0,1134
71841415,0,1,1,0,177777,0,1147,15,0,0,0,1134
71841416,0,1,1,0,177777,0,1147,15,0,0,0,1135
71841417,0,1,1,0,177777,0,1147,15,0,0,0,1140
71841418,0,1,1,0,177777,0,1147,15,0,0,0,1140
71841419,0,1,1,0,177777,0,1147,15,0,0,0,1140
71841420,0,1,1,0,177777,0,1147,15,0,0,0,1141
71841421,0,1,1,0,177777,0,1147,15,0,0,20000,1141
71841422,0,1,1,0,177777,0,1147,15,0,0,20000,1142
71841423,0,1,1,0,177777,0,1147,15,0,0,20000,1142
71841424,1,1,1,0,177777,20000,1147,15,0,0,1,1142
71841425,1,1,1,0,177777,20000,1147,15,0,0,1,1143
71841426,1,1,1,0,177777,20000,1147,15,0,0,1,1143
71841427,0,1,1,0,177777,20000,1147,15,0,0,140000,1143
71841428,0,1,1,0,177777,20000,1147,15,0,0,140000,1144
71841429,0,1,1,0,177777,20000,1147,15,0,0,140000,1144
71841430,1,1,1,0,177777,20000,1147,15,0,0,1,1144
71841431,1,1,1,0,177777,20000,1147,15,0,0,1,1145
71841432,1,1,1,0,177777,20000,1147,15,0,0,1,1145
71841433,150,1,1,0,177777,1,1147,15,0,0,150,1145
71841434,150,1,1,0,177777,1,1147,15,0,0,150,1146
71841435,150,1,1,0,177777,1,1147,15,0,0,150,1146
71841436,150,1,1,0,177777,1,1147,15,0,0,150,1146
71841437,150,1,1,0,177777,1,1147,15,0,0,150,1147
71841438,150,1,1,0,177777,1,1147,15,0,0,150,1147
71841439,1,1,1,0,177777,1,1147,15,0,0,20001,1147
71841440,1,1,1,0,177777,1,1147,15,0,0,20001,1150
71841441,1,1,1,0,177777,1,1147,15,0,0,20001,1150
71841442,7,1,1,0,177777,1,1147,15,0,0,7,1150
71841443,7,1,1,0,177777,1,1147,15,0,0,7,1151
71841444,7,1,1,0,177777,1,1147,15,0,0,7,1151
71841445,0,1,1,0,177777,1,1147,15,0,0,116400,1151
71841446,0,1,1,0,177777,1,1147,15,0,0,116400,1152
71841447,0,1,1,0,177777,1,1147,15,0,0,116400,1151
71841448,15,1,1,0,177777,1,1147,15,0,0,15,1151
71841449,15,1,1,0,177777,1,1147,15,0,0,15,1151
71841450,15,1,1,0,177777,1,1147,15,0,0,15,1151
71841451,15,1,1,0,177777,15,1147,15,0,0,15,1151
71841452,15,1,1,0,177777,15,1147,15,0,0,15,1151
71841453,15,1,1,0,177777,15,1147,15,0,0,15,1151
71841454,0,1,1,0,177777,15,1147,15,0,0,0,1151
71841455,0,1,1,0,177777,15,1147,15,0,0,0,1151
71841456,0,1,1,0,177777,15,1147,15,0,0,0,1151
71841457,377,1,1,0,177777,0,1147,15,0,0,177777,1151
71841458,377,1,1,0,177777,0,1147,15,0,0,177777,1151
71841459,377,1,1,0,177777,0,1147,15,0,0,177777,1151
71841460,54,1,1,0,177777,177777,1147,15,0,0,2454,1151
71841461,54,1,1,0,177777,177777,1147,15,0,0,2454,1151
71841462,54,1,1,0,177777,177777,1147,15,0,0,2454,1151
71841463,147,1,1,0,177777,2454,1147,15,0,0,1147,1151
71841464,147,1,1,0,177777,2454,1147,15,0,0,1147,1151
71841465,147,1,1,0,177777,2454,1147,15,0,0,1147,1151
71841466,7,1,1,0,177777,1147,1147,15,0,0,2407,1151
71841467,7,1,1,0,177777,1147,1147,15,0,0,2407,1151
71841468,7,1,1,0,177777,1147,1147,15,0,0,2407,1151
71841469,243,1,1,0,177777,2407,1147,15,0,0,12643,1151
71841470,243,1,1,0,177777,2407,1147,15,0,0,12643,1151
71841471,242,1,1,0,177777,2407,1147,15,0,0,12642,1152
71841472,0,1,1,0,177777,12642,1147,15,0,0,116400,1152
71841473,0,1,1,0,177777,12642,1147,15,0,0,116400,1153
71841474,0,1,1,0,177777,12642,1147,15,0,0,116400,1153
71841475,0,1,1,0,177777,116400,1147,15,0,0,170000,1153
71841476,0,1,1,0,177777,116400,1147,15,0,0,170000,1154
71841477,0,1,1,0,177777,116400,1147,15,0,0,170000,1154
71841478,0,1,1,0,177777,116400,1147,15,0,0,110000,1154
71841479,0,1,1,0,177777,116400,1147,15,0,0,110000,1155
71841480,0,1,1,0,177777,116400,1147,15,0,0,110000,1155
71841481,7,1,1,0,177777,116400,1147,15,0,0,7,1155
71841482,7,1,1,0,177777,116400,1147,15,0,0,7,1156
71841483,7,1,1,0,177777,116400,1147,15,0,0,7,1156
71841484,1,1,1,0,177777,116400,1147,15,0,0,20001,1156
71841485,1,1,1,0,177777,116400,1147,15,0,0,20001,1157
71841486,1,1,1,0,177777,116400,1147,15,0,0,20001,1156
71841487,104,1,1,0,177777,116400,1147,15,0,0,7504,1156
71841488,104,1,1,0,177777,116400,1147,15,0,0,7504,1156
71841489,104,1,1,0,177777,116400,1147,15,0,0,7504,1156
71841490,104,1,1,0,177777,116400,1147,7504,0,0,7504,1156
71841491,104,1,1,0,177777,116400,1147,7504,0,0,7504,1156
71841492,104,1,1,0,177777,116400,1147,7504,0,0,7504,1156
71841493,302,1,1,0,177777,116400,1147,7504,0,0,302,1156
71841494,302,1,1,0,177777,116400,1147,7504,0,0,302,1156
71841495,302,1,1,0,177777,116400,1147,7504,0,0,302,1156
71841496,0,1,1,0,177777,116400,1147,7504,0,0,0,1156
71841497,0,1,1,0,177777,116400,1147,7504,0,0,0,1156
71841498,0,1,1,0,177777,116400,1147,7504,0,0,0,1156
71841499,26,1,1,0,0,116400,1147,7504,0,0,3026,1156
71841500,26,1,1,0,0,116400,1147,7504,0,0,3026,1156
71841501,26,1,1,0,0,116400,1147,7504,0,0,3026,1156
71841502,272,1,1,0,0,116400,1147,7504,0,0,7672,1156
71841503,272,1,1,0,0,116400,1147,7504,0,0,7672,1156
71841504,272,1,1,0,0,116400,1147,7504,0,0,7672,1156
71841505,40,1,1,0,0,116400,7672,7504,0,0,3040,1156
71841506,40,1,1,0,0,116400,7672,7504,0,0,3040,1156
71841507,40,1,1,0,0,116400,7672,7504,0,0,3040,1156
71841508,272,1,1,0,0,116400,7672,7504,0,0,55672,1156
71841509,272,1,1,0,0,116400,7672,7504,0,0,55672,1156
71841510,272,1,1,0,0,116400,7672,7504,0,0,55672,1157
71841511,244,1,1,0,0,116400,7672,7504,0,0,110244,1157
71841512,244,1,1,0,0,116400,7672,7504,0,0,110244,1160
71841513,244,1,1,0,0,116400,7672,7504,0,0,110244,1160
71841514,0,1,1,3,0,116400,7672,7504,0,0,0,1160
71841515,0,1,1,3,0,116400,7672,7504,0,0,0,1161
71841516,0,1,1,3,0,116400,7672,7504,0,0,0,1076
71841517,244,1,1,0,0,116400,7672,7504,0,0,110244,1076
71841518,244,1,1,0,0,116400,7672,7504,0,0,110244,1076
71841519,244,1,1,0,0,116400,7672,7504,0,0,110244,0
71841520,0,1,1,3,0,116400,7672,7504,0,0,0,0
71841521,0,1,1,3,0,116400,7672,7504,0,0,0,0
71841522,0,1,1,3,0,116400,7672,7504,0,0,0,2001
71841523,0,1,1,3,0,116400,7672,7504,0,0,0,17040
71841524,0,1,1,3,0,116400,7672,7504,0,0,0,17040
71841525,0,1,1,3,0,116400,7672,7504,3040,0,0,0
71841526,0,1,1,3,0,116400,7672,7504,3040,0,0,6000
71841527,0,1,1,3,0,116400,7672,7504,0,0,0,6000
71841528,0,1,1,3,0,116400,7672,7504,0,0,0,6000
71841529,0,1,1,3,0,116400,7672,7504,0,0,0,6000
71841530,0,1,1,3,0,116400,7672,7504,0,44035,44035,6440
71841531,0,1,1,3,0,116400,7672,7504,0,44035,44035,6440
71841532,0,1,1,3,0,116400,7672,7504,0,44035,44035,6440
71841533,0,1,1,3,0,116400,7672,7504,0,44035,44035,6440
71841534,0,1,1,3,0,116400,7672,7504,0,0,44035,6440
71841535,0,1,1,3,0,116400,7672,7504,0,0,44035,6440
71841536,0,1,1,3,0,116400,7672,7504,0,0,44035,6440
71841537,0,1,1,0,0,116400,7672,7504,0,0,44035,170
71841538,0,1,1,0,0,116400,7672,7504,0,0,0,170
71841539,0,1,1,0,0,116400,7672,7504,0,0,0,0
71841540,0,1,1,0,0,116400,7672,7504,0,0,0,0
71841541,0,1,1,0,0,116400,7672,7504,0,0,0,0
71841542,0,1,1,0,0,116400,7672,7504,3075,0,0,0
71841543,0,1,1,0,0,116400,7672,7504,3075,0,0,0
71841544,0,1,1,0,0,116400,7672,7504,0,0,0,0
71841545,0,1,1,0,0,116400,7672,7504,0,0,0,0
71841546,0,1,1,0,0,116400,7672,7504,0,0,0,0
71841547,0,1,1,0,0,116400,7672,7504,0,116,116,0
71841548,0,1,1,0,0,116400,7672,7504,0,116,116,0
71841549,0,1,1,0,0,116400,7672,7504,0,116,116,0
71841550,0,1,1,0,0,116400,7672,7504,0,116,116,0
71841551,0,1,1,0,0,116400,7672,7504,0,0,116,0
71841552,0,1,1,0,0,116400,7672,7504,0,0,116,0
71841553,0,1,1,0,0,116400,7672,7504,0,0,116,0
71841554,116,1,1,3,0,116400,7672,7504,0,0,116,0
71841555,116,1,1,3,0,116400,7672,7504,0,0,0,0
71841556,116,1,1,3,0,116400,7672,7504,0,0,0,2001
71841557,116,1,1,3,0,116400,7672,7504,0,0,0,17041
71841558,116,1,1,3,0,116400,7672,7504,0,0,0,17041
71841559,116,1,1,3,0,116400,7672,7504,3041,0,0,0
71841560,116,1,1,3,0,116400,7672,7504,3041,0,0,6000
71841561,116,1,1,3,0,116400,7672,7504,0,0,0,6000
71841562,116,1,1,3,0,116400,7672,7504,0,0,0,6000
71841563,116,1,1,3,0,116400,7672,7504,0,0,0,6000
71841564,116,1,1,3,0,116400,7672,7504,0,50033,50033,6500
71841565,116,1,1,3,0,116400,7672,7504,0,50033,50033,6500
71841566,116,1,1,3,0,116400,7672,7504,0,50033,50033,6500
71841567,116,1,1,3,0,116400,7672,7504,0,50033,50033,6500
71841568,116,1,1,3,0,116400,7672,7504,0,0,50033,6500
71841569,116,1,1,3,0,116400,7672,7504,0,0,50033,6500
71841570,116,1,1,3,0,116400,7672,7504,0,0,50033,6500
71841571,0,1,1,0,116,116400,7672,7504,0,0,50033,172
71841572,0,1,1,0,116,116400,7672,7504,0,0,0,172
71841573,0,1,1,0,116,116400,7672,7504,0,0,0,0
71841574,0,1,1,0,116,116400,7672,7504,0,0,0,0
71841575,0,1,1,0,116,116400,7672,7504,0,0,0,0
71841576,0,1,1,0,116,116400,7672,7504,3074,0,0,0
71841577,0,1,1,0,116,116400,7672,7504,3074,0,0,0
71841578,0,1,1,0,116,116400,7672,7504,0,0,0,0
71841579,0,1,1,0,116,116400,7672,7504,0,0,0,0
71841580,0,1,1,0,116,116400,7672,7504,0,0,0,0
71841581,0,1,1,0,116,116400,7672,7504,0,300,300,0
71841582,0,1,1,0,116,116400,7672,7504,0,300,300,0
71841583,0,1,1,0,116,116400,7672,7504,0,300,300,0
71841584,0,1,1,0,116,116400,7672,7504,0,300,300,0
71841585,0,1,1,0,116,116400,7672,7504,0,0,300,0
71841586,0,1,1,0,116,116400,7672,7504,0,0,300,0
71841587,0,1,1,0,116,116400,7672,7504,0,0,300,0
71841588,300,1,1,3,116,116400,7672,7504,0,0,300,0
71841589,300,1,1,3,116,116400,7672,7504,0,0,0,0
71841590,300,1,1,3,116,116400,7672,7504,0,0,0,2001
71841591,300,1,1,3,116,116400,7672,7504,0,0,0,17042
71841592,300,1,1,3,116,116400,7672,7504,0,0,0,17042
71841593,300,1,1,3,116,116400,7672,7504,3042,0,0,0
71841594,300,1,1,3,116,116400,7672,7504,3042,0,0,6000
71841595,300,1,1,3,116,116400,7672,7504,0,0,0,6000
71841596,300,1,1,3,116,116400,7672,7504,0,0,0,6000
71841597,300,1,1,3,116,116400,7672,7504,0,0,0,6000
71841598,300,1,1,3,116,116400,7672,7504,0,173005,173005,7730
71841599,300,1,1,3,116,116400,7672,7504,0,173005,173005,7730
71841600,300,1,1,3,116,116400,7672,7504,0,173005,173005,7730
71841601,300,1,1,3,116,116400,7672,7504,0,173005,173005,7730
71841602,300,1,1,3,116,116400,7672,7504,0,0,173005,7730
71841603,300,1,1,3,116,116400,7672,7504,0,0,173005,7730
71841604,300,1,1,3,116,116400,7672,7504,0,0,173005,7730
71841605,5,1,1,3,116,116400,7672,7504,0,0,173005,0
71841606,5,1,1,3,116,116400,7672,7504,0,0,0,0
71841607,5,1,1,3,116,116400,7672,7504,0,0,0,2001
71841608,5,1,1,3,116,116400,7672,7504,0,0,0,17043
71841609,5,1,1,3,116,116400,7672,7504,0,0,0,17043
71841610,5,1,1,3,116,116400,7672,7504,3043,0,0,0
71841611,5,1,1,3,116,116400,7672,7504,3043,0,0,6000
71841612,5,1,1,3,116,116400,7672,7504,0,0,0,6000
71841613,5,1,1,3,116,116400,7672,7504,0,0,0,6000
71841614,5,1,1,3,116,116400,7672,7504,0,0,0,6000
71841615,5,1,1,3,116,116400,7672,7504,0,150415,150415,7504
71841616,5,1,1,3,116,116400,7672,7504,0,150415,150415,7504
71841617,5,1,1,3,116,116400,7672,7504,0,150415,150415,7504
71841618,5,1,1,3,116,116400,7672,7504,0,150415,150415,7504
71841619,5,1,1,3,116,116400,7672,7504,0,0,150415,7504
71841620,5,1,1,3,116,116400,7672,7504,0,0,150415,7504
71841621,5,1,1,3,116,116400,7672,7504,0,0,150415,7504
71841622,0,1,1,0,116,116400,7672,7504,0,0,156415,657
71841623,0,1,1,0,116,116400,7672,7504,0,0,116400,657
71841624,0,1,1,0,116,116400,7672,7504,0,0,116400,326
71841625,0,1,1,0,116,116400,7672,7504,0,0,116400,326
71841626,0,1,1,0,116,116400,7672,7504,0,0,116400,326
71841627,0,1,1,0,116,116400,7672,7504,0,0,116400,327
71841628,0,1,1,0,116,116400,7672,7504,0,0,116400,327
71841629,0,1,1,0,116,116400,7672,7504,0,0,116400,330
71841630,0,1,1,0,116,116400,7672,7504,0,0,116400,660
71841631,0,1,1,0,116,116400,7672,7504,0,0,116400,660
71841632,0,1,1,0,116,116400,7672,7504,0,0,116400,660
71841633,0,1,1,0,116,116400,7672,7504,0,0,116400,3655
71841634,244,1,1,0,116,116400,7672,7504,0,0,110244,3655
71841635,244,1,1,0,116,116400,7672,7504,0,0,110244,3655
71841636,244,1,1,0,116,116400,7672,7504,0,0,110244,474
71841637,244,1,1,0,116,110244,7672,7504,0,0,110244,474
71841638,244,1,1,0,116,110244,7672,7504,0,0,110244,474
71841639,244,1,1,0,116,110244,7672,7504,0,0,110244,475
71841640,305,1,1,3,116,110244,7672,7504,0,0,305,475
71841641,305,1,1,3,116,110244,7672,7504,0,0,305,476
71841642,305,1,1,3,116,110244,7672,7504,0,0,305,501
71841643,244,1,1,0,116,110244,7672,7504,0,0,110244,501
71841644,244,1,1,0,116,110244,7672,7504,0,0,110244,501
71841645,244,1,1,0,116,110244,7672,7504,0,0,110244,502
71841646,7,1,1,0,116,110244,7672,7504,0,0,7,502
71841647,7,1,1,0,116,110244,7672,7504,0,0,7,503
71841648,7,1,1,0,116,110244,7672,7504,0,0,7,503
71841649,300,1,1,0,116,300,7672,7504,0,0,300,503
71841650,300,1,1,0,116,300,7672,7504,0,0,300,504
71841651,300,1,1,0,116,300,7672,7504,0,0,300,511
71841652,3,1,1,0,116,300,7672,7504,0,0,3,511
71841653,3,1,1,0,116,300,7672,7504,0,0,3,511
71841654,3,1,1,0,116,300,7672,7504,0,0,3,3725
71841655,141,1,1,0,116,304,7672,7504,0,0,30141,3725
71841656,141,1,1,0,116,304,7672,7504,0,0,30141,3725
71841657,141,1,1,0,116,304,7672,7504,0,0,30141,476
71841658,116,0,1,0,116,30141,7672,7504,0,0,116,476
# MARK wr tick=71841658
71841659,116,0,1,0,116,30141,7672,7504,0,0,116,476
71867562,244,1,1,0,0,10244,7672,7504,0,0,10244,326
71867563,244,1,1,0,0,10244,7672,7504,0,0,10244,327
71867564,244,1,1,0,0,10244,7672,7504,0,0,10244,327
71867565,244,1,1,0,0,10244,7672,7504,0,0,10244,330
71867566,244,1,1,0,0,10244,7672,7504,0,0,10244,660
71867567,244,1,1,0,0,10244,7672,7504,0,0,10244,660
71867568,244,1,1,0,0,10244,7672,7504,0,0,10244,660
71867569,244,1,1,0,0,10244,7672,7504,0,0,10244,3642
71867570,244,1,1,0,0,10244,7672,7504,0,0,10244,3642
71867571,244,1,1,0,0,10244,7672,7504,0,0,10244,3642
71867572,244,1,1,0,0,10244,7672,7504,0,0,10244,663
71867573,0,1,1,0,0,10244,7672,7504,0,0,100000,663
71867574,0,1,1,0,0,10244,7672,7504,0,0,100000,663
71867575,0,1,1,0,0,10244,7672,7504,0,0,100000,664
71867576,244,1,1,0,0,110244,7672,7504,0,0,110244,664
71867577,244,1,1,0,0,110244,7672,7504,0,0,110244,665
71867578,244,1,1,0,0,110244,7672,7504,0,0,110244,665
71867579,244,1,1,0,0,110244,7672,7504,0,0,110244,665
71867580,244,1,1,0,0,110244,7672,7504,0,0,110244,666
71867581,244,1,1,0,0,110244,7672,7504,0,0,110244,1112
71867582,245,1,1,0,0,110244,7672,7504,0,0,130245,1112
71867583,245,1,1,0,0,110244,7672,7504,0,0,130245,1112
71867584,245,1,1,0,0,110244,7672,7504,0,0,130245,1113
71867585,245,1,1,0,0,110244,7672,7504,0,0,130245,1113
71867586,245,1,1,0,0,110244,7672,7504,0,0,130245,1113
71867587,245,1,1,0,0,110244,7672,7504,0,0,130245,1113
71867588,245,1,1,0,0,110244,7672,7504,0,0,130245,1113
71867589,245,1,1,0,0,110244,7672,7504,0,0,130245,1113
71867590,244,1,1,0,0,110244,7672,7504,0,0,110244,1113
71867591,244,1,1,0,0,110244,7672,7504,0,0,110244,1114
71867592,244,1,1,0,0,110244,7672,7504,0,0,110244,1114
71867593,10,1,1,0,0,110244,7672,7504,0,0,10,1114
71867594,10,1,1,0,0,110244,7672,7504,0,0,10,1115
71867595,10,1,1,0,0,110244,7672,7504,0,0,10,1115
71867596,10,1,1,0,0,110244,7672,7504,0,0,10,1115
71867597,10,1,1,0,0,110244,7672,7504,0,0,10,1115
71867598,10,1,1,0,0,110244,7672,7504,0,0,10,1115
71867599,10,1,1,0,0,110244,7672,7504,0,0,10,1115
71867600,10,1,1,0,0,110244,7672,7504,0,0,10,1115
71867601,0,1,1,0,0,110244,7672,7504,0,0,0,1115
71867602,0,1,1,0,0,110244,7672,7504,0,0,0,1116
71867603,0,1,1,0,0,110244,7672,7504,0,0,0,1116
71867604,244,1,1,0,0,0,7672,7504,0,0,110244,1116
71867605,244,1,1,0,0,0,7672,7504,0,0,110244,666
71867606,244,1,1,0,0,0,7672,7504,0,0,110244,1117
71867607,1,1,1,0,0,0,7672,7504,0,0,60001,1117
71867608,1,1,1,0,0,0,7672,7504,0,0,60001,1120
71867609,1,1,1,0,0,0,7672,7504,0,0,60001,1120
71867610,13,1,1,0,0,0,7672,7504,0,0,100013,1120
71867611,13,1,1,0,0,0,7672,7504,0,0,100013,1121
71867612,13,1,1,0,0,0,7672,7504,0,0,100013,1120
71867613,0,1,1,0,0,100013,7672,7504,0,0,0,1120
71867614,0,1,1,0,0,100013,7672,7504,0,0,0,1120
71867615,0,1,1,0,0,100013,7672,7504,0,0,0,1120
71867616,1,1,1,0,0,26,7672,7504,0,0,1,1120
71867617,1,1,1,0,0,26,7672,7504,0,0,1,1120
71867618,1,1,1,0,0,26,7672,7504,0,0,1,1120
71867619,2,1,1,0,0,54,7672,7504,0,0,2,1120
71867620,2,1,1,0,0,54,7672,7504,0,0,2,1120
71867621,2,1,1,0,0,54,7672,7504,0,0,2,1120
71867622,4,1,1,0,0,130,7672,7504,0,0,4,1120
71867623,4,1,1,0,0,130,7672,7504,0,0,4,1120
71867624,4,1,1,0,0,130,7672,7504,0,0,4,1120
71867625,10,1,1,0,0,260,7672,7504,0,0,10,1120
71867626,10,1,1,0,0,260,7672,7504,0,0,10,1120
71867627,10,1,1,0,0,260,7672,7504,0,0,10,1120
71867628,20,1,1,0,0,540,7672,7504,0,0,20,1120
71867629,20,1,1,0,0,540,7672,7504,0,0,20,1120
71867630,20,1,1,0,0,540,7672,7504,0,0,20,1120
71867631,40,1,1,0,0,1300,7672,7504,0,0,40,1120
71867632,40,1,1,0,0,1300,7672,7504,0,0,40,1120
71867633,40,1,1,0,0,1300,7672,7504,0,0,40,1120
71867634,100,1,1,0,0,2600,7672,7504,0,0,100,1120
71867635,100,1,1,0,0,2600,7672,7504,0,0,100,1120
71867636,100,1,1,0,0,2600,7672,7504,0,0,100,1120
71867637,200,1,1,0,0,5400,7672,7504,0,0,200,1120
71867638,200,1,1,0,0,5400,7672,7504,0,0,200,1120
71867639,200,1,1,0,0,5400,7672,7504,0,0,200,1120
71867640,0,1,1,0,0,13000,7672,7504,0,0,400,1120
71867641,0,1,1,0,0,13000,7672,7504,0,0,400,1120
71867642,0,1,1,0,0,13000,7672,7504,0,0,400,1120
71867643,0,1,1,0,0,26000,7672,7504,0,0,1000,1120
71867644,0,1,1,0,0,26000,7672,7504,0,0,1000,1120
71867645,0,1,1,0,0,26000,7672,7504,0,0,1000,1120
71867646,0,1,1,0,0,54000,7672,7504,0,0,2000,1120
71867647,0,1,1,0,0,54000,7672,7504,0,0,2000,1120
71867648,0,1,1,0,0,54000,7672,7504,0,0,2000,1120
71867649,0,1,1,0,0,130000,7672,7504,0,0,4000,1120
71867650,0,1,1,0,0,130000,7672,7504,0,0,4000,1120
71867651,0,1,1,0,0,130000,7672,7504,0,0,4000,1121
71867652,1,1,1,0,0,60000,7672,7504,0,0,10001,1121
71867653,1,1,1,0,0,60000,7672,7504,0,0,10001,1122
71867654,1,1,1,0,0,60000,7672,7504,0,0,10001,1133
71867655,0,1,1,0,0,140000,7672,7504,0,0,0,1133
71867656,0,1,1,0,0,140000,7672,7504,0,0,0,1133
71867657,0,1,1,0,0,140000,7672,7504,0,0,0,1134
71867658,0,1,1,0,0,0,7672,7504,0,0,0,1134
71867659,0,1,1,0,0,0,7672,7504,0,0,0,1135
71867660,0,1,1,0,0,0,7672,7504,0,0,0,1140
71867661,0,1,1,0,0,0,7672,7504,0,0,0,1140
71867662,0,1,1,0,0,0,7672,7504,0,0,0,1140
71867663,0,1,1,0,0,0,7672,7504,0,0,0,1141
71867664,1,1,1,0,0,0,7672,7504,0,0,1,1141
71867665,1,1,1,0,0,0,7672,7504,0,0,1,1142
71867666,1,1,1,0,0,0,7672,7504,0,0,1,1142
71867667,1,1,1,0,0,1,7672,7504,0,0,1,1142
71867668,1,1,1,0,0,1,7672,7504,0,0,1,1143
71867669,1,1,1,0,0,1,7672,7504,0,0,1,666
71867670,0,1,1,0,0,1,7672,7504,0,0,140000,666
71867671,0,1,1,0,0,1,7672,7504,0,0,140000,666
71867672,0,1,1,0,0,1,7672,7504,0,0,140000,0
71867673,0,1,1,3,0,1,7672,7504,0,0,0,0
71867674,0,1,1,3,0,1,7672,7504,0,0,0,0
71867675,0,1,1,3,0,1,7672,7504,0,0,0,2001
71867676,0,1,1,3,0,1,7672,7504,0,0,0,17040
71867677,0,1,1,3,0,1,7672,7504,0,0,0,17040
71867678,0,1,1,3,0,1,7672,7504,3040,0,0,0
71867679,0,1,1,3,0,1,7672,7504,3040,0,0,6000
71867680,0,1,1,3,0,1,7672,7504,0,0,0,6000
71867681,0,1,1,3,0,1,7672,7504,0,0,0,6000
71867682,0,1,1,3,0,1,7672,7504,0,0,0,6000
71867683,0,1,1,3,0,1,7672,7504,0,44035,44035,6440
71867684,0,1,1,3,0,1,7672,7504,0,44035,44035,6440
71867685,0,1,1,3,0,1,7672,7504,0,44035,44035,6440
71867686,0,1,1,3,0,1,7672,7504,0,44035,44035,6440
71867687,0,1,1,3,0,1,7672,7504,0,0,44035,6440
71867688,0,1,1,3,0,1,7672,7504,0,0,44035,6440
71867689,0,1,1,3,0,1,7672,7504,0,0,44035,6440
71867690,1,1,1,0,0,1,7672,7504,0,0,44035,170
71867691,1,1,1,0,0,1,7672,7504,0,0,0,170
71867692,1,1,1,0,0,1,7672,7504,0,0,0,0
71867693,1,1,1,0,0,1,7672,7504,0,0,0,0
71867694,1,1,1,0,0,1,7672,7504,0,0,0,0
71867695,1,1,1,0,0,1,7672,7504,3075,0,0,0
71867696,1,1,1,0,0,1,7672,7504,3075,0,0,0
71867697,1,1,1,0,0,1,7672,7504,0,0,0,0
71867698,1,1,1,0,0,1,7672,7504,0,0,0,0
71867699,1,1,1,0,0,1,7672,7504,0,0,0,0
71867700,1,1,1,0,0,1,7672,7504,0,40,40,0
71867701,1,1,1,0,0,1,7672,7504,0,40,40,0
71867702,1,1,1,0,0,1,7672,7504,0,40,40,0
71867703,1,1,1,0,0,1,7672,7504,0,40,40,0
71867704,1,1,1,0,0,1,7672,7504,0,0,40,0
71867705,1,1,1,0,0,1,7672,7504,0,0,40,0
71867706,1,1,1,0,0,1,7672,7504,0,0,40,0
71867707,40,1,1,3,0,1,7672,7504,0,0,40,0
71867708,40,1,1,3,0,1,7672,7504,0,0,0,0
71867709,40,1,1,3,0,1,7672,7504,0,0,0,2001
71867710,40,1,1,3,0,1,7672,7504,0,0,0,17041
71867711,40,1,1,3,0,1,7672,7504,0,0,0,17041
71867712,40,1,1,3,0,1,7672,7504,3041,0,0,0
71867713,40,1,1,3,0,1,7672,7504,3041,0,0,6000
71867714,40,1,1,3,0,1,7672,7504,0,0,0,6000
71867715,40,1,1,3,0,1,7672,7504,0,0,0,6000
71867716,40,1,1,3,0,1,7672,7504,0,0,0,6000
71867717,40,1,1,3,0,1,7672,7504,0,50033,50033,6500
71867718,40,1,1,3,0,1,7672,7504,0,50033,50033,6500
71867719,40,1,1,3,0,1,7672,7504,0,50033,50033,6500
71867720,40,1,1,3,0,1,7672,7504,0,50033,50033,6500
71867721,40,1,1,3,0,1,7672,7504,0,0,50033,6500
71867722,40,1,1,3,0,1,7672,7504,0,0,50033,6500
71867723,40,1,1,3,0,1,7672,7504,0,0,50033,6500
71867724,1,1,1,0,40,1,7672,7504,0,0,50033,172
71867725,1,1,1,0,40,1,7672,7504,0,0,0,172
71867726,1,1,1,0,40,1,7672,7504,0,0,0,0
71867727,1,1,1,0,40,1,7672,7504,0,0,0,0
71867728,1,1,1,0,40,1,7672,7504,0,0,0,0
71867729,1,1,1,0,40,1,7672,7504,3074,0,0,0
71867730,1,1,1,0,40,1,7672,7504,3074,0,0,0
71867731,1,1,1,0,40,1,7672,7504,0,0,0,0
71867732,1,1,1,0,40,1,7672,7504,0,0,0,0
71867733,1,1,1,0,40,1,7672,7504,0,0,0,0
71867734,1,1,1,0,40,1,7672,7504,0,300,300,0
71867735,1,1,1,0,40,1,7672,7504,0,300,300,0
71867736,1,1,1,0,40,1,7672,7504,0,300,300,0
71867737,1,1,1,0,40,1,7672,7504,0,300,300,0
71867738,1,1,1,0,40,1,7672,7504,0,0,300,0
71867739,1,1,1,0,40,1,7672,7504,0,0,300,0
71867740,1,1,1,0,40,1,7672,7504,0,0,300,0
71867741,300,1,1,3,40,1,7672,7504,0,0,300,0
71867742,300,1,1,3,40,1,7672,7504,0,0,0,0
71867743,300,1,1,3,40,1,7672,7504,0,0,0,2001
71867744,300,1,1,3,40,1,7672,7504,0,0,0,17042
71867745,300,1,1,3,40,1,7672,7504,0,0,0,17042
71867746,300,1,1,3,40,1,7672,7504,3042,0,0,0
71867747,300,1,1,3,40,1,7672,7504,3042,0,0,6000
71867748,300,1,1,3,40,1,7672,7504,0,0,0,6000
71867749,300,1,1,3,40,1,7672,7504,0,0,0,6000
71867750,300,1,1,3,40,1,7672,7504,0,0,0,6000
71867751,300,1,1,3,40,1,7672,7504,0,173005,173005,7730
71867752,300,1,1,3,40,1,7672,7504,0,173005,173005,7730
71867753,300,1,1,3,40,1,7672,7504,0,173005,173005,7730
71867754,300,1,1,3,40,1,7672,7504,0,173005,173005,7730
71867755,300,1,1,3,40,1,7672,7504,0,0,173005,7730
71867756,300,1,1,3,40,1,7672,7504,0,0,173005,7730
71867757,300,1,1,3,40,1,7672,7504,0,0,173005,7730
71867758,5,1,1,3,40,1,7672,7504,0,0,173005,0
71867759,5,1,1,3,40,1,7672,7504,0,0,0,0
71867760,5,1,1,3,40,1,7672,7504,0,0,0,2001
71867761,5,1,1,3,40,1,7672,7504,0,0,0,17043
71867762,5,1,1,3,40,1,7672,7504,0,0,0,17043
71867763,5,1,1,3,40,1,7672,7504,3043,0,0,0
71867764,5,1,1,3,40,1,7672,7504,3043,0,0,6000
71867765,5,1,1,3,40,1,7672,7504,0,0,0,6000
71867766,5,1,1,3,40,1,7672,7504,0,0,0,6000
71867767,5,1,1,3,40,1,7672,7504,0,0,0,6000
71867768,5,1,1,3,40,1,7672,7504,0,150415,150415,7504
71867769,5,1,1,3,40,1,7672,7504,0,150415,150415,7504
71867770,5,1,1,3,40,1,7672,7504,0,150415,150415,7504
71867771,5,1,1,3,40,1,7672,7504,0,150415,150415,7504
71867772,5,1,1,3,40,1,7672,7504,0,0,150415,7504
71867773,5,1,1,3,40,1,7672,7504,0,0,150415,7504
71867774,5,1,1,3,40,1,7672,7504,0,0,150415,7504
71867775,1,1,1,0,40,1,7672,7504,0,0,150415,657
71867776,1,1,1,0,40,1,7672,7504,0,0,1,657
71867777,1,1,1,0,40,1,7672,7504,0,0,1,326
71867778,1,1,1,0,40,1,7672,7504,0,0,1,326
71867779,1,1,1,0,40,1,7672,7504,0,0,1,326
71867780,1,1,1,0,40,1,7672,7504,0,0,1,327
71867781,1,1,1,0,40,1,7672,7504,0,0,1,327
71867782,1,1,1,0,40,1,7672,7504,0,0,1,330
71867783,1,1,1,0,40,1,7672,7504,0,0,1,660
71867784,1,1,1,0,40,1,7672,7504,0,0,1,660
71867785,1,1,1,0,40,1,7672,7504,0,0,1,660
71867786,1,1,1,0,40,1,7672,7504,0,0,1,3655
71867787,244,1,1,0,40,1,7672,7504,0,0,110244,3655
71867788,244,1,1,0,40,1,7672,7504,0,0,110244,3655
71867789,244,1,1,0,40,1,7672,7504,0,0,110244,474
71867790,244,1,1,0,40,110244,7672,7504,0,0,110244,474
71867791,244,1,1,0,40,110244,7672,7504,0,0,110244,474
71867792,244,1,1,0,40,110244,7672,7504,0,0,110244,475
71867793,305,1,1,3,40,110244,7672,7504,0,0,305,475
71867794,305,1,1,3,40,110244,7672,7504,0,0,305,476
71867795,305,1,1,3,40,110244,7672,7504,0,0,305,501
71867796,244,1,1,0,40,110244,7672,7504,0,0,110244,501
71867797,244,1,1,0,40,110244,7672,7504,0,0,110244,501
71867798,244,1,1,0,40,110244,7672,7504,0,0,110244,502
71867799,7,1,1,0,40,110244,7672,7504,0,0,7,502
71867800,7,1,1,0,40,110244,7672,7504,0,0,7,503
71867801,7,1,1,0,40,110244,7672,7504,0,0,7,503
71867802,300,1,1,0,40,300,7672,7504,0,0,300,503
71867803,300,1,1,0,40,300,7672,7504,0,0,300,504
71867804,300,1,1,0,40,300,7672,7504,0,0,300,511
71867805,3,1,1,0,40,300,7672,7504,0,0,3,511
71867806,3,1,1,0,40,300,7672,7504,0,0,3,511
71867807,3,1,1,0,40,300,7672,7504,0,0,3,3725
71867808,141,1,1,0,40,304,7672,7504,0,0,30141,3725
71867809,141,1,1,0,40,304,7672,7504,0,0,30141,3725
71867810,141,1,1,0,40,304,7672,7504,0,0,30141,476
71867811,40,0,1,0,40,30141,7672,7504,0,0,40,476
# MARK wr tick=71867811
71867812,40,0,1,0,40,30141,7672,7504,0,0,40,476
71899367,244,1,1,0,0,10244,7672,7504,0,0,10244,326
71899368,244,1,1,0,0,10244,7672,7504,0,0,10244,327
71899369,244,1,1,0,0,10244,7672,7504,0,0,10244,327
71899370,244,1,1,0,0,10244,7672,7504,0,0,10244,330
71899371,244,1,1,0,0,10244,7672,7504,0,0,10244,660
71899372,244,1,1,0,0,10244,7672,7504,0,0,10244,660
71899373,244,1,1,0,0,10244,7672,7504,0,0,10244,660
71899374,244,1,1,0,0,10244,7672,7504,0,0,10244,3642
71899375,244,1,1,0,0,10244,7672,7504,0,0,10244,3642
71899376,244,1,1,0,0,10244,7672,7504,0,0,10244,3642
71899377,244,1,1,0,0,10244,7672,7504,0,0,10244,663
71899378,0,1,1,0,0,10244,7672,7504,0,0,100000,663
71899379,0,1,1,0,0,10244,7672,7504,0,0,100000,663
71899380,0,1,1,0,0,10244,7672,7504,0,0,100000,664
71899381,244,1,1,0,0,110244,7672,7504,0,0,110244,664
71899382,244,1,1,0,0,110244,7672,7504,0,0,110244,665
71899383,244,1,1,0,0,110244,7672,7504,0,0,110244,665
71899384,244,1,1,0,0,110244,7672,7504,0,0,110244,665
71899385,244,1,1,0,0,110244,7672,7504,0,0,110244,666
71899386,244,1,1,0,0,110244,7672,7504,0,0,110244,1112
71899387,245,1,1,0,0,110244,7672,7504,0,0,130245,1112
71899388,245,1,1,0,0,110244,7672,7504,0,0,130245,1112
71899389,245,1,1,0,0,110244,7672,7504,0,0,130245,1113
71899390,245,1,1,0,0,110244,7672,7504,0,0,130245,1113
71899391,245,1,1,0,0,110244,7672,7504,0,0,130245,1113
71899392,245,1,1,0,0,110244,7672,7504,0,0,130245,1113
71899393,245,1,1,0,0,110244,7672,7504,0,0,130245,1113
71899394,245,1,1,0,0,110244,7672,7504,0,0,130245,1113
71899395,244,1,1,0,0,110244,7672,7504,0,0,110244,1113
71899396,244,1,1,0,0,110244,7672,7504,0,0,110244,1114
71899397,244,1,1,0,0,110244,7672,7504,0,0,110244,1114
71899398,10,1,1,0,0,110244,7672,7504,0,0,10,1114
71899399,10,1,1,0,0,110244,7672,7504,0,0,10,1115
71899400,10,1,1,0,0,110244,7672,7504,0,0,10,1115
71899401,10,1,1,0,0,110244,7672,7504,0,0,10,1115
71899402,10,1,1,0,0,110244,7672,7504,0,0,10,1115
71899403,10,1,1,0,0,110244,7672,7504,0,0,10,1115
71899404,10,1,1,0,0,110244,7672,7504,0,0,10,1115
71899405,10,1,1,0,0,110244,7672,7504,0,0,10,1115
71899406,0,1,1,0,0,110244,7672,7504,0,0,0,1115
71899407,0,1,1,0,0,110244,7672,7504,0,0,0,1116
71899408,0,1,1,0,0,110244,7672,7504,0,0,0,1116
71899409,244,1,1,0,0,0,7672,7504,0,0,110244,1116
71899410,244,1,1,0,0,0,7672,7504,0,0,110244,666
71899411,244,1,1,0,0,0,7672,7504,0,0,110244,1117
71899412,1,1,1,0,0,0,7672,7504,0,0,60001,1117
71899413,1,1,1,0,0,0,7672,7504,0,0,60001,1120
71899414,1,1,1,0,0,0,7672,7504,0,0,60001,1120
71899415,13,1,1,0,0,0,7672,7504,0,0,100013,1120
71899416,13,1,1,0,0,0,7672,7504,0,0,100013,1121
71899417,13,1,1,0,0,0,7672,7504,0,0,100013,1120
71899418,0,1,1,0,0,100013,7672,7504,0,0,0,1120
71899419,0,1,1,0,0,100013,7672,7504,0,0,0,1120
71899420,0,1,1,0,0,100013,7672,7504,0,0,0,1120
71899421,1,1,1,0,0,26,7672,7504,0,0,1,1120
71899422,1,1,1,0,0,26,7672,7504,0,0,1,1120
71899423,1,1,1,0,0,26,7672,7504,0,0,1,1120
71899424,2,1,1,0,0,54,7672,7504,0,0,2,1120
71899425,2,1,1,0,0,54,7672,7504,0,0,2,1120
71899426,2,1,1,0,0,54,7672,7504,0,0,2,1120
71899427,4,1,1,0,0,130,7672,7504,0,0,4,1120
71899428,4,1,1,0,0,130,7672,7504,0,0,4,1120
71899429,4,1,1,0,0,130,7672,7504,0,0,4,1120
71899430,10,1,1,0,0,260,7672,7504,0,0,10,1120
71899431,10,1,1,0,0,260,7672,7504,0,0,10,1120
71899432,10,1,1,0,0,260,7672,7504,0,0,10,1120
71899433,20,1,1,0,0,540,7672,7504,0,0,20,1120
71899434,20,1,1,0,0,540,7672,7504,0,0,20,1120
71899435,20,1,1,0,0,540,7672,7504,0,0,20,1120
71899436,40,1,1,0,0,1300,7672,7504,0,0,40,1120
71899437,40,1,1,0,0,1300,7672,7504,0,0,40,1120
71899438,40,1,1,0,0,1300,7672,7504,0,0,40,1120
71899439,100,1,1,0,0,2600,7672,7504,0,0,100,1120
71899440,100,1,1,0,0,2600,7672,7504,0,0,100,1120
71899441,100,1,1,0,0,2600,7672,7504,0,0,100,1120
71899442,200,1,1,0,0,5400,7672,7504,0,0,200,1120
71899443,200,1,1,0,0,5400,7672,7504,0,0,200,1120
71899444,200,1,1,0,0,5400,7672,7504,0,0,200,1120
71899445,0,1,1,0,0,13000,7672,7504,0,0,400,1120
71899446,0,1,1,0,0,13000,7672,7504,0,0,400,1120
71899447,0,1,1,0,0,13000,7672,7504,0,0,400,1120
71899448,0,1,1,0,0,26000,7672,7504,0,0,1000,1120
71899449,0,1,1,0,0,26000,7672,7504,0,0,1000,1120
71899450,0,1,1,0,0,26000,7672,7504,0,0,1000,1120
71899451,0,1,1,0,0,54000,7672,7504,0,0,2000,1120
71899452,0,1,1,0,0,54000,7672,7504,0,0,2000,1120
71899453,0,1,1,0,0,54000,7672,7504,0,0,2000,1120
71899454,0,1,1,0,0,130000,7672,7504,0,0,4000,1120
71899455,0,1,1,0,0,130000,7672,7504,0,0,4000,1120
71899456,0,1,1,0,0,130000,7672,7504,0,0,4000,1121
71899457,1,1,1,0,0,60000,7672,7504,0,0,10001,1121
71899458,1,1,1,0,0,60000,7672,7504,0,0,10001,1122
71899459,1,1,1,0,0,60000,7672,7504,0,0,10001,1133
71899460,0,1,1,0,0,140000,7672,7504,0,0,0,1133
71899461,0,1,1,0,0,140000,7672,7504,0,0,0,1133
71899462,0,1,1,0,0,140000,7672,7504,0,0,0,1134
71899463,0,1,1,0,0,0,7672,7504,0,0,0,1134
71899464,0,1,1,0,0,0,7672,7504,0,0,0,1135
71899465,0,1,1,0,0,0,7672,7504,0,0,0,1140
71899466,0,1,1,0,0,0,7672,7504,0,0,0,1140
71899467,0,1,1,0,0,0,7672,7504,0,0,0,1140
71899468,0,1,1,0,0,0,7672,7504,0,0,0,1141
71899469,1,1,1,0,0,0,7672,7504,0,0,1,1141
71899470,1,1,1,0,0,0,7672,7504,0,0,1,1142
71899471,1,1,1,0,0,0,7672,7504,0,0,1,1142
71899472,1,1,1,0,0,1,7672,7504,0,0,1,1142
71899473,1,1,1,0,0,1,7672,7504,0,0,1,1143
71899474,1,1,1,0,0,1,7672,7504,0,0,1,666
71899475,0,1,1,0,0,1,7672,7504,0,0,140000,666
71899476,0,1,1,0,0,1,7672,7504,0,0,140000,666
71899477,0,1,1,0,0,1,7672,7504,0,0,140000,0
71899478,0,1,1,3,0,1,7672,7504,0,0,0,0
71899479,0,1,1,3,0,1,7672,7504,0,0,0,0
71899480,0,1,1,3,0,1,7672,7504,0,0,0,2001
71899481,0,1,1,3,0,1,7672,7504,0,0,0,17040
71899482,0,1,1,3,0,1,7672,7504,0,0,0,17040
71899483,0,1,1,3,0,1,7672,7504,3040,0,0,0
71899484,0,1,1,3,0,1,7672,7504,3040,0,0,6000
71899485,0,1,1,3,0,1,7672,7504,0,0,0,6000
71899486,0,1,1,3,0,1,7672,7504,0,0,0,6000
71899487,0,1,1,3,0,1,7672,7504,0,0,0,6000
71899488,0,1,1,3,0,1,7672,7504,0,44035,44035,6440
71899489,0,1,1,3,0,1,7672,7504,0,44035,44035,6440
71899490,0,1,1,3,0,1,7672,7504,0,44035,44035,6440
71899491,0,1,1,3,0,1,7672,7504,0,44035,44035,6440
71899492,0,1,1,3,0,1,7672,7504,0,0,44035,6440
71899493,0,1,1,3,0,1,7672,7504,0,0,44035,6440
71899494,0,1,1,3,0,1,7672,7504,0,0,44035,6440
71899495,1,1,1,0,0,1,7672,7504,0,0,44035,170
71899496,1,1,1,0,0,1,7672,7504,0,0,0,170
71899497,1,1,1,0,0,1,7672,7504,0,0,0,0
71899498,1,1,1,0,0,1,7672,7504,0,0,0,0
71899499,1,1,1,0,0,1,7672,7504,0,0,0,0
71899500,1,1,1,0,0,1,7672,7504,3075,0,0,0
71899501,1,1,1,0,0,1,7672,7504,3075,0,0,0
71899502,1,1,1,0,0,1,7672,7504,0,0,0,0
71899503,1,1,1,0,0,1,7672,7504,0,0,0,0
71899504,1,1,1,0,0,1,7672,7504,0,0,0,0
71899505,1,1,1,0,0,1,7672,7504,0,55,55,0
71899506,1,1,1,0,0,1,7672,7504,0,55,55,0
71899507,1,1,1,0,0,1,7672,7504,0,55,55,0
71899508,1,1,1,0,0,1,7672,7504,0,55,55,0
71899509,1,1,1,0,0,1,7672,7504,0,0,55,0
71899510,1,1,1,0,0,1,7672,7504,0,0,55,0
71899511,1,1,1,0,0,1,7672,7504,0,0,55,0
71899512,55,1,1,3,0,1,7672,7504,0,0,55,0
71899513,55,1,1,3,0,1,7672,7504,0,0,0,0
71899514,55,1,1,3,0,1,7672,7504,0,0,0,2001
71899515,55,1,1,3,0,1,7672,7504,0,0,0,17041
71899516,55,1,1,3,0,1,7672,7504,0,0,0,17041
71899517,55,1,1,3,0,1,7672,7504,3041,0,0,0
71899518,55,1,1,3,0,1,7672,7504,3041,0,0,6000
71899519,55,1,1,3,0,1,7672,7504,0,0,0,6000
71899520,55,1,1,3,0,1,7672,7504,0,0,0,6000
71899521,55,1,1,3,0,1,7672,7504,0,0,0,6000
71899522,55,1,1,3,0,1,7672,7504,0,50033,50033,6500
71899523,55,1,1,3,0,1,7672,7504,0,50033,50033,6500
71899524,55,1,1,3,0,1,7672,7504,0,50033,50033,6500
71899525,55,1,1,3,0,1,7672,7504,0,50033,50033,6500
71899526,55,1,1,3,0,1,7672,7504,0,0,50033,6500
71899527,55,1,1,3,0,1,7672,7504,0,0,50033,6500
71899528,55,1,1,3,0,1,7672,7504,0,0,50033,6500
71899529,1,1,1,0,55,1,7672,7504,0,0,50033,172
71899530,1,1,1,0,55,1,7672,7504,0,0,0,172
71899531,1,1,1,0,55,1,7672,7504,0,0,0,0
71899532,1,1,1,0,55,1,7672,7504,0,0,0,0
71899533,1,1,1,0,55,1,7672,7504,0,0,0,0
71899534,1,1,1,0,55,1,7672,7504,3074,0,0,0
71899535,1,1,1,0,55,1,7672,7504,3074,0,0,0
71899536,1,1,1,0,55,1,7672,7504,0,0,0,0
71899537,1,1,1,0,55,1,7672,7504,0,0,0,0
71899538,1,1,1,0,55,1,7672,7504,0,0,0,0
71899539,1,1,1,0,55,1,7672,7504,0,300,300,0
71899540,1,1,1,0,55,1,7672,7504,0,300,300,0
71899541,1,1,1,0,55,1,7672,7504,0,300,300,0
71899542,1,1,1,0,55,1,7672,7504,0,300,300,0
71899543,1,1,1,0,55,1,7672,7504,0,0,300,0
71899544,1,1,1,0,55,1,7672,7504,0,0,300,0
71899545,1,1,1,0,55,1,7672,7504,0,0,300,0
71899546,300,1,1,3,55,1,7672,7504,0,0,300,0
71899547,300,1,1,3,55,1,7672,7504,0,0,0,0
71899548,300,1,1,3,55,1,7672,7504,0,0,0,2001
71899549,300,1,1,3,55,1,7672,7504,0,0,0,17042
71899550,300,1,1,3,55,1,7672,7504,0,0,0,17042
71899551,300,1,1,3,55,1,7672,7504,3042,0,0,0
71899552,300,1,1,3,55,1,7672,7504,3042,0,0,6000
71899553,300,1,1,3,55,1,7672,7504,0,0,0,6000
71899554,300,1,1,3,55,1,7672,7504,0,0,0,6000
71899555,300,1,1,3,55,1,7672,7504,0,0,0,6000
71899556,300,1,1,3,55,1,7672,7504,0,173005,173005,7730
71899557,300,1,1,3,55,1,7672,7504,0,173005,173005,7730
71899558,300,1,1,3,55,1,7672,7504,0,173005,173005,7730
71899559,300,1,1,3,55,1,7672,7504,0,173005,173005,7730
71899560,300,1,1,3,55,1,7672,7504,0,0,173005,7730
71899561,300,1,1,3,55,1,7672,7504,0,0,173005,7730
71899562,300,1,1,3,55,1,7672,7504,0,0,173005,7730
71899563,5,1,1,3,55,1,7672,7504,0,0,173005,0
71899564,5,1,1,3,55,1,7672,7504,0,0,0,0
71899565,5,1,1,3,55,1,7672,7504,0,0,0,2001
71899566,5,1,1,3,55,1,7672,7504,0,0,0,17043
71899567,5,1,1,3,55,1,7672,7504,0,0,0,17043
71899568,5,1,1,3,55,1,7672,7504,3043,0,0,0
71899569,5,1,1,3,55,1,7672,7504,3043,0,0,6000
71899570,5,1,1,3,55,1,7672,7504,0,0,0,6000
71899571,5,1,1,3,55,1,7672,7504,0,0,0,6000
71899572,5,1,1,3,55,1,7672,7504,0,0,0,6000
71899573,5,1,1,3,55,1,7672,7504,0,150415,150415,7504
71899574,5,1,1,3,55,1,7672,7504,0,150415,150415,7504
71899575,5,1,1,3,55,1,7672,7504,0,150415,150415,7504
71899576,5,1,1,3,55,1,7672,7504,0,150415,150415,7504
71899577,5,1,1,3,55,1,7672,7504,0,0,150415,7504
71899578,5,1,1,3,55,1,7672,7504,0,0,150415,7504
71899579,5,1,1,3,55,1,7672,7504,0,0,150415,7504
71899580,1,1,1,0,55,1,7672,7504,0,0,150415,657
71899581,1,1,1,0,55,1,7672,7504,0,0,1,657
71899582,1,1,1,0,55,1,7672,7504,0,0,1,326
71899583,1,1,1,0,55,1,7672,7504,0,0,1,326
71899584,1,1,1,0,55,1,7672,7504,0,0,1,326
71899585,1,1,1,0,55,1,7672,7504,0,0,1,327
71899586,1,1,1,0,55,1,7672,7504,0,0,1,327
71899587,1,1,1,0,55,1,7672,7504,0,0,1,330
71899588,1,1,1,0,55,1,7672,7504,0,0,1,660
71899589,1,1,1,0,55,1,7672,7504,0,0,1,660
71899590,1,1,1,0,55,1,7672,7504,0,0,1,660
71899591,1,1,1,0,55,1,7672,7504,0,0,1,3655
71899592,244,1,1,0,55,1,7672,7504,0,0,110244,3655
71899593,244,1,1,0,55,1,7672,7504,0,0,110244,3655
71899594,244,1,1,0,55,1,7672,7504,0,0,110244,474
71899595,244,1,1,0,55,110244,7672,7504,0,0,110244,474
71899596,244,1,1,0,55,110244,7672,7504,0,0,110244,474
71899597,244,1,1,0,55,110244,7672,7504,0,0,110244,475
71899598,305,1,1,3,55,110244,7672,7504,0,0,305,475
71899599,305,1,1,3,55,110244,7672,7504,0,0,305,476
71899600,305,1,1,3,55,110244,7672,7504,0,0,305,501
71899601,244,1,1,0,55,110244,7672,7504,0,0,110244,501
71899602,244,1,1,0,55,110244,7672,7504,0,0,110244,501
71899603,244,1,1,0,55,110244,7672,7504,0,0,110244,502
71899604,7,1,1,0,55,110244,7672,7504,0,0,7,502
71899605,7,1,1,0,55,110244,7672,7504,0,0,7,503
71899606,7,1,1,0,55,110244,7672,7504,0,0,7,503
71899607,300,1,1,0,55,300,7672,7504,0,0,300,503
71899608,300,1,1,0,55,300,7672,7504,0,0,300,504
71899609,300,1,1,0,55,300,7672,7504,0,0,300,511
71899610,3,1,1,0,55,300,7672,7504,0,0,3,511
71899611,3,1,1,0,55,300,7672,7504,0,0,3,511
71899612,3,1,1,0,55,300,7672,7504,0,0,3,3725
71899613,141,1,1,0,55,304,7672,7504,0,0,30141,3725
71899614,141,1,1,0,55,304,7672,7504,0,0,30141,3725
71899615,141,1,1,0,55,304,7672,7504,0,0,30141,476
71899616,55,0,1,0,55,30141,7672,7504,0,0,55,476
# MARK wr tick=71899616
71899617,55,0,1,0,55,30141,7672,7504,0,0,55,476
71925516,244,1,1,0,0,10244,7672,7504,0,0,10244,326
71925517,244,1,1,0,0,10244,7672,7504,0,0,10244,327
71925518,244,1,1,0,0,10244,7672,7504,0,0,10244,327
71925519,244,1,1,0,0,10244,7672,7504,0,0,10244,330
71925520,244,1,1,0,0,10244,7672,7504,0,0,10244,660
71925521,244,1,1,0,0,10244,7672,7504,0,0,10244,660
71925522,244,1,1,0,0,10244,7672,7504,0,0,10244,660
71925523,244,1,1,0,0,10244,7672,7504,0,0,10244,3642
71925524,244,1,1,0,0,10244,7672,7504,0,0,10244,3642
71925525,244,1,1,0,0,10244,7672,7504,0,0,10244,3642
71925526,244,1,1,0,0,10244,7672,7504,0,0,10244,663
71925527,0,1,1,0,0,10244,7672,7504,0,0,100000,663
71925528,0,1,1,0,0,10244,7672,7504,0,0,100000,663
71925529,0,1,1,0,0,10244,7672,7504,0,0,100000,664
71925530,244,1,1,0,0,110244,7672,7504,0,0,110244,664
71925531,244,1,1,0,0,110244,7672,7504,0,0,110244,665
71925532,244,1,1,0,0,110244,7672,7504,0,0,110244,665
71925533,244,1,1,0,0,110244,7672,7504,0,0,110244,665
71925534,244,1,1,0,0,110244,7672,7504,0,0,110244,666
71925535,244,1,1,0,0,110244,7672,7504,0,0,110244,1112
71925536,245,1,1,0,0,110244,7672,7504,0,0,130245,1112
71925537,245,1,1,0,0,110244,7672,7504,0,0,130245,1112
71925538,245,1,1,0,0,110244,7672,7504,0,0,130245,1113
71925539,245,1,1,0,0,110244,7672,7504,0,0,130245,1113
71925540,245,1,1,0,0,110244,7672,7504,0,0,130245,1113
71925541,245,1,1,0,0,110244,7672,7504,0,0,130245,1113
71925542,245,1,1,0,0,110244,7672,7504,0,0,130245,1113
71925543,245,1,1,0,0,110244,7672,7504,0,0,130245,1113
71925544,244,1,1,0,0,110244,7672,7504,0,0,110244,1113
71925545,244,1,1,0,0,110244,7672,7504,0,0,110244,1114
71925546,244,1,1,0,0,110244,7672,7504,0,0,110244,1114
71925547,10,1,1,0,0,110244,7672,7504,0,0,10,1114
71925548,10,1,1,0,0,110244,7672,7504,0,0,10,1115
71925549,10,1,1,0,0,110244,7672,7504,0,0,10,1115
71925550,10,1,1,0,0,110244,7672,7504,0,0,10,1115
71925551,10,1,1,0,0,110244,7672,7504,0,0,10,1115
71925552,10,1,1,0,0,110244,7672,7504,0,0,10,1115
71925553,10,1,1,0,0,110244,7672,7504,0,0,10,1115
71925554,10,1,1,0,0,110244,7672,7504,0,0,10,1115
71925555,0,1,1,0,0,110244,7672,7504,0,0,0,1115
71925556,0,1,1,0,0,110244,7672,7504,0,0,0,1116
71925557,0,1,1,0,0,110244,7672,7504,0,0,0,1116
71925558,244,1,1,0,0,0,7672,7504,0,0,110244,1116
71925559,244,1,1,0,0,0,7672,7504,0,0,110244,666
71925560,244,1,1,0,0,0,7672,7504,0,0,110244,1117
71925561,1,1,1,0,0,0,7672,7504,0,0,60001,1117
71925562,1,1,1,0,0,0,7672,7504,0,0,60001,1120
71925563,1,1,1,0,0,0,7672,7504,0,0,60001,1120
71925564,13,1,1,0,0,0,7672,7504,0,0,100013,1120
71925565,13,1,1,0,0,0,7672,7504,0,0,100013,1121
71925566,13,1,1,0,0,0,7672,7504,0,0,100013,1120
71925567,0,1,1,0,0,100013,7672,7504,0,0,0,1120
71925568,0,1,1,0,0,100013,7672,7504,0,0,0,1120
71925569,0,1,1,0,0,100013,7672,7504,0,0,0,1120
71925570,1,1,1,0,0,26,7672,7504,0,0,1,1120
71925571,1,1,1,0,0,26,7672,7504,0,0,1,1120
71925572,1,1,1,0,0,26,7672,7504,0,0,1,1120
71925573,2,1,1,0,0,54,7672,7504,0,0,2,1120
71925574,2,1,1,0,0,54,7672,7504,0,0,2,1120
71925575,2,1,1,0,0,54,7672,7504,0,0,2,1120
71925576,4,1,1,0,0,130,7672,7504,0,0,4,1120
71925577,4,1,1,0,0,130,7672,7504,0,0,4,1120
71925578,4,1,1,0,0,130,7672,7504,0,0,4,1120
71925579,10,1,1,0,0,260,7672,7504,0,0,10,1120
71925580,10,1,1,0,0,260,7672,7504,0,0,10,1120
71925581,10,1,1,0,0,260,7672,7504,0,0,10,1120
71925582,20,1,1,0,0,540,7672,7504,0,0,20,1120
71925583,20,1,1,0,0,540,7672,7504,0,0,20,1120
71925584,20,1,1,0,0,540,7672,7504,0,0,20,1120
71925585,40,1,1,0,0,1300,7672,7504,0,0,40,1120
71925586,40,1,1,0,0,1300,7672,7504,0,0,40,1120
71925587,40,1,1,0,0,1300,7672,7504,0,0,40,1120
71925588,100,1,1,0,0,2600,7672,7504,0,0,100,1120
71925589,100,1,1,0,0,2600,7672,7504,0,0,100,1120
71925590,100,1,1,0,0,2600,7672,7504,0,0,100,1120
71925591,200,1,1,0,0,5400,7672,7504,0,0,200,1120
71925592,200,1,1,0,0,5400,7672,7504,0,0,200,1120
71925593,200,1,1,0,0,5400,7672,7504,0,0,200,1120
71925594,0,1,1,0,0,13000,7672,7504,0,0,400,1120
71925595,0,1,1,0,0,13000,7672,7504,0,0,400,1120
71925596,0,1,1,0,0,13000,7672,7504,0,0,400,1120
71925597,0,1,1,0,0,26000,7672,7504,0,0,1000,1120
71925598,0,1,1,0,0,26000,7672,7504,0,0,1000,1120
71925599,0,1,1,0,0,26000,7672,7504,0,0,1000,1120
71925600,0,1,1,0,0,54000,7672,7504,0,0,2000,1120
71925601,0,1,1,0,0,54000,7672,7504,0,0,2000,1120
71925602,0,1,1,0,0,54000,7672,7504,0,0,2000,1120
71925603,0,1,1,0,0,130000,7672,7504,0,0,4000,1120
71925604,0,1,1,0,0,130000,7672,7504,0,0,4000,1120
71925605,0,1,1,0,0,130000,7672,7504,0,0,4000,1121
71925606,1,1,1,0,0,60000,7672,7504,0,0,10001,1121
71925607,1,1,1,0,0,60000,7672,7504,0,0,10001,1122
71925608,1,1,1,0,0,60000,7672,7504,0,0,10001,1133
71925609,0,1,1,0,0,140000,7672,7504,0,0,0,1133
71925610,0,1,1,0,0,140000,7672,7504,0,0,0,1133
71925611,0,1,1,0,0,140000,7672,7504,0,0,0,1134
71925612,0,1,1,0,0,0,7672,7504,0,0,0,1134
71925613,0,1,1,0,0,0,7672,7504,0,0,0,1135
71925614,0,1,1,0,0,0,7672,7504,0,0,0,1140
71925615,0,1,1,0,0,0,7672,7504,0,0,0,1140
71925616,0,1,1,0,0,0,7672,7504,0,0,0,1140
71925617,0,1,1,0,0,0,7672,7504,0,0,0,1141
71925618,1,1,1,0,0,0,7672,7504,0,0,1,1141
71925619,1,1,1,0,0,0,7672,7504,0,0,1,1142
71925620,1,1,1,0,0,0,7672,7504,0,0,1,1142
71925621,1,1,1,0,0,1,7672,7504,0,0,1,1142
71925622,1,1,1,0,0,1,7672,7504,0,0,1,1143
71925623,1,1,1,0,0,1,7672,7504,0,0,1,666
71925624,0,1,1,0,0,1,7672,7504,0,0,140000,666
71925625,0,1,1,0,0,1,7672,7504,0,0,140000,666
71925626,0,1,1,0,0,1,7672,7504,0,0,140000,0
71925627,0,1,1,3,0,1,7672,7504,0,0,0,0
71925628,0,1,1,3,0,1,7672,7504,0,0,0,0
71925629,0,1,1,3,0,1,7672,7504,0,0,0,2001
71925630,0,1,1,3,0,1,7672,7504,0,0,0,17040
71925631,0,1,1,3,0,1,7672,7504,0,0,0,17040
71925632,0,1,1,3,0,1,7672,7504,3040,0,0,0
71925633,0,1,1,3,0,1,7672,7504,3040,0,0,6000
71925634,0,1,1,3,0,1,7672,7504,0,0,0,6000
71925635,0,1,1,3,0,1,7672,7504,0,0,0,6000
71925636,0,1,1,3,0,1,7672,7504,0,0,0,6000
71925637,0,1,1,3,0,1,7672,7504,0,44035,44035,6440
71925638,0,1,1,3,0,1,7672,7504,0,44035,44035,6440
71925639,0,1,1,3,0,1,7672,7504,0,44035,44035,6440
71925640,0,1,1,3,0,1,7672,7504,0,44035,44035,6440
71925641,0,1,1,3,0,1,7672,7504,0,0,44035,6440
71925642,0,1,1,3,0,1,7672,7504,0,0,44035,6440
71925643,0,1,1,3,0,1,7672,7504,0,0,44035,6440
71925644,1,1,1,0,0,1,7672,7504,0,0,44035,170
71925645,1,1,1,0,0,1,7672,7504,0,0,0,170
71925646,1,1,1,0,0,1,7672,7504,0,0,0,0
71925647,1,1,1,0,0,1,7672,7504,0,0,0,0
71925648,1,1,1,0,0,1,7672,7504,0,0,0,0
71925649,1,1,1,0,0,1,7672,7504,3075,0,0,0
71925650,1,1,1,0,0,1,7672,7504,3075,0,0,0
71925651,1,1,1,0,0,1,7672,7504,0,0,0,0
71925652,1,1,1,0,0,1,7672,7504,0,0,0,0
71925653,1,1,1,0,0,1,7672,7504,0,0,0,0
71925654,1,1,1,0,0,1,7672,7504,0,40,40,0
71925655,1,1,1,0,0,1,7672,7504,0,40,40,0
71925656,1,1,1,0,0,1,7672,7504,0,40,40,0
71925657,1,1,1,0,0,1,7672,7504,0,40,40,0
71925658,1,1,1,0,0,1,7672,7504,0,0,40,0
71925659,1,1,1,0,0,1,7672,7504,0,0,40,0
71925660,1,1,1,0,0,1,7672,7504,0,0,40,0
71925661,40,1,1,3,0,1,7672,7504,0,0,40,0
71925662,40,1,1,3,0,1,7672,7504,0,0,0,0
71925663,40,1,1,3,0,1,7672,7504,0,0,0,2001
71925664,40,1,1,3,0,1,7672,7504,0,0,0,17041
71925665,40,1,1,3,0,1,7672,7504,0,0,0,17041
71925666,40,1,1,3,0,1,7672,7504,3041,0,0,0
71925667,40,1,1,3,0,1,7672,7504,3041,0,0,6000
71925668,40,1,1,3,0,1,7672,7504,0,0,0,6000
71925669,40,1,1,3,0,1,7672,7504,0,0,0,6000
71925670,40,1,1,3,0,1,7672,7504,0,0,0,6000
71925671,40,1,1,3,0,1,7672,7504,0,50033,50033,6500
71925672,40,1,1,3,0,1,7672,7504,0,50033,50033,6500
71925673,40,1,1,3,0,1,7672,7504,0,50033,50033,6500
71925674,40,1,1,3,0,1,7672,7504,0,50033,50033,6500
71925675,40,1,1,3,0,1,7672,7504,0,0,50033,6500
71925676,40,1,1,3,0,1,7672,7504,0,0,50033,6500
71925677,40,1,1,3,0,1,7672,7504,0,0,50033,6500
71925678,1,1,1,0,40,1,7672,7504,0,0,50033,172
71925679,1,1,1,0,40,1,7672,7504,0,0,0,172
71925680,1,1,1,0,40,1,7672,7504,0,0,0,0
71925681,1,1,1,0,40,1,7672,7504,0,0,0,0
71925682,1,1,1,0,40,1,7672,7504,0,0,0,0
71925683,1,1,1,0,40,1,7672,7504,3074,0,0,0
71925684,1,1,1,0,40,1,7672,7504,3074,0,0,0
71925685,1,1,1,0,40,1,7672,7504,0,0,0,0
71925686,1,1,1,0,40,1,7672,7504,0,0,0,0
71925687,1,1,1,0,40,1,7672,7504,0,0,0,0
71925688,1,1,1,0,40,1,7672,7504,0,300,300,0
71925689,1,1,1,0,40,1,7672,7504,0,300,300,0
71925690,1,1,1,0,40,1,7672,7504,0,300,300,0
71925691,1,1,1,0,40,1,7672,7504,0,300,300,0
71925692,1,1,1,0,40,1,7672,7504,0,0,300,0
71925693,1,1,1,0,40,1,7672,7504,0,0,300,0
71925694,1,1,1,0,40,1,7672,7504,0,0,300,0
71925695,300,1,1,3,40,1,7672,7504,0,0,300,0
71925696,300,1,1,3,40,1,7672,7504,0,0,0,0
71925697,300,1,1,3,40,1,7672,7504,0,0,0,2001
71925698,300,1,1,3,40,1,7672,7504,0,0,0,17042
71925699,300,1,1,3,40,1,7672,7504,0,0,0,17042
71925700,300,1,1,3,40,1,7672,7504,3042,0,0,0
71925701,300,1,1,3,40,1,7672,7504,3042,0,0,6000
71925702,300,1,1,3,40,1,7672,7504,0,0,0,6000
71925703,300,1,1,3,40,1,7672,7504,0,0,0,6000
71925704,300,1,1,3,40,1,7672,7504,0,0,0,6000
71925705,300,1,1,3,40,1,7672,7504,0,173005,173005,7730
71925706,300,1,1,3,40,1,7672,7504,0,173005,173005,7730
71925707,300,1,1,3,40,1,7672,7504,0,173005,173005,7730
71925708,300,1,1,3,40,1,7672,7504,0,173005,173005,7730
71925709,300,1,1,3,40,1,7672,7504,0,0,173005,7730
71925710,300,1,1,3,40,1,7672,7504,0,0,173005,7730
71925711,300,1,1,3,40,1,7672,7504,0,0,173005,7730
71925712,5,1,1,3,40,1,7672,7504,0,0,173005,0
71925713,5,1,1,3,40,1,7672,7504,0,0,0,0
71925714,5,1,1,3,40,1,7672,7504,0,0,0,2001
71925715,5,1,1,3,40,1,7672,7504,0,0,0,17043
71925716,5,1,1,3,40,1,7672,7504,0,0,0,17043
71925717,5,1,1,3,40,1,7672,7504,3043,0,0,0
71925718,5,1,1,3,40,1,7672,7504,3043,0,0,6000
71925719,5,1,1,3,40,1,7672,7504,0,0,0,6000
71925720,5,1,1,3,40,1,7672,7504,0,0,0,6000
71925721,5,1,1,3,40,1,7672,7504,0,0,0,6000
71925722,5,1,1,3,40,1,7672,7504,0,150415,150415,7504
71925723,5,1,1,3,40,1,7672,7504,0,150415,150415,7504
71925724,5,1,1,3,40,1,7672,7504,0,150415,150415,7504
71925725,5,1,1,3,40,1,7672,7504,0,150415,150415,7504
71925726,5,1,1,3,40,1,7672,7504,0,0,150415,7504
71925727,5,1,1,3,40,1,7672,7504,0,0,150415,7504
71925728,5,1,1,3,40,1,7672,7504,0,0,150415,7504
71925729,1,1,1,0,40,1,7672,7504,0,0,150415,657
71925730,1,1,1,0,40,1,7672,7504,0,0,1,657
71925731,1,1,1,0,40,1,7672,7504,0,0,1,326
71925732,1,1,1,0,40,1,7672,7504,0,0,1,326
71925733,1,1,1,0,40,1,7672,7504,0,0,1,326
71925734,1,1,1,0,40,1,7672,7504,0,0,1,327
71925735,1,1,1,0,40,1,7672,7504,0,0,1,327
71925736,1,1,1,0,40,1,7672,7504,0,0,1,330
71925737,1,1,1,0,40,1,7672,7504,0,0,1,660
71925738,1,1,1,0,40,1,7672,7504,0,0,1,660
71925739,1,1,1,0,40,1,7672,7504,0,0,1,660
71925740,1,1,1,0,40,1,7672,7504,0,0,1,3655
71925741,244,1,1,0,40,1,7672,7504,0,0,110244,3655
71925742,244,1,1,0,40,1,7672,7504,0,0,110244,3655
71925743,244,1,1,0,40,1,7672,7504,0,0,110244,474
71925744,244,1,1,0,40,110244,7672,7504,0,0,110244,474
71925745,244,1,1,0,40,110244,7672,7504,0,0,110244,474
71925746,244,1,1,0,40,110244,7672,7504,0,0,110244,475
71925747,305,1,1,3,40,110244,7672,7504,0,0,305,475
71925748,305,1,1,3,40,110244,7672,7504,0,0,305,476
71925749,305,1,1,3,40,110244,7672,7504,0,0,305,501
71925750,244,1,1,0,40,110244,7672,7504,0,0,110244,501
71925751,244,1,1,0,40,110244,7672,7504,0,0,110244,501
71925752,244,1,1,0,40,110244,7672,7504,0,0,110244,502
71925753,7,1,1,0,40,110244,7672,7504,0,0,7,502
71925754,7,1,1,0,40,110244,7672,7504,0,0,7,503
71925755,7,1,1,0,40,110244,7672,7504,0,0,7,503
71925756,300,1,1,0,40,300,7672,7504,0,0,300,503
71925757,300,1,1,0,40,300,7672,7504,0,0,300,504
71925758,300,1,1,0,40,300,7672,7504,0,0,300,511
71925759,3,1,1,0,40,300,7672,7504,0,0,3,511
71925760,3,1,1,0,40,300,7672,7504,0,0,3,511
71925761,3,1,1,0,40,300,7672,7504,0,0,3,3725
71925762,141,1,1,0,40,304,7672,7504,0,0,30141,3725
71925763,141,1,1,0,40,304,7672,7504,0,0,30141,3725
71925764,141,1,1,0,40,304,7672,7504,0,0,30141,476
71925765,40,0,1,0,40,30141,7672,7504,0,0,40,476
# MARK wr tick=71925765
71925766,40,0,1,0,40,30141,7672,7504,0,0,40,476
71958298,244,1,1,0,0,10244,7672,7504,0,0,10244,326
71958299,244,1,1,0,0,10244,7672,7504,0,0,10244,327
71958300,244,1,1,0,0,10244,7672,7504,0,0,10244,327
71958301,244,1,1,0,0,10244,7672,7504,0,0,10244,330
71958302,244,1,1,0,0,10244,7672,7504,0,0,10244,660
71958303,244,1,1,0,0,10244,7672,7504,0,0,10244,660
71958304,244,1,1,0,0,10244,7672,7504,0,0,10244,660
71958305,244,1,1,0,0,10244,7672,7504,0,0,10244,3642
71958306,244,1,1,0,0,10244,7672,7504,0,0,10244,3642
71958307,244,1,1,0,0,10244,7672,7504,0,0,10244,3642
71958308,244,1,1,0,0,10244,7672,7504,0,0,10244,663
71958309,0,1,1,0,0,10244,7672,7504,0,0,100000,663
71958310,0,1,1,0,0,10244,7672,7504,0,0,100000,663
71958311,0,1,1,0,0,10244,7672,7504,0,0,100000,664
71958312,244,1,1,0,0,110244,7672,7504,0,0,110244,664
71958313,244,1,1,0,0,110244,7672,7504,0,0,110244,665
71958314,244,1,1,0,0,110244,7672,7504,0,0,110244,665
71958315,244,1,1,0,0,110244,7672,7504,0,0,110244,665
71958316,244,1,1,0,0,110244,7672,7504,0,0,110244,666
71958317,244,1,1,0,0,110244,7672,7504,0,0,110244,1112
71958318,245,1,1,0,0,110244,7672,7504,0,0,130245,1112
71958319,245,1,1,0,0,110244,7672,7504,0,0,130245,1112
71958320,245,1,1,0,0,110244,7672,7504,0,0,130245,1113
71958321,245,1,1,0,0,110244,7672,7504,0,0,130245,1113
71958322,245,1,1,0,0,110244,7672,7504,0,0,130245,1113
71958323,245,1,1,0,0,110244,7672,7504,0,0,130245,1113
71958324,245,1,1,0,0,110244,7672,7504,0,0,130245,1113
71958325,245,1,1,0,0,110244,7672,7504,0,0,130245,1113
71958326,244,1,1,0,0,110244,7672,7504,0,0,110244,1113
71958327,244,1,1,0,0,110244,7672,7504,0,0,110244,1114
71958328,244,1,1,0,0,110244,7672,7504,0,0,110244,1114
71958329,10,1,1,0,0,110244,7672,7504,0,0,10,1114
71958330,10,1,1,0,0,110244,7672,7504,0,0,10,1115
71958331,10,1,1,0,0,110244,7672,7504,0,0,10,1115
71958332,10,1,1,0,0,110244,7672,7504,0,0,10,1115
71958333,10,1,1,0,0,110244,7672,7504,0,0,10,1115
71958334,10,1,1,0,0,110244,7672,7504,0,0,10,1115
71958335,10,1,1,0,0,110244,7672,7504,0,0,10,1115
71958336,10,1,1,0,0,110244,7672,7504,0,0,10,1115
71958337,0,1,1,0,0,110244,7672,7504,0,0,0,1115
71958338,0,1,1,0,0,110244,7672,7504,0,0,0,1116
71958339,0,1,1,0,0,110244,7672,7504,0,0,0,1116
71958340,244,1,1,0,0,0,7672,7504,0,0,110244,1116
71958341,244,1,1,0,0,0,7672,7504,0,0,110244,666
71958342,244,1,1,0,0,0,7672,7504,0,0,110244,1117
71958343,1,1,1,0,0,0,7672,7504,0,0,60001,1117
71958344,1,1,1,0,0,0,7672,7504,0,0,60001,1120
71958345,1,1,1,0,0,0,7672,7504,0,0,60001,1120
71958346,13,1,1,0,0,0,7672,7504,0,0,100013,1120
71958347,13,1,1,0,0,0,7672,7504,0,0,100013,1121
71958348,13,1,1,0,0,0,7672,7504,0,0,100013,1120
71958349,0,1,1,0,0,100013,7672,7504,0,0,0,1120
71958350,0,1,1,0,0,100013,7672,7504,0,0,0,1120
71958351,0,1,1,0,0,100013,7672,7504,0,0,0,1120
71958352,1,1,1,0,0,26,7672,7504,0,0,1,1120
71958353,1,1,1,0,0,26,7672,7504,0,0,1,1120
71958354,1,1,1,0,0,26,7672,7504,0,0,1,1120
71958355,2,1,1,0,0,54,7672,7504,0,0,2,1120
71958356,2,1,1,0,0,54,7672,7504,0,0,2,1120
71958357,2,1,1,0,0,54,7672,7504,0,0,2,1120
71958358,4,1,1,0,0,130,7672,7504,0,0,4,1120
71958359,4,1,1,0,0,130,7672,7504,0,0,4,1120
71958360,4,1,1,0,0,130,7672,7504,0,0,4,1120
71958361,10,1,1,0,0,260,7672,7504,0,0,10,1120
71958362,10,1,1,0,0,260,7672,7504,0,0,10,1120
71958363,10,1,1,0,0,260,7672,7504,0,0,10,1120
71958364,20,1,1,0,0,540,7672,7504,0,0,20,1120
71958365,20,1,1,0,0,540,7672,7504,0,0,20,1120
71958366,20,1,1,0,0,540,7672,7504,0,0,20,1120
71958367,40,1,1,0,0,1300,7672,7504,0,0,40,1120
71958368,40,1,1,0,0,1300,7672,7504,0,0,40,1120
71958369,40,1,1,0,0,1300,7672,7504,0,0,40,1120
71958370,100,1,1,0,0,2600,7672,7504,0,0,100,1120
71958371,100,1,1,0,0,2600,7672,7504,0,0,100,1120
71958372,100,1,1,0,0,2600,7672,7504,0,0,100,1120
71958373,200,1,1,0,0,5400,7672,7504,0,0,200,1120
71958374,200,1,1,0,0,5400,7672,7504,0,0,200,1120
71958375,200,1,1,0,0,5400,7672,7504,0,0,200,1120
71958376,0,1,1,0,0,13000,7672,7504,0,0,400,1120
71958377,0,1,1,0,0,13000,7672,7504,0,0,400,1120
71958378,0,1,1,0,0,13000,7672,7504,0,0,400,1120
71958379,0,1,1,0,0,26000,7672,7504,0,0,1000,1120
71958380,0,1,1,0,0,26000,7672,7504,0,0,1000,1120
71958381,0,1,1,0,0,26000,7672,7504,0,0,1000,1120
71958382,0,1,1,0,0,54000,7672,7504,0,0,2000,1120
71958383,0,1,1,0,0,54000,7672,7504,0,0,2000,1120
71958384,0,1,1,0,0,54000,7672,7504,0,0,2000,1120
71958385,0,1,1,0,0,130000,7672,7504,0,0,4000,1120
71958386,0,1,1,0,0,130000,7672,7504,0,0,4000,1120
71958387,0,1,1,0,0,130000,7672,7504,0,0,4000,1121
71958388,1,1,1,0,0,60000,7672,7504,0,0,10001,1121
71958389,1,1,1,0,0,60000,7672,7504,0,0,10001,1122
71958390,1,1,1,0,0,60000,7672,7504,0,0,10001,1133
71958391,0,1,1,0,0,140000,7672,7504,0,0,0,1133
71958392,0,1,1,0,0,140000,7672,7504,0,0,0,1133
71958393,0,1,1,0,0,140000,7672,7504,0,0,0,1134
71958394,0,1,1,0,0,0,7672,7504,0,0,0,1134
71958395,0,1,1,0,0,0,7672,7504,0,0,0,1135
71958396,0,1,1,0,0,0,7672,7504,0,0,0,1140
71958397,0,1,1,0,0,0,7672,7504,0,0,0,1140
71958398,0,1,1,0,0,0,7672,7504,0,0,0,1140
71958399,0,1,1,0,0,0,7672,7504,0,0,0,1141
71958400,1,1,1,0,0,0,7672,7504,0,0,1,1141
71958401,1,1,1,0,0,0,7672,7504,0,0,1,1142
71958402,1,1,1,0,0,0,7672,7504,0,0,1,1142
71958403,1,1,1,0,0,1,7672,7504,0,0,1,1142
71958404,1,1,1,0,0,1,7672,7504,0,0,1,1143
71958405,1,1,1,0,0,1,7672,7504,0,0,1,666
71958406,0,1,1,0,0,1,7672,7504,0,0,140000,666
71958407,0,1,1,0,0,1,7672,7504,0,0,140000,666
71958408,0,1,1,0,0,1,7672,7504,0,0,140000,0
71958409,0,1,1,3,0,1,7672,7504,0,0,0,0
71958410,0,1,1,3,0,1,7672,7504,0,0,0,0
71958411,0,1,1,3,0,1,7672,7504,0,0,0,2001
71958412,0,1,1,3,0,1,7672,7504,0,0,0,17040
71958413,0,1,1,3,0,1,7672,7504,0,0,0,17040
71958414,0,1,1,3,0,1,7672,7504,3040,0,0,0
71958415,0,1,1,3,0,1,7672,7504,3040,0,0,6000
71958416,0,1,1,3,0,1,7672,7504,0,0,0,6000
71958417,0,1,1,3,0,1,7672,7504,0,0,0,6000
71958418,0,1,1,3,0,1,7672,7504,0,0,0,6000
71958419,0,1,1,3,0,1,7672,7504,0,44035,44035,6440
71958420,0,1,1,3,0,1,7672,7504,0,44035,44035,6440
71958421,0,1,1,3,0,1,7672,7504,0,44035,44035,6440
71958422,0,1,1,3,0,1,7672,7504,0,44035,44035,6440
71958423,0,1,1,3,0,1,7672,7504,0,0,44035,6440
71958424,0,1,1,3,0,1,7672,7504,0,0,44035,6440
71958425,0,1,1,3,0,1,7672,7504,0,0,44035,6440
71958426,1,1,1,0,0,1,7672,7504,0,0,44035,170
71958427,1,1,1,0,0,1,7672,7504,0,0,0,170
71958428,1,1,1,0,0,1,7672,7504,0,0,0,0
71958429,1,1,1,0,0,1,7672,7504,0,0,0,0
71958430,1,1,1,0,0,1,7672,7504,0,0,0,0
71958431,1,1,1,0,0,1,7672,7504,3075,0,0,0
71958432,1,1,1,0,0,1,7672,7504,3075,0,0,0
71958433,1,1,1,0,0,1,7672,7504,0,0,0,0
71958434,1,1,1,0,0,1,7672,7504,0,0,0,0
71958435,1,1,1,0,0,1,7672,7504,0,0,0,0
71958436,1,1,1,0,0,1,7672,7504,0,126,126,0
71958437,1,1,1,0,0,1,7672,7504,0,126,126,0
71958438,1,1,1,0,0,1,7672,7504,0,126,126,0
71958439,1,1,1,0,0,1,7672,7504,0,126,126,0
71958440,1,1,1,0,0,1,7672,7504,0,0,126,0
71958441,1,1,1,0,0,1,7672,7504,0,0,126,0
71958442,1,1,1,0,0,1,7672,7504,0,0,126,0
71958443,126,1,1,3,0,1,7672,7504,0,0,126,0
71958444,126,1,1,3,0,1,7672,7504,0,0,0,0
71958445,126,1,1,3,0,1,7672,7504,0,0,0,2001
71958446,126,1,1,3,0,1,7672,7504,0,0,0,17041
71958447,126,1,1,3,0,1,7672,7504,0,0,0,17041
71958448,126,1,1,3,0,1,7672,7504,3041,0,0,0
71958449,126,1,1,3,0,1,7672,7504,3041,0,0,6000
71958450,126,1,1,3,0,1,7672,7504,0,0,0,6000
71958451,126,1,1,3,0,1,7672,7504,0,0,0,6000
71958452,126,1,1,3,0,1,7672,7504,0,0,0,6000
71958453,126,1,1,3,0,1,7672,7504,0,50033,50033,6500
71958454,126,1,1,3,0,1,7672,7504,0,50033,50033,6500
71958455,126,1,1,3,0,1,7672,7504,0,50033,50033,6500
71958456,126,1,1,3,0,1,7672,7504,0,50033,50033,6500
71958457,126,1,1,3,0,1,7672,7504,0,0,50033,6500
71958458,126,1,1,3,0,1,7672,7504,0,0,50033,6500
71958459,126,1,1,3,0,1,7672,7504,0,0,50033,6500
71958460,1,1,1,0,126,1,7672,7504,0,0,50033,172
71958461,1,1,1,0,126,1,7672,7504,0,0,0,172
71958462,1,1,1,0,126,1,7672,7504,0,0,0,0
71958463,1,1,1,0,126,1,7672,7504,0,0,0,0
71958464,1,1,1,0,126,1,7672,7504,0,0,0,0
71958465,1,1,1,0,126,1,7672,7504,3074,0,0,0
71958466,1,1,1,0,126,1,7672,7504,3074,0,0,0
71958467,1,1,1,0,126,1,7672,7504,0,0,0,0
71958468,1,1,1,0,126,1,7672,7504,0,0,0,0
71958469,1,1,1,0,126,1,7672,7504,0,0,0,0
71958470,1,1,1,0,126,1,7672,7504,0,300,300,0
71958471,1,1,1,0,126,1,7672,7504,0,300,300,0
71958472,1,1,1,0,126,1,7672,7504,0,300,300,0
71958473,1,1,1,0,126,1,7672,7504,0,300,300,0
71958474,1,1,1,0,126,1,7672,7504,0,0,300,0
71958475,1,1,1,0,126,1,7672,7504,0,0,300,0
71958476,1,1,1,0,126,1,7672,7504,0,0,300,0
71958477,300,1,1,3,126,1,7672,7504,0,0,300,0
71958478,300,1,1,3,126,1,7672,7504,0,0,0,0
71958479,300,1,1,3,126,1,7672,7504,0,0,0,2001
71958480,300,1,1,3,126,1,7672,7504,0,0,0,17042
71958481,300,1,1,3,126,1,7672,7504,0,0,0,17042
71958482,300,1,1,3,126,1,7672,7504,3042,0,0,0
71958483,300,1,1,3,126,1,7672,7504,3042,0,0,6000
71958484,300,1,1,3,126,1,7672,7504,0,0,0,6000
71958485,300,1,1,3,126,1,7672,7504,0,0,0,6000
71958486,300,1,1,3,126,1,7672,7504,0,0,0,6000
71958487,300,1,1,3,126,1,7672,7504,0,173005,173005,7730
71958488,300,1,1,3,126,1,7672,7504,0,173005,173005,7730
71958489,300,1,1,3,126,1,7672,7504,0,173005,173005,7730
71958490,300,1,1,3,126,1,7672,7504,0,173005,173005,7730
71958491,300,1,1,3,126,1,7672,7504,0,0,173005,7730
71958492,300,1,1,3,126,1,7672,7504,0,0,173005,7730
71958493,300,1,1,3,126,1,7672,7504,0,0,173005,7730
71958494,5,1,1,3,126,1,7672,7504,0,0,173005,0
71958495,5,1,1,3,126,1,7672,7504,0,0,0,0
71958496,5,1,1,3,126,1,7672,7504,0,0,0,2001
71958497,5,1,1,3,126,1,7672,7504,0,0,0,17043
71958498,5,1,1,3,126,1,7672,7504,0,0,0,17043
71958499,5,1,1,3,126,1,7672,7504,3043,0,0,0
71958500,5,1,1,3,126,1,7672,7504,3043,0,0,6000
71958501,5,1,1,3,126,1,7672,7504,0,0,0,6000
71958502,5,1,1,3,126,1,7672,7504,0,0,0,6000
71958503,5,1,1,3,126,1,7672,7504,0,0,0,6000
71958504,5,1,1,3,126,1,7672,7504,0,150415,150415,7504
71958505,5,1,1,3,126,1,7672,7504,0,150415,150415,7504
71958506,5,1,1,3,126,1,7672,7504,0,150415,150415,7504
71958507,5,1,1,3,126,1,7672,7504,0,150415,150415,7504
71958508,5,1,1,3,126,1,7672,7504,0,0,150415,7504
71958509,5,1,1,3,126,1,7672,7504,0,0,150415,7504
71958510,5,1,1,3,126,1,7672,7504,0,0,150415,7504
71958511,1,1,1,0,126,1,7672,7504,0,0,150415,657
71958512,1,1,1,0,126,1,7672,7504,0,0,1,657
71958513,1,1,1,0,126,1,7672,7504,0,0,1,326
71958514,1,1,1,0,126,1,7672,7504,0,0,1,326
71958515,1,1,1,0,126,1,7672,7504,0,0,1,326
71958516,1,1,1,0,126,1,7672,7504,0,0,1,327
71958517,1,1,1,0,126,1,7672,7504,0,0,1,327
71958518,1,1,1,0,126,1,7672,7504,0,0,1,330
71958519,1,1,1,0,126,1,7672,7504,0,0,1,660
71958520,1,1,1,0,126,1,7672,7504,0,0,1,660
71958521,1,1,1,0,126,1,7672,7504,0,0,1,660
71958522,1,1,1,0,126,1,7672,7504,0,0,1,3655
71958523,244,1,1,0,126,1,7672,7504,0,0,110244,3655
71958524,244,1,1,0,126,1,7672,7504,0,0,110244,3655
71958525,244,1,1,0,126,1,7672,7504,0,0,110244,474
71958526,244,1,1,0,126,110244,7672,7504,0,0,110244,474
71958527,244,1,1,0,126,110244,7672,7504,0,0,110244,474
71958528,244,1,1,0,126,110244,7672,7504,0,0,110244,475
71958529,305,1,1,3,126,110244,7672,7504,0,0,305,475
71958530,305,1,1,3,126,110244,7672,7504,0,0,305,476
71958531,305,1,1,3,126,110244,7672,7504,0,0,305,501
71958532,244,1,1,0,126,110244,7672,7504,0,0,110244,501
71958533,244,1,1,0,126,110244,7672,7504,0,0,110244,501
71958534,244,1,1,0,126,110244,7672,7504,0,0,110244,502
71958535,7,1,1,0,126,110244,7672,7504,0,0,7,502
71958536,7,1,1,0,126,110244,7672,7504,0,0,7,503
71958537,7,1,1,0,126,110244,7672,7504,0,0,7,503
71958538,300,1,1,0,126,300,7672,7504,0,0,300,503
71958539,300,1,1,0,126,300,7672,7504,0,0,300,504
71958540,300,1,1,0,126,300,7672,7504,0,0,300,511
71958541,3,1,1,0,126,300,7672,7504,0,0,3,511
71958542,3,1,1,0,126,300,7672,7504,0,0,3,511
71958543,3,1,1,0,126,300,7672,7504,0,0,3,3725
71958544,141,1,1,0,126,304,7672,7504,0,0,30141,3725
71958545,141,1,1,0,126,304,7672,7504,0,0,30141,3725
71958546,141,1,1,0,126,304,7672,7504,0,0,30141,476
71958547,126,0,1,0,126,30141,7672,7504,0,0,126,476
# MARK wr tick=71958547
71958548,126,0,1,0,126,30141,7672,7504,0,0,126,476
71990093,244,1,1,0,0,10244,7672,7504,0,0,10244,327
71990094,244,1,1,0,0,10244,7672,7504,0,0,10244,330
71990095,244,1,1,0,0,10244,7672,7504,0,0,10244,660
71990096,244,1,1,0,0,10244,7672,7504,0,0,10244,660
71990097,244,1,1,0,0,10244,7672,7504,0,0,10244,660
71990098,244,1,1,0,0,10244,7672,7504,0,0,10244,3642
71990099,244,1,1,0,0,10244,7672,7504,0,0,10244,3642
71990100,244,1,1,0,0,10244,7672,7504,0,0,10244,3642
71990101,244,1,1,0,0,10244,7672,7504,0,0,10244,663
71990102,0,1,1,0,0,10244,7672,7504,0,0,100000,663
71990103,0,1,1,0,0,10244,7672,7504,0,0,100000,663
71990104,0,1,1,0,0,10244,7672,7504,0,0,100000,664
71990105,244,1,1,0,0,110244,7672,7504,0,0,110244,664
71990106,244,1,1,0,0,110244,7672,7504,0,0,110244,665
71990107,244,1,1,0,0,110244,7672,7504,0,0,110244,665
71990108,244,1,1,0,0,110244,7672,7504,0,0,110244,665
71990109,244,1,1,0,0,110244,7672,7504,0,0,110244,666
71990110,244,1,1,0,0,110244,7672,7504,0,0,110244,1112
71990111,245,1,1,0,0,110244,7672,7504,0,0,130245,1112
71990112,245,1,1,0,0,110244,7672,7504,0,0,130245,1112
71990113,245,1,1,0,0,110244,7672,7504,0,0,130245,1113
71990114,245,1,1,0,0,110244,7672,7504,0,0,130245,1113
71990115,245,1,1,0,0,110244,7672,7504,0,0,130245,1113
71990116,245,1,1,0,0,110244,7672,7504,0,0,130245,1113
71990117,245,1,1,0,0,110244,7672,7504,0,0,130245,1113
71990118,245,1,1,0,0,110244,7672,7504,0,0,130245,1113
71990119,244,1,1,0,0,110244,7672,7504,0,0,110244,1113
71990120,244,1,1,0,0,110244,7672,7504,0,0,110244,1114
71990121,244,1,1,0,0,110244,7672,7504,0,0,110244,1114
71990122,10,1,1,0,0,110244,7672,7504,0,0,10,1114
71990123,10,1,1,0,0,110244,7672,7504,0,0,10,1115
71990124,10,1,1,0,0,110244,7672,7504,0,0,10,1115
71990125,10,1,1,0,0,110244,7672,7504,0,0,10,1115
71990126,10,1,1,0,0,110244,7672,7504,0,0,10,1115
71990127,10,1,1,0,0,110244,7672,7504,0,0,10,1115
71990128,10,1,1,0,0,110244,7672,7504,0,0,10,1115
71990129,10,1,1,0,0,110244,7672,7504,0,0,10,1115
71990130,0,1,1,0,0,110244,7672,7504,0,0,0,1115
71990131,0,1,1,0,0,110244,7672,7504,0,0,0,1116
71990132,0,1,1,0,0,110244,7672,7504,0,0,0,1116
71990133,244,1,1,0,0,0,7672,7504,0,0,110244,1116
71990134,244,1,1,0,0,0,7672,7504,0,0,110244,666
71990135,244,1,1,0,0,0,7672,7504,0,0,110244,1117
71990136,1,1,1,0,0,0,7672,7504,0,0,60001,1117
71990137,1,1,1,0,0,0,7672,7504,0,0,60001,1120
71990138,1,1,1,0,0,0,7672,7504,0,0,60001,1120
71990139,13,1,1,0,0,0,7672,7504,0,0,100013,1120
71990140,13,1,1,0,0,0,7672,7504,0,0,100013,1121
71990141,13,1,1,0,0,0,7672,7504,0,0,100013,1120
71990142,0,1,1,0,0,100013,7672,7504,0,0,0,1120
71990143,0,1,1,0,0,100013,7672,7504,0,0,0,1120
71990144,0,1,1,0,0,100013,7672,7504,0,0,0,1120
71990145,1,1,1,0,0,26,7672,7504,0,0,1,1120
71990146,1,1,1,0,0,26,7672,7504,0,0,1,1120
71990147,1,1,1,0,0,26,7672,7504,0,0,1,1120
71990148,2,1,1,0,0,54,7672,7504,0,0,2,1120
71990149,2,1,1,0,0,54,7672,7504,0,0,2,1120
71990150,2,1,1,0,0,54,7672,7504,0,0,2,1120
71990151,4,1,1,0,0,130,7672,7504,0,0,4,1120
71990152,4,1,1,0,0,130,7672,7504,0,0,4,1120
71990153,4,1,1,0,0,130,7672,7504,0,0,4,1120
71990154,10,1,1,0,0,260,7672,7504,0,0,10,1120
71990155,10,1,1,0,0,260,7672,7504,0,0,10,1120
71990156,10,1,1,0,0,260,7672,7504,0,0,10,1120
71990157,20,1,1,0,0,540,7672,7504,0,0,20,1120
71990158,20,1,1,0,0,540,7672,7504,0,0,20,1120
71990159,20,1,1,0,0,540,7672,7504,0,0,20,1120
71990160,40,1,1,0,0,1300,7672,7504,0,0,40,1120
71990161,40,1,1,0,0,1300,7672,7504,0,0,40,1120
71990162,40,1,1,0,0,1300,7672,7504,0,0,40,1120
71990163,100,1,1,0,0,2600,7672,7504,0,0,100,1120
71990164,100,1,1,0,0,2600,7672,7504,0,0,100,1120
71990165,100,1,1,0,0,2600,7672,7504,0,0,100,1120
71990166,200,1,1,0,0,5400,7672,7504,0,0,200,1120
71990167,200,1,1,0,0,5400,7672,7504,0,0,200,1120
71990168,200,1,1,0,0,5400,7672,7504,0,0,200,1120
71990169,0,1,1,0,0,13000,7672,7504,0,0,400,1120
71990170,0,1,1,0,0,13000,7672,7504,0,0,400,1120
71990171,0,1,1,0,0,13000,7672,7504,0,0,400,1120
71990172,0,1,1,0,0,26000,7672,7504,0,0,1000,1120
71990173,0,1,1,0,0,26000,7672,7504,0,0,1000,1120
71990174,0,1,1,0,0,26000,7672,7504,0,0,1000,1120
71990175,0,1,1,0,0,54000,7672,7504,0,0,2000,1120
71990176,0,1,1,0,0,54000,7672,7504,0,0,2000,1120
71990177,0,1,1,0,0,54000,7672,7504,0,0,2000,1120
71990178,0,1,1,0,0,130000,7672,7504,0,0,4000,1120
71990179,0,1,1,0,0,130000,7672,7504,0,0,4000,1120
71990180,0,1,1,0,0,130000,7672,7504,0,0,4000,1121
71990181,1,1,1,0,0,60000,7672,7504,0,0,10001,1121
71990182,1,1,1,0,0,60000,7672,7504,0,0,10001,1122
71990183,1,1,1,0,0,60000,7672,7504,0,0,10001,1133
71990184,0,1,1,0,0,140000,7672,7504,0,0,0,1133
71990185,0,1,1,0,0,140000,7672,7504,0,0,0,1133
71990186,0,1,1,0,0,140000,7672,7504,0,0,0,1134
71990187,0,1,1,0,0,0,7672,7504,0,0,0,1134
71990188,0,1,1,0,0,0,7672,7504,0,0,0,1135
71990189,0,1,1,0,0,0,7672,7504,0,0,0,1140
71990190,0,1,1,0,0,0,7672,7504,0,0,0,1140
71990191,0,1,1,0,0,0,7672,7504,0,0,0,1140
71990192,0,1,1,0,0,0,7672,7504,0,0,0,1141
71990193,1,1,1,0,0,0,7672,7504,0,0,1,1141
71990194,1,1,1,0,0,0,7672,7504,0,0,1,1142
71990195,1,1,1,0,0,0,7672,7504,0,0,1,1142
71990196,1,1,1,0,0,1,7672,7504,0,0,1,1142
71990197,1,1,1,0,0,1,7672,7504,0,0,1,1143
71990198,1,1,1,0,0,1,7672,7504,0,0,1,666
71990199,0,1,1,0,0,1,7672,7504,0,0,140000,666
71990200,0,1,1,0,0,1,7672,7504,0,0,140000,666
71990201,0,1,1,0,0,1,7672,7504,0,0,140000,0
71990202,0,1,1,3,0,1,7672,7504,0,0,0,0
71990203,0,1,1,3,0,1,7672,7504,0,0,0,0
71990204,0,1,1,3,0,1,7672,7504,0,0,0,2001
71990205,0,1,1,3,0,1,7672,7504,0,0,0,17040
71990206,0,1,1,3,0,1,7672,7504,0,0,0,17040
71990207,0,1,1,3,0,1,7672,7504,3040,0,0,0
71990208,0,1,1,3,0,1,7672,7504,3040,0,0,6000
71990209,0,1,1,3,0,1,7672,7504,0,0,0,6000
71990210,0,1,1,3,0,1,7672,7504,0,0,0,6000
71990211,0,1,1,3,0,1,7672,7504,0,0,0,6000
71990212,0,1,1,3,0,1,7672,7504,0,44035,44035,6440
71990213,0,1,1,3,0,1,7672,7504,0,44035,44035,6440
71990214,0,1,1,3,0,1,7672,7504,0,44035,44035,6440
71990215,0,1,1,3,0,1,7672,7504,0,44035,44035,6440
71990216,0,1,1,3,0,1,7672,7504,0,0,44035,6440
71990217,0,1,1,3,0,1,7672,7504,0,0,44035,6440
71990218,0,1,1,3,0,1,7672,7504,0,0,44035,6440
71990219,1,1,1,0,0,1,7672,7504,0,0,44035,170
71990220,1,1,1,0,0,1,7672,7504,0,0,0,170
71990221,1,1,1,0,0,1,7672,7504,0,0,0,0
71990222,1,1,1,0,0,1,7672,7504,0,0,0,0
71990223,1,1,1,0,0,1,7672,7504,0,0,0,0
71990224,1,1,1,0,0,1,7672,7504,3075,0,0,0
71990225,1,1,1,0,0,1,7672,7504,3075,0,0,0
71990226,1,1,1,0,0,1,7672,7504,0,0,0,0
71990227,1,1,1,0,0,1,7672,7504,0,0,0,0
71990228,1,1,1,0,0,1,7672,7504,0,0,0,0
71990229,1,1,1,0,0,1,7672,7504,0,145,145,0
71990230,1,1,1,0,0,1,7672,7504,0,145,145,0
71990231,1,1,1,0,0,1,7672,7504,0,145,145,0
71990232,1,1,1,0,0,1,7672,7504,0,145,145,0
71990233,1,1,1,0,0,1,7672,7504,0,0,145,0
71990234,1,1,1,0,0,1,7672,7504,0,0,145,0
71990235,1,1,1,0,0,1,7672,7504,0,0,145,0
71990236,145,1,1,3,0,1,7672,7504,0,0,145,0
71990237,145,1,1,3,0,1,7672,7504,0,0,0,0
71990238,145,1,1,3,0,1,7672,7504,0,0,0,2001
71990239,145,1,1,3,0,1,7672,7504,0,0,0,17041
71990240,145,1,1,3,0,1,7672,7504,0,0,0,17041
71990241,145,1,1,3,0,1,7672,7504,3041,0,0,0
71990242,145,1,1,3,0,1,7672,7504,3041,0,0,6000
71990243,145,1,1,3,0,1,7672,7504,0,0,0,6000
71990244,145,1,1,3,0,1,7672,7504,0,0,0,6000
71990245,145,1,1,3,0,1,7672,7504,0,0,0,6000
71990246,145,1,1,3,0,1,7672,7504,0,50033,50033,6500
71990247,145,1,1,3,0,1,7672,7504,0,50033,50033,6500
71990248,145,1,1,3,0,1,7672,7504,0,50033,50033,6500
71990249,145,1,1,3,0,1,7672,7504,0,50033,50033,6500
71990250,145,1,1,3,0,1,7672,7504,0,0,50033,6500
71990251,145,1,1,3,0,1,7672,7504,0,0,50033,6500
71990252,145,1,1,3,0,1,7672,7504,0,0,50033,6500
71990253,1,1,1,0,145,1,7672,7504,0,0,50033,172
71990254,1,1,1,0,145,1,7672,7504,0,0,0,172
71990255,1,1,1,0,145,1,7672,7504,0,0,0,0
71990256,1,1,1,0,145,1,7672,7504,0,0,0,0
71990257,1,1,1,0,145,1,7672,7504,0,0,0,0
71990258,1,1,1,0,145,1,7672,7504,3074,0,0,0
71990259,1,1,1,0,145,1,7672,7504,3074,0,0,0
71990260,1,1,1,0,145,1,7672,7504,0,0,0,0
71990261,1,1,1,0,145,1,7672,7504,0,0,0,0
71990262,1,1,1,0,145,1,7672,7504,0,0,0,0
71990263,1,1,1,0,145,1,7672,7504,0,300,300,0
71990264,1,1,1,0,145,1,7672,7504,0,300,300,0
71990265,1,1,1,0,145,1,7672,7504,0,300,300,0
71990266,1,1,1,0,145,1,7672,7504,0,300,300,0
71990267,1,1,1,0,145,1,7672,7504,0,0,300,0
71990268,1,1,1,0,145,1,7672,7504,0,0,300,0
71990269,1,1,1,0,145,1,7672,7504,0,0,300,0
71990270,300,1,1,3,145,1,7672,7504,0,0,300,0
71990271,300,1,1,3,145,1,7672,7504,0,0,0,0
71990272,300,1,1,3,145,1,7672,7504,0,0,0,2001
71990273,300,1,1,3,145,1,7672,7504,0,0,0,17042
71990274,300,1,1,3,145,1,7672,7504,0,0,0,17042
71990275,300,1,1,3,145,1,7672,7504,0,0,0,0
71990276,300,1,1,3,145,1,7672,7504,0,0,0,0
71990277,300,1,1,3,145,1,7672,7504,3042,0,0,0
71990278,300,1,1,3,145,1,7672,7504,3042,0,0,6000
71990279,300,1,1,3,145,1,7672,7504,0,0,0,6000
71990280,300,1,1,3,145,1,7672,7504,0,0,0,6000
71990281,300,1,1,3,145,1,7672,7504,0,0,0,6000
71990282,300,1,1,3,145,1,7672,7504,0,173005,173005,7730
71990283,300,1,1,3,145,1,7672,7504,0,173005,173005,7730
71990284,300,1,1,3,145,1,7672,7504,0,173005,173005,7730
71990285,300,1,1,3,145,1,7672,7504,0,173005,173005,7730
71990286,300,1,1,3,145,1,7672,7504,0,0,173005,7730
71990287,300,1,1,3,145,1,7672,7504,0,0,173005,7730
71990288,300,1,1,3,145,1,7672,7504,0,0,173005,7730
71990289,5,1,1,3,145,1,7672,7504,0,0,173005,0
71990290,5,1,1,3,145,1,7672,7504,0,0,0,0
71990291,5,1,1,3,145,1,7672,7504,0,0,0,2001
71990292,5,1,1,3,145,1,7672,7504,0,0,0,17043
71990293,5,1,1,3,145,1,7672,7504,0,0,0,17043
71990294,5,1,1,3,145,1,7672,7504,3043,0,0,0
71990295,5,1,1,3,145,1,7672,7504,3043,0,0,6000
71990296,5,1,1,3,145,1,7672,7504,0,0,0,6000
71990297,5,1,1,3,145,1,7672,7504,0,0,0,6000
71990298,5,1,1,3,145,1,7672,7504,0,0,0,6000
71990299,5,1,1,3,145,1,7672,7504,0,150415,150415,7504
71990300,5,1,1,3,145,1,7672,7504,0,150415,150415,7504
71990301,5,1,1,3,145,1,7672,7504,0,150415,150415,7504
71990302,5,1,1,3,145,1,7672,7504,0,150415,150415,7504
71990303,5,1,1,3,145,1,7672,7504,0,0,150415,7504
71990304,5,1,1,3,145,1,7672,7504,0,0,150415,7504
71990305,5,1,1,3,145,1,7672,7504,0,0,150415,7504
71990306,1,1,1,0,145,1,7672,7504,0,0,150415,657
71990307,1,1,1,0,145,1,7672,7504,0,0,1,657
71990308,1,1,1,0,145,1,7672,7504,0,0,1,326
71990309,1,1,1,0,145,1,7672,7504,0,0,1,326
71990310,1,1,1,0,145,1,7672,7504,0,0,1,326
71990311,1,1,1,0,145,1,7672,7504,0,0,1,327
71990312,1,1,1,0,145,1,7672,7504,0,0,1,327
71990313,1,1,1,0,145,1,7672,7504,0,0,1,330
71990314,1,1,1,0,145,1,7672,7504,0,0,1,660
71990315,1,1,1,0,145,1,7672,7504,0,0,1,660
71990316,1,1,1,0,145,1,7672,7504,0,0,1,660
71990317,1,1,1,0,145,1,7672,7504,0,0,1,3655
71990318,244,1,1,0,145,1,7672,7504,0,0,110244,3655
71990319,244,1,1,0,145,1,7672,7504,0,0,110244,3655
71990320,244,1,1,0,145,1,7672,7504,0,0,110244,474
71990321,244,1,1,0,145,110244,7672,7504,0,0,110244,474
71990322,244,1,1,0,145,110244,7672,7504,0,0,110244,474
71990323,244,1,1,0,145,110244,7672,7504,0,0,110244,475
71990324,305,1,1,3,145,110244,7672,7504,0,0,305,475
71990325,305,1,1,3,145,110244,7672,7504,0,0,305,476
71990326,305,1,1,3,145,110244,7672,7504,0,0,305,501
71990327,244,1,1,0,145,110244,7672,7504,0,0,110244,501
71990328,244,1,1,0,145,110244,7672,7504,0,0,110244,501
71990329,244,1,1,0,145,110244,7672,7504,0,0,110244,502
71990330,7,1,1,0,145,110244,7672,7504,0,0,7,502
71990331,7,1,1,0,145,110244,7672,7504,0,0,7,503
71990332,7,1,1,0,145,110244,7672,7504,0,0,7,503
71990333,300,1,1,0,145,300,7672,7504,0,0,300,503
71990334,300,1,1,0,145,300,7672,7504,0,0,300,504
71990335,300,1,1,0,145,300,7672,7504,0,0,300,511
71990336,3,1,1,0,145,300,7672,7504,0,0,3,511
71990337,3,1,1,0,145,300,7672,7504,0,0,3,511
71990338,3,1,1,0,145,300,7672,7504,0,0,3,3725
71990339,141,1,1,0,145,304,7672,7504,0,0,30141,3725
71990340,141,1,1,0,145,304,7672,7504,0,0,30141,3725
71990341,141,1,1,0,145,304,7672,7504,0,0,30141,476
71990342,145,0,1,0,145,30141,7672,7504,0,0,145,476
# MARK wr tick=71990342
71990343,145,0,1,0,145,30141,7672,7504,0,0,145,476
72016267,244,1,1,0,0,10244,7672,7504,0,0,10244,660
72016268,244,1,1,0,0,10244,7672,7504,0,0,10244,660
72016269,244,1,1,0,0,10244,7672,7504,0,0,10244,660
72016270,244,1,1,0,0,10244,7672,7504,0,0,10244,3642
72016271,244,1,1,0,0,10244,7672,7504,0,0,10244,3642
72016272,244,1,1,0,0,10244,7672,7504,0,0,10244,3642
72016273,244,1,1,0,0,10244,7672,7504,0,0,10244,663
72016274,0,1,1,0,0,10244,7672,7504,0,0,100000,663
72016275,0,1,1,0,0,10244,7672,7504,0,0,100000,663
72016276,0,1,1,0,0,10244,7672,7504,0,0,100000,664
72016277,244,1,1,0,0,110244,7672,7504,0,0,110244,664
72016278,244,1,1,0,0,110244,7672,7504,0,0,110244,665
72016279,244,1,1,0,0,110244,7672,7504,0,0,110244,665
72016280,244,1,1,0,0,110244,7672,7504,0,0,110244,665
72016281,244,1,1,0,0,110244,7672,7504,0,0,110244,666
72016282,244,1,1,0,0,110244,7672,7504,0,0,110244,1112
72016283,245,1,1,0,0,110244,7672,7504,0,0,130245,1112
72016284,245,1,1,0,0,110244,7672,7504,0,0,130245,1112
72016285,245,1,1,0,0,110244,7672,7504,0,0,130245,1113
72016286,245,1,1,0,0,110244,7672,7504,0,0,130245,1113
72016287,245,1,1,0,0,110244,7672,7504,0,0,130245,1113
72016288,245,1,1,0,0,110244,7672,7504,0,0,130245,1113
72016289,245,1,1,0,0,110244,7672,7504,0,0,130245,1113
72016290,245,1,1,0,0,110244,7672,7504,0,0,130245,1113
72016291,244,1,1,0,0,110244,7672,7504,0,0,110244,1113
72016292,244,1,1,0,0,110244,7672,7504,0,0,110244,1114
72016293,244,1,1,0,0,110244,7672,7504,0,0,110244,1114
72016294,10,1,1,0,0,110244,7672,7504,0,0,10,1114
72016295,10,1,1,0,0,110244,7672,7504,0,0,10,1115
72016296,10,1,1,0,0,110244,7672,7504,0,0,10,1115
72016297,10,1,1,0,0,110244,7672,7504,0,0,10,1115
72016298,10,1,1,0,0,110244,7672,7504,0,0,10,1115
72016299,10,1,1,0,0,110244,7672,7504,0,0,10,1115
72016300,10,1,1,0,0,110244,7672,7504,0,0,10,1115
72016301,10,1,1,0,0,110244,7672,7504,0,0,10,1115
72016302,0,1,1,0,0,110244,7672,7504,0,0,0,1115
72016303,0,1,1,0,0,110244,7672,7504,0,0,0,1116
72016304,0,1,1,0,0,110244,7672,7504,0,0,0,1116
72016305,244,1,1,0,0,0,7672,7504,0,0,110244,1116
72016306,244,1,1,0,0,0,7672,7504,0,0,110244,666
72016307,244,1,1,0,0,0,7672,7504,0,0,110244,1117
72016308,1,1,1,0,0,0,7672,7504,0,0,60001,1117
72016309,1,1,1,0,0,0,7672,7504,0,0,60001,1120
72016310,1,1,1,0,0,0,7672,7504,0,0,60001,1120
72016311,13,1,1,0,0,0,7672,7504,0,0,100013,1120
72016312,13,1,1,0,0,0,7672,7504,0,0,100013,1121
72016313,13,1,1,0,0,0,7672,7504,0,0,100013,1120
72016314,0,1,1,0,0,100013,7672,7504,0,0,0,1120
72016315,0,1,1,0,0,100013,7672,7504,0,0,0,1120
72016316,0,1,1,0,0,100013,7672,7504,0,0,0,1120
72016317,1,1,1,0,0,26,7672,7504,0,0,1,1120
72016318,1,1,1,0,0,26,7672,7504,0,0,1,1120
72016319,1,1,1,0,0,26,7672,7504,0,0,1,1120
72016320,2,1,1,0,0,54,7672,7504,0,0,2,1120
72016321,2,1,1,0,0,54,7672,7504,0,0,2,1120
72016322,2,1,1,0,0,54,7672,7504,0,0,2,1120
72016323,4,1,1,0,0,130,7672,7504,0,0,4,1120
72016324,4,1,1,0,0,130,7672,7504,0,0,4,1120
72016325,4,1,1,0,0,130,7672,7504,0,0,4,1120
72016326,10,1,1,0,0,260,7672,7504,0,0,10,1120
72016327,10,1,1,0,0,260,7672,7504,0,0,10,1120
72016328,10,1,1,0,0,260,7672,7504,0,0,10,1120
72016329,20,1,1,0,0,540,7672,7504,0,0,20,1120
72016330,20,1,1,0,0,540,7672,7504,0,0,20,1120
72016331,20,1,1,0,0,540,7672,7504,0,0,20,1120
72016332,40,1,1,0,0,1300,7672,7504,0,0,40,1120
72016333,40,1,1,0,0,1300,7672,7504,0,0,40,1120
72016334,40,1,1,0,0,1300,7672,7504,0,0,40,1120
72016335,100,1,1,0,0,2600,7672,7504,0,0,100,1120
72016336,100,1,1,0,0,2600,7672,7504,0,0,100,1120
72016337,100,1,1,0,0,2600,7672,7504,0,0,100,1120
72016338,200,1,1,0,0,5400,7672,7504,0,0,200,1120
72016339,200,1,1,0,0,5400,7672,7504,0,0,200,1120
72016340,200,1,1,0,0,5400,7672,7504,0,0,200,1120
72016341,0,1,1,0,0,13000,7672,7504,0,0,400,1120
72016342,0,1,1,0,0,13000,7672,7504,0,0,400,1120
72016343,0,1,1,0,0,13000,7672,7504,0,0,400,1120
72016344,0,1,1,0,0,26000,7672,7504,0,0,1000,1120
72016345,0,1,1,0,0,26000,7672,7504,0,0,1000,1120
72016346,0,1,1,0,0,26000,7672,7504,0,0,1000,1120
72016347,0,1,1,0,0,54000,7672,7504,0,0,2000,1120
72016348,0,1,1,0,0,54000,7672,7504,0,0,2000,1120
72016349,0,1,1,0,0,54000,7672,7504,0,0,2000,1120
72016350,0,1,1,0,0,130000,7672,7504,0,0,4000,1120
72016351,0,1,1,0,0,130000,7672,7504,0,0,4000,1120
72016352,0,1,1,0,0,130000,7672,7504,0,0,4000,1121
72016353,1,1,1,0,0,60000,7672,7504,0,0,10001,1121
72016354,1,1,1,0,0,60000,7672,7504,0,0,10001,1122
72016355,1,1,1,0,0,60000,7672,7504,0,0,10001,1133
72016356,0,1,1,0,0,140000,7672,7504,0,0,0,1133
72016357,0,1,1,0,0,140000,7672,7504,0,0,0,1133
72016358,0,1,1,0,0,140000,7672,7504,0,0,0,1134
72016359,0,1,1,0,0,0,7672,7504,0,0,0,1134
72016360,0,1,1,0,0,0,7672,7504,0,0,0,1135
72016361,0,1,1,0,0,0,7672,7504,0,0,0,1140
72016362,0,1,1,0,0,0,7672,7504,0,0,0,1140
72016363,0,1,1,0,0,0,7672,7504,0,0,0,1140
72016364,0,1,1,0,0,0,7672,7504,0,0,0,1141
72016365,1,1,1,0,0,0,7672,7504,0,0,1,1141
72016366,1,1,1,0,0,0,7672,7504,0,0,1,1142
72016367,1,1,1,0,0,0,7672,7504,0,0,1,1142
72016368,1,1,1,0,0,1,7672,7504,0,0,1,1142
72016369,1,1,1,0,0,1,7672,7504,0,0,1,1143
72016370,1,1,1,0,0,1,7672,7504,0,0,1,666
72016371,0,1,1,0,0,1,7672,7504,0,0,140000,666
72016372,0,1,1,0,0,1,7672,7504,0,0,140000,666
72016373,0,1,1,0,0,1,7672,7504,0,0,140000,0
72016374,0,1,1,3,0,1,7672,7504,0,0,0,0
72016375,0,1,1,3,0,1,7672,7504,0,0,0,0
72016376,0,1,1,3,0,1,7672,7504,0,0,0,2001
72016377,0,1,1,3,0,1,7672,7504,0,0,0,17040
72016378,0,1,1,3,0,1,7672,7504,0,0,0,17040
72016379,0,1,1,3,0,1,7672,7504,0,0,0,0
72016380,0,1,1,3,0,1,7672,7504,0,0,0,0
72016381,0,1,1,3,0,1,7672,7504,0,0,0,0
72016382,0,1,1,3,0,1,7672,7504,0,0,0,0
72016383,0,1,1,3,0,1,7672,7504,3040,0,0,0
72016384,0,1,1,3,0,1,7672,7504,3040,0,0,6000
72016385,0,1,1,3,0,1,7672,7504,0,0,0,6000
72016386,0,1,1,3,0,1,7672,7504,0,0,0,6000
72016387,0,1,1,3,0,1,7672,7504,0,0,0,6000
72016388,0,1,1,3,0,1,7672,7504,0,44035,44035,6440
72016389,0,1,1,3,0,1,7672,7504,0,44035,44035,6440
72016390,0,1,1,3,0,1,7672,7504,0,44035,44035,6440
72016391,0,1,1,3,0,1,7672,7504,0,44035,44035,6440
72016392,0,1,1,3,0,1,7672,7504,0,0,44035,6440
72016393,0,1,1,3,0,1,7672,7504,0,0,44035,6440
72016394,0,1,1,3,0,1,7672,7504,0,0,44035,6440
72016395,1,1,1,0,0,1,7672,7504,0,0,44035,170
72016396,1,1,1,0,0,1,7672,7504,0,0,0,170
72016397,1,1,1,0,0,1,7672,7504,0,0,0,0
72016398,1,1,1,0,0,1,7672,7504,0,0,0,0
72016399,1,1,1,0,0,1,7672,7504,0,0,0,0
72016400,1,1,1,0,0,1,7672,7504,3075,0,0,0
72016401,1,1,1,0,0,1,7672,7504,3075,0,0,0
72016402,1,1,1,0,0,1,7672,7504,0,0,0,0
72016403,1,1,1,0,0,1,7672,7504,0,0,0,0
72016404,1,1,1,0,0,1,7672,7504,0,0,0,0
72016405,1,1,1,0,0,1,7672,7504,0,162,162,0
72016406,1,1,1,0,0,1,7672,7504,0,162,162,0
72016407,1,1,1,0,0,1,7672,7504,0,162,162,0
72016408,1,1,1,0,0,1,7672,7504,0,162,162,0
72016409,1,1,1,0,0,1,7672,7504,0,0,162,0
72016410,1,1,1,0,0,1,7672,7504,0,0,162,0
72016411,1,1,1,0,0,1,7672,7504,0,0,162,0
72016412,162,1,1,3,0,1,7672,7504,0,0,162,0
72016413,162,1,1,3,0,1,7672,7504,0,0,0,0
72016414,162,1,1,3,0,1,7672,7504,0,0,0,2001
72016415,162,1,1,3,0,1,7672,7504,0,0,0,17041
72016416,162,1,1,3,0,1,7672,7504,0,0,0,17041
72016417,162,1,1,3,0,1,7672,7504,3041,0,0,0
72016418,162,1,1,3,0,1,7672,7504,3041,0,0,6000
72016419,162,1,1,3,0,1,7672,7504,0,0,0,6000
72016420,162,1,1,3,0,1,7672,7504,0,0,0,6000
72016421,162,1,1,3,0,1,7672,7504,0,0,0,6000
72016422,162,1,1,3,0,1,7672,7504,0,50033,50033,6500
72016423,162,1,1,3,0,1,7672,7504,0,50033,50033,6500
72016424,162,1,1,3,0,1,7672,7504,0,50033,50033,6500
72016425,162,1,1,3,0,1,7672,7504,0,50033,50033,6500
72016426,162,1,1,3,0,1,7672,7504,0,0,50033,6500
72016427,162,1,1,3,0,1,7672,7504,0,0,50033,6500
72016428,162,1,1,3,0,1,7672,7504,0,0,50033,6500
72016429,1,1,1,0,162,1,7672,7504,0,0,50033,172
72016430,1,1,1,0,162,1,7672,7504,0,0,0,172
72016431,1,1,1,0,162,1,7672,7504,0,0,0,0
72016432,1,1,1,0,162,1,7672,7504,0,0,0,0
72016433,1,1,1,0,162,1,7672,7504,0,0,0,0
72016434,1,1,1,0,162,1,7672,7504,3074,0,0,0
72016435,1,1,1,0,162,1,7672,7504,3074,0,0,0
72016436,1,1,1,0,162,1,7672,7504,0,0,0,0
72016437,1,1,1,0,162,1,7672,7504,0,0,0,0
72016438,1,1,1,0,162,1,7672,7504,0,0,0,0
72016439,1,1,1,0,162,1,7672,7504,0,300,300,0
72016440,1,1,1,0,162,1,7672,7504,0,300,300,0
72016441,1,1,1,0,162,1,7672,7504,0,300,300,0
72016442,1,1,1,0,162,1,7672,7504,0,300,300,0
72016443,1,1,1,0,162,1,7672,7504,0,0,300,0
72016444,1,1,1,0,162,1,7672,7504,0,0,300,0
72016445,1,1,1,0,162,1,7672,7504,0,0,300,0
72016446,300,1,1,3,162,1,7672,7504,0,0,300,0
72016447,300,1,1,3,162,1,7672,7504,0,0,0,0
72016448,300,1,1,3,162,1,7672,7504,0,0,0,2001
72016449,300,1,1,3,162,1,7672,7504,0,0,0,17042
72016450,300,1,1,3,162,1,7672,7504,0,0,0,17042
72016451,300,1,1,3,162,1,7672,7504,3042,0,0,0
72016452,300,1,1,3,162,1,7672,7504,3042,0,0,6000
72016453,300,1,1,3,162,1,7672,7504,0,0,0,6000
72016454,300,1,1,3,162,1,7672,7504,0,0,0,6000
72016455,300,1,1,3,162,1,7672,7504,0,0,0,6000
72016456,300,1,1,3,162,1,7672,7504,0,173005,173005,7730
72016457,300,1,1,3,162,1,7672,7504,0,173005,173005,7730
72016458,300,1,1,3,162,1,7672,7504,0,173005,173005,7730
72016459,300,1,1,3,162,1,7672,7504,0,173005,173005,7730
72016460,300,1,1,3,162,1,7672,7504,0,0,173005,7730
72016461,300,1,1,3,162,1,7672,7504,0,0,173005,7730
72016462,300,1,1,3,162,1,7672,7504,0,0,173005,7730
72016463,5,1,1,3,162,1,7672,7504,0,0,173005,0
72016464,5,1,1,3,162,1,7672,7504,0,0,0,0
72016465,5,1,1,3,162,1,7672,7504,0,0,0,2001
72016466,5,1,1,3,162,1,7672,7504,0,0,0,17043
72016467,5,1,1,3,162,1,7672,7504,0,0,0,17043
72016468,5,1,1,3,162,1,7672,7504,3043,0,0,0
72016469,5,1,1,3,162,1,7672,7504,3043,0,0,6000
72016470,5,1,1,3,162,1,7672,7504,0,0,0,6000
72016471,5,1,1,3,162,1,7672,7504,0,0,0,6000
72016472,5,1,1,3,162,1,7672,7504,0,0,0,6000
72016473,5,1,1,3,162,1,7672,7504,0,150415,150415,7504
72016474,5,1,1,3,162,1,7672,7504,0,150415,150415,7504
72016475,5,1,1,3,162,1,7672,7504,0,150415,150415,7504
72016476,5,1,1,3,162,1,7672,7504,0,150415,150415,7504
72016477,5,1,1,3,162,1,7672,7504,0,0,150415,7504
72016478,5,1,1,3,162,1,7672,7504,0,0,150415,7504
72016479,5,1,1,3,162,1,7672,7504,0,0,150415,7504
72016480,1,1,1,0,162,1,7672,7504,0,0,150415,657
72016481,1,1,1,0,162,1,7672,7504,0,0,1,657
72016482,1,1,1,0,162,1,7672,7504,0,0,1,326
72016483,1,1,1,0,162,1,7672,7504,0,0,1,326
72016484,1,1,1,0,162,1,7672,7504,0,0,1,326
72016485,1,1,1,0,162,1,7672,7504,0,0,1,327
72016486,1,1,1,0,162,1,7672,7504,0,0,1,327
72016487,1,1,1,0,162,1,7672,7504,0,0,1,330
72016488,1,1,1,0,162,1,7672,7504,0,0,1,660
72016489,1,1,1,0,162,1,7672,7504,0,0,1,660
72016490,1,1,1,0,162,1,7672,7504,0,0,1,660
72016491,1,1,1,0,162,1,7672,7504,0,0,1,3655
72016492,244,1,1,0,162,1,7672,7504,0,0,110244,3655
72016493,244,1,1,0,162,1,7672,7504,0,0,110244,3655
72016494,244,1,1,0,162,1,7672,7504,0,0,110244,474
72016495,244,1,1,0,162,110244,7672,7504,0,0,110244,474
72016496,244,1,1,0,162,110244,7672,7504,0,0,110244,474
72016497,244,1,1,0,162,110244,7672,7504,0,0,110244,475
72016498,305,1,1,3,162,110244,7672,7504,0,0,305,475
72016499,305,1,1,3,162,110244,7672,7504,0,0,305,476
72016500,305,1,1,3,162,110244,7672,7504,0,0,305,501
72016501,244,1,1,0,162,110244,7672,7504,0,0,110244,501
72016502,244,1,1,0,162,110244,7672,7504,0,0,110244,501
72016503,244,1,1,0,162,110244,7672,7504,0,0,110244,502
72016504,7,1,1,0,162,110244,7672,7504,0,0,7,502
72016505,7,1,1,0,162,110244,7672,7504,0,0,7,503
72016506,7,1,1,0,162,110244,7672,7504,0,0,7,503
72016507,300,1,1,0,162,300,7672,7504,0,0,300,503
72016508,300,1,1,0,162,300,7672,7504,0,0,300,504
72016509,300,1,1,0,162,300,7672,7504,0,0,300,511
72016510,3,1,1,0,162,300,7672,7504,0,0,3,511
72016511,3,1,1,0,162,300,7672,7504,0,0,3,511
72016512,3,1,1,0,162,300,7672,7504,0,0,3,3725
72016513,141,1,1,0,162,304,7672,7504,0,0,30141,3725
72016514,141,1,1,0,162,304,7672,7504,0,0,30141,3725
72016515,141,1,1,0,162,304,7672,7504,0,0,30141,476
72016516,162,0,1,0,162,30141,7672,7504,0,0,162,476
# MARK wr tick=72016516
72016517,162,0,1,0,162,30141,7672,7504,0,0,162,476
72048074,244,1,1,0,0,10244,7672,7504,0,0,10244,326
72048075,244,1,1,0,0,10244,7672,7504,0,0,10244,327
72048076,244,1,1,0,0,10244,7672,7504,0,0,10244,327
72048077,244,1,1,0,0,10244,7672,7504,0,0,10244,330
72048078,244,1,1,0,0,10244,7672,7504,0,0,10244,660
72048079,244,1,1,0,0,10244,7672,7504,0,0,10244,660
72048080,244,1,1,0,0,10244,7672,7504,0,0,10244,660
72048081,244,1,1,0,0,10244,7672,7504,0,0,10244,3642
72048082,244,1,1,0,0,10244,7672,7504,0,0,10244,3642
72048083,244,1,1,0,0,10244,7672,7504,0,0,10244,3642
72048084,244,1,1,0,0,10244,7672,7504,0,0,10244,663
72048085,0,1,1,0,0,10244,7672,7504,0,0,100000,663
72048086,0,1,1,0,0,10244,7672,7504,0,0,100000,663
72048087,0,1,1,0,0,10244,7672,7504,0,0,100000,664
72048088,244,1,1,0,0,110244,7672,7504,0,0,110244,664
72048089,244,1,1,0,0,110244,7672,7504,0,0,110244,665
72048090,244,1,1,0,0,110244,7672,7504,0,0,110244,665
72048091,244,1,1,0,0,110244,7672,7504,0,0,110244,665
72048092,244,1,1,0,0,110244,7672,7504,0,0,110244,666
72048093,244,1,1,0,0,110244,7672,7504,0,0,110244,1112
72048094,245,1,1,0,0,110244,7672,7504,0,0,130245,1112
72048095,245,1,1,0,0,110244,7672,7504,0,0,130245,1112
72048096,245,1,1,0,0,110244,7672,7504,0,0,130245,1113
72048097,245,1,1,0,0,110244,7672,7504,0,0,130245,1113
72048098,245,1,1,0,0,110244,7672,7504,0,0,130245,1113
72048099,245,1,1,0,0,110244,7672,7504,0,0,130245,1113
72048100,245,1,1,0,0,110244,7672,7504,0,0,130245,1113
72048101,245,1,1,0,0,110244,7672,7504,0,0,130245,1113
72048102,244,1,1,0,0,110244,7672,7504,0,0,110244,1113
72048103,244,1,1,0,0,110244,7672,7504,0,0,110244,1114
72048104,244,1,1,0,0,110244,7672,7504,0,0,110244,1114
72048105,10,1,1,0,0,110244,7672,7504,0,0,10,1114
72048106,10,1,1,0,0,110244,7672,7504,0,0,10,1115
72048107,10,1,1,0,0,110244,7672,7504,0,0,10,1115
72048108,10,1,1,0,0,110244,7672,7504,0,0,10,1115
72048109,10,1,1,0,0,110244,7672,7504,0,0,10,1115
72048110,10,1,1,0,0,110244,7672,7504,0,0,10,1115
72048111,10,1,1,0,0,110244,7672,7504,0,0,10,1115
72048112,10,1,1,0,0,110244,7672,7504,0,0,10,1115
72048113,0,1,1,0,0,110244,7672,7504,0,0,0,1115
72048114,0,1,1,0,0,110244,7672,7504,0,0,0,1116
72048115,0,1,1,0,0,110244,7672,7504,0,0,0,1116
72048116,244,1,1,0,0,0,7672,7504,0,0,110244,1116
72048117,244,1,1,0,0,0,7672,7504,0,0,110244,666
72048118,244,1,1,0,0,0,7672,7504,0,0,110244,1117
72048119,1,1,1,0,0,0,7672,7504,0,0,60001,1117
72048120,1,1,1,0,0,0,7672,7504,0,0,60001,1120
72048121,1,1,1,0,0,0,7672,7504,0,0,60001,1120
72048122,13,1,1,0,0,0,7672,7504,0,0,100013,1120
72048123,13,1,1,0,0,0,7672,7504,0,0,100013,1121
72048124,13,1,1,0,0,0,7672,7504,0,0,100013,1120
72048125,0,1,1,0,0,100013,7672,7504,0,0,0,1120
72048126,0,1,1,0,0,100013,7672,7504,0,0,0,1120
72048127,0,1,1,0,0,100013,7672,7504,0,0,0,1120
72048128,1,1,1,0,0,26,7672,7504,0,0,1,1120
72048129,1,1,1,0,0,26,7672,7504,0,0,1,1120
72048130,1,1,1,0,0,26,7672,7504,0,0,1,1120
72048131,2,1,1,0,0,54,7672,7504,0,0,2,1120
72048132,2,1,1,0,0,54,7672,7504,0,0,2,1120
72048133,2,1,1,0,0,54,7672,7504,0,0,2,1120
72048134,4,1,1,0,0,130,7672,7504,0,0,4,1120
72048135,4,1,1,0,0,130,7672,7504,0,0,4,1120
72048136,4,1,1,0,0,130,7672,7504,0,0,4,1120
72048137,10,1,1,0,0,260,7672,7504,0,0,10,1120
72048138,10,1,1,0,0,260,7672,7504,0,0,10,1120
72048139,10,1,1,0,0,260,7672,7504,0,0,10,1120
72048140,20,1,1,0,0,540,7672,7504,0,0,20,1120
72048141,20,1,1,0,0,540,7672,7504,0,0,20,1120
72048142,20,1,1,0,0,540,7672,7504,0,0,20,1120
72048143,40,1,1,0,0,1300,7672,7504,0,0,40,1120
72048144,40,1,1,0,0,1300,7672,7504,0,0,40,1120
72048145,40,1,1,0,0,1300,7672,7504,0,0,40,1120
72048146,100,1,1,0,0,2600,7672,7504,0,0,100,1120
72048147,100,1,1,0,0,2600,7672,7504,0,0,100,1120
72048148,100,1,1,0,0,2600,7672,7504,0,0,100,1120
72048149,200,1,1,0,0,5400,7672,7504,0,0,200,1120
72048150,200,1,1,0,0,5400,7672,7504,0,0,200,1120
72048151,200,1,1,0,0,5400,7672,7504,0,0,200,1120
72048152,0,1,1,0,0,13000,7672,7504,0,0,400,1120
72048153,0,1,1,0,0,13000,7672,7504,0,0,400,1120
72048154,0,1,1,0,0,13000,7672,7504,0,0,400,1120
72048155,0,1,1,0,0,26000,7672,7504,0,0,1000,1120
72048156,0,1,1,0,0,26000,7672,7504,0,0,1000,1120
72048157,0,1,1,0,0,26000,7672,7504,0,0,1000,1120
72048158,0,1,1,0,0,54000,7672,7504,0,0,2000,1120
72048159,0,1,1,0,0,54000,7672,7504,0,0,2000,1120
72048160,0,1,1,0,0,54000,7672,7504,0,0,2000,1120
72048161,0,1,1,0,0,130000,7672,7504,0,0,4000,1120
72048162,0,1,1,0,0,130000,7672,7504,0,0,4000,1120
72048163,0,1,1,0,0,130000,7672,7504,0,0,4000,1121
72048164,1,1,1,0,0,60000,7672,7504,0,0,10001,1121
72048165,1,1,1,0,0,60000,7672,7504,0,0,10001,1122
72048166,1,1,1,0,0,60000,7672,7504,0,0,10001,1133
72048167,0,1,1,0,0,140000,7672,7504,0,0,0,1133
72048168,0,1,1,0,0,140000,7672,7504,0,0,0,1133
72048169,0,1,1,0,0,140000,7672,7504,0,0,0,1134
72048170,0,1,1,0,0,0,7672,7504,0,0,0,1134
72048171,0,1,1,0,0,0,7672,7504,0,0,0,1135
72048172,0,1,1,0,0,0,7672,7504,0,0,0,1140
72048173,0,1,1,0,0,0,7672,7504,0,0,0,1140
72048174,0,1,1,0,0,0,7672,7504,0,0,0,1140
72048175,0,1,1,0,0,0,7672,7504,0,0,0,1141
72048176,1,1,1,0,0,0,7672,7504,0,0,1,1141
72048177,1,1,1,0,0,0,7672,7504,0,0,1,1142
72048178,1,1,1,0,0,0,7672,7504,0,0,1,1142
72048179,1,1,1,0,0,1,7672,7504,0,0,1,1142
72048180,1,1,1,0,0,1,7672,7504,0,0,1,1143
72048181,1,1,1,0,0,1,7672,7504,0,0,1,666
72048182,0,1,1,0,0,1,7672,7504,0,0,140000,666
72048183,0,1,1,0,0,1,7672,7504,0,0,140000,666
72048184,0,1,1,0,0,1,7672,7504,0,0,140000,0
72048185,0,1,1,3,0,1,7672,7504,0,0,0,0
72048186,0,1,1,3,0,1,7672,7504,0,0,0,0
72048187,0,1,1,3,0,1,7672,7504,0,0,0,2001
72048188,0,1,1,3,0,1,7672,7504,0,0,0,17040
72048189,0,1,1,3,0,1,7672,7504,0,0,0,17040
72048190,0,1,1,3,0,1,7672,7504,3040,0,0,0
72048191,0,1,1,3,0,1,7672,7504,3040,0,0,6000
72048192,0,1,1,3,0,1,7672,7504,0,0,0,6000
72048193,0,1,1,3,0,1,7672,7504,0,0,0,6000
72048194,0,1,1,3,0,1,7672,7504,0,0,0,6000
72048195,0,1,1,3,0,1,7672,7504,0,44035,44035,6440
72048196,0,1,1,3,0,1,7672,7504,0,44035,44035,6440
72048197,0,1,1,3,0,1,7672,7504,0,44035,44035,6440
72048198,0,1,1,3,0,1,7672,7504,0,44035,44035,6440
72048199,0,1,1,3,0,1,7672,7504,0,0,44035,6440
72048200,0,1,1,3,0,1,7672,7504,0,0,44035,6440
72048201,0,1,1,3,0,1,7672,7504,0,0,44035,6440
72048202,1,1,1,0,0,1,7672,7504,0,0,44035,170
72048203,1,1,1,0,0,1,7672,7504,0,0,0,170
72048204,1,1,1,0,0,1,7672,7504,0,0,0,0
72048205,1,1,1,0,0,1,7672,7504,0,0,0,0
72048206,1,1,1,0,0,1,7672,7504,0,0,0,0
72048207,1,1,1,0,0,1,7672,7504,3075,0,0,0
72048208,1,1,1,0,0,1,7672,7504,3075,0,0,0
72048209,1,1,1,0,0,1,7672,7504,0,0,0,0
72048210,1,1,1,0,0,1,7672,7504,0,0,0,0
72048211,1,1,1,0,0,1,7672,7504,0,0,0,0
72048212,1,1,1,0,0,1,7672,7504,0,163,163,0
72048213,1,1,1,0,0,1,7672,7504,0,163,163,0
72048214,1,1,1,0,0,1,7672,7504,0,163,163,0
72048215,1,1,1,0,0,1,7672,7504,0,163,163,0
72048216,1,1,1,0,0,1,7672,7504,0,0,163,0
72048217,1,1,1,0,0,1,7672,7504,0,0,163,0
72048218,1,1,1,0,0,1,7672,7504,0,0,163,0
72048219,163,1,1,3,0,1,7672,7504,0,0,163,0
72048220,163,1,1,3,0,1,7672,7504,0,0,0,0
72048221,163,1,1,3,0,1,7672,7504,0,0,0,2001
72048222,163,1,1,3,0,1,7672,7504,0,0,0,17041
72048223,163,1,1,3,0,1,7672,7504,0,0,0,17041
72048224,163,1,1,3,0,1,7672,7504,3041,0,0,0
72048225,163,1,1,3,0,1,7672,7504,3041,0,0,6000
72048226,163,1,1,3,0,1,7672,7504,0,0,0,6000
72048227,163,1,1,3,0,1,7672,7504,0,0,0,6000
72048228,163,1,1,3,0,1,7672,7504,0,0,0,6000
72048229,163,1,1,3,0,1,7672,7504,0,50033,50033,6500
72048230,163,1,1,3,0,1,7672,7504,0,50033,50033,6500
72048231,163,1,1,3,0,1,7672,7504,0,50033,50033,6500
72048232,163,1,1,3,0,1,7672,7504,0,50033,50033,6500
72048233,163,1,1,3,0,1,7672,7504,0,0,50033,6500
72048234,163,1,1,3,0,1,7672,7504,0,0,50033,6500
72048235,163,1,1,3,0,1,7672,7504,0,0,50033,6500
72048236,1,1,1,0,163,1,7672,7504,0,0,50033,172
72048237,1,1,1,0,163,1,7672,7504,0,0,0,172
72048238,1,1,1,0,163,1,7672,7504,0,0,0,0
72048239,1,1,1,0,163,1,7672,7504,0,0,0,0
72048240,1,1,1,0,163,1,7672,7504,0,0,0,0
72048241,1,1,1,0,163,1,7672,7504,3074,0,0,0
72048242,1,1,1,0,163,1,7672,7504,3074,0,0,0
72048243,1,1,1,0,163,1,7672,7504,0,0,0,0
72048244,1,1,1,0,163,1,7672,7504,0,0,0,0
72048245,1,1,1,0,163,1,7672,7504,0,0,0,0
72048246,1,1,1,0,163,1,7672,7504,0,300,300,0
72048247,1,1,1,0,163,1,7672,7504,0,300,300,0
72048248,1,1,1,0,163,1,7672,7504,0,300,300,0
72048249,1,1,1,0,163,1,7672,7504,0,300,300,0
72048250,1,1,1,0,163,1,7672,7504,0,0,300,0
72048251,1,1,1,0,163,1,7672,7504,0,0,300,0
72048252,1,1,1,0,163,1,7672,7504,0,0,300,0
72048253,300,1,1,3,163,1,7672,7504,0,0,300,0
72048254,300,1,1,3,163,1,7672,7504,0,0,0,0
72048255,300,1,1,3,163,1,7672,7504,0,0,0,2001
72048256,300,1,1,3,163,1,7672,7504,0,0,0,17042
72048257,300,1,1,3,163,1,7672,7504,0,0,0,17042
72048258,300,1,1,3,163,1,7672,7504,3042,0,0,0
72048259,300,1,1,3,163,1,7672,7504,3042,0,0,6000
72048260,300,1,1,3,163,1,7672,7504,0,0,0,6000
72048261,300,1,1,3,163,1,7672,7504,0,0,0,6000
72048262,300,1,1,3,163,1,7672,7504,0,0,0,6000
72048263,300,1,1,3,163,1,7672,7504,0,173005,173005,7730
72048264,300,1,1,3,163,1,7672,7504,0,173005,173005,7730
72048265,300,1,1,3,163,1,7672,7504,0,173005,173005,7730
72048266,300,1,1,3,163,1,7672,7504,0,173005,173005,7730
72048267,300,1,1,3,163,1,7672,7504,0,0,173005,7730
72048268,300,1,1,3,163,1,7672,7504,0,0,173005,7730
72048269,300,1,1,3,163,1,7672,7504,0,0,173005,7730
72048270,5,1,1,3,163,1,7672,7504,0,0,173005,0
72048271,5,1,1,3,163,1,7672,7504,0,0,0,0
72048272,5,1,1,3,163,1,7672,7504,0,0,0,2001
72048273,5,1,1,3,163,1,7672,7504,0,0,0,17043
72048274,5,1,1,3,163,1,7672,7504,0,0,0,17043
72048275,5,1,1,3,163,1,7672,7504,3043,0,0,0
72048276,5,1,1,3,163,1,7672,7504,3043,0,0,6000
72048277,5,1,1,3,163,1,7672,7504,0,0,0,6000
72048278,5,1,1,3,163,1,7672,7504,0,0,0,6000
72048279,5,1,1,3,163,1,7672,7504,0,0,0,6000
72048280,5,1,1,3,163,1,7672,7504,0,150415,150415,7504
72048281,5,1,1,3,163,1,7672,7504,0,150415,150415,7504
72048282,5,1,1,3,163,1,7672,7504,0,150415,150415,7504
72048283,5,1,1,3,163,1,7672,7504,0,150415,150415,7504
72048284,5,1,1,3,163,1,7672,7504,0,0,150415,7504
72048285,5,1,1,3,163,1,7672,7504,0,0,150415,7504
72048286,5,1,1,3,163,1,7672,7504,0,0,150415,7504
72048287,1,1,1,0,163,1,7672,7504,0,0,150415,657
72048288,1,1,1,0,163,1,7672,7504,0,0,1,657
72048289,1,1,1,0,163,1,7672,7504,0,0,1,326
72048290,1,1,1,0,163,1,7672,7504,0,0,1,326
72048291,1,1,1,0,163,1,7672,7504,0,0,1,326
72048292,1,1,1,0,163,1,7672,7504,0,0,1,327
72048293,1,1,1,0,163,1,7672,7504,0,0,1,327
72048294,1,1,1,0,163,1,7672,7504,0,0,1,330
72048295,1,1,1,0,163,1,7672,7504,0,0,1,660
72048296,1,1,1,0,163,1,7672,7504,0,0,1,660
72048297,1,1,1,0,163,1,7672,7504,0,0,1,660
72048298,1,1,1,0,163,1,7672,7504,0,0,1,3655
72048299,244,1,1,0,163,1,7672,7504,0,0,110244,3655
72048300,244,1,1,0,163,1,7672,7504,0,0,110244,3655
72048301,244,1,1,0,163,1,7672,7504,0,0,110244,474
72048302,244,1,1,0,163,110244,7672,7504,0,0,110244,474
72048303,244,1,1,0,163,110244,7672,7504,0,0,110244,474
72048304,244,1,1,0,163,110244,7672,7504,0,0,110244,475
72048305,305,1,1,3,163,110244,7672,7504,0,0,305,475
72048306,305,1,1,3,163,110244,7672,7504,0,0,305,476
72048307,305,1,1,3,163,110244,7672,7504,0,0,305,501
72048308,244,1,1,0,163,110244,7672,7504,0,0,110244,501
72048309,244,1,1,0,163,110244,7672,7504,0,0,110244,501
72048310,244,1,1,0,163,110244,7672,7504,0,0,110244,502
72048311,7,1,1,0,163,110244,7672,7504,0,0,7,502
72048312,7,1,1,0,163,110244,7672,7504,0,0,7,503
72048313,7,1,1,0,163,110244,7672,7504,0,0,7,503
72048314,300,1,1,0,163,300,7672,7504,0,0,300,503
72048315,300,1,1,0,163,300,7672,7504,0,0,300,504
72048316,300,1,1,0,163,300,7672,7504,0,0,300,511
72048317,3,1,1,0,163,300,7672,7504,0,0,3,511
72048318,3,1,1,0,163,300,7672,7504,0,0,3,511
72048319,3,1,1,0,163,300,7672,7504,0,0,3,3725
72048320,141,1,1,0,163,304,7672,7504,0,0,30141,3725
72048321,141,1,1,0,163,304,7672,7504,0,0,30141,3725
72048322,141,1,1,0,163,304,7672,7504,0,0,30141,476
72048323,163,0,1,0,163,30141,7672,7504,0,0,163,476
# MARK wr tick=72048323
72048324,163,0,1,0,163,30141,7672,7504,0,0,163,476
72079815,1,1,1,0,177777,60000,1147,15,0,0,10001,1121
72079816,1,1,1,0,177777,60000,1147,15,0,0,10001,1122
72079817,1,1,1,0,177777,60000,1147,15,0,0,10001,1133
72079818,0,1,1,0,177777,140000,1147,15,0,0,0,1133
72079819,0,1,1,0,177777,140000,1147,15,0,0,0,1133
72079820,0,1,1,0,177777,140000,1147,15,0,0,0,1134
72079821,0,1,1,0,177777,0,1147,15,0,0,0,1134
72079822,0,1,1,0,177777,0,1147,15,0,0,0,1135
72079823,0,1,1,0,177777,0,1147,15,0,0,0,1140
72079824,0,1,1,0,177777,0,1147,15,0,0,0,1140
72079825,0,1,1,0,177777,0,1147,15,0,0,0,1140
72079826,0,1,1,0,177777,0,1147,15,0,0,0,1141
72079827,0,1,1,0,177777,0,1147,15,0,0,20000,1141
72079828,0,1,1,0,177777,0,1147,15,0,0,20000,1142
72079829,0,1,1,0,177777,0,1147,15,0,0,20000,1142
72079830,1,1,1,0,177777,20000,1147,15,0,0,1,1142
72079831,1,1,1,0,177777,20000,1147,15,0,0,1,1143
72079832,1,1,1,0,177777,20000,1147,15,0,0,1,1143
72079833,0,1,1,0,177777,20000,1147,15,0,0,140000,1143
72079834,0,1,1,0,177777,20000,1147,15,0,0,140000,1144
72079835,0,1,1,0,177777,20000,1147,15,0,0,140000,1144
72079836,1,1,1,0,177777,20000,1147,15,0,0,1,1144
72079837,1,1,1,0,177777,20000,1147,15,0,0,1,1145
72079838,1,1,1,0,177777,20000,1147,15,0,0,1,1145
72079839,150,1,1,0,177777,1,1147,15,0,0,150,1145
72079840,150,1,1,0,177777,1,1147,15,0,0,150,1146
72079841,150,1,1,0,177777,1,1147,15,0,0,150,1146
72079842,150,1,1,0,177777,1,1147,15,0,0,150,1146
72079843,150,1,1,0,177777,1,1147,15,0,0,150,1147
72079844,150,1,1,0,177777,1,1147,15,0,0,150,1147
72079845,1,1,1,0,177777,1,1147,15,0,0,20001,1147
72079846,1,1,1,0,177777,1,1147,15,0,0,20001,1150
72079847,1,1,1,0,177777,1,1147,15,0,0,20001,1150
72079848,7,1,1,0,177777,1,1147,15,0,0,7,1150
72079849,7,1,1,0,177777,1,1147,15,0,0,7,1151
72079850,7,1,1,0,177777,1,1147,15,0,0,7,1151
72079851,0,1,1,0,177777,1,1147,15,0,0,116400,1151
72079852,0,1,1,0,177777,1,1147,15,0,0,116400,1152
72079853,0,1,1,0,177777,1,1147,15,0,0,116400,1151
72079854,15,1,1,0,177777,1,1147,15,0,0,15,1151
72079855,15,1,1,0,177777,1,1147,15,0,0,15,1151
72079856,15,1,1,0,177777,1,1147,15,0,0,15,1151
72079857,15,1,1,0,177777,15,1147,15,0,0,15,1151
72079858,15,1,1,0,177777,15,1147,15,0,0,15,1151
72079859,15,1,1,0,177777,15,1147,15,0,0,15,1151
72079860,0,1,1,0,177777,15,1147,15,0,0,0,1151
72079861,0,1,1,0,177777,15,1147,15,0,0,0,1151
72079862,0,1,1,0,177777,15,1147,15,0,0,0,1151
72079863,377,1,1,0,177777,0,1147,15,0,0,177777,1151
72079864,377,1,1,0,177777,0,1147,15,0,0,177777,1151
72079865,377,1,1,0,177777,0,1147,15,0,0,177777,1151
72079866,54,1,1,0,177777,177777,1147,15,0,0,2454,1151
72079867,54,1,1,0,177777,177777,1147,15,0,0,2454,1151
72079868,54,1,1,0,177777,177777,1147,15,0,0,2454,1151
72079869,147,1,1,0,177777,2454,1147,15,0,0,1147,1151
72079870,147,1,1,0,177777,2454,1147,15,0,0,1147,1151
72079871,147,1,1,0,177777,2454,1147,15,0,0,1147,1151
72079872,7,1,1,0,177777,1147,1147,15,0,0,2407,1151
72079873,7,1,1,0,177777,1147,1147,15,0,0,2407,1151
72079874,7,1,1,0,177777,1147,1147,15,0,0,2407,1151
72079875,277,1,1,0,177777,2407,1147,15,0,0,12677,1151
72079876,277,1,1,0,177777,2407,1147,15,0,0,12677,1151
72079877,277,1,1,0,177777,2407,1147,15,0,0,12677,1152
72079878,0,1,1,0,177777,12677,1147,15,0,0,116400,1152
72079879,0,1,1,0,177777,12677,1147,15,0,0,116400,1153
72079880,0,1,1,0,177777,12677,1147,15,0,0,116400,1153
72079881,0,1,1,0,177777,116400,1147,15,0,0,170000,1153
72079882,0,1,1,0,177777,116400,1147,15,0,0,170000,1154
72079883,0,1,1,0,177777,116400,1147,15,0,0,170000,1154
72079884,0,1,1,0,177777,116400,1147,15,0,0,110000,1154
72079885,0,1,1,0,177777,116400,1147,15,0,0,110000,1155
72079886,0,1,1,0,177777,116400,1147,15,0,0,110000,1155
72079887,7,1,1,0,177777,116400,1147,15,0,0,7,1155
72079888,7,1,1,0,177777,116400,1147,15,0,0,7,1156
72079889,7,1,1,0,177777,116400,1147,15,0,0,7,1156
72079890,1,1,1,0,177777,116400,1147,15,0,0,20001,1156
72079891,1,1,1,0,177777,116400,1147,15,0,0,20001,1157
72079892,1,1,1,0,177777,116400,1147,15,0,0,20001,1156
72079893,104,1,1,0,177777,116400,1147,15,0,0,7504,1156
72079894,104,1,1,0,177777,116400,1147,15,0,0,7504,1156
72079895,104,1,1,0,177777,116400,1147,15,0,0,7504,1156
72079896,104,1,1,0,177777,116400,1147,7504,0,0,7504,1156
72079897,104,1,1,0,177777,116400,1147,7504,0,0,7504,1156
72079898,104,1,1,0,177777,116400,1147,7504,0,0,7504,1156
72079899,302,1,1,0,177777,116400,1147,7504,0,0,302,1156
72079900,302,1,1,0,177777,116400,1147,7504,0,0,302,1156
72079901,302,1,1,0,177777,116400,1147,7504,0,0,302,1156
72079902,0,1,1,0,177777,116400,1147,7504,0,0,0,1156
72079903,0,1,1,0,177777,116400,1147,7504,0,0,0,1156
72079904,0,1,1,0,177777,116400,1147,7504,0,0,0,1156
72079905,26,1,1,0,0,116400,1147,7504,0,0,3026,1156
72079906,26,1,1,0,0,116400,1147,7504,0,0,3026,1156
72079907,26,1,1,0,0,116400,1147,7504,0,0,3026,1156
72079908,272,1,1,0,0,116400,1147,7504,0,0,7672,1156
72079909,272,1,1,0,0,116400,1147,7504,0,0,7672,1156
72079910,272,1,1,0,0,116400,1147,7504,0,0,7672,1156
72079911,40,1,1,0,0,116400,7672,7504,0,0,3040,1156
72079912,40,1,1,0,0,116400,7672,7504,0,0,3040,1156
72079913,40,1,1,0,0,116400,7672,7504,0,0,3040,1156
72079914,272,1,1,0,0,116400,7672,7504,0,0,55672,1156
72079915,272,1,1,0,0,116400,7672,7504,0,0,55672,1156
72079916,272,1,1,0,0,116400,7672,7504,0,0,55672,1157
72079917,244,1,1,0,0,116400,7672,7504,0,0,110244,1157
72079918,244,1,1,0,0,116400,7672,7504,0,0,110244,1160
72079919,244,1,1,0,0,116400,7672,7504,0,0,110244,1160
72079920,0,1,1,3,0,116400,7672,7504,0,0,0,1160
72079921,0,1,1,3,0,116400,7672,7504,0,0,0,1161
72079922,0,1,1,3,0,116400,7672,7504,0,0,0,1076
72079923,244,1,1,0,0,116400,7672,7504,0,0,110244,1076
72079924,244,1,1,0,0,116400,7672,7504,0,0,110244,1076
72079925,244,1,1,0,0,116400,7672,7504,0,0,110244,0
72079926,0,1,1,3,0,116400,7672,7504,0,0,0,0
72079927,0,1,1,3,0,116400,7672,7504,0,0,0,0
72079928,0,1,1,3,0,116400,7672,7504,0,0,0,2001
72079929,0,1,1,3,0,116400,7672,7504,0,0,0,17040
72079930,0,1,1,3,0,116400,7672,7504,0,0,0,17040
72079931,0,1,1,3,0,116400,7672,7504,3040,0,0,0
72079932,0,1,1,3,0,116400,7672,7504,3040,0,0,6000
72079933,0,1,1,3,0,116400,7672,7504,0,0,0,6000
72079934,0,1,1,3,0,116400,7672,7504,0,0,0,6000
72079935,0,1,1,3,0,116400,7672,7504,0,0,0,6000
72079936,0,1,1,3,0,116400,7672,7504,0,44035,44035,6440
72079937,0,1,1,3,0,116400,7672,7504,0,44035,44035,6440
72079938,0,1,1,3,0,116400,7672,7504,0,44035,44035,6440
72079939,0,1,1,3,0,116400,7672,7504,0,44035,44035,6440
72079940,0,1,1,3,0,116400,7672,7504,0,0,44035,6440
72079941,0,1,1,3,0,116400,7672,7504,0,0,44035,6440
72079942,0,1,1,3,0,116400,7672,7504,0,0,44035,6440
72079943,0,1,1,0,0,116400,7672,7504,0,0,44035,170
72079944,0,1,1,0,0,116400,7672,7504,0,0,0,170
72079945,0,1,1,0,0,116400,7672,7504,0,0,0,0
72079946,0,1,1,0,0,116400,7672,7504,0,0,0,0
72079947,0,1,1,0,0,116400,7672,7504,0,0,0,0
72079948,0,1,1,0,0,116400,7672,7504,3075,0,0,0
72079949,0,1,1,0,0,116400,7672,7504,3075,0,0,0
72079950,0,1,1,0,0,116400,7672,7504,0,0,0,0
72079951,0,1,1,0,0,116400,7672,7504,0,0,0,0
72079952,0,1,1,0,0,116400,7672,7504,0,0,0,0
72079953,0,1,1,0,0,116400,7672,7504,0,151,151,0
72079954,0,1,1,0,0,116400,7672,7504,0,151,151,0
72079955,0,1,1,0,0,116400,7672,7504,0,151,151,0
72079956,0,1,1,0,0,116400,7672,7504,0,151,151,0
72079957,0,1,1,0,0,116400,7672,7504,0,0,151,0
72079958,0,1,1,0,0,116400,7672,7504,0,0,151,0
72079959,0,1,1,0,0,116400,7672,7504,0,0,151,0
72079960,151,1,1,3,0,116400,7672,7504,0,0,151,0
72079961,151,1,1,3,0,116400,7672,7504,0,0,0,0
72079962,151,1,1,3,0,116400,7672,7504,0,0,0,2001
72079963,151,1,1,3,0,116400,7672,7504,0,0,0,17041
72079964,151,1,1,3,0,116400,7672,7504,0,0,0,17041
72079965,151,1,1,3,0,116400,7672,7504,3041,0,0,0
72079966,151,1,1,3,0,116400,7672,7504,3041,0,0,6000
72079967,151,1,1,3,0,116400,7672,7504,0,0,0,6000
72079968,151,1,1,3,0,116400,7672,7504,0,0,0,6000
72079969,151,1,1,3,0,116400,7672,7504,0,0,0,6000
72079970,151,1,1,3,0,116400,7672,7504,0,50033,50033,6500
72079971,151,1,1,3,0,116400,7672,7504,0,50033,50033,6500
72079972,151,1,1,3,0,116400,7672,7504,0,50033,50033,6500
72079973,151,1,1,3,0,116400,7672,7504,0,50033,50033,6500
72079974,151,1,1,3,0,116400,7672,7504,0,0,50033,6500
72079975,151,1,1,3,0,116400,7672,7504,0,0,50033,6500
72079976,151,1,1,3,0,116400,7672,7504,0,0,50033,6500
72079977,0,1,1,0,151,116400,7672,7504,0,0,50033,172
72079978,0,1,1,0,151,116400,7672,7504,0,0,0,172
72079979,0,1,1,0,151,116400,7672,7504,0,0,0,0
72079980,0,1,1,0,151,116400,7672,7504,0,0,0,0
72079981,0,1,1,0,151,116400,7672,7504,0,0,0,0
72079982,0,1,1,0,151,116400,7672,7504,3074,0,0,0
72079983,0,1,1,0,151,116400,7672,7504,3074,0,0,0
72079984,0,1,1,0,151,116400,7672,7504,0,0,0,0
72079985,0,1,1,0,151,116400,7672,7504,0,0,0,0
72079986,0,1,1,0,151,116400,7672,7504,0,0,0,0
72079987,0,1,1,0,151,116400,7672,7504,0,300,300,0
72079988,0,1,1,0,151,116400,7672,7504,0,300,300,0
72079989,0,1,1,0,151,116400,7672,7504,0,300,300,0
72079990,0,1,1,0,151,116400,7672,7504,0,300,300,0
72079991,0,1,1,0,151,116400,7672,7504,0,0,300,0
72079992,0,1,1,0,151,116400,7672,7504,0,0,300,0
72079993,0,1,1,0,151,116400,7672,7504,0,0,300,0
72079994,300,1,1,3,151,116400,7672,7504,0,0,300,0
72079995,300,1,1,3,151,116400,7672,7504,0,0,0,0
72079996,300,1,1,3,151,116400,7672,7504,0,0,0,2001
72079997,300,1,1,3,151,116400,7672,7504,0,0,0,17042
72079998,300,1,1,3,151,116400,7672,7504,0,0,0,17042
72079999,300,1,1,3,151,116400,7672,7504,3042,0,0,0
72080000,300,1,1,3,151,116400,7672,7504,3042,0,0,6000
72080001,300,1,1,3,151,116400,7672,7504,0,0,0,6000
72080002,300,1,1,3,151,116400,7672,7504,0,0,0,6000
72080003,300,1,1,3,151,116400,7672,7504,0,0,0,6000
72080004,300,1,1,3,151,116400,7672,7504,0,173005,173005,7730
72080005,300,1,1,3,151,116400,7672,7504,0,173005,173005,7730
72080006,300,1,1,3,151,116400,7672,7504,0,173005,173005,7730
72080007,300,1,1,3,151,116400,7672,7504,0,173005,173005,7730
72080008,300,1,1,3,151,116400,7672,7504,0,0,173005,7730
72080009,300,1,1,3,151,116400,7672,7504,0,0,173005,7730
72080010,300,1,1,3,151,116400,7672,7504,0,0,173005,7730
72080011,5,1,1,3,151,116400,7672,7504,0,0,173005,0
72080012,5,1,1,3,151,116400,7672,7504,0,0,0,0
72080013,5,1,1,3,151,116400,7672,7504,0,0,0,2001
72080014,5,1,1,3,151,116400,7672,7504,0,0,0,17043
72080015,5,1,1,3,151,116400,7672,7504,0,0,0,17043
72080016,5,1,1,3,151,116400,7672,7504,3043,0,0,0
72080017,5,1,1,3,151,116400,7672,7504,3043,0,0,6000
72080018,5,1,1,3,151,116400,7672,7504,0,0,0,6000
72080019,5,1,1,3,151,116400,7672,7504,0,0,0,6000
72080020,5,1,1,3,151,116400,7672,7504,0,0,0,6000
72080021,5,1,1,3,151,116400,7672,7504,0,150415,150415,7504
72080022,5,1,1,3,151,116400,7672,7504,0,150415,150415,7504
72080023,5,1,1,3,151,116400,7672,7504,0,150415,150415,7504
72080024,5,1,1,3,151,116400,7672,7504,0,150415,150415,7504
72080025,5,1,1,3,151,116400,7672,7504,0,0,150415,7504
72080026,5,1,1,3,151,116400,7672,7504,0,0,150415,7504
72080027,5,1,1,3,151,116400,7672,7504,0,0,150415,7504
72080028,0,1,1,0,151,116400,7672,7504,0,0,156415,657
72080029,0,1,1,0,151,116400,7672,7504,0,0,116400,657
72080030,0,1,1,0,151,116400,7672,7504,0,0,116400,326
72080031,0,1,1,0,151,116400,7672,7504,0,0,116400,326
72080032,0,1,1,0,151,116400,7672,7504,0,0,116400,326
72080033,0,1,1,0,151,116400,7672,7504,0,0,116400,327
72080034,0,1,1,0,151,116400,7672,7504,0,0,116400,327
72080035,0,1,1,0,151,116400,7672,7504,0,0,116400,330
72080036,0,1,1,0,151,116400,7672,7504,0,0,116400,660
72080037,0,1,1,0,151,116400,7672,7504,0,0,116400,660
72080038,0,1,1,0,151,116400,7672,7504,0,0,116400,660
72080039,0,1,1,0,151,116400,7672,7504,0,0,116400,3655
72080040,244,1,1,0,151,116400,7672,7504,0,0,110244,3655
72080041,244,1,1,0,151,116400,7672,7504,0,0,110244,3655
72080042,244,1,1,0,151,116400,7672,7504,0,0,110244,474
72080043,244,1,1,0,151,110244,7672,7504,0,0,110244,474
72080044,244,1,1,0,151,110244,7672,7504,0,0,110244,474
72080045,244,1,1,0,151,110244,7672,7504,0,0,110244,475
72080046,305,1,1,3,151,110244,7672,7504,0,0,305,475
72080047,305,1,1,3,151,110244,7672,7504,0,0,305,476
72080048,305,1,1,3,151,110244,7672,7504,0,0,305,501
72080049,244,1,1,0,151,110244,7672,7504,0,0,110244,501
72080050,244,1,1,0,151,110244,7672,7504,0,0,110244,501
72080051,244,1,1,0,151,110244,7672,7504,0,0,110244,502
72080052,7,1,1,0,151,110244,7672,7504,0,0,7,502
72080053,7,1,1,0,151,110244,7672,7504,0,0,7,503
72080054,7,1,1,0,151,110244,7672,7504,0,0,7,503
72080055,300,1,1,0,151,300,7672,7504,0,0,300,503
72080056,300,1,1,0,151,300,7672,7504,0,0,300,504
72080057,300,1,1,0,151,300,7672,7504,0,0,300,511
72080058,3,1,1,0,151,300,7672,7504,0,0,3,511
72080059,3,1,1,0,151,300,7672,7504,0,0,3,511
72080060,3,1,1,0,151,300,7672,7504,0,0,3,3725
72080061,141,1,1,0,151,304,7672,7504,0,0,30141,3725
72080062,141,1,1,0,151,304,7672,7504,0,0,30141,3725
72080063,141,1,1,0,151,304,7672,7504,0,0,30141,476
72080064,151,0,1,0,151,30141,7672,7504,0,0,151,476
# MARK wr tick=72080064
72080065,151,0,1,0,151,30141,7672,7504,0,0,151,476
72105960,244,1,1,0,0,10244,7672,7504,0,0,10244,326
72105961,244,1,1,0,0,10244,7672,7504,0,0,10244,327
72105962,244,1,1,0,0,10244,7672,7504,0,0,10244,327
72105963,244,1,1,0,0,10244,7672,7504,0,0,10244,330
72105964,244,1,1,0,0,10244,7672,7504,0,0,10244,660
72105965,244,1,1,0,0,10244,7672,7504,0,0,10244,660
72105966,244,1,1,0,0,10244,7672,7504,0,0,10244,660
72105967,244,1,1,0,0,10244,7672,7504,0,0,10244,3642
72105968,244,1,1,0,0,10244,7672,7504,0,0,10244,3642
72105969,244,1,1,0,0,10244,7672,7504,0,0,10244,3642
72105970,244,1,1,0,0,10244,7672,7504,0,0,10244,663
72105971,0,1,1,0,0,10244,7672,7504,0,0,100000,663
72105972,0,1,1,0,0,10244,7672,7504,0,0,100000,663
72105973,0,1,1,0,0,10244,7672,7504,0,0,100000,664
72105974,244,1,1,0,0,110244,7672,7504,0,0,110244,664
72105975,244,1,1,0,0,110244,7672,7504,0,0,110244,665
72105976,244,1,1,0,0,110244,7672,7504,0,0,110244,665
72105977,244,1,1,0,0,110244,7672,7504,0,0,110244,665
72105978,244,1,1,0,0,110244,7672,7504,0,0,110244,666
72105979,244,1,1,0,0,110244,7672,7504,0,0,110244,1112
72105980,245,1,1,0,0,110244,7672,7504,0,0,130245,1112
72105981,245,1,1,0,0,110244,7672,7504,0,0,130245,1112
72105982,245,1,1,0,0,110244,7672,7504,0,0,130245,1113
72105983,245,1,1,0,0,110244,7672,7504,0,0,130245,1113
72105984,245,1,1,0,0,110244,7672,7504,0,0,130245,1113
72105985,245,1,1,0,0,110244,7672,7504,0,0,130245,1113
72105986,245,1,1,0,0,110244,7672,7504,0,0,130245,1113
72105987,245,1,1,0,0,110244,7672,7504,0,0,130245,1113
72105988,244,1,1,0,0,110244,7672,7504,0,0,110244,1113
72105989,244,1,1,0,0,110244,7672,7504,0,0,110244,1114
72105990,244,1,1,0,0,110244,7672,7504,0,0,110244,1114
72105991,10,1,1,0,0,110244,7672,7504,0,0,10,1114
72105992,10,1,1,0,0,110244,7672,7504,0,0,10,1115
72105993,10,1,1,0,0,110244,7672,7504,0,0,10,1115
72105994,10,1,1,0,0,110244,7672,7504,0,0,10,1115
72105995,10,1,1,0,0,110244,7672,7504,0,0,10,1115
72105996,10,1,1,0,0,110244,7672,7504,0,0,10,1115
72105997,10,1,1,0,0,110244,7672,7504,0,0,10,1115
72105998,10,1,1,0,0,110244,7672,7504,0,0,10,1115
72105999,0,1,1,0,0,110244,7672,7504,0,0,0,1115
72106000,0,1,1,0,0,110244,7672,7504,0,0,0,1116
72106001,0,1,1,0,0,110244,7672,7504,0,0,0,1116
72106002,244,1,1,0,0,0,7672,7504,0,0,110244,1116
72106003,244,1,1,0,0,0,7672,7504,0,0,110244,666
72106004,244,1,1,0,0,0,7672,7504,0,0,110244,1117
72106005,1,1,1,0,0,0,7672,7504,0,0,60001,1117
72106006,1,1,1,0,0,0,7672,7504,0,0,60001,1120
72106007,1,1,1,0,0,0,7672,7504,0,0,60001,1120
72106008,13,1,1,0,0,0,7672,7504,0,0,100013,1120
72106009,13,1,1,0,0,0,7672,7504,0,0,100013,1121
72106010,13,1,1,0,0,0,7672,7504,0,0,100013,1120
72106011,0,1,1,0,0,100013,7672,7504,0,0,0,1120
72106012,0,1,1,0,0,100013,7672,7504,0,0,0,1120
72106013,0,1,1,0,0,100013,7672,7504,0,0,0,1120
72106014,1,1,1,0,0,26,7672,7504,0,0,1,1120
72106015,1,1,1,0,0,26,7672,7504,0,0,1,1120
72106016,1,1,1,0,0,26,7672,7504,0,0,1,1120
72106017,2,1,1,0,0,54,7672,7504,0,0,2,1120
72106018,2,1,1,0,0,54,7672,7504,0,0,2,1120
72106019,2,1,1,0,0,54,7672,7504,0,0,2,1120
72106020,4,1,1,0,0,130,7672,7504,0,0,4,1120
72106021,4,1,1,0,0,130,7672,7504,0,0,4,1120
72106022,4,1,1,0,0,130,7672,7504,0,0,4,1120
72106023,10,1,1,0,0,260,7672,7504,0,0,10,1120
72106024,10,1,1,0,0,260,7672,7504,0,0,10,1120
72106025,10,1,1,0,0,260,7672,7504,0,0,10,1120
72106026,20,1,1,0,0,540,7672,7504,0,0,20,1120
72106027,20,1,1,0,0,540,7672,7504,0,0,20,1120
72106028,20,1,1,0,0,540,7672,7504,0,0,20,1120
72106029,40,1,1,0,0,1300,7672,7504,0,0,40,1120
72106030,40,1,1,0,0,1300,7672,7504,0,0,40,1120
72106031,40,1,1,0,0,1300,7672,7504,0,0,40,1120
72106032,100,1,1,0,0,2600,7672,7504,0,0,100,1120
72106033,100,1,1,0,0,2600,7672,7504,0,0,100,1120
72106034,100,1,1,0,0,2600,7672,7504,0,0,100,1120
72106035,200,1,1,0,0,5400,7672,7504,0,0,200,1120
72106036,200,1,1,0,0,5400,7672,7504,0,0,200,1120
72106037,200,1,1,0,0,5400,7672,7504,0,0,200,1120
72106038,0,1,1,0,0,13000,7672,7504,0,0,400,1120
72106039,0,1,1,0,0,13000,7672,7504,0,0,400,1120
72106040,0,1,1,0,0,13000,7672,7504,0,0,400,1120
72106041,0,1,1,0,0,26000,7672,7504,0,0,1000,1120
72106042,0,1,1,0,0,26000,7672,7504,0,0,1000,1120
72106043,0,1,1,0,0,26000,7672,7504,0,0,1000,1120
72106044,0,1,1,0,0,54000,7672,7504,0,0,2000,1120
72106045,0,1,1,0,0,54000,7672,7504,0,0,2000,1120
72106046,0,1,1,0,0,54000,7672,7504,0,0,2000,1120
72106047,0,1,1,0,0,130000,7672,7504,0,0,4000,1120
72106048,0,1,1,0,0,130000,7672,7504,0,0,4000,1120
72106049,0,1,1,0,0,130000,7672,7504,0,0,4000,1121
72106050,1,1,1,0,0,60000,7672,7504,0,0,10001,1121
72106051,1,1,1,0,0,60000,7672,7504,0,0,10001,1122
72106052,1,1,1,0,0,60000,7672,7504,0,0,10001,1133
72106053,0,1,1,0,0,140000,7672,7504,0,0,0,1133
72106054,0,1,1,0,0,140000,7672,7504,0,0,0,1133
72106055,0,1,1,0,0,140000,7672,7504,0,0,0,1134
72106056,0,1,1,0,0,0,7672,7504,0,0,0,1134
72106057,0,1,1,0,0,0,7672,7504,0,0,0,1135
72106058,0,1,1,0,0,0,7672,7504,0,0,0,1140
72106059,0,1,1,0,0,0,7672,7504,0,0,0,1140
72106060,0,1,1,0,0,0,7672,7504,0,0,0,1140
72106061,0,1,1,0,0,0,7672,7504,0,0,0,1141
72106062,1,1,1,0,0,0,7672,7504,0,0,1,1141
72106063,1,1,1,0,0,0,7672,7504,0,0,1,1142
72106064,1,1,1,0,0,0,7672,7504,0,0,1,1142
72106065,1,1,1,0,0,1,7672,7504,0,0,1,1142
72106066,1,1,1,0,0,1,7672,7504,0,0,1,1143
72106067,1,1,1,0,0,1,7672,7504,0,0,1,666
72106068,0,1,1,0,0,1,7672,7504,0,0,140000,666
72106069,0,1,1,0,0,1,7672,7504,0,0,140000,666
72106070,0,1,1,0,0,1,7672,7504,0,0,140000,0
72106071,0,1,1,3,0,1,7672,7504,0,0,0,0
72106072,0,1,1,3,0,1,7672,7504,0,0,0,0
72106073,0,1,1,3,0,1,7672,7504,0,0,0,2001
72106074,0,1,1,3,0,1,7672,7504,0,0,0,17040
72106075,0,1,1,3,0,1,7672,7504,0,0,0,17040
72106076,0,1,1,3,0,1,7672,7504,3040,0,0,0
72106077,0,1,1,3,0,1,7672,7504,3040,0,0,6000
72106078,0,1,1,3,0,1,7672,7504,0,0,0,6000
72106079,0,1,1,3,0,1,7672,7504,0,0,0,6000
72106080,0,1,1,3,0,1,7672,7504,0,0,0,6000
72106081,0,1,1,3,0,1,7672,7504,0,44035,44035,6440
72106082,0,1,1,3,0,1,7672,7504,0,44035,44035,6440
72106083,0,1,1,3,0,1,7672,7504,0,44035,44035,6440
72106084,0,1,1,3,0,1,7672,7504,0,44035,44035,6440
72106085,0,1,1,3,0,1,7672,7504,0,0,44035,6440
72106086,0,1,1,3,0,1,7672,7504,0,0,44035,6440
72106087,0,1,1,3,0,1,7672,7504,0,0,44035,6440
72106088,1,1,1,0,0,1,7672,7504,0,0,44035,170
72106089,1,1,1,0,0,1,7672,7504,0,0,0,170
72106090,1,1,1,0,0,1,7672,7504,0,0,0,0
72106091,1,1,1,0,0,1,7672,7504,0,0,0,0
72106092,1,1,1,0,0,1,7672,7504,0,0,0,0
72106093,1,1,1,0,0,1,7672,7504,3075,0,0,0
72106094,1,1,1,0,0,1,7672,7504,3075,0,0,0
72106095,1,1,1,0,0,1,7672,7504,0,0,0,0
72106096,1,1,1,0,0,1,7672,7504,0,0,0,0
72106097,1,1,1,0,0,1,7672,7504,0,0,0,0
72106098,1,1,1,0,0,1,7672,7504,0,157,157,0
72106099,1,1,1,0,0,1,7672,7504,0,157,157,0
72106100,1,1,1,0,0,1,7672,7504,0,157,157,0
72106101,1,1,1,0,0,1,7672,7504,0,157,157,0
72106102,1,1,1,0,0,1,7672,7504,0,0,157,0
72106103,1,1,1,0,0,1,7672,7504,0,0,157,0
72106104,1,1,1,0,0,1,7672,7504,0,0,157,0
72106105,157,1,1,3,0,1,7672,7504,0,0,157,0
72106106,157,1,1,3,0,1,7672,7504,0,0,0,0
72106107,157,1,1,3,0,1,7672,7504,0,0,0,2001
72106108,157,1,1,3,0,1,7672,7504,0,0,0,17041
72106109,157,1,1,3,0,1,7672,7504,0,0,0,17041
72106110,157,1,1,3,0,1,7672,7504,3041,0,0,0
72106111,157,1,1,3,0,1,7672,7504,3041,0,0,6000
72106112,157,1,1,3,0,1,7672,7504,0,0,0,6000
72106113,157,1,1,3,0,1,7672,7504,0,0,0,6000
72106114,157,1,1,3,0,1,7672,7504,0,0,0,6000
72106115,157,1,1,3,0,1,7672,7504,0,50033,50033,6500
72106116,157,1,1,3,0,1,7672,7504,0,50033,50033,6500
72106117,157,1,1,3,0,1,7672,7504,0,50033,50033,6500
72106118,157,1,1,3,0,1,7672,7504,0,50033,50033,6500
72106119,157,1,1,3,0,1,7672,7504,0,0,50033,6500
72106120,157,1,1,3,0,1,7672,7504,0,0,50033,6500
72106121,157,1,1,3,0,1,7672,7504,0,0,50033,6500
72106122,1,1,1,0,157,1,7672,7504,0,0,50033,172
72106123,1,1,1,0,157,1,7672,7504,0,0,0,172
72106124,1,1,1,0,157,1,7672,7504,0,0,0,0
72106125,1,1,1,0,157,1,7672,7504,0,0,0,0
72106126,1,1,1,0,157,1,7672,7504,0,0,0,0
72106127,1,1,1,0,157,1,7672,7504,3074,0,0,0
72106128,1,1,1,0,157,1,7672,7504,3074,0,0,0
72106129,1,1,1,0,157,1,7672,7504,0,0,0,0
72106130,1,1,1,0,157,1,7672,7504,0,0,0,0
72106131,1,1,1,0,157,1,7672,7504,0,0,0,0
72106132,1,1,1,0,157,1,7672,7504,0,300,300,0
72106133,1,1,1,0,157,1,7672,7504,0,300,300,0
72106134,1,1,1,0,157,1,7672,7504,0,300,300,0
72106135,1,1,1,0,157,1,7672,7504,0,300,300,0
72106136,1,1,1,0,157,1,7672,7504,0,0,300,0
72106137,1,1,1,0,157,1,7672,7504,0,0,300,0
72106138,1,1,1,0,157,1,7672,7504,0,0,300,0
72106139,300,1,1,3,157,1,7672,7504,0,0,300,0
72106140,300,1,1,3,157,1,7672,7504,0,0,0,0
72106141,300,1,1,3,157,1,7672,7504,0,0,0,2001
72106142,300,1,1,3,157,1,7672,7504,0,0,0,17042
72106143,300,1,1,3,157,1,7672,7504,0,0,0,17042
72106144,300,1,1,3,157,1,7672,7504,3042,0,0,0
72106145,300,1,1,3,157,1,7672,7504,3042,0,0,6000
72106146,300,1,1,3,157,1,7672,7504,0,0,0,6000
72106147,300,1,1,3,157,1,7672,7504,0,0,0,6000
72106148,300,1,1,3,157,1,7672,7504,0,0,0,6000
72106149,300,1,1,3,157,1,7672,7504,0,173005,173005,7730
72106150,300,1,1,3,157,1,7672,7504,0,173005,173005,7730
72106151,300,1,1,3,157,1,7672,7504,0,173005,173005,7730
72106152,300,1,1,3,157,1,7672,7504,0,173005,173005,7730
72106153,300,1,1,3,157,1,7672,7504,0,0,173005,7730
72106154,300,1,1,3,157,1,7672,7504,0,0,173005,7730
72106155,300,1,1,3,157,1,7672,7504,0,0,173005,7730
72106156,5,1,1,3,157,1,7672,7504,0,0,173005,0
72106157,5,1,1,3,157,1,7672,7504,0,0,0,0
72106158,5,1,1,3,157,1,7672,7504,0,0,0,2001
72106159,5,1,1,3,157,1,7672,7504,0,0,0,17043
72106160,5,1,1,3,157,1,7672,7504,0,0,0,17043
72106161,5,1,1,3,157,1,7672,7504,3043,0,0,0
72106162,5,1,1,3,157,1,7672,7504,3043,0,0,6000
72106163,5,1,1,3,157,1,7672,7504,0,0,0,6000
72106164,5,1,1,3,157,1,7672,7504,0,0,0,6000
72106165,5,1,1,3,157,1,7672,7504,0,0,0,6000
72106166,5,1,1,3,157,1,7672,7504,0,150415,150415,7504
72106167,5,1,1,3,157,1,7672,7504,0,150415,150415,7504
72106168,5,1,1,3,157,1,7672,7504,0,150415,150415,7504
72106169,5,1,1,3,157,1,7672,7504,0,150415,150415,7504
72106170,5,1,1,3,157,1,7672,7504,0,0,150415,7504
72106171,5,1,1,3,157,1,7672,7504,0,0,150415,7504
72106172,5,1,1,3,157,1,7672,7504,0,0,150415,7504
72106173,1,1,1,0,157,1,7672,7504,0,0,150415,657
72106174,1,1,1,0,157,1,7672,7504,0,0,1,657
72106175,1,1,1,0,157,1,7672,7504,0,0,1,326
72106176,1,1,1,0,157,1,7672,7504,0,0,1,326
72106177,1,1,1,0,157,1,7672,7504,0,0,1,326
72106178,1,1,1,0,157,1,7672,7504,0,0,1,327
72106179,1,1,1,0,157,1,7672,7504,0,0,1,327
72106180,1,1,1,0,157,1,7672,7504,0,0,1,330
72106181,1,1,1,0,157,1,7672,7504,0,0,1,660
72106182,1,1,1,0,157,1,7672,7504,0,0,1,660
72106183,1,1,1,0,157,1,7672,7504,0,0,1,660
72106184,1,1,1,0,157,1,7672,7504,0,0,1,3655
72106185,244,1,1,0,157,1,7672,7504,0,0,110244,3655
72106186,244,1,1,0,157,1,7672,7504,0,0,110244,3655
72106187,244,1,1,0,157,1,7672,7504,0,0,110244,474
72106188,244,1,1,0,157,110244,7672,7504,0,0,110244,474
72106189,244,1,1,0,157,110244,7672,7504,0,0,110244,474
72106190,244,1,1,0,157,110244,7672,7504,0,0,110244,475
72106191,305,1,1,3,157,110244,7672,7504,0,0,305,475
72106192,305,1,1,3,157,110244,7672,7504,0,0,305,476
72106193,305,1,1,3,157,110244,7672,7504,0,0,305,501
72106194,244,1,1,0,157,110244,7672,7504,0,0,110244,501
72106195,244,1,1,0,157,110244,7672,7504,0,0,110244,501
72106196,244,1,1,0,157,110244,7672,7504,0,0,110244,502
72106197,7,1,1,0,157,110244,7672,7504,0,0,7,502
72106198,7,1,1,0,157,110244,7672,7504,0,0,7,503
72106199,7,1,1,0,157,110244,7672,7504,0,0,7,503
72106200,300,1,1,0,157,300,7672,7504,0,0,300,503
72106201,300,1,1,0,157,300,7672,7504,0,0,300,504
72106202,300,1,1,0,157,300,7672,7504,0,0,300,511
72106203,3,1,1,0,157,300,7672,7504,0,0,3,511
72106204,3,1,1,0,157,300,7672,7504,0,0,3,511
72106205,3,1,1,0,157,300,7672,7504,0,0,3,3725
72106206,141,1,1,0,157,304,7672,7504,0,0,30141,3725
72106207,141,1,1,0,157,304,7672,7504,0,0,30141,3725
72106208,141,1,1,0,157,304,7672,7504,0,0,30141,476
72106209,157,0,1,0,157,30141,7672,7504,0,0,157,476
# MARK wr tick=72106209
72106210,157,0,1,0,157,30141,7672,7504,0,0,157,476
72137712,1,1,1,0,177777,60000,1147,15,0,0,10001,1121
72137713,1,1,1,0,177777,60000,1147,15,0,0,10001,1122
72137714,1,1,1,0,177777,60000,1147,15,0,0,10001,1133
72137715,0,1,1,0,177777,140000,1147,15,0,0,0,1133
72137716,0,1,1,0,177777,140000,1147,15,0,0,0,1133
72137717,0,1,1,0,177777,140000,1147,15,0,0,0,1134
72137718,0,1,1,0,177777,0,1147,15,0,0,0,1134
72137719,0,1,1,0,177777,0,1147,15,0,0,0,1135
72137720,0,1,1,0,177777,0,1147,15,0,0,0,1140
72137721,0,1,1,0,177777,0,1147,15,0,0,0,1140
72137722,0,1,1,0,177777,0,1147,15,0,0,0,1140
72137723,0,1,1,0,177777,0,1147,15,0,0,0,1141
72137724,0,1,1,0,177777,0,1147,15,0,0,20000,1141
72137725,0,1,1,0,177777,0,1147,15,0,0,20000,1142
72137726,0,1,1,0,177777,0,1147,15,0,0,20000,1142
72137727,1,1,1,0,177777,20000,1147,15,0,0,1,1142
72137728,1,1,1,0,177777,20000,1147,15,0,0,1,1143
72137729,1,1,1,0,177777,20000,1147,15,0,0,1,1143
72137730,0,1,1,0,177777,20000,1147,15,0,0,140000,1143
72137731,0,1,1,0,177777,20000,1147,15,0,0,140000,1144
72137732,0,1,1,0,177777,20000,1147,15,0,0,140000,1144
72137733,1,1,1,0,177777,20000,1147,15,0,0,1,1144
72137734,1,1,1,0,177777,20000,1147,15,0,0,1,1145
72137735,1,1,1,0,177777,20000,1147,15,0,0,1,1145
72137736,150,1,1,0,177777,1,1147,15,0,0,150,1145
72137737,150,1,1,0,177777,1,1147,15,0,0,150,1146
72137738,150,1,1,0,177777,1,1147,15,0,0,150,1146
72137739,150,1,1,0,177777,1,1147,15,0,0,150,1146
72137740,150,1,1,0,177777,1,1147,15,0,0,150,1147
72137741,150,1,1,0,177777,1,1147,15,0,0,150,1147
72137742,1,1,1,0,177777,1,1147,15,0,0,20001,1147
72137743,1,1,1,0,177777,1,1147,15,0,0,20001,1150
72137744,1,1,1,0,177777,1,1147,15,0,0,20001,1150
72137745,7,1,1,0,177777,1,1147,15,0,0,7,1150
72137746,7,1,1,0,177777,1,1147,15,0,0,7,1151
72137747,7,1,1,0,177777,1,1147,15,0,0,7,1151
72137748,0,1,1,0,177777,1,1147,15,0,0,116400,1151
72137749,0,1,1,0,177777,1,1147,15,0,0,116400,1152
72137750,0,1,1,0,177777,1,1147,15,0,0,116400,1151
72137751,15,1,1,0,177777,1,1147,15,0,0,15,1151
72137752,15,1,1,0,177777,1,1147,15,0,0,15,1151
72137753,15,1,1,0,177777,1,1147,15,0,0,15,1151
72137754,15,1,1,0,177777,15,1147,15,0,0,15,1151
72137755,15,1,1,0,177777,15,1147,15,0,0,15,1151
72137756,15,1,1,0,177777,15,1147,15,0,0,15,1151
72137757,0,1,1,0,177777,15,1147,15,0,0,0,1151
72137758,0,1,1,0,177777,15,1147,15,0,0,0,1151
72137759,0,1,1,0,177777,15,1147,15,0,0,0,1151
72137760,377,1,1,0,177777,0,1147,15,0,0,177777,1151
72137761,377,1,1,0,177777,0,1147,15,0,0,177777,1151
72137762,377,1,1,0,177777,0,1147,15,0,0,177777,1151
72137763,54,1,1,0,177777,177777,1147,15,0,0,2454,1151
72137764,54,1,1,0,177777,177777,1147,15,0,0,2454,1151
72137765,54,1,1,0,177777,177777,1147,15,0,0,2454,1151
72137766,147,1,1,0,177777,2454,1147,15,0,0,1147,1151
72137767,147,1,1,0,177777,2454,1147,15,0,0,1147,1151
72137768,147,1,1,0,177777,2454,1147,15,0,0,1147,1151
72137769,7,1,1,0,177777,1147,1147,15,0,0,2407,1151
72137770,7,1,1,0,177777,1147,1147,15,0,0,2407,1151
72137771,7,1,1,0,177777,1147,1147,15,0,0,2407,1151
72137772,307,1,1,0,177777,2407,1147,15,0,0,12707,1151
72137773,307,1,1,0,177777,2407,1147,15,0,0,12707,1151
72137774,306,1,1,0,177777,2407,1147,15,0,0,12706,1152
72137775,0,1,1,0,177777,12706,1147,15,0,0,116400,1152
72137776,0,1,1,0,177777,12706,1147,15,0,0,116400,1153
72137777,0,1,1,0,177777,12706,1147,15,0,0,116400,1153
72137778,0,1,1,0,177777,116400,1147,15,0,0,170000,1153
72137779,0,1,1,0,177777,116400,1147,15,0,0,170000,1154
72137780,0,1,1,0,177777,116400,1147,15,0,0,170000,1154
72137781,0,1,1,0,177777,116400,1147,15,0,0,110000,1154
72137782,0,1,1,0,177777,116400,1147,15,0,0,110000,1155
72137783,0,1,1,0,177777,116400,1147,15,0,0,110000,1155
72137784,7,1,1,0,177777,116400,1147,15,0,0,7,1155
72137785,7,1,1,0,177777,116400,1147,15,0,0,7,1156
72137786,7,1,1,0,177777,116400,1147,15,0,0,7,1156
72137787,1,1,1,0,177777,116400,1147,15,0,0,20001,1156
72137788,1,1,1,0,177777,116400,1147,15,0,0,20001,1157
72137789,1,1,1,0,177777,116400,1147,15,0,0,20001,1156
72137790,104,1,1,0,177777,116400,1147,15,0,0,7504,1156
72137791,104,1,1,0,177777,116400,1147,15,0,0,7504,1156
72137792,104,1,1,0,177777,116400,1147,15,0,0,7504,1156
72137793,104,1,1,0,177777,116400,1147,7504,0,0,7504,1156
72137794,104,1,1,0,177777,116400,1147,7504,0,0,7504,1156
72137795,104,1,1,0,177777,116400,1147,7504,0,0,7504,1156
72137796,302,1,1,0,177777,116400,1147,7504,0,0,302,1156
72137797,302,1,1,0,177777,116400,1147,7504,0,0,302,1156
72137798,302,1,1,0,177777,116400,1147,7504,0,0,302,1156
72137799,0,1,1,0,177777,116400,1147,7504,0,0,0,1156
72137800,0,1,1,0,177777,116400,1147,7504,0,0,0,1156
72137801,0,1,1,0,177777,116400,1147,7504,0,0,0,1156
72137802,26,1,1,0,0,116400,1147,7504,0,0,3026,1156
72137803,26,1,1,0,0,116400,1147,7504,0,0,3026,1156
72137804,26,1,1,0,0,116400,1147,7504,0,0,3026,1156
72137805,272,1,1,0,0,116400,1147,7504,0,0,7672,1156
72137806,272,1,1,0,0,116400,1147,7504,0,0,7672,1156
72137807,272,1,1,0,0,116400,1147,7504,0,0,7672,1156
72137808,40,1,1,0,0,116400,7672,7504,0,0,3040,1156
72137809,40,1,1,0,0,116400,7672,7504,0,0,3040,1156
72137810,40,1,1,0,0,116400,7672,7504,0,0,3040,1156
72137811,272,1,1,0,0,116400,7672,7504,0,0,55672,1156
72137812,272,1,1,0,0,116400,7672,7504,0,0,55672,1156
72137813,272,1,1,0,0,116400,7672,7504,0,0,55672,1157
72137814,244,1,1,0,0,116400,7672,7504,0,0,110244,1157
72137815,244,1,1,0,0,116400,7672,7504,0,0,110244,1160
72137816,244,1,1,0,0,116400,7672,7504,0,0,110244,1160
72137817,0,1,1,3,0,116400,7672,7504,0,0,0,1160
72137818,0,1,1,3,0,116400,7672,7504,0,0,0,1161
72137819,0,1,1,3,0,116400,7672,7504,0,0,0,1076
72137820,244,1,1,0,0,116400,7672,7504,0,0,110244,1076
72137821,244,1,1,0,0,116400,7672,7504,0,0,110244,1076
72137822,244,1,1,0,0,116400,7672,7504,0,0,110244,0
72137823,0,1,1,3,0,116400,7672,7504,0,0,0,0
72137824,0,1,1,3,0,116400,7672,7504,0,0,0,0
72137825,0,1,1,3,0,116400,7672,7504,0,0,0,2001
72137826,0,1,1,3,0,116400,7672,7504,0,0,0,17040
72137827,0,1,1,3,0,116400,7672,7504,0,0,0,17040
72137828,0,1,1,3,0,116400,7672,7504,3040,0,0,0
72137829,0,1,1,3,0,116400,7672,7504,3040,0,0,6000
72137830,0,1,1,3,0,116400,7672,7504,0,0,0,6000
72137831,0,1,1,3,0,116400,7672,7504,0,0,0,6000
72137832,0,1,1,3,0,116400,7672,7504,0,0,0,6000
72137833,0,1,1,3,0,116400,7672,7504,0,44035,44035,6440
72137834,0,1,1,3,0,116400,7672,7504,0,44035,44035,6440
72137835,0,1,1,3,0,116400,7672,7504,0,44035,44035,6440
72137836,0,1,1,3,0,116400,7672,7504,0,44035,44035,6440
72137837,0,1,1,3,0,116400,7672,7504,0,0,44035,6440
72137838,0,1,1,3,0,116400,7672,7504,0,0,44035,6440
72137839,0,1,1,3,0,116400,7672,7504,0,0,44035,6440
72137840,0,1,1,0,0,116400,7672,7504,0,0,44035,170
72137841,0,1,1,0,0,116400,7672,7504,0,0,0,170
72137842,0,1,1,0,0,116400,7672,7504,0,0,0,0
72137843,0,1,1,0,0,116400,7672,7504,0,0,0,0
72137844,0,1,1,0,0,116400,7672,7504,0,0,0,0
72137845,0,1,1,0,0,116400,7672,7504,3075,0,0,0
72137846,0,1,1,0,0,116400,7672,7504,3075,0,0,0
72137847,0,1,1,0,0,116400,7672,7504,0,0,0,0
72137848,0,1,1,0,0,116400,7672,7504,0,0,0,0
72137849,0,1,1,0,0,116400,7672,7504,0,0,0,0
72137850,0,1,1,0,0,116400,7672,7504,0,156,156,0
72137851,0,1,1,0,0,116400,7672,7504,0,156,156,0
72137852,0,1,1,0,0,116400,7672,7504,0,156,156,0
72137853,0,1,1,0,0,116400,7672,7504,0,156,156,0
72137854,0,1,1,0,0,116400,7672,7504,0,0,156,0
72137855,0,1,1,0,0,116400,7672,7504,0,0,156,0
72137856,0,1,1,0,0,116400,7672,7504,0,0,156,0
72137857,156,1,1,3,0,116400,7672,7504,0,0,156,0
72137858,156,1,1,3,0,116400,7672,7504,0,0,0,0
72137859,156,1,1,3,0,116400,7672,7504,0,0,0,2001
72137860,156,1,1,3,0,116400,7672,7504,0,0,0,17041
72137861,156,1,1,3,0,116400,7672,7504,0,0,0,17041
72137862,156,1,1,3,0,116400,7672,7504,3041,0,0,0
72137863,156,1,1,3,0,116400,7672,7504,3041,0,0,6000
72137864,156,1,1,3,0,116400,7672,7504,0,0,0,6000
72137865,156,1,1,3,0,116400,7672,7504,0,0,0,6000
72137866,156,1,1,3,0,116400,7672,7504,0,0,0,6000
72137867,156,1,1,3,0,116400,7672,7504,0,50033,50033,6500
72137868,156,1,1,3,0,116400,7672,7504,0,50033,50033,6500
72137869,156,1,1,3,0,116400,7672,7504,0,50033,50033,6500
72137870,156,1,1,3,0,116400,7672,7504,0,50033,50033,6500
72137871,156,1,1,3,0,116400,7672,7504,0,0,50033,6500
72137872,156,1,1,3,0,116400,7672,7504,0,0,50033,6500
72137873,156,1,1,3,0,116400,7672,7504,0,0,50033,6500
72137874,0,1,1,0,156,116400,7672,7504,0,0,50033,172
72137875,0,1,1,0,156,116400,7672,7504,0,0,0,172
72137876,0,1,1,0,156,116400,7672,7504,0,0,0,0
72137877,0,1,1,0,156,116400,7672,7504,0,0,0,0
72137878,0,1,1,0,156,116400,7672,7504,0,0,0,0
72137879,0,1,1,0,156,116400,7672,7504,3074,0,0,0
72137880,0,1,1,0,156,116400,7672,7504,3074,0,0,0
72137881,0,1,1,0,156,116400,7672,7504,0,0,0,0
72137882,0,1,1,0,156,116400,7672,7504,0,0,0,0
72137883,0,1,1,0,156,116400,7672,7504,0,0,0,0
72137884,0,1,1,0,156,116400,7672,7504,0,300,300,0
72137885,0,1,1,0,156,116400,7672,7504,0,300,300,0
72137886,0,1,1,0,156,116400,7672,7504,0,300,300,0
72137887,0,1,1,0,156,116400,7672,7504,0,300,300,0
72137888,0,1,1,0,156,116400,7672,7504,0,0,300,0
72137889,0,1,1,0,156,116400,7672,7504,0,0,300,0
72137890,0,1,1,0,156,116400,7672,7504,0,0,300,0
72137891,300,1,1,3,156,116400,7672,7504,0,0,300,0
72137892,300,1,1,3,156,116400,7672,7504,0,0,0,0
72137893,300,1,1,3,156,116400,7672,7504,0,0,0,2001
72137894,300,1,1,3,156,116400,7672,7504,0,0,0,17042
72137895,300,1,1,3,156,116400,7672,7504,0,0,0,17042
72137896,300,1,1,3,156,116400,7672,7504,3042,0,0,0
72137897,300,1,1,3,156,116400,7672,7504,3042,0,0,6000
72137898,300,1,1,3,156,116400,7672,7504,0,0,0,6000
72137899,300,1,1,3,156,116400,7672,7504,0,0,0,6000
72137900,300,1,1,3,156,116400,7672,7504,0,0,0,6000
72137901,300,1,1,3,156,116400,7672,7504,0,173005,173005,7730
72137902,300,1,1,3,156,116400,7672,7504,0,173005,173005,7730
72137903,300,1,1,3,156,116400,7672,7504,0,173005,173005,7730
72137904,300,1,1,3,156,116400,7672,7504,0,173005,173005,7730
72137905,300,1,1,3,156,116400,7672,7504,0,0,173005,7730
72137906,300,1,1,3,156,116400,7672,7504,0,0,173005,7730
72137907,300,1,1,3,156,116400,7672,7504,0,0,173005,7730
72137908,5,1,1,3,156,116400,7672,7504,0,0,173005,0
72137909,5,1,1,3,156,116400,7672,7504,0,0,0,0
72137910,5,1,1,3,156,116400,7672,7504,0,0,0,2001
72137911,5,1,1,3,156,116400,7672,7504,0,0,0,17043
72137912,5,1,1,3,156,116400,7672,7504,0,0,0,17043
72137913,5,1,1,3,156,116400,7672,7504,3043,0,0,0
72137914,5,1,1,3,156,116400,7672,7504,3043,0,0,6000
72137915,5,1,1,3,156,116400,7672,7504,0,0,0,6000
72137916,5,1,1,3,156,116400,7672,7504,0,0,0,6000
72137917,5,1,1,3,156,116400,7672,7504,0,0,0,6000
72137918,5,1,1,3,156,116400,7672,7504,0,150415,150415,7504
72137919,5,1,1,3,156,116400,7672,7504,0,150415,150415,7504
72137920,5,1,1,3,156,116400,7672,7504,0,150415,150415,7504
72137921,5,1,1,3,156,116400,7672,7504,0,150415,150415,7504
72137922,5,1,1,3,156,116400,7672,7504,0,0,150415,7504
72137923,5,1,1,3,156,116400,7672,7504,0,0,150415,7504
72137924,5,1,1,3,156,116400,7672,7504,0,0,150415,7504
72137925,0,1,1,0,156,116400,7672,7504,0,0,156415,657
72137926,0,1,1,0,156,116400,7672,7504,0,0,116400,657
72137927,0,1,1,0,156,116400,7672,7504,0,0,116400,326
72137928,0,1,1,0,156,116400,7672,7504,0,0,116400,326
72137929,0,1,1,0,156,116400,7672,7504,0,0,116400,326
72137930,0,1,1,0,156,116400,7672,7504,0,0,116400,327
72137931,0,1,1,0,156,116400,7672,7504,0,0,116400,327
72137932,0,1,1,0,156,116400,7672,7504,0,0,116400,330
72137933,0,1,1,0,156,116400,7672,7504,0,0,116400,660
72137934,0,1,1,0,156,116400,7672,7504,0,0,116400,660
72137935,0,1,1,0,156,116400,7672,7504,0,0,116400,660
72137936,0,1,1,0,156,116400,7672,7504,0,0,116400,3655
72137937,244,1,1,0,156,116400,7672,7504,0,0,110244,3655
72137938,244,1,1,0,156,116400,7672,7504,0,0,110244,3655
72137939,244,1,1,0,156,116400,7672,7504,0,0,110244,474
72137940,244,1,1,0,156,110244,7672,7504,0,0,110244,474
72137941,244,1,1,0,156,110244,7672,7504,0,0,110244,474
72137942,244,1,1,0,156,110244,7672,7504,0,0,110244,475
72137943,305,1,1,3,156,110244,7672,7504,0,0,305,475
72137944,305,1,1,3,156,110244,7672,7504,0,0,305,476
72137945,305,1,1,3,156,110244,7672,7504,0,0,305,501
72137946,244,1,1,0,156,110244,7672,7504,0,0,110244,501
72137947,244,1,1,0,156,110244,7672,7504,0,0,110244,501
72137948,244,1,1,0,156,110244,7672,7504,0,0,110244,502
72137949,7,1,1,0,156,110244,7672,7504,0,0,7,502
72137950,7,1,1,0,156,110244,7672,7504,0,0,7,503
72137951,7,1,1,0,156,110244,7672,7504,0,0,7,503
72137952,300,1,1,0,156,300,7672,7504,0,0,300,503
72137953,300,1,1,0,156,300,7672,7504,0,0,300,504
72137954,300,1,1,0,156,300,7672,7504,0,0,300,511
72137955,3,1,1,0,156,300,7672,7504,0,0,3,511
72137956,3,1,1,0,156,300,7672,7504,0,0,3,511
72137957,3,1,1,0,156,300,7672,7504,0,0,3,3725
72137958,141,1,1,0,156,304,7672,7504,0,0,30141,3725
72137959,141,1,1,0,156,304,7672,7504,0,0,30141,3725
72137960,141,1,1,0,156,304,7672,7504,0,0,30141,476
72137961,156,0,1,0,156,30141,7672,7504,0,0,156,476
# MARK wr tick=72137961
72137962,156,0,1,0,156,30141,7672,7504,0,0,156,476
72163855,244,1,1,0,0,10244,7672,7504,0,0,10244,326
72163856,244,1,1,0,0,10244,7672,7504,0,0,10244,327
72163857,244,1,1,0,0,10244,7672,7504,0,0,10244,327
72163858,244,1,1,0,0,10244,7672,7504,0,0,10244,330
72163859,244,1,1,0,0,10244,7672,7504,0,0,10244,660
72163860,244,1,1,0,0,10244,7672,7504,0,0,10244,660
72163861,244,1,1,0,0,10244,7672,7504,0,0,10244,660
72163862,244,1,1,0,0,10244,7672,7504,0,0,10244,3642
72163863,244,1,1,0,0,10244,7672,7504,0,0,10244,3642
72163864,244,1,1,0,0,10244,7672,7504,0,0,10244,3642
72163865,244,1,1,0,0,10244,7672,7504,0,0,10244,663
72163866,0,1,1,0,0,10244,7672,7504,0,0,100000,663
72163867,0,1,1,0,0,10244,7672,7504,0,0,100000,663
72163868,0,1,1,0,0,10244,7672,7504,0,0,100000,664
72163869,244,1,1,0,0,110244,7672,7504,0,0,110244,664
72163870,244,1,1,0,0,110244,7672,7504,0,0,110244,665
72163871,244,1,1,0,0,110244,7672,7504,0,0,110244,665
72163872,244,1,1,0,0,110244,7672,7504,0,0,110244,665
72163873,244,1,1,0,0,110244,7672,7504,0,0,110244,666
72163874,244,1,1,0,0,110244,7672,7504,0,0,110244,1112
72163875,245,1,1,0,0,110244,7672,7504,0,0,130245,1112
72163876,245,1,1,0,0,110244,7672,7504,0,0,130245,1112
72163877,245,1,1,0,0,110244,7672,7504,0,0,130245,1113
72163878,245,1,1,0,0,110244,7672,7504,0,0,130245,1113
72163879,245,1,1,0,0,110244,7672,7504,0,0,130245,1113
72163880,245,1,1,0,0,110244,7672,7504,0,0,130245,1113
72163881,245,1,1,0,0,110244,7672,7504,0,0,130245,1113
72163882,245,1,1,0,0,110244,7672,7504,0,0,130245,1113
72163883,244,1,1,0,0,110244,7672,7504,0,0,110244,1113
72163884,244,1,1,0,0,110244,7672,7504,0,0,110244,1114
72163885,244,1,1,0,0,110244,7672,7504,0,0,110244,1114
72163886,10,1,1,0,0,110244,7672,7504,0,0,10,1114
72163887,10,1,1,0,0,110244,7672,7504,0,0,10,1115
72163888,10,1,1,0,0,110244,7672,7504,0,0,10,1115
72163889,10,1,1,0,0,110244,7672,7504,0,0,10,1115
72163890,10,1,1,0,0,110244,7672,7504,0,0,10,1115
72163891,10,1,1,0,0,110244,7672,7504,0,0,10,1115
72163892,10,1,1,0,0,110244,7672,7504,0,0,10,1115
72163893,10,1,1,0,0,110244,7672,7504,0,0,10,1115
72163894,0,1,1,0,0,110244,7672,7504,0,0,0,1115
72163895,0,1,1,0,0,110244,7672,7504,0,0,0,1116
72163896,0,1,1,0,0,110244,7672,7504,0,0,0,1116
72163897,244,1,1,0,0,0,7672,7504,0,0,110244,1116
72163898,244,1,1,0,0,0,7672,7504,0,0,110244,666
72163899,244,1,1,0,0,0,7672,7504,0,0,110244,1117
72163900,1,1,1,0,0,0,7672,7504,0,0,60001,1117
72163901,1,1,1,0,0,0,7672,7504,0,0,60001,1120
72163902,1,1,1,0,0,0,7672,7504,0,0,60001,1120
72163903,13,1,1,0,0,0,7672,7504,0,0,100013,1120
72163904,13,1,1,0,0,0,7672,7504,0,0,100013,1121
72163905,13,1,1,0,0,0,7672,7504,0,0,100013,1120
72163906,0,1,1,0,0,100013,7672,7504,0,0,0,1120
72163907,0,1,1,0,0,100013,7672,7504,0,0,0,1120
72163908,0,1,1,0,0,100013,7672,7504,0,0,0,1120
72163909,1,1,1,0,0,26,7672,7504,0,0,1,1120
72163910,1,1,1,0,0,26,7672,7504,0,0,1,1120
72163911,1,1,1,0,0,26,7672,7504,0,0,1,1120
72163912,2,1,1,0,0,54,7672,7504,0,0,2,1120
72163913,2,1,1,0,0,54,7672,7504,0,0,2,1120
72163914,2,1,1,0,0,54,7672,7504,0,0,2,1120
72163915,4,1,1,0,0,130,7672,7504,0,0,4,1120
72163916,4,1,1,0,0,130,7672,7504,0,0,4,1120
72163917,4,1,1,0,0,130,7672,7504,0,0,4,1120
72163918,10,1,1,0,0,260,7672,7504,0,0,10,1120
72163919,10,1,1,0,0,260,7672,7504,0,0,10,1120
72163920,10,1,1,0,0,260,7672,7504,0,0,10,1120
72163921,20,1,1,0,0,540,7672,7504,0,0,20,1120
72163922,20,1,1,0,0,540,7672,7504,0,0,20,1120
72163923,20,1,1,0,0,540,7672,7504,0,0,20,1120
72163924,40,1,1,0,0,1300,7672,7504,0,0,40,1120
72163925,40,1,1,0,0,1300,7672,7504,0,0,40,1120
72163926,40,1,1,0,0,1300,7672,7504,0,0,40,1120
72163927,100,1,1,0,0,2600,7672,7504,0,0,100,1120
72163928,100,1,1,0,0,2600,7672,7504,0,0,100,1120
72163929,100,1,1,0,0,2600,7672,7504,0,0,100,1120
72163930,200,1,1,0,0,5400,7672,7504,0,0,200,1120
72163931,200,1,1,0,0,5400,7672,7504,0,0,200,1120
72163932,200,1,1,0,0,5400,7672,7504,0,0,200,1120
72163933,0,1,1,0,0,13000,7672,7504,0,0,400,1120
72163934,0,1,1,0,0,13000,7672,7504,0,0,400,1120
72163935,0,1,1,0,0,13000,7672,7504,0,0,400,1120
72163936,0,1,1,0,0,26000,7672,7504,0,0,1000,1120
72163937,0,1,1,0,0,26000,7672,7504,0,0,1000,1120
72163938,0,1,1,0,0,26000,7672,7504,0,0,1000,1120
72163939,0,1,1,0,0,54000,7672,7504,0,0,2000,1120
72163940,0,1,1,0,0,54000,7672,7504,0,0,2000,1120
72163941,0,1,1,0,0,54000,7672,7504,0,0,2000,1120
72163942,0,1,1,0,0,130000,7672,7504,0,0,4000,1120
72163943,0,1,1,0,0,130000,7672,7504,0,0,4000,1120
72163944,0,1,1,0,0,130000,7672,7504,0,0,4000,1121
72163945,1,1,1,0,0,60000,7672,7504,0,0,10001,1121
72163946,1,1,1,0,0,60000,7672,7504,0,0,10001,1122
72163947,1,1,1,0,0,60000,7672,7504,0,0,10001,1133
72163948,0,1,1,0,0,140000,7672,7504,0,0,0,1133
72163949,0,1,1,0,0,140000,7672,7504,0,0,0,1133
72163950,0,1,1,0,0,140000,7672,7504,0,0,0,1134
72163951,0,1,1,0,0,0,7672,7504,0,0,0,1134
72163952,0,1,1,0,0,0,7672,7504,0,0,0,1135
72163953,0,1,1,0,0,0,7672,7504,0,0,0,1140
72163954,0,1,1,0,0,0,7672,7504,0,0,0,1140
72163955,0,1,1,0,0,0,7672,7504,0,0,0,1140
72163956,0,1,1,0,0,0,7672,7504,0,0,0,1141
72163957,1,1,1,0,0,0,7672,7504,0,0,1,1141
72163958,1,1,1,0,0,0,7672,7504,0,0,1,1142
72163959,1,1,1,0,0,0,7672,7504,0,0,1,1142
72163960,1,1,1,0,0,1,7672,7504,0,0,1,1142
72163961,1,1,1,0,0,1,7672,7504,0,0,1,1143
72163962,1,1,1,0,0,1,7672,7504,0,0,1,666
72163963,0,1,1,0,0,1,7672,7504,0,0,140000,666
72163964,0,1,1,0,0,1,7672,7504,0,0,140000,666
72163965,0,1,1,0,0,1,7672,7504,0,0,140000,0
72163966,0,1,1,3,0,1,7672,7504,0,0,0,0
72163967,0,1,1,3,0,1,7672,7504,0,0,0,0
72163968,0,1,1,3,0,1,7672,7504,0,0,0,2001
72163969,0,1,1,3,0,1,7672,7504,0,0,0,17040
72163970,0,1,1,3,0,1,7672,7504,0,0,0,17040
72163971,0,1,1,3,0,1,7672,7504,3040,0,0,0
72163972,0,1,1,3,0,1,7672,7504,3040,0,0,6000
72163973,0,1,1,3,0,1,7672,7504,0,0,0,6000
72163974,0,1,1,3,0,1,7672,7504,0,0,0,6000
72163975,0,1,1,3,0,1,7672,7504,0,0,0,6000
72163976,0,1,1,3,0,1,7672,7504,0,44035,44035,6440
72163977,0,1,1,3,0,1,7672,7504,0,44035,44035,6440
72163978,0,1,1,3,0,1,7672,7504,0,44035,44035,6440
72163979,0,1,1,3,0,1,7672,7504,0,44035,44035,6440
72163980,0,1,1,3,0,1,7672,7504,0,0,44035,6440
72163981,0,1,1,3,0,1,7672,7504,0,0,44035,6440
72163982,0,1,1,3,0,1,7672,7504,0,0,44035,6440
72163983,1,1,1,0,0,1,7672,7504,0,0,44035,170
72163984,1,1,1,0,0,1,7672,7504,0,0,0,170
72163985,1,1,1,0,0,1,7672,7504,0,0,0,0
72163986,1,1,1,0,0,1,7672,7504,0,0,0,0
72163987,1,1,1,0,0,1,7672,7504,0,0,0,0
72163988,1,1,1,0,0,1,7672,7504,3075,0,0,0
72163989,1,1,1,0,0,1,7672,7504,3075,0,0,0
72163990,1,1,1,0,0,1,7672,7504,0,0,0,0
72163991,1,1,1,0,0,1,7672,7504,0,0,0,0
72163992,1,1,1,0,0,1,7672,7504,0,0,0,0
72163993,1,1,1,0,0,1,7672,7504,0,72,72,0
72163994,1,1,1,0,0,1,7672,7504,0,72,72,0
72163995,1,1,1,0,0,1,7672,7504,0,72,72,0
72163996,1,1,1,0,0,1,7672,7504,0,72,72,0
72163997,1,1,1,0,0,1,7672,7504,0,0,72,0
72163998,1,1,1,0,0,1,7672,7504,0,0,72,0
72163999,1,1,1,0,0,1,7672,7504,0,0,72,0
72164000,72,1,1,3,0,1,7672,7504,0,0,72,0
72164001,72,1,1,3,0,1,7672,7504,0,0,0,0
72164002,72,1,1,3,0,1,7672,7504,0,0,0,2001
72164003,72,1,1,3,0,1,7672,7504,0,0,0,17041
72164004,72,1,1,3,0,1,7672,7504,0,0,0,17041
72164005,72,1,1,3,0,1,7672,7504,3041,0,0,0
72164006,72,1,1,3,0,1,7672,7504,3041,0,0,6000
72164007,72,1,1,3,0,1,7672,7504,0,0,0,6000
72164008,72,1,1,3,0,1,7672,7504,0,0,0,6000
72164009,72,1,1,3,0,1,7672,7504,0,0,0,6000
72164010,72,1,1,3,0,1,7672,7504,0,50033,50033,6500
72164011,72,1,1,3,0,1,7672,7504,0,50033,50033,6500
72164012,72,1,1,3,0,1,7672,7504,0,50033,50033,6500
72164013,72,1,1,3,0,1,7672,7504,0,50033,50033,6500
72164014,72,1,1,3,0,1,7672,7504,0,0,50033,6500
72164015,72,1,1,3,0,1,7672,7504,0,0,50033,6500
72164016,72,1,1,3,0,1,7672,7504,0,0,50033,6500
72164017,1,1,1,0,72,1,7672,7504,0,0,50033,172
72164018,1,1,1,0,72,1,7672,7504,0,0,0,172
72164019,1,1,1,0,72,1,7672,7504,0,0,0,0
72164020,1,1,1,0,72,1,7672,7504,0,0,0,0
72164021,1,1,1,0,72,1,7672,7504,0,0,0,0
72164022,1,1,1,0,72,1,7672,7504,3074,0,0,0
72164023,1,1,1,0,72,1,7672,7504,3074,0,0,0
72164024,1,1,1,0,72,1,7672,7504,0,0,0,0
72164025,1,1,1,0,72,1,7672,7504,0,0,0,0
72164026,1,1,1,0,72,1,7672,7504,0,0,0,0
72164027,1,1,1,0,72,1,7672,7504,0,300,300,0
72164028,1,1,1,0,72,1,7672,7504,0,300,300,0
72164029,1,1,1,0,72,1,7672,7504,0,300,300,0
72164030,1,1,1,0,72,1,7672,7504,0,300,300,0
72164031,1,1,1,0,72,1,7672,7504,0,0,300,0
72164032,1,1,1,0,72,1,7672,7504,0,0,300,0
72164033,1,1,1,0,72,1,7672,7504,0,0,300,0
72164034,300,1,1,3,72,1,7672,7504,0,0,300,0
72164035,300,1,1,3,72,1,7672,7504,0,0,0,0
72164036,300,1,1,3,72,1,7672,7504,0,0,0,2001
72164037,300,1,1,3,72,1,7672,7504,0,0,0,17042
72164038,300,1,1,3,72,1,7672,7504,0,0,0,17042
72164039,300,1,1,3,72,1,7672,7504,3042,0,0,0
72164040,300,1,1,3,72,1,7672,7504,3042,0,0,6000
72164041,300,1,1,3,72,1,7672,7504,0,0,0,6000
72164042,300,1,1,3,72,1,7672,7504,0,0,0,6000
72164043,300,1,1,3,72,1,7672,7504,0,0,0,6000
72164044,300,1,1,3,72,1,7672,7504,0,173005,173005,7730
72164045,300,1,1,3,72,1,7672,7504,0,173005,173005,7730
72164046,300,1,1,3,72,1,7672,7504,0,173005,173005,7730
72164047,300,1,1,3,72,1,7672,7504,0,173005,173005,7730
72164048,300,1,1,3,72,1,7672,7504,0,0,173005,7730
72164049,300,1,1,3,72,1,7672,7504,0,0,173005,7730
72164050,300,1,1,3,72,1,7672,7504,0,0,173005,7730
72164051,5,1,1,3,72,1,7672,7504,0,0,173005,0
72164052,5,1,1,3,72,1,7672,7504,0,0,0,0
72164053,5,1,1,3,72,1,7672,7504,0,0,0,2001
72164054,5,1,1,3,72,1,7672,7504,0,0,0,17043
72164055,5,1,1,3,72,1,7672,7504,0,0,0,17043
72164056,5,1,1,3,72,1,7672,7504,3043,0,0,0
72164057,5,1,1,3,72,1,7672,7504,3043,0,0,6000
72164058,5,1,1,3,72,1,7672,7504,0,0,0,6000
72164059,5,1,1,3,72,1,7672,7504,0,0,0,6000
72164060,5,1,1,3,72,1,7672,7504,0,0,0,6000
72164061,5,1,1,3,72,1,7672,7504,0,150415,150415,7504
72164062,5,1,1,3,72,1,7672,7504,0,150415,150415,7504
72164063,5,1,1,3,72,1,7672,7504,0,150415,150415,7504
72164064,5,1,1,3,72,1,7672,7504,0,150415,150415,7504
72164065,5,1,1,3,72,1,7672,7504,0,0,150415,7504
72164066,5,1,1,3,72,1,7672,7504,0,0,150415,7504
72164067,5,1,1,3,72,1,7672,7504,0,0,150415,7504
72164068,1,1,1,0,72,1,7672,7504,0,0,150415,657
72164069,1,1,1,0,72,1,7672,7504,0,0,1,657
72164070,1,1,1,0,72,1,7672,7504,0,0,1,326
72164071,1,1,1,0,72,1,7672,7504,0,0,1,326
72164072,1,1,1,0,72,1,7672,7504,0,0,1,326
72164073,1,1,1,0,72,1,7672,7504,0,0,1,327
72164074,1,1,1,0,72,1,7672,7504,0,0,1,327
72164075,1,1,1,0,72,1,7672,7504,0,0,1,330
72164076,1,1,1,0,72,1,7672,7504,0,0,1,660
72164077,1,1,1,0,72,1,7672,7504,0,0,1,660
72164078,1,1,1,0,72,1,7672,7504,0,0,1,660
72164079,1,1,1,0,72,1,7672,7504,0,0,1,3655
72164080,244,1,1,0,72,1,7672,7504,0,0,110244,3655
72164081,244,1,1,0,72,1,7672,7504,0,0,110244,3655
72164082,244,1,1,0,72,1,7672,7504,0,0,110244,474
72164083,244,1,1,0,72,110244,7672,7504,0,0,110244,474
72164084,244,1,1,0,72,110244,7672,7504,0,0,110244,474
72164085,244,1,1,0,72,110244,7672,7504,0,0,110244,475
72164086,305,1,1,3,72,110244,7672,7504,0,0,305,475
72164087,305,1,1,3,72,110244,7672,7504,0,0,305,476
72164088,305,1,1,3,72,110244,7672,7504,0,0,305,501
72164089,244,1,1,0,72,110244,7672,7504,0,0,110244,501
72164090,244,1,1,0,72,110244,7672,7504,0,0,110244,501
72164091,244,1,1,0,72,110244,7672,7504,0,0,110244,502
72164092,7,1,1,0,72,110244,7672,7504,0,0,7,502
72164093,7,1,1,0,72,110244,7672,7504,0,0,7,503
72164094,7,1,1,0,72,110244,7672,7504,0,0,7,503
72164095,300,1,1,0,72,300,7672,7504,0,0,300,503
72164096,300,1,1,0,72,300,7672,7504,0,0,300,504
72164097,300,1,1,0,72,300,7672,7504,0,0,300,511
72164098,3,1,1,0,72,300,7672,7504,0,0,3,511
72164099,3,1,1,0,72,300,7672,7504,0,0,3,511
72164100,3,1,1,0,72,300,7672,7504,0,0,3,3725
72164101,141,1,1,0,72,304,7672,7504,0,0,30141,3725
72164102,141,1,1,0,72,304,7672,7504,0,0,30141,3725
72164103,141,1,1,0,72,304,7672,7504,0,0,30141,476
72164104,72,0,1,0,72,30141,7672,7504,0,0,72,476
# MARK wr tick=72164104
72164105,72,0,1,0,72,30141,7672,7504,0,0,72,476
72195585,1,1,1,0,177777,60000,1147,15,0,0,10001,1121
72195586,1,1,1,0,177777,60000,1147,15,0,0,10001,1122
72195587,1,1,1,0,177777,60000,1147,15,0,0,10001,1133
72195588,0,1,1,0,177777,140000,1147,15,0,0,0,1133
72195589,0,1,1,0,177777,140000,1147,15,0,0,0,1133
72195590,0,1,1,0,177777,140000,1147,15,0,0,0,1134
72195591,0,1,1,0,177777,0,1147,15,0,0,0,1134
72195592,0,1,1,0,177777,0,1147,15,0,0,0,1135
72195593,0,1,1,0,177777,0,1147,15,0,0,0,1140
72195594,0,1,1,0,177777,0,1147,15,0,0,0,1140
72195595,0,1,1,0,177777,0,1147,15,0,0,0,1140
72195596,0,1,1,0,177777,0,1147,15,0,0,0,1141
72195597,0,1,1,0,177777,0,1147,15,0,0,20000,1141
72195598,0,1,1,0,177777,0,1147,15,0,0,20000,1142
72195599,0,1,1,0,177777,0,1147,15,0,0,20000,1142
72195600,1,1,1,0,177777,20000,1147,15,0,0,1,1142
72195601,1,1,1,0,177777,20000,1147,15,0,0,1,1143
72195602,1,1,1,0,177777,20000,1147,15,0,0,1,1143
72195603,0,1,1,0,177777,20000,1147,15,0,0,140000,1143
72195604,0,1,1,0,177777,20000,1147,15,0,0,140000,1144
72195605,0,1,1,0,177777,20000,1147,15,0,0,140000,1144
72195606,1,1,1,0,177777,20000,1147,15,0,0,1,1144
72195607,1,1,1,0,177777,20000,1147,15,0,0,1,1145
72195608,1,1,1,0,177777,20000,1147,15,0,0,1,1145
72195609,150,1,1,0,177777,1,1147,15,0,0,150,1145
72195610,150,1,1,0,177777,1,1147,15,0,0,150,1146
72195611,150,1,1,0,177777,1,1147,15,0,0,150,1146
72195612,150,1,1,0,177777,1,1147,15,0,0,150,1146
72195613,150,1,1,0,177777,1,1147,15,0,0,150,1147
72195614,150,1,1,0,177777,1,1147,15,0,0,150,1147
72195615,1,1,1,0,177777,1,1147,15,0,0,20001,1147
72195616,1,1,1,0,177777,1,1147,15,0,0,20001,1150
72195617,1,1,1,0,177777,1,1147,15,0,0,20001,1150
72195618,7,1,1,0,177777,1,1147,15,0,0,7,1150
72195619,7,1,1,0,177777,1,1147,15,0,0,7,1151
72195620,7,1,1,0,177777,1,1147,15,0,0,7,1151
72195621,0,1,1,0,177777,1,1147,15,0,0,116400,1151
72195622,0,1,1,0,177777,1,1147,15,0,0,116400,1152
72195623,0,1,1,0,177777,1,1147,15,0,0,116400,1151
72195624,15,1,1,0,177777,1,1147,15,0,0,15,1151
72195625,15,1,1,0,177777,1,1147,15,0,0,15,1151
72195626,15,1,1,0,177777,1,1147,15,0,0,15,1151
72195627,15,1,1,0,177777,15,1147,15,0,0,15,1151
72195628,15,1,1,0,177777,15,1147,15,0,0,15,1151
72195629,15,1,1,0,177777,15,1147,15,0,0,15,1151
72195630,0,1,1,0,177777,15,1147,15,0,0,0,1151
72195631,0,1,1,0,177777,15,1147,15,0,0,0,1151
72195632,0,1,1,0,177777,15,1147,15,0,0,0,1151
72195633,377,1,1,0,177777,0,1147,15,0,0,177777,1151
72195634,377,1,1,0,177777,0,1147,15,0,0,177777,1151
72195635,377,1,1,0,177777,0,1147,15,0,0,177777,1151
72195636,54,1,1,0,177777,177777,1147,15,0,0,2454,1151
72195637,54,1,1,0,177777,177777,1147,15,0,0,2454,1151
72195638,54,1,1,0,177777,177777,1147,15,0,0,2454,1151
72195639,147,1,1,0,177777,2454,1147,15,0,0,1147,1151
72195640,147,1,1,0,177777,2454,1147,15,0,0,1147,1151
72195641,147,1,1,0,177777,2454,1147,15,0,0,1147,1151
72195642,7,1,1,0,177777,1147,1147,15,0,0,2407,1151
72195643,7,1,1,0,177777,1147,1147,15,0,0,2407,1151
72195644,7,1,1,0,177777,1147,1147,15,0,0,2407,1151
72195645,315,1,1,0,177777,2407,1147,15,0,0,12715,1151
72195646,315,1,1,0,177777,2407,1147,15,0,0,12715,1151
72195647,315,1,1,0,177777,2407,1147,15,0,0,12715,1152
72195648,0,1,1,0,177777,12715,1147,15,0,0,116400,1152
72195649,0,1,1,0,177777,12715,1147,15,0,0,116400,1153
72195650,0,1,1,0,177777,12715,1147,15,0,0,116400,1153
72195651,0,1,1,0,177777,116400,1147,15,0,0,170000,1153
72195652,0,1,1,0,177777,116400,1147,15,0,0,170000,1154
72195653,0,1,1,0,177777,116400,1147,15,0,0,170000,1154
72195654,0,1,1,0,177777,116400,1147,15,0,0,110000,1154
72195655,0,1,1,0,177777,116400,1147,15,0,0,110000,1155
72195656,0,1,1,0,177777,116400,1147,15,0,0,110000,1155
72195657,7,1,1,0,177777,116400,1147,15,0,0,7,1155
72195658,7,1,1,0,177777,116400,1147,15,0,0,7,1156
72195659,7,1,1,0,177777,116400,1147,15,0,0,7,1156
72195660,1,1,1,0,177777,116400,1147,15,0,0,20001,1156
72195661,1,1,1,0,177777,116400,1147,15,0,0,20001,1157
72195662,1,1,1,0,177777,116400,1147,15,0,0,20001,1156
72195663,104,1,1,0,177777,116400,1147,15,0,0,7504,1156
72195664,104,1,1,0,177777,116400,1147,15,0,0,7504,1156
72195665,104,1,1,0,177777,116400,1147,15,0,0,7504,1156
72195666,104,1,1,0,177777,116400,1147,7504,0,0,7504,1156
72195667,104,1,1,0,177777,116400,1147,7504,0,0,7504,1156
72195668,104,1,1,0,177777,116400,1147,7504,0,0,7504,1156
72195669,302,1,1,0,177777,116400,1147,7504,0,0,302,1156
72195670,302,1,1,0,177777,116400,1147,7504,0,0,302,1156
72195671,302,1,1,0,177777,116400,1147,7504,0,0,302,1156
72195672,0,1,1,0,177777,116400,1147,7504,0,0,0,1156
72195673,0,1,1,0,177777,116400,1147,7504,0,0,0,1156
72195674,0,1,1,0,177777,116400,1147,7504,0,0,0,1156
72195675,26,1,1,0,0,116400,1147,7504,0,0,3026,1156
72195676,26,1,1,0,0,116400,1147,7504,0,0,3026,1156
72195677,26,1,1,0,0,116400,1147,7504,0,0,3026,1156
72195678,272,1,1,0,0,116400,1147,7504,0,0,7672,1156
72195679,272,1,1,0,0,116400,1147,7504,0,0,7672,1156
72195680,272,1,1,0,0,116400,1147,7504,0,0,7672,1156
72195681,40,1,1,0,0,116400,7672,7504,0,0,3040,1156
72195682,40,1,1,0,0,116400,7672,7504,0,0,3040,1156
72195683,40,1,1,0,0,116400,7672,7504,0,0,3040,1156
72195684,272,1,1,0,0,116400,7672,7504,0,0,55672,1156
72195685,272,1,1,0,0,116400,7672,7504,0,0,55672,1156
72195686,272,1,1,0,0,116400,7672,7504,0,0,55672,1157
72195687,244,1,1,0,0,116400,7672,7504,0,0,110244,1157
72195688,244,1,1,0,0,116400,7672,7504,0,0,110244,1160
72195689,244,1,1,0,0,116400,7672,7504,0,0,110244,1160
72195690,0,1,1,3,0,116400,7672,7504,0,0,0,1160
72195691,0,1,1,3,0,116400,7672,7504,0,0,0,1161
72195692,0,1,1,3,0,116400,7672,7504,0,0,0,1076
72195693,244,1,1,0,0,116400,7672,7504,0,0,110244,1076
72195694,244,1,1,0,0,116400,7672,7504,0,0,110244,1076
72195695,244,1,1,0,0,116400,7672,7504,0,0,110244,0
72195696,0,1,1,3,0,116400,7672,7504,0,0,0,0
72195697,0,1,1,3,0,116400,7672,7504,0,0,0,0
72195698,0,1,1,3,0,116400,7672,7504,0,0,0,2001
72195699,0,1,1,3,0,116400,7672,7504,0,0,0,17040
72195700,0,1,1,3,0,116400,7672,7504,0,0,0,17040
72195701,0,1,1,3,0,116400,7672,7504,3040,0,0,0
72195702,0,1,1,3,0,116400,7672,7504,3040,0,0,6000
72195703,0,1,1,3,0,116400,7672,7504,0,0,0,6000
72195704,0,1,1,3,0,116400,7672,7504,0,0,0,6000
72195705,0,1,1,3,0,116400,7672,7504,0,0,0,6000
72195706,0,1,1,3,0,116400,7672,7504,0,44035,44035,6440
72195707,0,1,1,3,0,116400,7672,7504,0,44035,44035,6440
72195708,0,1,1,3,0,116400,7672,7504,0,44035,44035,6440
72195709,0,1,1,3,0,116400,7672,7504,0,44035,44035,6440
72195710,0,1,1,3,0,116400,7672,7504,0,0,44035,6440
72195711,0,1,1,3,0,116400,7672,7504,0,0,44035,6440
72195712,0,1,1,3,0,116400,7672,7504,0,0,44035,6440
72195713,0,1,1,0,0,116400,7672,7504,0,0,44035,170
72195714,0,1,1,0,0,116400,7672,7504,0,0,0,170
72195715,0,1,1,0,0,116400,7672,7504,0,0,0,0
72195716,0,1,1,0,0,116400,7672,7504,0,0,0,0
72195717,0,1,1,0,0,116400,7672,7504,0,0,0,0
72195718,0,1,1,0,0,116400,7672,7504,3075,0,0,0
72195719,0,1,1,0,0,116400,7672,7504,3075,0,0,0
72195720,0,1,1,0,0,116400,7672,7504,0,0,0,0
72195721,0,1,1,0,0,116400,7672,7504,0,0,0,0
72195722,0,1,1,0,0,116400,7672,7504,0,0,0,0
72195723,0,1,1,0,0,116400,7672,7504,0,40,40,0
72195724,0,1,1,0,0,116400,7672,7504,0,40,40,0
72195725,0,1,1,0,0,116400,7672,7504,0,40,40,0
72195726,0,1,1,0,0,116400,7672,7504,0,40,40,0
72195727,0,1,1,0,0,116400,7672,7504,0,0,40,0
72195728,0,1,1,0,0,116400,7672,7504,0,0,40,0
72195729,0,1,1,0,0,116400,7672,7504,0,0,40,0
72195730,40,1,1,3,0,116400,7672,7504,0,0,40,0
72195731,40,1,1,3,0,116400,7672,7504,0,0,0,0
72195732,40,1,1,3,0,116400,7672,7504,0,0,0,2001
72195733,40,1,1,3,0,116400,7672,7504,0,0,0,17041
72195734,40,1,1,3,0,116400,7672,7504,0,0,0,17041
72195735,40,1,1,3,0,116400,7672,7504,3041,0,0,0
72195736,40,1,1,3,0,116400,7672,7504,3041,0,0,6000
72195737,40,1,1,3,0,116400,7672,7504,0,0,0,6000
72195738,40,1,1,3,0,116400,7672,7504,0,0,0,6000
72195739,40,1,1,3,0,116400,7672,7504,0,0,0,6000
72195740,40,1,1,3,0,116400,7672,7504,0,50033,50033,6500
72195741,40,1,1,3,0,116400,7672,7504,0,50033,50033,6500
72195742,40,1,1,3,0,116400,7672,7504,0,50033,50033,6500
72195743,40,1,1,3,0,116400,7672,7504,0,50033,50033,6500
72195744,40,1,1,3,0,116400,7672,7504,0,0,50033,6500
72195745,40,1,1,3,0,116400,7672,7504,0,0,50033,6500
72195746,40,1,1,3,0,116400,7672,7504,0,0,50033,6500
72195747,0,1,1,0,40,116400,7672,7504,0,0,50033,172
72195748,0,1,1,0,40,116400,7672,7504,0,0,0,172
72195749,0,1,1,0,40,116400,7672,7504,0,0,0,0
72195750,0,1,1,0,40,116400,7672,7504,0,0,0,0
72195751,0,1,1,0,40,116400,7672,7504,0,0,0,0
72195752,0,1,1,0,40,116400,7672,7504,3074,0,0,0
72195753,0,1,1,0,40,116400,7672,7504,3074,0,0,0
72195754,0,1,1,0,40,116400,7672,7504,0,0,0,0
72195755,0,1,1,0,40,116400,7672,7504,0,0,0,0
72195756,0,1,1,0,40,116400,7672,7504,0,0,0,0
72195757,0,1,1,0,40,116400,7672,7504,0,300,300,0
72195758,0,1,1,0,40,116400,7672,7504,0,300,300,0
72195759,0,1,1,0,40,116400,7672,7504,0,300,300,0
72195760,0,1,1,0,40,116400,7672,7504,0,300,300,0
72195761,0,1,1,0,40,116400,7672,7504,0,0,300,0
72195762,0,1,1,0,40,116400,7672,7504,0,0,300,0
72195763,0,1,1,0,40,116400,7672,7504,0,0,300,0
72195764,300,1,1,3,40,116400,7672,7504,0,0,300,0
72195765,300,1,1,3,40,116400,7672,7504,0,0,0,0
72195766,300,1,1,3,40,116400,7672,7504,0,0,0,2001
72195767,300,1,1,3,40,116400,7672,7504,0,0,0,17042
72195768,300,1,1,3,40,116400,7672,7504,0,0,0,17042
72195769,300,1,1,3,40,116400,7672,7504,3042,0,0,0
72195770,300,1,1,3,40,116400,7672,7504,3042,0,0,6000
72195771,300,1,1,3,40,116400,7672,7504,0,0,0,6000
72195772,300,1,1,3,40,116400,7672,7504,0,0,0,6000
72195773,300,1,1,3,40,116400,7672,7504,0,0,0,6000
72195774,300,1,1,3,40,116400,7672,7504,0,173005,173005,7730
72195775,300,1,1,3,40,116400,7672,7504,0,173005,173005,7730
72195776,300,1,1,3,40,116400,7672,7504,0,173005,173005,7730
72195777,300,1,1,3,40,116400,7672,7504,0,173005,173005,7730
72195778,300,1,1,3,40,116400,7672,7504,0,0,173005,7730
72195779,300,1,1,3,40,116400,7672,7504,0,0,173005,7730
72195780,300,1,1,3,40,116400,7672,7504,0,0,173005,7730
72195781,5,1,1,3,40,116400,7672,7504,0,0,173005,0
72195782,5,1,1,3,40,116400,7672,7504,0,0,0,0
72195783,5,1,1,3,40,116400,7672,7504,0,0,0,2001
72195784,5,1,1,3,40,116400,7672,7504,0,0,0,17043
72195785,5,1,1,3,40,116400,7672,7504,0,0,0,17043
72195786,5,1,1,3,40,116400,7672,7504,3043,0,0,0
72195787,5,1,1,3,40,116400,7672,7504,3043,0,0,6000
72195788,5,1,1,3,40,116400,7672,7504,0,0,0,6000
72195789,5,1,1,3,40,116400,7672,7504,0,0,0,6000
72195790,5,1,1,3,40,116400,7672,7504,0,0,0,6000
72195791,5,1,1,3,40,116400,7672,7504,0,150415,150415,7504
72195792,5,1,1,3,40,116400,7672,7504,0,150415,150415,7504
72195793,5,1,1,3,40,116400,7672,7504,0,150415,150415,7504
72195794,5,1,1,3,40,116400,7672,7504,0,150415,150415,7504
72195795,5,1,1,3,40,116400,7672,7504,0,0,150415,7504
72195796,5,1,1,3,40,116400,7672,7504,0,0,150415,7504
72195797,5,1,1,3,40,116400,7672,7504,0,0,150415,7504
72195798,0,1,1,0,40,116400,7672,7504,0,0,156415,657
72195799,0,1,1,0,40,116400,7672,7504,0,0,116400,657
72195800,0,1,1,0,40,116400,7672,7504,0,0,116400,326
72195801,0,1,1,0,40,116400,7672,7504,0,0,116400,326
72195802,0,1,1,0,40,116400,7672,7504,0,0,116400,326
72195803,0,1,1,0,40,116400,7672,7504,0,0,116400,327
72195804,0,1,1,0,40,116400,7672,7504,0,0,116400,327
72195805,0,1,1,0,40,116400,7672,7504,0,0,116400,330
72195806,0,1,1,0,40,116400,7672,7504,0,0,116400,660
72195807,0,1,1,0,40,116400,7672,7504,0,0,116400,660
72195808,0,1,1,0,40,116400,7672,7504,0,0,116400,660
72195809,0,1,1,0,40,116400,7672,7504,0,0,116400,3655
72195810,244,1,1,0,40,116400,7672,7504,0,0,110244,3655
72195811,244,1,1,0,40,116400,7672,7504,0,0,110244,3655
72195812,244,1,1,0,40,116400,7672,7504,0,0,110244,474
72195813,244,1,1,0,40,110244,7672,7504,0,0,110244,474
72195814,244,1,1,0,40,110244,7672,7504,0,0,110244,474
72195815,244,1,1,0,40,110244,7672,7504,0,0,110244,475
72195816,305,1,1,3,40,110244,7672,7504,0,0,305,475
72195817,305,1,1,3,40,110244,7672,7504,0,0,305,476
72195818,305,1,1,3,40,110244,7672,7504,0,0,305,501
72195819,244,1,1,0,40,110244,7672,7504,0,0,110244,501
72195820,244,1,1,0,40,110244,7672,7504,0,0,110244,501
72195821,244,1,1,0,40,110244,7672,7504,0,0,110244,502
72195822,7,1,1,0,40,110244,7672,7504,0,0,7,502
72195823,7,1,1,0,40,110244,7672,7504,0,0,7,503
72195824,7,1,1,0,40,110244,7672,7504,0,0,7,503
72195825,300,1,1,0,40,300,7672,7504,0,0,300,503
72195826,300,1,1,0,40,300,7672,7504,0,0,300,504
72195827,300,1,1,0,40,300,7672,7504,0,0,300,511
72195828,3,1,1,0,40,300,7672,7504,0,0,3,511
72195829,3,1,1,0,40,300,7672,7504,0,0,3,511
72195830,3,1,1,0,40,300,7672,7504,0,0,3,3725
72195831,141,1,1,0,40,304,7672,7504,0,0,30141,3725
72195832,141,1,1,0,40,304,7672,7504,0,0,30141,3725
72195833,141,1,1,0,40,304,7672,7504,0,0,30141,476
72195834,40,0,1,0,40,30141,7672,7504,0,0,40,476
# MARK wr tick=72195834
72195835,40,0,1,0,40,30141,7672,7504,0,0,40,476
72221746,244,1,1,0,0,10244,7672,7504,0,0,10244,326
72221747,244,1,1,0,0,10244,7672,7504,0,0,10244,327
72221748,244,1,1,0,0,10244,7672,7504,0,0,10244,327
72221749,244,1,1,0,0,10244,7672,7504,0,0,10244,330
72221750,244,1,1,0,0,10244,7672,7504,0,0,10244,660
72221751,244,1,1,0,0,10244,7672,7504,0,0,10244,660
72221752,244,1,1,0,0,10244,7672,7504,0,0,10244,660
72221753,244,1,1,0,0,10244,7672,7504,0,0,10244,3642
72221754,244,1,1,0,0,10244,7672,7504,0,0,10244,3642
72221755,244,1,1,0,0,10244,7672,7504,0,0,10244,3642
72221756,244,1,1,0,0,10244,7672,7504,0,0,10244,663
72221757,0,1,1,0,0,10244,7672,7504,0,0,100000,663
72221758,0,1,1,0,0,10244,7672,7504,0,0,100000,663
72221759,0,1,1,0,0,10244,7672,7504,0,0,100000,664
72221760,244,1,1,0,0,110244,7672,7504,0,0,110244,664
72221761,244,1,1,0,0,110244,7672,7504,0,0,110244,665
72221762,244,1,1,0,0,110244,7672,7504,0,0,110244,665
72221763,244,1,1,0,0,110244,7672,7504,0,0,110244,665
72221764,244,1,1,0,0,110244,7672,7504,0,0,110244,666
72221765,244,1,1,0,0,110244,7672,7504,0,0,110244,1112
72221766,245,1,1,0,0,110244,7672,7504,0,0,130245,1112
72221767,245,1,1,0,0,110244,7672,7504,0,0,130245,1112
72221768,245,1,1,0,0,110244,7672,7504,0,0,130245,1113
72221769,245,1,1,0,0,110244,7672,7504,0,0,130245,1113
72221770,245,1,1,0,0,110244,7672,7504,0,0,130245,1113
72221771,245,1,1,0,0,110244,7672,7504,0,0,130245,1113
72221772,245,1,1,0,0,110244,7672,7504,0,0,130245,1113
72221773,245,1,1,0,0,110244,7672,7504,0,0,130245,1113
72221774,244,1,1,0,0,110244,7672,7504,0,0,110244,1113
72221775,244,1,1,0,0,110244,7672,7504,0,0,110244,1114
72221776,244,1,1,0,0,110244,7672,7504,0,0,110244,1114
72221777,10,1,1,0,0,110244,7672,7504,0,0,10,1114
72221778,10,1,1,0,0,110244,7672,7504,0,0,10,1115
72221779,10,1,1,0,0,110244,7672,7504,0,0,10,1115
72221780,10,1,1,0,0,110244,7672,7504,0,0,10,1115
72221781,10,1,1,0,0,110244,7672,7504,0,0,10,1115
72221782,10,1,1,0,0,110244,7672,7504,0,0,10,1115
72221783,10,1,1,0,0,110244,7672,7504,0,0,10,1115
72221784,10,1,1,0,0,110244,7672,7504,0,0,10,1115
72221785,0,1,1,0,0,110244,7672,7504,0,0,0,1115
72221786,0,1,1,0,0,110244,7672,7504,0,0,0,1116
72221787,0,1,1,0,0,110244,7672,7504,0,0,0,1116
72221788,244,1,1,0,0,0,7672,7504,0,0,110244,1116
72221789,244,1,1,0,0,0,7672,7504,0,0,110244,666
72221790,244,1,1,0,0,0,7672,7504,0,0,110244,1117
72221791,1,1,1,0,0,0,7672,7504,0,0,60001,1117
72221792,1,1,1,0,0,0,7672,7504,0,0,60001,1120
72221793,1,1,1,0,0,0,7672,7504,0,0,60001,1120
72221794,13,1,1,0,0,0,7672,7504,0,0,100013,1120
72221795,13,1,1,0,0,0,7672,7504,0,0,100013,1121
72221796,13,1,1,0,0,0,7672,7504,0,0,100013,1120
72221797,0,1,1,0,0,100013,7672,7504,0,0,0,1120
72221798,0,1,1,0,0,100013,7672,7504,0,0,0,1120
72221799,0,1,1,0,0,100013,7672,7504,0,0,0,1120
72221800,1,1,1,0,0,26,7672,7504,0,0,1,1120
72221801,1,1,1,0,0,26,7672,7504,0,0,1,1120
72221802,1,1,1,0,0,26,7672,7504,0,0,1,1120
72221803,2,1,1,0,0,54,7672,7504,0,0,2,1120
72221804,2,1,1,0,0,54,7672,7504,0,0,2,1120
72221805,2,1,1,0,0,54,7672,7504,0,0,2,1120
72221806,4,1,1,0,0,130,7672,7504,0,0,4,1120
72221807,4,1,1,0,0,130,7672,7504,0,0,4,1120
72221808,4,1,1,0,0,130,7672,7504,0,0,4,1120
72221809,10,1,1,0,0,260,7672,7504,0,0,10,1120
72221810,10,1,1,0,0,260,7672,7504,0,0,10,1120
72221811,10,1,1,0,0,260,7672,7504,0,0,10,1120
72221812,20,1,1,0,0,540,7672,7504,0,0,20,1120
72221813,20,1,1,0,0,540,7672,7504,0,0,20,1120
72221814,20,1,1,0,0,540,7672,7504,0,0,20,1120
72221815,40,1,1,0,0,1300,7672,7504,0,0,40,1120
72221816,40,1,1,0,0,1300,7672,7504,0,0,40,1120
72221817,40,1,1,0,0,1300,7672,7504,0,0,40,1120
72221818,100,1,1,0,0,2600,7672,7504,0,0,100,1120
72221819,100,1,1,0,0,2600,7672,7504,0,0,100,1120
72221820,100,1,1,0,0,2600,7672,7504,0,0,100,1120
72221821,200,1,1,0,0,5400,7672,7504,0,0,200,1120
72221822,200,1,1,0,0,5400,7672,7504,0,0,200,1120
72221823,200,1,1,0,0,5400,7672,7504,0,0,200,1120
72221824,0,1,1,0,0,13000,7672,7504,0,0,400,1120
72221825,0,1,1,0,0,13000,7672,7504,0,0,400,1120
72221826,0,1,1,0,0,13000,7672,7504,0,0,400,1120
72221827,0,1,1,0,0,26000,7672,7504,0,0,1000,1120
72221828,0,1,1,0,0,26000,7672,7504,0,0,1000,1120
72221829,0,1,1,0,0,26000,7672,7504,0,0,1000,1120
72221830,0,1,1,0,0,54000,7672,7504,0,0,2000,1120
72221831,0,1,1,0,0,54000,7672,7504,0,0,2000,1120
72221832,0,1,1,0,0,54000,7672,7504,0,0,2000,1120
72221833,0,1,1,0,0,130000,7672,7504,0,0,4000,1120
72221834,0,1,1,0,0,130000,7672,7504,0,0,4000,1120
72221835,0,1,1,0,0,130000,7672,7504,0,0,4000,1121
72221836,1,1,1,0,0,60000,7672,7504,0,0,10001,1121
72221837,1,1,1,0,0,60000,7672,7504,0,0,10001,1122
72221838,1,1,1,0,0,60000,7672,7504,0,0,10001,1133
72221839,0,1,1,0,0,140000,7672,7504,0,0,0,1133
72221840,0,1,1,0,0,140000,7672,7504,0,0,0,1133
72221841,0,1,1,0,0,140000,7672,7504,0,0,0,1134
72221842,0,1,1,0,0,0,7672,7504,0,0,0,1134
72221843,0,1,1,0,0,0,7672,7504,0,0,0,1135
72221844,0,1,1,0,0,0,7672,7504,0,0,0,1140
72221845,0,1,1,0,0,0,7672,7504,0,0,0,1140
72221846,0,1,1,0,0,0,7672,7504,0,0,0,1140
72221847,0,1,1,0,0,0,7672,7504,0,0,0,1141
72221848,1,1,1,0,0,0,7672,7504,0,0,1,1141
72221849,1,1,1,0,0,0,7672,7504,0,0,1,1142
72221850,1,1,1,0,0,0,7672,7504,0,0,1,1142
72221851,1,1,1,0,0,1,7672,7504,0,0,1,1142
72221852,1,1,1,0,0,1,7672,7504,0,0,1,1143
72221853,1,1,1,0,0,1,7672,7504,0,0,1,666
72221854,0,1,1,0,0,1,7672,7504,0,0,140000,666
72221855,0,1,1,0,0,1,7672,7504,0,0,140000,666
72221856,0,1,1,0,0,1,7672,7504,0,0,140000,0
72221857,0,1,1,3,0,1,7672,7504,0,0,0,0
72221858,0,1,1,3,0,1,7672,7504,0,0,0,0
72221859,0,1,1,3,0,1,7672,7504,0,0,0,2001
72221860,0,1,1,3,0,1,7672,7504,0,0,0,17040
72221861,0,1,1,3,0,1,7672,7504,0,0,0,17040
72221862,0,1,1,3,0,1,7672,7504,3040,0,0,0
72221863,0,1,1,3,0,1,7672,7504,3040,0,0,6000
72221864,0,1,1,3,0,1,7672,7504,0,0,0,6000
72221865,0,1,1,3,0,1,7672,7504,0,0,0,6000
72221866,0,1,1,3,0,1,7672,7504,0,0,0,6000
72221867,0,1,1,3,0,1,7672,7504,0,44035,44035,6440
72221868,0,1,1,3,0,1,7672,7504,0,44035,44035,6440
72221869,0,1,1,3,0,1,7672,7504,0,44035,44035,6440
72221870,0,1,1,3,0,1,7672,7504,0,44035,44035,6440
72221871,0,1,1,3,0,1,7672,7504,0,0,44035,6440
72221872,0,1,1,3,0,1,7672,7504,0,0,44035,6440
72221873,0,1,1,3,0,1,7672,7504,0,0,44035,6440
72221874,1,1,1,0,0,1,7672,7504,0,0,44035,170
72221875,1,1,1,0,0,1,7672,7504,0,0,0,170
72221876,1,1,1,0,0,1,7672,7504,0,0,0,0
72221877,1,1,1,0,0,1,7672,7504,0,0,0,0
72221878,1,1,1,0,0,1,7672,7504,0,0,0,0
72221879,1,1,1,0,0,1,7672,7504,3075,0,0,0
72221880,1,1,1,0,0,1,7672,7504,3075,0,0,0
72221881,1,1,1,0,0,1,7672,7504,0,0,0,0
72221882,1,1,1,0,0,1,7672,7504,0,0,0,0
72221883,1,1,1,0,0,1,7672,7504,0,0,0,0
72221884,1,1,1,0,0,1,7672,7504,0,103,103,0
72221885,1,1,1,0,0,1,7672,7504,0,103,103,0
72221886,1,1,1,0,0,1,7672,7504,0,103,103,0
72221887,1,1,1,0,0,1,7672,7504,0,103,103,0
72221888,1,1,1,0,0,1,7672,7504,0,0,103,0
72221889,1,1,1,0,0,1,7672,7504,0,0,103,0
72221890,1,1,1,0,0,1,7672,7504,0,0,103,0
72221891,103,1,1,3,0,1,7672,7504,0,0,103,0
72221892,103,1,1,3,0,1,7672,7504,0,0,0,0
72221893,103,1,1,3,0,1,7672,7504,0,0,0,2001
72221894,103,1,1,3,0,1,7672,7504,0,0,0,17041
72221895,103,1,1,3,0,1,7672,7504,0,0,0,17041
72221896,103,1,1,3,0,1,7672,7504,3041,0,0,0
72221897,103,1,1,3,0,1,7672,7504,3041,0,0,6000
72221898,103,1,1,3,0,1,7672,7504,0,0,0,6000
72221899,103,1,1,3,0,1,7672,7504,0,0,0,6000
72221900,103,1,1,3,0,1,7672,7504,0,0,0,6000
72221901,103,1,1,3,0,1,7672,7504,0,50033,50033,6500
72221902,103,1,1,3,0,1,7672,7504,0,50033,50033,6500
72221903,103,1,1,3,0,1,7672,7504,0,50033,50033,6500
72221904,103,1,1,3,0,1,7672,7504,0,50033,50033,6500
72221905,103,1,1,3,0,1,7672,7504,0,0,50033,6500
72221906,103,1,1,3,0,1,7672,7504,0,0,50033,6500
72221907,103,1,1,3,0,1,7672,7504,0,0,50033,6500
72221908,1,1,1,0,103,1,7672,7504,0,0,50033,172
72221909,1,1,1,0,103,1,7672,7504,0,0,0,172
72221910,1,1,1,0,103,1,7672,7504,0,0,0,0
72221911,1,1,1,0,103,1,7672,7504,0,0,0,0
72221912,1,1,1,0,103,1,7672,7504,0,0,0,0
72221913,1,1,1,0,103,1,7672,7504,3074,0,0,0
72221914,1,1,1,0,103,1,7672,7504,3074,0,0,0
72221915,1,1,1,0,103,1,7672,7504,0,0,0,0
72221916,1,1,1,0,103,1,7672,7504,0,0,0,0
72221917,1,1,1,0,103,1,7672,7504,0,0,0,0
72221918,1,1,1,0,103,1,7672,7504,0,300,300,0
72221919,1,1,1,0,103,1,7672,7504,0,300,300,0
72221920,1,1,1,0,103,1,7672,7504,0,300,300,0
72221921,1,1,1,0,103,1,7672,7504,0,300,300,0
72221922,1,1,1,0,103,1,7672,7504,0,0,300,0
72221923,1,1,1,0,103,1,7672,7504,0,0,300,0
72221924,1,1,1,0,103,1,7672,7504,0,0,300,0
72221925,300,1,1,3,103,1,7672,7504,0,0,300,0
72221926,300,1,1,3,103,1,7672,7504,0,0,0,0
72221927,300,1,1,3,103,1,7672,7504,0,0,0,2001
72221928,300,1,1,3,103,1,7672,7504,0,0,0,17042
72221929,300,1,1,3,103,1,7672,7504,0,0,0,17042
72221930,300,1,1,3,103,1,7672,7504,3042,0,0,0
72221931,300,1,1,3,103,1,7672,7504,3042,0,0,6000
72221932,300,1,1,3,103,1,7672,7504,0,0,0,6000
72221933,300,1,1,3,103,1,7672,7504,0,0,0,6000
72221934,300,1,1,3,103,1,7672,7504,0,0,0,6000
72221935,300,1,1,3,103,1,7672,7504,0,173005,173005,7730
72221936,300,1,1,3,103,1,7672,7504,0,173005,173005,7730
72221937,300,1,1,3,103,1,7672,7504,0,173005,173005,7730
72221938,300,1,1,3,103,1,7672,7504,0,173005,173005,7730
72221939,300,1,1,3,103,1,7672,7504,0,0,173005,7730
72221940,300,1,1,3,103,1,7672,7504,0,0,173005,7730
72221941,300,1,1,3,103,1,7672,7504,0,0,173005,7730
72221942,5,1,1,3,103,1,7672,7504,0,0,173005,0
72221943,5,1,1,3,103,1,7672,7504,0,0,0,0
72221944,5,1,1,3,103,1,7672,7504,0,0,0,2001
72221945,5,1,1,3,103,1,7672,7504,0,0,0,17043
72221946,5,1,1,3,103,1,7672,7504,0,0,0,17043
72221947,5,1,1,3,103,1,7672,7504,3043,0,0,0
72221948,5,1,1,3,103,1,7672,7504,3043,0,0,6000
72221949,5,1,1,3,103,1,7672,7504,0,0,0,6000
72221950,5,1,1,3,103,1,7672,7504,0,0,0,6000
72221951,5,1,1,3,103,1,7672,7504,0,0,0,6000
72221952,5,1,1,3,103,1,7672,7504,0,150415,150415,7504
72221953,5,1,1,3,103,1,7672,7504,0,150415,150415,7504
72221954,5,1,1,3,103,1,7672,7504,0,150415,150415,7504
72221955,5,1,1,3,103,1,7672,7504,0,150415,150415,7504
72221956,5,1,1,3,103,1,7672,7504,0,0,150415,7504
72221957,5,1,1,3,103,1,7672,7504,0,0,150415,7504
72221958,5,1,1,3,103,1,7672,7504,0,0,150415,7504
72221959,1,1,1,0,103,1,7672,7504,0,0,150415,657
72221960,1,1,1,0,103,1,7672,7504,0,0,1,657
72221961,1,1,1,0,103,1,7672,7504,0,0,1,326
72221962,1,1,1,0,103,1,7672,7504,0,0,1,326
72221963,1,1,1,0,103,1,7672,7504,0,0,1,326
72221964,1,1,1,0,103,1,7672,7504,0,0,1,327
72221965,1,1,1,0,103,1,7672,7504,0,0,1,327
72221966,1,1,1,0,103,1,7672,7504,0,0,1,330
72221967,1,1,1,0,103,1,7672,7504,0,0,1,660
72221968,1,1,1,0,103,1,7672,7504,0,0,1,660
72221969,1,1,1,0,103,1,7672,7504,0,0,1,660
72221970,1,1,1,0,103,1,7672,7504,0,0,1,3655
72221971,244,1,1,0,103,1,7672,7504,0,0,110244,3655
72221972,244,1,1,0,103,1,7672,7504,0,0,110244,3655
72221973,244,1,1,0,103,1,7672,7504,0,0,110244,474
72221974,244,1,1,0,103,110244,7672,7504,0,0,110244,474
72221975,244,1,1,0,103,110244,7672,7504,0,0,110244,474
72221976,244,1,1,0,103,110244,7672,7504,0,0,110244,475
72221977,305,1,1,3,103,110244,7672,7504,0,0,305,475
72221978,305,1,1,3,103,110244,7672,7504,0,0,305,476
72221979,305,1,1,3,103,110244,7672,7504,0,0,305,501
72221980,244,1,1,0,103,110244,7672,7504,0,0,110244,501
72221981,244,1,1,0,103,110244,7672,7504,0,0,110244,501
72221982,244,1,1,0,103,110244,7672,7504,0,0,110244,502
72221983,7,1,1,0,103,110244,7672,7504,0,0,7,502
72221984,7,1,1,0,103,110244,7672,7504,0,0,7,503
72221985,7,1,1,0,103,110244,7672,7504,0,0,7,503
72221986,300,1,1,0,103,300,7672,7504,0,0,300,503
72221987,300,1,1,0,103,300,7672,7504,0,0,300,504
72221988,300,1,1,0,103,300,7672,7504,0,0,300,511
72221989,3,1,1,0,103,300,7672,7504,0,0,3,511
72221990,3,1,1,0,103,300,7672,7504,0,0,3,511
72221991,3,1,1,0,103,300,7672,7504,0,0,3,3725
72221992,141,1,1,0,103,304,7672,7504,0,0,30141,3725
72221993,141,1,1,0,103,304,7672,7504,0,0,30141,3725
72221994,141,1,1,0,103,304,7672,7504,0,0,30141,476
72221995,103,0,1,0,103,30141,7672,7504,0,0,103,476
# MARK wr tick=72221995
72221996,103,0,1,0,103,30141,7672,7504,0,0,103,476
72253539,244,1,1,0,0,10244,7672,7504,0,0,10244,326
72253540,244,1,1,0,0,10244,7672,7504,0,0,10244,327
72253541,244,1,1,0,0,10244,7672,7504,0,0,10244,327
72253542,244,1,1,0,0,10244,7672,7504,0,0,10244,330
72253543,244,1,1,0,0,10244,7672,7504,0,0,10244,660
72253544,244,1,1,0,0,10244,7672,7504,0,0,10244,660
72253545,244,1,1,0,0,10244,7672,7504,0,0,10244,660
72253546,244,1,1,0,0,10244,7672,7504,0,0,10244,3642
72253547,244,1,1,0,0,10244,7672,7504,0,0,10244,3642
72253548,244,1,1,0,0,10244,7672,7504,0,0,10244,3642
72253549,244,1,1,0,0,10244,7672,7504,0,0,10244,663
72253550,0,1,1,0,0,10244,7672,7504,0,0,100000,663
72253551,0,1,1,0,0,10244,7672,7504,0,0,100000,663
72253552,0,1,1,0,0,10244,7672,7504,0,0,100000,664
72253553,244,1,1,0,0,110244,7672,7504,0,0,110244,664
72253554,244,1,1,0,0,110244,7672,7504,0,0,110244,665
72253555,244,1,1,0,0,110244,7672,7504,0,0,110244,665
72253556,244,1,1,0,0,110244,7672,7504,0,0,110244,665
72253557,244,1,1,0,0,110244,7672,7504,0,0,110244,666
72253558,244,1,1,0,0,110244,7672,7504,0,0,110244,1112
72253559,245,1,1,0,0,110244,7672,7504,0,0,130245,1112
72253560,245,1,1,0,0,110244,7672,7504,0,0,130245,1112
72253561,245,1,1,0,0,110244,7672,7504,0,0,130245,1113
72253562,245,1,1,0,0,110244,7672,7504,0,0,130245,1113
72253563,245,1,1,0,0,110244,7672,7504,0,0,130245,1113
72253564,245,1,1,0,0,110244,7672,7504,0,0,130245,1113
72253565,245,1,1,0,0,110244,7672,7504,0,0,130245,1113
72253566,245,1,1,0,0,110244,7672,7504,0,0,130245,1113
72253567,244,1,1,0,0,110244,7672,7504,0,0,110244,1113
72253568,244,1,1,0,0,110244,7672,7504,0,0,110244,1114
72253569,244,1,1,0,0,110244,7672,7504,0,0,110244,1114
72253570,10,1,1,0,0,110244,7672,7504,0,0,10,1114
72253571,10,1,1,0,0,110244,7672,7504,0,0,10,1115
72253572,10,1,1,0,0,110244,7672,7504,0,0,10,1115
72253573,10,1,1,0,0,110244,7672,7504,0,0,10,1115
72253574,10,1,1,0,0,110244,7672,7504,0,0,10,1115
72253575,10,1,1,0,0,110244,7672,7504,0,0,10,1115
72253576,10,1,1,0,0,110244,7672,7504,0,0,10,1115
72253577,10,1,1,0,0,110244,7672,7504,0,0,10,1115
72253578,0,1,1,0,0,110244,7672,7504,0,0,0,1115
72253579,0,1,1,0,0,110244,7672,7504,0,0,0,1116
72253580,0,1,1,0,0,110244,7672,7504,0,0,0,1116
72253581,244,1,1,0,0,0,7672,7504,0,0,110244,1116
72253582,244,1,1,0,0,0,7672,7504,0,0,110244,666
72253583,244,1,1,0,0,0,7672,7504,0,0,110244,1117
72253584,1,1,1,0,0,0,7672,7504,0,0,60001,1117
72253585,1,1,1,0,0,0,7672,7504,0,0,60001,1120
72253586,1,1,1,0,0,0,7672,7504,0,0,60001,1120
72253587,13,1,1,0,0,0,7672,7504,0,0,100013,1120
72253588,13,1,1,0,0,0,7672,7504,0,0,100013,1121
72253589,13,1,1,0,0,0,7672,7504,0,0,100013,1120
72253590,0,1,1,0,0,100013,7672,7504,0,0,0,1120
72253591,0,1,1,0,0,100013,7672,7504,0,0,0,1120
72253592,0,1,1,0,0,100013,7672,7504,0,0,0,1120
72253593,1,1,1,0,0,26,7672,7504,0,0,1,1120
72253594,1,1,1,0,0,26,7672,7504,0,0,1,1120
72253595,1,1,1,0,0,26,7672,7504,0,0,1,1120
72253596,2,1,1,0,0,54,7672,7504,0,0,2,1120
72253597,2,1,1,0,0,54,7672,7504,0,0,2,1120
72253598,2,1,1,0,0,54,7672,7504,0,0,2,1120
72253599,4,1,1,0,0,130,7672,7504,0,0,4,1120
72253600,4,1,1,0,0,130,7672,7504,0,0,4,1120
72253601,4,1,1,0,0,130,7672,7504,0,0,4,1120
72253602,10,1,1,0,0,260,7672,7504,0,0,10,1120
72253603,10,1,1,0,0,260,7672,7504,0,0,10,1120
72253604,10,1,1,0,0,260,7672,7504,0,0,10,1120
72253605,20,1,1,0,0,540,7672,7504,0,0,20,1120
72253606,20,1,1,0,0,540,7672,7504,0,0,20,1120
72253607,20,1,1,0,0,540,7672,7504,0,0,20,1120
72253608,40,1,1,0,0,1300,7672,7504,0,0,40,1120
72253609,40,1,1,0,0,1300,7672,7504,0,0,40,1120
72253610,40,1,1,0,0,1300,7672,7504,0,0,40,1120
72253611,100,1,1,0,0,2600,7672,7504,0,0,100,1120
72253612,100,1,1,0,0,2600,7672,7504,0,0,100,1120
72253613,100,1,1,0,0,2600,7672,7504,0,0,100,1120
72253614,200,1,1,0,0,5400,7672,7504,0,0,200,1120
72253615,200,1,1,0,0,5400,7672,7504,0,0,200,1120
72253616,200,1,1,0,0,5400,7672,7504,0,0,200,1120
72253617,0,1,1,0,0,13000,7672,7504,0,0,400,1120
72253618,0,1,1,0,0,13000,7672,7504,0,0,400,1120
72253619,0,1,1,0,0,13000,7672,7504,0,0,400,1120
72253620,0,1,1,0,0,26000,7672,7504,0,0,1000,1120
72253621,0,1,1,0,0,26000,7672,7504,0,0,1000,1120
72253622,0,1,1,0,0,26000,7672,7504,0,0,1000,1120
72253623,0,1,1,0,0,54000,7672,7504,0,0,2000,1120
72253624,0,1,1,0,0,54000,7672,7504,0,0,2000,1120
72253625,0,1,1,0,0,54000,7672,7504,0,0,2000,1120
72253626,0,1,1,0,0,130000,7672,7504,0,0,4000,1120
72253627,0,1,1,0,0,130000,7672,7504,0,0,4000,1120
72253628,0,1,1,0,0,130000,7672,7504,0,0,4000,1121
72253629,1,1,1,0,0,60000,7672,7504,0,0,10001,1121
72253630,1,1,1,0,0,60000,7672,7504,0,0,10001,1122
72253631,1,1,1,0,0,60000,7672,7504,0,0,10001,1133
72253632,0,1,1,0,0,140000,7672,7504,0,0,0,1133
72253633,0,1,1,0,0,140000,7672,7504,0,0,0,1133
72253634,0,1,1,0,0,140000,7672,7504,0,0,0,1134
72253635,0,1,1,0,0,0,7672,7504,0,0,0,1134
72253636,0,1,1,0,0,0,7672,7504,0,0,0,1135
72253637,0,1,1,0,0,0,7672,7504,0,0,0,1140
72253638,0,1,1,0,0,0,7672,7504,0,0,0,1140
72253639,0,1,1,0,0,0,7672,7504,0,0,0,1140
72253640,0,1,1,0,0,0,7672,7504,0,0,0,1141
72253641,1,1,1,0,0,0,7672,7504,0,0,1,1141
72253642,1,1,1,0,0,0,7672,7504,0,0,1,1142
72253643,1,1,1,0,0,0,7672,7504,0,0,1,1142
72253644,1,1,1,0,0,1,7672,7504,0,0,1,1142
72253645,1,1,1,0,0,1,7672,7504,0,0,1,1143
72253646,1,1,1,0,0,1,7672,7504,0,0,1,666
72253647,0,1,1,0,0,1,7672,7504,0,0,140000,666
72253648,0,1,1,0,0,1,7672,7504,0,0,140000,666
72253649,0,1,1,0,0,1,7672,7504,0,0,140000,0
72253650,0,1,1,3,0,1,7672,7504,0,0,0,0
72253651,0,1,1,3,0,1,7672,7504,0,0,0,0
72253652,0,1,1,3,0,1,7672,7504,0,0,0,2001
72253653,0,1,1,3,0,1,7672,7504,0,0,0,17040
72253654,0,1,1,3,0,1,7672,7504,0,0,0,17040
72253655,0,1,1,3,0,1,7672,7504,3040,0,0,0
72253656,0,1,1,3,0,1,7672,7504,3040,0,0,6000
72253657,0,1,1,3,0,1,7672,7504,0,0,0,6000
72253658,0,1,1,3,0,1,7672,7504,0,0,0,6000
72253659,0,1,1,3,0,1,7672,7504,0,0,0,6000
72253660,0,1,1,3,0,1,7672,7504,0,44035,44035,6440
72253661,0,1,1,3,0,1,7672,7504,0,44035,44035,6440
72253662,0,1,1,3,0,1,7672,7504,0,44035,44035,6440
72253663,0,1,1,3,0,1,7672,7504,0,44035,44035,6440
72253664,0,1,1,3,0,1,7672,7504,0,0,44035,6440
72253665,0,1,1,3,0,1,7672,7504,0,0,44035,6440
72253666,0,1,1,3,0,1,7672,7504,0,0,44035,6440
72253667,1,1,1,0,0,1,7672,7504,0,0,44035,170
72253668,1,1,1,0,0,1,7672,7504,0,0,0,170
72253669,1,1,1,0,0,1,7672,7504,0,0,0,0
72253670,1,1,1,0,0,1,7672,7504,0,0,0,0
72253671,1,1,1,0,0,1,7672,7504,0,0,0,0
72253672,1,1,1,0,0,1,7672,7504,3075,0,0,0
72253673,1,1,1,0,0,1,7672,7504,3075,0,0,0
72253674,1,1,1,0,0,1,7672,7504,0,0,0,0
72253675,1,1,1,0,0,1,7672,7504,0,0,0,0
72253676,1,1,1,0,0,1,7672,7504,0,0,0,0
72253677,1,1,1,0,0,1,7672,7504,0,60,60,0
72253678,1,1,1,0,0,1,7672,7504,0,60,60,0
72253679,1,1,1,0,0,1,7672,7504,0,60,60,0
72253680,1,1,1,0,0,1,7672,7504,0,60,60,0
72253681,1,1,1,0,0,1,7672,7504,0,0,60,0
72253682,1,1,1,0,0,1,7672,7504,0,0,60,0
72253683,1,1,1,0,0,1,7672,7504,0,0,60,0
72253684,60,1,1,3,0,1,7672,7504,0,0,60,0
72253685,60,1,1,3,0,1,7672,7504,0,0,0,0
72253686,60,1,1,3,0,1,7672,7504,0,0,0,2001
72253687,60,1,1,3,0,1,7672,7504,0,0,0,17041
72253688,60,1,1,3,0,1,7672,7504,0,0,0,17041
72253689,60,1,1,3,0,1,7672,7504,3041,0,0,0
72253690,60,1,1,3,0,1,7672,7504,3041,0,0,6000
72253691,60,1,1,3,0,1,7672,7504,0,0,0,6000
72253692,60,1,1,3,0,1,7672,7504,0,0,0,6000
72253693,60,1,1,3,0,1,7672,7504,0,0,0,6000
72253694,60,1,1,3,0,1,7672,7504,0,50033,50033,6500
72253695,60,1,1,3,0,1,7672,7504,0,50033,50033,6500
72253696,60,1,1,3,0,1,7672,7504,0,50033,50033,6500
72253697,60,1,1,3,0,1,7672,7504,0,50033,50033,6500
72253698,60,1,1,3,0,1,7672,7504,0,0,50033,6500
72253699,60,1,1,3,0,1,7672,7504,0,0,50033,6500
72253700,60,1,1,3,0,1,7672,7504,0,0,50033,6500
72253701,1,1,1,0,60,1,7672,7504,0,0,50033,172
72253702,1,1,1,0,60,1,7672,7504,0,0,0,172
72253703,1,1,1,0,60,1,7672,7504,0,0,0,0
72253704,1,1,1,0,60,1,7672,7504,0,0,0,0
72253705,1,1,1,0,60,1,7672,7504,0,0,0,0
72253706,1,1,1,0,60,1,7672,7504,3074,0,0,0
72253707,1,1,1,0,60,1,7672,7504,3074,0,0,0
72253708,1,1,1,0,60,1,7672,7504,0,0,0,0
72253709,1,1,1,0,60,1,7672,7504,0,0,0,0
72253710,1,1,1,0,60,1,7672,7504,0,0,0,0
72253711,1,1,1,0,60,1,7672,7504,0,300,300,0
72253712,1,1,1,0,60,1,7672,7504,0,300,300,0
72253713,1,1,1,0,60,1,7672,7504,0,300,300,0
72253714,1,1,1,0,60,1,7672,7504,0,300,300,0
72253715,1,1,1,0,60,1,7672,7504,0,0,300,0
72253716,1,1,1,0,60,1,7672,7504,0,0,300,0
72253717,1,1,1,0,60,1,7672,7504,0,0,300,0
72253718,300,1,1,3,60,1,7672,7504,0,0,300,0
72253719,300,1,1,3,60,1,7672,7504,0,0,0,0
72253720,300,1,1,3,60,1,7672,7504,0,0,0,2001
72253721,300,1,1,3,60,1,7672,7504,0,0,0,17042
72253722,300,1,1,3,60,1,7672,7504,0,0,0,17042
72253723,300,1,1,3,60,1,7672,7504,3042,0,0,0
72253724,300,1,1,3,60,1,7672,7504,3042,0,0,6000
72253725,300,1,1,3,60,1,7672,7504,0,0,0,6000
72253726,300,1,1,3,60,1,7672,7504,0,0,0,6000
72253727,300,1,1,3,60,1,7672,7504,0,0,0,6000
72253728,300,1,1,3,60,1,7672,7504,0,173005,173005,7730
72253729,300,1,1,3,60,1,7672,7504,0,173005,173005,7730
72253730,300,1,1,3,60,1,7672,7504,0,173005,173005,7730
72253731,300,1,1,3,60,1,7672,7504,0,173005,173005,7730
72253732,300,1,1,3,60,1,7672,7504,0,0,173005,7730
72253733,300,1,1,3,60,1,7672,7504,0,0,173005,7730
72253734,300,1,1,3,60,1,7672,7504,0,0,173005,7730
72253735,5,1,1,3,60,1,7672,7504,0,0,173005,0
72253736,5,1,1,3,60,1,7672,7504,0,0,0,0
72253737,5,1,1,3,60,1,7672,7504,0,0,0,2001
72253738,5,1,1,3,60,1,7672,7504,0,0,0,17043
72253739,5,1,1,3,60,1,7672,7504,0,0,0,17043
72253740,5,1,1,3,60,1,7672,7504,3043,0,0,0
72253741,5,1,1,3,60,1,7672,7504,3043,0,0,6000
72253742,5,1,1,3,60,1,7672,7504,0,0,0,6000
72253743,5,1,1,3,60,1,7672,7504,0,0,0,6000
72253744,5,1,1,3,60,1,7672,7504,0,0,0,6000
72253745,5,1,1,3,60,1,7672,7504,0,150415,150415,7504
72253746,5,1,1,3,60,1,7672,7504,0,150415,150415,7504
72253747,5,1,1,3,60,1,7672,7504,0,150415,150415,7504
72253748,5,1,1,3,60,1,7672,7504,0,150415,150415,7504
72253749,5,1,1,3,60,1,7672,7504,0,0,150415,7504
72253750,5,1,1,3,60,1,7672,7504,0,0,150415,7504
72253751,5,1,1,3,60,1,7672,7504,0,0,150415,7504
72253752,1,1,1,0,60,1,7672,7504,0,0,150415,657
72253753,1,1,1,0,60,1,7672,7504,0,0,1,657
72253754,1,1,1,0,60,1,7672,7504,0,0,1,326
72253755,1,1,1,0,60,1,7672,7504,0,0,1,326
72253756,1,1,1,0,60,1,7672,7504,0,0,1,326
72253757,1,1,1,0,60,1,7672,7504,0,0,1,327
72253758,1,1,1,0,60,1,7672,7504,0,0,1,327
72253759,1,1,1,0,60,1,7672,7504,0,0,1,330
72253760,1,1,1,0,60,1,7672,7504,0,0,1,660
72253761,1,1,1,0,60,1,7672,7504,0,0,1,660
72253762,1,1,1,0,60,1,7672,7504,0,0,1,660
72253763,1,1,1,0,60,1,7672,7504,0,0,1,3655
72253764,244,1,1,0,60,1,7672,7504,0,0,110244,3655
72253765,244,1,1,0,60,1,7672,7504,0,0,110244,3655
72253766,244,1,1,0,60,1,7672,7504,0,0,110244,474
72253767,244,1,1,0,60,110244,7672,7504,0,0,110244,474
72253768,244,1,1,0,60,110244,7672,7504,0,0,110244,474
72253769,244,1,1,0,60,110244,7672,7504,0,0,110244,475
72253770,305,1,1,3,60,110244,7672,7504,0,0,305,475
72253771,305,1,1,3,60,110244,7672,7504,0,0,305,476
72253772,305,1,1,3,60,110244,7672,7504,0,0,305,501
72253773,244,1,1,0,60,110244,7672,7504,0,0,110244,501
72253774,244,1,1,0,60,110244,7672,7504,0,0,110244,501
72253775,244,1,1,0,60,110244,7672,7504,0,0,110244,502
72253776,7,1,1,0,60,110244,7672,7504,0,0,7,502
72253777,7,1,1,0,60,110244,7672,7504,0,0,7,503
72253778,7,1,1,0,60,110244,7672,7504,0,0,7,503
72253779,300,1,1,0,60,300,7672,7504,0,0,300,503
72253780,300,1,1,0,60,300,7672,7504,0,0,300,504
72253781,300,1,1,0,60,300,7672,7504,0,0,300,511
72253782,3,1,1,0,60,300,7672,7504,0,0,3,511
72253783,3,1,1,0,60,300,7672,7504,0,0,3,511
72253784,3,1,1,0,60,300,7672,7504,0,0,3,3725
72253785,141,1,1,0,60,304,7672,7504,0,0,30141,3725
72253786,141,1,1,0,60,304,7672,7504,0,0,30141,3725
72253787,141,1,1,0,60,304,7672,7504,0,0,30141,476
72253788,60,0,1,0,60,30141,7672,7504,0,0,60,476
# MARK wr tick=72253788
72253789,60,0,1,0,60,30141,7672,7504,0,0,60,476
72279672,244,1,1,0,0,10244,7672,7504,0,0,10244,326
72279673,244,1,1,0,0,10244,7672,7504,0,0,10244,327
72279674,244,1,1,0,0,10244,7672,7504,0,0,10244,327
72279675,244,1,1,0,0,10244,7672,7504,0,0,10244,330
72279676,244,1,1,0,0,10244,7672,7504,0,0,10244,660
72279677,244,1,1,0,0,10244,7672,7504,0,0,10244,660
72279678,244,1,1,0,0,10244,7672,7504,0,0,10244,660
72279679,244,1,1,0,0,10244,7672,7504,0,0,10244,3642
72279680,244,1,1,0,0,10244,7672,7504,0,0,10244,3642
72279681,244,1,1,0,0,10244,7672,7504,0,0,10244,3642
72279682,244,1,1,0,0,10244,7672,7504,0,0,10244,663
72279683,0,1,1,0,0,10244,7672,7504,0,0,100000,663
72279684,0,1,1,0,0,10244,7672,7504,0,0,100000,663
72279685,0,1,1,0,0,10244,7672,7504,0,0,100000,664
72279686,244,1,1,0,0,110244,7672,7504,0,0,110244,664
72279687,244,1,1,0,0,110244,7672,7504,0,0,110244,665
72279688,244,1,1,0,0,110244,7672,7504,0,0,110244,665
72279689,244,1,1,0,0,110244,7672,7504,0,0,110244,665
72279690,244,1,1,0,0,110244,7672,7504,0,0,110244,666
72279691,244,1,1,0,0,110244,7672,7504,0,0,110244,1112
72279692,245,1,1,0,0,110244,7672,7504,0,0,130245,1112
72279693,245,1,1,0,0,110244,7672,7504,0,0,130245,1112
72279694,245,1,1,0,0,110244,7672,7504,0,0,130245,1113
72279695,245,1,1,0,0,110244,7672,7504,0,0,130245,1113
72279696,245,1,1,0,0,110244,7672,7504,0,0,130245,1113
72279697,245,1,1,0,0,110244,7672,7504,0,0,130245,1113
72279698,245,1,1,0,0,110244,7672,7504,0,0,130245,1113
72279699,245,1,1,0,0,110244,7672,7504,0,0,130245,1113
72279700,244,1,1,0,0,110244,7672,7504,0,0,110244,1113
72279701,244,1,1,0,0,110244,7672,7504,0,0,110244,1114
72279702,244,1,1,0,0,110244,7672,7504,0,0,110244,1114
72279703,10,1,1,0,0,110244,7672,7504,0,0,10,1114
72279704,10,1,1,0,0,110244,7672,7504,0,0,10,1115
72279705,10,1,1,0,0,110244,7672,7504,0,0,10,1115
72279706,10,1,1,0,0,110244,7672,7504,0,0,10,1115
72279707,10,1,1,0,0,110244,7672,7504,0,0,10,1115
72279708,10,1,1,0,0,110244,7672,7504,0,0,10,1115
72279709,10,1,1,0,0,110244,7672,7504,0,0,10,1115
72279710,10,1,1,0,0,110244,7672,7504,0,0,10,1115
72279711,0,1,1,0,0,110244,7672,7504,0,0,0,1115
72279712,0,1,1,0,0,110244,7672,7504,0,0,0,1116
72279713,0,1,1,0,0,110244,7672,7504,0,0,0,1116
72279714,244,1,1,0,0,0,7672,7504,0,0,110244,1116
72279715,244,1,1,0,0,0,7672,7504,0,0,110244,666
72279716,244,1,1,0,0,0,7672,7504,0,0,110244,1117
72279717,1,1,1,0,0,0,7672,7504,0,0,60001,1117
72279718,1,1,1,0,0,0,7672,7504,0,0,60001,1120
72279719,1,1,1,0,0,0,7672,7504,0,0,60001,1120
72279720,13,1,1,0,0,0,7672,7504,0,0,100013,1120
72279721,13,1,1,0,0,0,7672,7504,0,0,100013,1121
72279722,13,1,1,0,0,0,7672,7504,0,0,100013,1120
72279723,0,1,1,0,0,100013,7672,7504,0,0,0,1120
72279724,0,1,1,0,0,100013,7672,7504,0,0,0,1120
72279725,0,1,1,0,0,100013,7672,7504,0,0,0,1120
72279726,1,1,1,0,0,26,7672,7504,0,0,1,1120
72279727,1,1,1,0,0,26,7672,7504,0,0,1,1120
72279728,1,1,1,0,0,26,7672,7504,0,0,1,1120
72279729,2,1,1,0,0,54,7672,7504,0,0,2,1120
72279730,2,1,1,0,0,54,7672,7504,0,0,2,1120
72279731,2,1,1,0,0,54,7672,7504,0,0,2,1120
72279732,4,1,1,0,0,130,7672,7504,0,0,4,1120
72279733,4,1,1,0,0,130,7672,7504,0,0,4,1120
72279734,4,1,1,0,0,130,7672,7504,0,0,4,1120
72279735,10,1,1,0,0,260,7672,7504,0,0,10,1120
72279736,10,1,1,0,0,260,7672,7504,0,0,10,1120
72279737,10,1,1,0,0,260,7672,7504,0,0,10,1120
72279738,20,1,1,0,0,540,7672,7504,0,0,20,1120
72279739,20,1,1,0,0,540,7672,7504,0,0,20,1120
72279740,20,1,1,0,0,540,7672,7504,0,0,20,1120
72279741,40,1,1,0,0,1300,7672,7504,0,0,40,1120
72279742,40,1,1,0,0,1300,7672,7504,0,0,40,1120
72279743,40,1,1,0,0,1300,7672,7504,0,0,40,1120
72279744,100,1,1,0,0,2600,7672,7504,0,0,100,1120
72279745,100,1,1,0,0,2600,7672,7504,0,0,100,1120
72279746,100,1,1,0,0,2600,7672,7504,0,0,100,1120
72279747,200,1,1,0,0,5400,7672,7504,0,0,200,1120
72279748,200,1,1,0,0,5400,7672,7504,0,0,200,1120
72279749,200,1,1,0,0,5400,7672,7504,0,0,200,1120
72279750,0,1,1,0,0,13000,7672,7504,0,0,400,1120
72279751,0,1,1,0,0,13000,7672,7504,0,0,400,1120
72279752,0,1,1,0,0,13000,7672,7504,0,0,400,1120
72279753,0,1,1,0,0,26000,7672,7504,0,0,1000,1120
72279754,0,1,1,0,0,26000,7672,7504,0,0,1000,1120
72279755,0,1,1,0,0,26000,7672,7504,0,0,1000,1120
72279756,0,1,1,0,0,54000,7672,7504,0,0,2000,1120
72279757,0,1,1,0,0,54000,7672,7504,0,0,2000,1120
72279758,0,1,1,0,0,54000,7672,7504,0,0,2000,1120
72279759,0,1,1,0,0,130000,7672,7504,0,0,4000,1120
72279760,0,1,1,0,0,130000,7672,7504,0,0,4000,1120
72279761,0,1,1,0,0,130000,7672,7504,0,0,4000,1121
72279762,1,1,1,0,0,60000,7672,7504,0,0,10001,1121
72279763,1,1,1,0,0,60000,7672,7504,0,0,10001,1122
72279764,1,1,1,0,0,60000,7672,7504,0,0,10001,1133
72279765,0,1,1,0,0,140000,7672,7504,0,0,0,1133
72279766,0,1,1,0,0,140000,7672,7504,0,0,0,1133
72279767,0,1,1,0,0,140000,7672,7504,0,0,0,1134
72279768,0,1,1,0,0,0,7672,7504,0,0,0,1134
72279769,0,1,1,0,0,0,7672,7504,0,0,0,1135
72279770,0,1,1,0,0,0,7672,7504,0,0,0,1140
72279771,0,1,1,0,0,0,7672,7504,0,0,0,1140
72279772,0,1,1,0,0,0,7672,7504,0,0,0,1140
72279773,0,1,1,0,0,0,7672,7504,0,0,0,1141
72279774,1,1,1,0,0,0,7672,7504,0,0,1,1141
72279775,1,1,1,0,0,0,7672,7504,0,0,1,1142
72279776,1,1,1,0,0,0,7672,7504,0,0,1,1142
72279777,1,1,1,0,0,1,7672,7504,0,0,1,1142
72279778,1,1,1,0,0,1,7672,7504,0,0,1,1143
72279779,1,1,1,0,0,1,7672,7504,0,0,1,666
72279780,0,1,1,0,0,1,7672,7504,0,0,140000,666
72279781,0,1,1,0,0,1,7672,7504,0,0,140000,666
72279782,0,1,1,0,0,1,7672,7504,0,0,140000,0
72279783,0,1,1,3,0,1,7672,7504,0,0,0,0
72279784,0,1,1,3,0,1,7672,7504,0,0,0,0
72279785,0,1,1,3,0,1,7672,7504,0,0,0,2001
72279786,0,1,1,3,0,1,7672,7504,0,0,0,17040
72279787,0,1,1,3,0,1,7672,7504,0,0,0,17040
72279788,0,1,1,3,0,1,7672,7504,3040,0,0,0
72279789,0,1,1,3,0,1,7672,7504,3040,0,0,6000
72279790,0,1,1,3,0,1,7672,7504,0,0,0,6000
72279791,0,1,1,3,0,1,7672,7504,0,0,0,6000
72279792,0,1,1,3,0,1,7672,7504,0,0,0,6000
72279793,0,1,1,3,0,1,7672,7504,0,44035,44035,6440
72279794,0,1,1,3,0,1,7672,7504,0,44035,44035,6440
72279795,0,1,1,3,0,1,7672,7504,0,44035,44035,6440
72279796,0,1,1,3,0,1,7672,7504,0,44035,44035,6440
72279797,0,1,1,3,0,1,7672,7504,0,0,44035,6440
72279798,0,1,1,3,0,1,7672,7504,0,0,44035,6440
72279799,0,1,1,3,0,1,7672,7504,0,0,44035,6440
72279800,1,1,1,0,0,1,7672,7504,0,0,44035,170
72279801,1,1,1,0,0,1,7672,7504,0,0,0,170
72279802,1,1,1,0,0,1,7672,7504,0,0,0,0
72279803,1,1,1,0,0,1,7672,7504,0,0,0,0
72279804,1,1,1,0,0,1,7672,7504,0,0,0,0
72279805,1,1,1,0,0,1,7672,7504,3075,0,0,0
72279806,1,1,1,0,0,1,7672,7504,3075,0,0,0
72279807,1,1,1,0,0,1,7672,7504,0,0,0,0
72279808,1,1,1,0,0,1,7672,7504,0,0,0,0
72279809,1,1,1,0,0,1,7672,7504,0,0,0,0
72279810,1,1,1,0,0,1,7672,7504,0,63,63,0
72279811,1,1,1,0,0,1,7672,7504,0,63,63,0
72279812,1,1,1,0,0,1,7672,7504,0,63,63,0
72279813,1,1,1,0,0,1,7672,7504,0,63,63,0
72279814,1,1,1,0,0,1,7672,7504,0,0,63,0
72279815,1,1,1,0,0,1,7672,7504,0,0,63,0
72279816,1,1,1,0,0,1,7672,7504,0,0,63,0
72279817,63,1,1,3,0,1,7672,7504,0,0,63,0
72279818,63,1,1,3,0,1,7672,7504,0,0,0,0
72279819,63,1,1,3,0,1,7672,7504,0,0,0,2001
72279820,63,1,1,3,0,1,7672,7504,0,0,0,17041
72279821,63,1,1,3,0,1,7672,7504,0,0,0,17041
72279822,63,1,1,3,0,1,7672,7504,3041,0,0,0
72279823,63,1,1,3,0,1,7672,7504,3041,0,0,6000
72279824,63,1,1,3,0,1,7672,7504,0,0,0,6000
72279825,63,1,1,3,0,1,7672,7504,0,0,0,6000
72279826,63,1,1,3,0,1,7672,7504,0,0,0,6000
72279827,63,1,1,3,0,1,7672,7504,0,50033,50033,6500
72279828,63,1,1,3,0,1,7672,7504,0,50033,50033,6500
72279829,63,1,1,3,0,1,7672,7504,0,50033,50033,6500
72279830,63,1,1,3,0,1,7672,7504,0,50033,50033,6500
72279831,63,1,1,3,0,1,7672,7504,0,0,50033,6500
72279832,63,1,1,3,0,1,7672,7504,0,0,50033,6500
72279833,63,1,1,3,0,1,7672,7504,0,0,50033,6500
72279834,1,1,1,0,63,1,7672,7504,0,0,50033,172
72279835,1,1,1,0,63,1,7672,7504,0,0,0,172
72279836,1,1,1,0,63,1,7672,7504,0,0,0,0
72279837,1,1,1,0,63,1,7672,7504,0,0,0,0
72279838,1,1,1,0,63,1,7672,7504,0,0,0,0
72279839,1,1,1,0,63,1,7672,7504,3074,0,0,0
72279840,1,1,1,0,63,1,7672,7504,3074,0,0,0
72279841,1,1,1,0,63,1,7672,7504,0,0,0,0
72279842,1,1,1,0,63,1,7672,7504,0,0,0,0
72279843,1,1,1,0,63,1,7672,7504,0,0,0,0
72279844,1,1,1,0,63,1,7672,7504,0,300,300,0
72279845,1,1,1,0,63,1,7672,7504,0,300,300,0
72279846,1,1,1,0,63,1,7672,7504,0,300,300,0
72279847,1,1,1,0,63,1,7672,7504,0,300,300,0
72279848,1,1,1,0,63,1,7672,7504,0,0,300,0
72279849,1,1,1,0,63,1,7672,7504,0,0,300,0
72279850,1,1,1,0,63,1,7672,7504,0,0,300,0
72279851,300,1,1,3,63,1,7672,7504,0,0,300,0
72279852,300,1,1,3,63,1,7672,7504,0,0,0,0
72279853,300,1,1,3,63,1,7672,7504,0,0,0,2001
72279854,300,1,1,3,63,1,7672,7504,0,0,0,17042
72279855,300,1,1,3,63,1,7672,7504,0,0,0,17042
72279856,300,1,1,3,63,1,7672,7504,3042,0,0,0
72279857,300,1,1,3,63,1,7672,7504,3042,0,0,6000
72279858,300,1,1,3,63,1,7672,7504,0,0,0,6000
72279859,300,1,1,3,63,1,7672,7504,0,0,0,6000
72279860,300,1,1,3,63,1,7672,7504,0,0,0,6000
72279861,300,1,1,3,63,1,7672,7504,0,173005,173005,7730
72279862,300,1,1,3,63,1,7672,7504,0,173005,173005,7730
72279863,300,1,1,3,63,1,7672,7504,0,173005,173005,7730
72279864,300,1,1,3,63,1,7672,7504,0,173005,173005,7730
72279865,300,1,1,3,63,1,7672,7504,0,0,173005,7730
72279866,300,1,1,3,63,1,7672,7504,0,0,173005,7730
72279867,300,1,1,3,63,1,7672,7504,0,0,173005,7730
72279868,5,1,1,3,63,1,7672,7504,0,0,173005,0
72279869,5,1,1,3,63,1,7672,7504,0,0,0,0
72279870,5,1,1,3,63,1,7672,7504,0,0,0,2001
72279871,5,1,1,3,63,1,7672,7504,0,0,0,17043
72279872,5,1,1,3,63,1,7672,7504,0,0,0,17043
72279873,5,1,1,3,63,1,7672,7504,3043,0,0,0
72279874,5,1,1,3,63,1,7672,7504,3043,0,0,6000
72279875,5,1,1,3,63,1,7672,7504,0,0,0,6000
72279876,5,1,1,3,63,1,7672,7504,0,0,0,6000
72279877,5,1,1,3,63,1,7672,7504,0,0,0,6000
72279878,5,1,1,3,63,1,7672,7504,0,150415,150415,7504
72279879,5,1,1,3,63,1,7672,7504,0,150415,150415,7504
72279880,5,1,1,3,63,1,7672,7504,0,150415,150415,7504
72279881,5,1,1,3,63,1,7672,7504,0,150415,150415,7504
72279882,5,1,1,3,63,1,7672,7504,0,0,150415,7504
72279883,5,1,1,3,63,1,7672,7504,0,0,150415,7504
72279884,5,1,1,3,63,1,7672,7504,0,0,150415,7504
72279885,1,1,1,0,63,1,7672,7504,0,0,150415,657
72279886,1,1,1,0,63,1,7672,7504,0,0,1,657
72279887,1,1,1,0,63,1,7672,7504,0,0,1,326
72279888,1,1,1,0,63,1,7672,7504,0,0,1,326
72279889,1,1,1,0,63,1,7672,7504,0,0,1,326
72279890,1,1,1,0,63,1,7672,7504,0,0,1,327
72279891,1,1,1,0,63,1,7672,7504,0,0,1,327
72279892,1,1,1,0,63,1,7672,7504,0,0,1,330
72279893,1,1,1,0,63,1,7672,7504,0,0,1,660
72279894,1,1,1,0,63,1,7672,7504,0,0,1,660
72279895,1,1,1,0,63,1,7672,7504,0,0,1,660
72279896,1,1,1,0,63,1,7672,7504,0,0,1,3655
72279897,244,1,1,0,63,1,7672,7504,0,0,110244,3655
72279898,244,1,1,0,63,1,7672,7504,0,0,110244,3655
72279899,244,1,1,0,63,1,7672,7504,0,0,110244,474
72279900,244,1,1,0,63,110244,7672,7504,0,0,110244,474
72279901,244,1,1,0,63,110244,7672,7504,0,0,110244,474
72279902,244,1,1,0,63,110244,7672,7504,0,0,110244,475
72279903,305,1,1,3,63,110244,7672,7504,0,0,305,475
72279904,305,1,1,3,63,110244,7672,7504,0,0,305,476
72279905,305,1,1,3,63,110244,7672,7504,0,0,305,501
72279906,244,1,1,0,63,110244,7672,7504,0,0,110244,501
72279907,244,1,1,0,63,110244,7672,7504,0,0,110244,501
72279908,244,1,1,0,63,110244,7672,7504,0,0,110244,502
72279909,7,1,1,0,63,110244,7672,7504,0,0,7,502
72279910,7,1,1,0,63,110244,7672,7504,0,0,7,503
72279911,7,1,1,0,63,110244,7672,7504,0,0,7,503
72279912,300,1,1,0,63,300,7672,7504,0,0,300,503
72279913,300,1,1,0,63,300,7672,7504,0,0,300,504
72279914,300,1,1,0,63,300,7672,7504,0,0,300,511
72279915,3,1,1,0,63,300,7672,7504,0,0,3,511
72279916,3,1,1,0,63,300,7672,7504,0,0,3,511
72279917,3,1,1,0,63,300,7672,7504,0,0,3,3725
72279918,141,1,1,0,63,304,7672,7504,0,0,30141,3725
72279919,141,1,1,0,63,304,7672,7504,0,0,30141,3725
72279920,141,1,1,0,63,304,7672,7504,0,0,30141,476
72279921,63,0,1,0,63,30141,7672,7504,0,0,63,476
# MARK wr tick=72279921
72279922,63,0,1,0,63,30141,7672,7504,0,0,63,476
72311481,244,1,1,0,0,10244,7672,7504,0,0,10244,326
72311482,244,1,1,0,0,10244,7672,7504,0,0,10244,327
72311483,244,1,1,0,0,10244,7672,7504,0,0,10244,327
72311484,244,1,1,0,0,10244,7672,7504,0,0,10244,330
72311485,244,1,1,0,0,10244,7672,7504,0,0,10244,660
72311486,244,1,1,0,0,10244,7672,7504,0,0,10244,660
72311487,244,1,1,0,0,10244,7672,7504,0,0,10244,660
72311488,244,1,1,0,0,10244,7672,7504,0,0,10244,3642
72311489,244,1,1,0,0,10244,7672,7504,0,0,10244,3642
72311490,244,1,1,0,0,10244,7672,7504,0,0,10244,3642
72311491,244,1,1,0,0,10244,7672,7504,0,0,10244,663
72311492,0,1,1,0,0,10244,7672,7504,0,0,100000,663
72311493,0,1,1,0,0,10244,7672,7504,0,0,100000,663
72311494,0,1,1,0,0,10244,7672,7504,0,0,100000,664
72311495,244,1,1,0,0,110244,7672,7504,0,0,110244,664
72311496,244,1,1,0,0,110244,7672,7504,0,0,110244,665
72311497,244,1,1,0,0,110244,7672,7504,0,0,110244,665
72311498,244,1,1,0,0,110244,7672,7504,0,0,110244,665
72311499,244,1,1,0,0,110244,7672,7504,0,0,110244,666
72311500,244,1,1,0,0,110244,7672,7504,0,0,110244,1112
72311501,245,1,1,0,0,110244,7672,7504,0,0,130245,1112
72311502,245,1,1,0,0,110244,7672,7504,0,0,130245,1112
72311503,245,1,1,0,0,110244,7672,7504,0,0,130245,1113
72311504,245,1,1,0,0,110244,7672,7504,0,0,130245,1113
72311505,245,1,1,0,0,110244,7672,7504,0,0,130245,1113
72311506,245,1,1,0,0,110244,7672,7504,0,0,130245,1113
72311507,245,1,1,0,0,110244,7672,7504,0,0,130245,1113
72311508,245,1,1,0,0,110244,7672,7504,0,0,130245,1113
72311509,244,1,1,0,0,110244,7672,7504,0,0,110244,1113
72311510,244,1,1,0,0,110244,7672,7504,0,0,110244,1114
72311511,244,1,1,0,0,110244,7672,7504,0,0,110244,1114
72311512,10,1,1,0,0,110244,7672,7504,0,0,10,1114
72311513,10,1,1,0,0,110244,7672,7504,0,0,10,1115
72311514,10,1,1,0,0,110244,7672,7504,0,0,10,1115
72311515,10,1,1,0,0,110244,7672,7504,0,0,10,1115
72311516,10,1,1,0,0,110244,7672,7504,0,0,10,1115
72311517,10,1,1,0,0,110244,7672,7504,0,0,10,1115
72311518,10,1,1,0,0,110244,7672,7504,0,0,10,1115
72311519,10,1,1,0,0,110244,7672,7504,0,0,10,1115
72311520,0,1,1,0,0,110244,7672,7504,0,0,0,1115
72311521,0,1,1,0,0,110244,7672,7504,0,0,0,1116
72311522,0,1,1,0,0,110244,7672,7504,0,0,0,1116
72311523,244,1,1,0,0,0,7672,7504,0,0,110244,1116
72311524,244,1,1,0,0,0,7672,7504,0,0,110244,666
72311525,244,1,1,0,0,0,7672,7504,0,0,110244,1117
72311526,1,1,1,0,0,0,7672,7504,0,0,60001,1117
72311527,1,1,1,0,0,0,7672,7504,0,0,60001,1120
72311528,1,1,1,0,0,0,7672,7504,0,0,60001,1120
72311529,13,1,1,0,0,0,7672,7504,0,0,100013,1120
72311530,13,1,1,0,0,0,7672,7504,0,0,100013,1121
72311531,13,1,1,0,0,0,7672,7504,0,0,100013,1120
72311532,0,1,1,0,0,100013,7672,7504,0,0,0,1120
72311533,0,1,1,0,0,100013,7672,7504,0,0,0,1120
72311534,0,1,1,0,0,100013,7672,7504,0,0,0,1120
72311535,1,1,1,0,0,26,7672,7504,0,0,1,1120
72311536,1,1,1,0,0,26,7672,7504,0,0,1,1120
72311537,1,1,1,0,0,26,7672,7504,0,0,1,1120
72311538,2,1,1,0,0,54,7672,7504,0,0,2,1120
72311539,2,1,1,0,0,54,7672,7504,0,0,2,1120
72311540,2,1,1,0,0,54,7672,7504,0,0,2,1120
72311541,4,1,1,0,0,130,7672,7504,0,0,4,1120
72311542,4,1,1,0,0,130,7672,7504,0,0,4,1120
72311543,4,1,1,0,0,130,7672,7504,0,0,4,1120
72311544,10,1,1,0,0,260,7672,7504,0,0,10,1120
72311545,10,1,1,0,0,260,7672,7504,0,0,10,1120
72311546,10,1,1,0,0,260,7672,7504,0,0,10,1120
72311547,20,1,1,0,0,540,7672,7504,0,0,20,1120
72311548,20,1,1,0,0,540,7672,7504,0,0,20,1120
72311549,20,1,1,0,0,540,7672,7504,0,0,20,1120
72311550,40,1,1,0,0,1300,7672,7504,0,0,40,1120
72311551,40,1,1,0,0,1300,7672,7504,0,0,40,1120
72311552,40,1,1,0,0,1300,7672,7504,0,0,40,1120
72311553,100,1,1,0,0,2600,7672,7504,0,0,100,1120
72311554,100,1,1,0,0,2600,7672,7504,0,0,100,1120
72311555,100,1,1,0,0,2600,7672,7504,0,0,100,1120
72311556,200,1,1,0,0,5400,7672,7504,0,0,200,1120
72311557,200,1,1,0,0,5400,7672,7504,0,0,200,1120
72311558,200,1,1,0,0,5400,7672,7504,0,0,200,1120
72311559,0,1,1,0,0,13000,7672,7504,0,0,400,1120
72311560,0,1,1,0,0,13000,7672,7504,0,0,400,1120
72311561,0,1,1,0,0,13000,7672,7504,0,0,400,1120
72311562,0,1,1,0,0,26000,7672,7504,0,0,1000,1120
72311563,0,1,1,0,0,26000,7672,7504,0,0,1000,1120
72311564,0,1,1,0,0,26000,7672,7504,0,0,1000,1120
72311565,0,1,1,0,0,54000,7672,7504,0,0,2000,1120
72311566,0,1,1,0,0,54000,7672,7504,0,0,2000,1120
72311567,0,1,1,0,0,54000,7672,7504,0,0,2000,1120
72311568,0,1,1,0,0,130000,7672,7504,0,0,4000,1120
72311569,0,1,1,0,0,130000,7672,7504,0,0,4000,1120
72311570,0,1,1,0,0,130000,7672,7504,0,0,4000,1121
72311571,1,1,1,0,0,60000,7672,7504,0,0,10001,1121
72311572,1,1,1,0,0,60000,7672,7504,0,0,10001,1122
72311573,1,1,1,0,0,60000,7672,7504,0,0,10001,1133
72311574,0,1,1,0,0,140000,7672,7504,0,0,0,1133
72311575,0,1,1,0,0,140000,7672,7504,0,0,0,1133
72311576,0,1,1,0,0,140000,7672,7504,0,0,0,1134
72311577,0,1,1,0,0,0,7672,7504,0,0,0,1134
72311578,0,1,1,0,0,0,7672,7504,0,0,0,1135
72311579,0,1,1,0,0,0,7672,7504,0,0,0,1140
72311580,0,1,1,0,0,0,7672,7504,0,0,0,1140
72311581,0,1,1,0,0,0,7672,7504,0,0,0,1140
72311582,0,1,1,0,0,0,7672,7504,0,0,0,1141
72311583,1,1,1,0,0,0,7672,7504,0,0,1,1141
72311584,1,1,1,0,0,0,7672,7504,0,0,1,1142
72311585,1,1,1,0,0,0,7672,7504,0,0,1,1142
72311586,1,1,1,0,0,1,7672,7504,0,0,1,1142
72311587,1,1,1,0,0,1,7672,7504,0,0,1,1143
72311588,1,1,1,0,0,1,7672,7504,0,0,1,666
72311589,0,1,1,0,0,1,7672,7504,0,0,140000,666
72311590,0,1,1,0,0,1,7672,7504,0,0,140000,666
72311591,0,1,1,0,0,1,7672,7504,0,0,140000,0
72311592,0,1,1,3,0,1,7672,7504,0,0,0,0
72311593,0,1,1,3,0,1,7672,7504,0,0,0,0
72311594,0,1,1,3,0,1,7672,7504,0,0,0,2001
72311595,0,1,1,3,0,1,7672,7504,0,0,0,17040
72311596,0,1,1,3,0,1,7672,7504,0,0,0,17040
72311597,0,1,1,3,0,1,7672,7504,3040,0,0,0
72311598,0,1,1,3,0,1,7672,7504,3040,0,0,6000
72311599,0,1,1,3,0,1,7672,7504,0,0,0,6000
72311600,0,1,1,3,0,1,7672,7504,0,0,0,6000
72311601,0,1,1,3,0,1,7672,7504,0,0,0,6000
72311602,0,1,1,3,0,1,7672,7504,0,44035,44035,6440
72311603,0,1,1,3,0,1,7672,7504,0,44035,44035,6440
72311604,0,1,1,3,0,1,7672,7504,0,44035,44035,6440
72311605,0,1,1,3,0,1,7672,7504,0,44035,44035,6440
72311606,0,1,1,3,0,1,7672,7504,0,0,44035,6440
72311607,0,1,1,3,0,1,7672,7504,0,0,44035,6440
72311608,0,1,1,3,0,1,7672,7504,0,0,44035,6440
72311609,1,1,1,0,0,1,7672,7504,0,0,44035,170
72311610,1,1,1,0,0,1,7672,7504,0,0,0,170
72311611,1,1,1,0,0,1,7672,7504,0,0,0,0
72311612,1,1,1,0,0,1,7672,7504,0,0,0,0
72311613,1,1,1,0,0,1,7672,7504,0,0,0,0
72311614,1,1,1,0,0,1,7672,7504,3075,0,0,0
72311615,1,1,1,0,0,1,7672,7504,3075,0,0,0
72311616,1,1,1,0,0,1,7672,7504,0,0,0,0
72311617,1,1,1,0,0,1,7672,7504,0,0,0,0
72311618,1,1,1,0,0,1,7672,7504,0,0,0,0
72311619,1,1,1,0,0,1,7672,7504,0,40,40,0
72311620,1,1,1,0,0,1,7672,7504,0,40,40,0
72311621,1,1,1,0,0,1,7672,7504,0,40,40,0
72311622,1,1,1,0,0,1,7672,7504,0,40,40,0
72311623,1,1,1,0,0,1,7672,7504,0,0,40,0
72311624,1,1,1,0,0,1,7672,7504,0,0,40,0
72311625,1,1,1,0,0,1,7672,7504,0,0,40,0
72311626,40,1,1,3,0,1,7672,7504,0,0,40,0
72311627,40,1,1,3,0,1,7672,7504,0,0,0,0
72311628,40,1,1,3,0,1,7672,7504,0,0,0,2001
72311629,40,1,1,3,0,1,7672,7504,0,0,0,17041
72311630,40,1,1,3,0,1,7672,7504,0,0,0,17041
72311631,40,1,1,3,0,1,7672,7504,3041,0,0,0
72311632,40,1,1,3,0,1,7672,7504,3041,0,0,6000
72311633,40,1,1,3,0,1,7672,7504,0,0,0,6000
72311634,40,1,1,3,0,1,7672,7504,0,0,0,6000
72311635,40,1,1,3,0,1,7672,7504,0,0,0,6000
72311636,40,1,1,3,0,1,7672,7504,0,50033,50033,6500
72311637,40,1,1,3,0,1,7672,7504,0,50033,50033,6500
72311638,40,1,1,3,0,1,7672,7504,0,50033,50033,6500
72311639,40,1,1,3,0,1,7672,7504,0,50033,50033,6500
72311640,40,1,1,3,0,1,7672,7504,0,0,50033,6500
72311641,40,1,1,3,0,1,7672,7504,0,0,50033,6500
72311642,40,1,1,3,0,1,7672,7504,0,0,50033,6500
72311643,1,1,1,0,40,1,7672,7504,0,0,50033,172
72311644,1,1,1,0,40,1,7672,7504,0,0,0,172
72311645,1,1,1,0,40,1,7672,7504,0,0,0,0
72311646,1,1,1,0,40,1,7672,7504,0,0,0,0
72311647,1,1,1,0,40,1,7672,7504,0,0,0,0
72311648,1,1,1,0,40,1,7672,7504,3074,0,0,0
72311649,1,1,1,0,40,1,7672,7504,3074,0,0,0
72311650,1,1,1,0,40,1,7672,7504,0,0,0,0
72311651,1,1,1,0,40,1,7672,7504,0,0,0,0
72311652,1,1,1,0,40,1,7672,7504,0,0,0,0
72311653,1,1,1,0,40,1,7672,7504,0,300,300,0
72311654,1,1,1,0,40,1,7672,7504,0,300,300,0
72311655,1,1,1,0,40,1,7672,7504,0,300,300,0
72311656,1,1,1,0,40,1,7672,7504,0,300,300,0
72311657,1,1,1,0,40,1,7672,7504,0,0,300,0
72311658,1,1,1,0,40,1,7672,7504,0,0,300,0
72311659,1,1,1,0,40,1,7672,7504,0,0,300,0
72311660,300,1,1,3,40,1,7672,7504,0,0,300,0
72311661,300,1,1,3,40,1,7672,7504,0,0,0,0
72311662,300,1,1,3,40,1,7672,7504,0,0,0,2001
72311663,300,1,1,3,40,1,7672,7504,0,0,0,17042
72311664,300,1,1,3,40,1,7672,7504,0,0,0,17042
72311665,300,1,1,3,40,1,7672,7504,3042,0,0,0
72311666,300,1,1,3,40,1,7672,7504,3042,0,0,6000
72311667,300,1,1,3,40,1,7672,7504,0,0,0,6000
72311668,300,1,1,3,40,1,7672,7504,0,0,0,6000
72311669,300,1,1,3,40,1,7672,7504,0,0,0,6000
72311670,300,1,1,3,40,1,7672,7504,0,173005,173005,7730
72311671,300,1,1,3,40,1,7672,7504,0,173005,173005,7730
72311672,300,1,1,3,40,1,7672,7504,0,173005,173005,7730
72311673,300,1,1,3,40,1,7672,7504,0,173005,173005,7730
72311674,300,1,1,3,40,1,7672,7504,0,0,173005,7730
72311675,300,1,1,3,40,1,7672,7504,0,0,173005,7730
72311676,300,1,1,3,40,1,7672,7504,0,0,173005,7730
72311677,5,1,1,3,40,1,7672,7504,0,0,173005,0
72311678,5,1,1,3,40,1,7672,7504,0,0,0,0
72311679,5,1,1,3,40,1,7672,7504,0,0,0,2001
72311680,5,1,1,3,40,1,7672,7504,0,0,0,17043
72311681,5,1,1,3,40,1,7672,7504,0,0,0,17043
72311682,5,1,1,3,40,1,7672,7504,3043,0,0,0
72311683,5,1,1,3,40,1,7672,7504,3043,0,0,6000
72311684,5,1,1,3,40,1,7672,7504,0,0,0,6000
72311685,5,1,1,3,40,1,7672,7504,0,0,0,6000
72311686,5,1,1,3,40,1,7672,7504,0,0,0,6000
72311687,5,1,1,3,40,1,7672,7504,0,150415,150415,7504
72311688,5,1,1,3,40,1,7672,7504,0,150415,150415,7504
72311689,5,1,1,3,40,1,7672,7504,0,150415,150415,7504
72311690,5,1,1,3,40,1,7672,7504,0,150415,150415,7504
72311691,5,1,1,3,40,1,7672,7504,0,0,150415,7504
72311692,5,1,1,3,40,1,7672,7504,0,0,150415,7504
72311693,5,1,1,3,40,1,7672,7504,0,0,150415,7504
72311694,1,1,1,0,40,1,7672,7504,0,0,150415,657
72311695,1,1,1,0,40,1,7672,7504,0,0,1,657
72311696,1,1,1,0,40,1,7672,7504,0,0,1,326
72311697,1,1,1,0,40,1,7672,7504,0,0,1,326
72311698,1,1,1,0,40,1,7672,7504,0,0,1,326
72311699,1,1,1,0,40,1,7672,7504,0,0,1,327
72311700,1,1,1,0,40,1,7672,7504,0,0,1,327
72311701,1,1,1,0,40,1,7672,7504,0,0,1,330
72311702,1,1,1,0,40,1,7672,7504,0,0,1,660
72311703,1,1,1,0,40,1,7672,7504,0,0,1,660
72311704,1,1,1,0,40,1,7672,7504,0,0,1,660
72311705,1,1,1,0,40,1,7672,7504,0,0,1,3655
72311706,244,1,1,0,40,1,7672,7504,0,0,110244,3655
72311707,244,1,1,0,40,1,7672,7504,0,0,110244,3655
72311708,244,1,1,0,40,1,7672,7504,0,0,110244,474
72311709,244,1,1,0,40,110244,7672,7504,0,0,110244,474
72311710,244,1,1,0,40,110244,7672,7504,0,0,110244,474
72311711,244,1,1,0,40,110244,7672,7504,0,0,110244,475
72311712,305,1,1,3,40,110244,7672,7504,0,0,305,475
72311713,305,1,1,3,40,110244,7672,7504,0,0,305,476
72311714,305,1,1,3,40,110244,7672,7504,0,0,305,501
72311715,244,1,1,0,40,110244,7672,7504,0,0,110244,501
72311716,244,1,1,0,40,110244,7672,7504,0,0,110244,501
72311717,244,1,1,0,40,110244,7672,7504,0,0,110244,502
72311718,7,1,1,0,40,110244,7672,7504,0,0,7,502
72311719,7,1,1,0,40,110244,7672,7504,0,0,7,503
72311720,7,1,1,0,40,110244,7672,7504,0,0,7,503
72311721,300,1,1,0,40,300,7672,7504,0,0,300,503
72311722,300,1,1,0,40,300,7672,7504,0,0,300,504
72311723,300,1,1,0,40,300,7672,7504,0,0,300,511
72311724,3,1,1,0,40,300,7672,7504,0,0,3,511
72311725,3,1,1,0,40,300,7672,7504,0,0,3,511
72311726,3,1,1,0,40,300,7672,7504,0,0,3,3725
72311727,141,1,1,0,40,304,7672,7504,0,0,30141,3725
72311728,141,1,1,0,40,304,7672,7504,0,0,30141,3725
72311729,141,1,1,0,40,304,7672,7504,0,0,30141,476
72311730,40,0,1,0,40,30141,7672,7504,0,0,40,476
# MARK wr tick=72311730
72311731,40,0,1,0,40,30141,7672,7504,0,0,40,476
72343282,1,1,1,0,177777,60000,1147,15,0,0,10001,1121
72343283,1,1,1,0,177777,60000,1147,15,0,0,10001,1122
72343284,1,1,1,0,177777,60000,1147,15,0,0,10001,1133
72343285,0,1,1,0,177777,140000,1147,15,0,0,0,1133
72343286,0,1,1,0,177777,140000,1147,15,0,0,0,1133
72343287,0,1,1,0,177777,140000,1147,15,0,0,0,1134
72343288,0,1,1,0,177777,0,1147,15,0,0,0,1134
72343289,0,1,1,0,177777,0,1147,15,0,0,0,1135
72343290,0,1,1,0,177777,0,1147,15,0,0,0,1140
72343291,0,1,1,0,177777,0,1147,15,0,0,0,1140
72343292,0,1,1,0,177777,0,1147,15,0,0,0,1140
72343293,0,1,1,0,177777,0,1147,15,0,0,0,1141
72343294,0,1,1,0,177777,0,1147,15,0,0,20000,1141
72343295,0,1,1,0,177777,0,1147,15,0,0,20000,1142
72343296,0,1,1,0,177777,0,1147,15,0,0,20000,1142
72343297,1,1,1,0,177777,20000,1147,15,0,0,1,1142
72343298,1,1,1,0,177777,20000,1147,15,0,0,1,1143
72343299,1,1,1,0,177777,20000,1147,15,0,0,1,1143
72343300,0,1,1,0,177777,20000,1147,15,0,0,140000,1143
72343301,0,1,1,0,177777,20000,1147,15,0,0,140000,1144
72343302,0,1,1,0,177777,20000,1147,15,0,0,140000,1144
72343303,1,1,1,0,177777,20000,1147,15,0,0,1,1144
72343304,1,1,1,0,177777,20000,1147,15,0,0,1,1145
72343305,1,1,1,0,177777,20000,1147,15,0,0,1,1145
72343306,150,1,1,0,177777,1,1147,15,0,0,150,1145
72343307,150,1,1,0,177777,1,1147,15,0,0,150,1146
72343308,150,1,1,0,177777,1,1147,15,0,0,150,1146
72343309,150,1,1,0,177777,1,1147,15,0,0,150,1146
72343310,150,1,1,0,177777,1,1147,15,0,0,150,1147
72343311,150,1,1,0,177777,1,1147,15,0,0,150,1147
72343312,1,1,1,0,177777,1,1147,15,0,0,20001,1147
72343313,1,1,1,0,177777,1,1147,15,0,0,20001,1150
72343314,1,1,1,0,177777,1,1147,15,0,0,20001,1150
72343315,7,1,1,0,177777,1,1147,15,0,0,7,1150
72343316,7,1,1,0,177777,1,1147,15,0,0,7,1151
72343317,7,1,1,0,177777,1,1147,15,0,0,7,1151
72343318,0,1,1,0,177777,1,1147,15,0,0,116400,1151
72343319,0,1,1,0,177777,1,1147,15,0,0,116400,1152
72343320,0,1,1,0,177777,1,1147,15,0,0,116400,1151
72343321,15,1,1,0,177777,1,1147,15,0,0,15,1151
72343322,15,1,1,0,177777,1,1147,15,0,0,15,1151
72343323,15,1,1,0,177777,1,1147,15,0,0,15,1151
72343324,15,1,1,0,177777,15,1147,15,0,0,15,1151
72343325,15,1,1,0,177777,15,1147,15,0,0,15,1151
72343326,15,1,1,0,177777,15,1147,15,0,0,15,1151
72343327,0,1,1,0,177777,15,1147,15,0,0,0,1151
72343328,0,1,1,0,177777,15,1147,15,0,0,0,1151
72343329,0,1,1,0,177777,15,1147,15,0,0,0,1151
72343330,377,1,1,0,177777,0,1147,15,0,0,177777,1151
72343331,377,1,1,0,177777,0,1147,15,0,0,177777,1151
72343332,377,1,1,0,177777,0,1147,15,0,0,177777,1151
72343333,54,1,1,0,177777,177777,1147,15,0,0,2454,1151
72343334,54,1,1,0,177777,177777,1147,15,0,0,2454,1151
72343335,54,1,1,0,177777,177777,1147,15,0,0,2454,1151
72343336,147,1,1,0,177777,2454,1147,15,0,0,1147,1151
72343337,147,1,1,0,177777,2454,1147,15,0,0,1147,1151
72343338,147,1,1,0,177777,2454,1147,15,0,0,1147,1151
72343339,7,1,1,0,177777,1147,1147,15,0,0,2407,1151
72343340,7,1,1,0,177777,1147,1147,15,0,0,2407,1151
72343341,7,1,1,0,177777,1147,1147,15,0,0,2407,1151
72343342,337,1,1,0,177777,2407,1147,15,0,0,12737,1151
72343343,337,1,1,0,177777,2407,1147,15,0,0,12737,1151
72343344,337,1,1,0,177777,2407,1147,15,0,0,12737,1152
72343345,0,1,1,0,177777,12737,1147,15,0,0,116400,1152
72343346,0,1,1,0,177777,12737,1147,15,0,0,116400,1153
72343347,0,1,1,0,177777,12737,1147,15,0,0,116400,1153
72343348,0,1,1,0,177777,116400,1147,15,0,0,170000,1153
72343349,0,1,1,0,177777,116400,1147,15,0,0,170000,1154
72343350,0,1,1,0,177777,116400,1147,15,0,0,170000,1154
72343351,0,1,1,0,177777,116400,1147,15,0,0,110000,1154
72343352,0,1,1,0,177777,116400,1147,15,0,0,110000,1155
72343353,0,1,1,0,177777,116400,1147,15,0,0,110000,1155
72343354,7,1,1,0,177777,116400,1147,15,0,0,7,1155
72343355,7,1,1,0,177777,116400,1147,15,0,0,7,1156
72343356,7,1,1,0,177777,116400,1147,15,0,0,7,1156
72343357,1,1,1,0,177777,116400,1147,15,0,0,20001,1156
72343358,1,1,1,0,177777,116400,1147,15,0,0,20001,1157
72343359,1,1,1,0,177777,116400,1147,15,0,0,20001,1156
72343360,104,1,1,0,177777,116400,1147,15,0,0,7504,1156
72343361,104,1,1,0,177777,116400,1147,15,0,0,7504,1156
72343362,104,1,1,0,177777,116400,1147,15,0,0,7504,1156
72343363,104,1,1,0,177777,116400,1147,7504,0,0,7504,1156
72343364,104,1,1,0,177777,116400,1147,7504,0,0,7504,1156
72343365,104,1,1,0,177777,116400,1147,7504,0,0,7504,1156
72343366,302,1,1,0,177777,116400,1147,7504,0,0,302,1156
72343367,302,1,1,0,177777,116400,1147,7504,0,0,302,1156
72343368,302,1,1,0,177777,116400,1147,7504,0,0,302,1156
72343369,0,1,1,0,177777,116400,1147,7504,0,0,0,1156
72343370,0,1,1,0,177777,116400,1147,7504,0,0,0,1156
72343371,0,1,1,0,177777,116400,1147,7504,0,0,0,1156
72343372,26,1,1,0,0,116400,1147,7504,0,0,3026,1156
72343373,26,1,1,0,0,116400,1147,7504,0,0,3026,1156
72343374,26,1,1,0,0,116400,1147,7504,0,0,3026,1156
72343375,272,1,1,0,0,116400,1147,7504,0,0,7672,1156
72343376,272,1,1,0,0,116400,1147,7504,0,0,7672,1156
72343377,272,1,1,0,0,116400,1147,7504,0,0,7672,1156
72343378,40,1,1,0,0,116400,7672,7504,0,0,3040,1156
72343379,40,1,1,0,0,116400,7672,7504,0,0,3040,1156
72343380,40,1,1,0,0,116400,7672,7504,0,0,3040,1156
72343381,272,1,1,0,0,116400,7672,7504,0,0,55672,1156
72343382,272,1,1,0,0,116400,7672,7504,0,0,55672,1156
72343383,272,1,1,0,0,116400,7672,7504,0,0,55672,1157
72343384,244,1,1,0,0,116400,7672,7504,0,0,110244,1157
72343385,244,1,1,0,0,116400,7672,7504,0,0,110244,1160
72343386,244,1,1,0,0,116400,7672,7504,0,0,110244,1160
72343387,0,1,1,3,0,116400,7672,7504,0,0,0,1160
72343388,0,1,1,3,0,116400,7672,7504,0,0,0,1161
72343389,0,1,1,3,0,116400,7672,7504,0,0,0,1076
72343390,244,1,1,0,0,116400,7672,7504,0,0,110244,1076
72343391,244,1,1,0,0,116400,7672,7504,0,0,110244,1076
72343392,244,1,1,0,0,116400,7672,7504,0,0,110244,0
72343393,0,1,1,3,0,116400,7672,7504,0,0,0,0
72343394,0,1,1,3,0,116400,7672,7504,0,0,0,0
72343395,0,1,1,3,0,116400,7672,7504,0,0,0,2001
72343396,0,1,1,3,0,116400,7672,7504,0,0,0,17040
72343397,0,1,1,3,0,116400,7672,7504,0,0,0,17040
72343398,0,1,1,3,0,116400,7672,7504,3040,0,0,0
72343399,0,1,1,3,0,116400,7672,7504,3040,0,0,6000
72343400,0,1,1,3,0,116400,7672,7504,0,0,0,6000
72343401,0,1,1,3,0,116400,7672,7504,0,0,0,6000
72343402,0,1,1,3,0,116400,7672,7504,0,0,0,6000
72343403,0,1,1,3,0,116400,7672,7504,0,44035,44035,6440
72343404,0,1,1,3,0,116400,7672,7504,0,44035,44035,6440
72343405,0,1,1,3,0,116400,7672,7504,0,44035,44035,6440
72343406,0,1,1,3,0,116400,7672,7504,0,44035,44035,6440
72343407,0,1,1,3,0,116400,7672,7504,0,0,44035,6440
72343408,0,1,1,3,0,116400,7672,7504,0,0,44035,6440
72343409,0,1,1,3,0,116400,7672,7504,0,0,44035,6440
72343410,0,1,1,0,0,116400,7672,7504,0,0,44035,170
72343411,0,1,1,0,0,116400,7672,7504,0,0,0,170
72343412,0,1,1,0,0,116400,7672,7504,0,0,0,0
72343413,0,1,1,0,0,116400,7672,7504,0,0,0,0
72343414,0,1,1,0,0,116400,7672,7504,0,0,0,0
72343415,0,1,1,0,0,116400,7672,7504,3075,0,0,0
72343416,0,1,1,0,0,116400,7672,7504,3075,0,0,0
72343417,0,1,1,0,0,116400,7672,7504,0,0,0,0
72343418,0,1,1,0,0,116400,7672,7504,0,0,0,0
72343419,0,1,1,0,0,116400,7672,7504,0,0,0,0
72343420,0,1,1,0,0,116400,7672,7504,0,55,55,0
72343421,0,1,1,0,0,116400,7672,7504,0,55,55,0
72343422,0,1,1,0,0,116400,7672,7504,0,55,55,0
72343423,0,1,1,0,0,116400,7672,7504,0,55,55,0
72343424,0,1,1,0,0,116400,7672,7504,0,0,55,0
72343425,0,1,1,0,0,116400,7672,7504,0,0,55,0
72343426,0,1,1,0,0,116400,7672,7504,0,0,55,0
72343427,55,1,1,3,0,116400,7672,7504,0,0,55,0
72343428,55,1,1,3,0,116400,7672,7504,0,0,0,0
72343429,55,1,1,3,0,116400,7672,7504,0,0,0,2001
72343430,55,1,1,3,0,116400,7672,7504,0,0,0,17041
72343431,55,1,1,3,0,116400,7672,7504,0,0,0,17041
72343432,55,1,1,3,0,116400,7672,7504,3041,0,0,0
72343433,55,1,1,3,0,116400,7672,7504,3041,0,0,6000
72343434,55,1,1,3,0,116400,7672,7504,0,0,0,6000
72343435,55,1,1,3,0,116400,7672,7504,0,0,0,6000
72343436,55,1,1,3,0,116400,7672,7504,0,0,0,6000
72343437,55,1,1,3,0,116400,7672,7504,0,50033,50033,6500
72343438,55,1,1,3,0,116400,7672,7504,0,50033,50033,6500
72343439,55,1,1,3,0,116400,7672,7504,0,50033,50033,6500
72343440,55,1,1,3,0,116400,7672,7504,0,50033,50033,6500
72343441,55,1,1,3,0,116400,7672,7504,0,0,50033,6500
72343442,55,1,1,3,0,116400,7672,7504,0,0,50033,6500
72343443,55,1,1,3,0,116400,7672,7504,0,0,50033,6500
72343444,0,1,1,0,55,116400,7672,7504,0,0,50033,172
72343445,0,1,1,0,55,116400,7672,7504,0,0,0,172
72343446,0,1,1,0,55,116400,7672,7504,0,0,0,0
72343447,0,1,1,0,55,116400,7672,7504,0,0,0,0
72343448,0,1,1,0,55,116400,7672,7504,0,0,0,0
72343449,0,1,1,0,55,116400,7672,7504,3074,0,0,0
72343450,0,1,1,0,55,116400,7672,7504,3074,0,0,0
72343451,0,1,1,0,55,116400,7672,7504,0,0,0,0
72343452,0,1,1,0,55,116400,7672,7504,0,0,0,0
72343453,0,1,1,0,55,116400,7672,7504,0,0,0,0
72343454,0,1,1,0,55,116400,7672,7504,0,300,300,0
72343455,0,1,1,0,55,116400,7672,7504,0,300,300,0
72343456,0,1,1,0,55,116400,7672,7504,0,300,300,0
72343457,0,1,1,0,55,116400,7672,7504,0,300,300,0
72343458,0,1,1,0,55,116400,7672,7504,0,0,300,0
72343459,0,1,1,0,55,116400,7672,7504,0,0,300,0
72343460,0,1,1,0,55,116400,7672,7504,0,0,300,0
72343461,300,1,1,3,55,116400,7672,7504,0,0,300,0
72343462,300,1,1,3,55,116400,7672,7504,0,0,0,0
72343463,300,1,1,3,55,116400,7672,7504,0,0,0,2001
72343464,300,1,1,3,55,116400,7672,7504,0,0,0,17042
72343465,300,1,1,3,55,116400,7672,7504,0,0,0,17042
72343466,300,1,1,3,55,116400,7672,7504,3042,0,0,0
72343467,300,1,1,3,55,116400,7672,7504,3042,0,0,6000
72343468,300,1,1,3,55,116400,7672,7504,0,0,0,6000
72343469,300,1,1,3,55,116400,7672,7504,0,0,0,6000
72343470,300,1,1,3,55,116400,7672,7504,0,0,0,6000
72343471,300,1,1,3,55,116400,7672,7504,0,173005,173005,7730
72343472,300,1,1,3,55,116400,7672,7504,0,173005,173005,7730
72343473,300,1,1,3,55,116400,7672,7504,0,173005,173005,7730
72343474,300,1,1,3,55,116400,7672,7504,0,173005,173005,7730
72343475,300,1,1,3,55,116400,7672,7504,0,0,173005,7730
72343476,300,1,1,3,55,116400,7672,7504,0,0,173005,7730
72343477,300,1,1,3,55,116400,7672,7504,0,0,173005,7730
72343478,5,1,1,3,55,116400,7672,7504,0,0,173005,0
72343479,5,1,1,3,55,116400,7672,7504,0,0,0,0
72343480,5,1,1,3,55,116400,7672,7504,0,0,0,2001
72343481,5,1,1,3,55,116400,7672,7504,0,0,0,17043
72343482,5,1,1,3,55,116400,7672,7504,0,0,0,17043
72343483,5,1,1,3,55,116400,7672,7504,3043,0,0,0
72343484,5,1,1,3,55,116400,7672,7504,3043,0,0,6000
72343485,5,1,1,3,55,116400,7672,7504,0,0,0,6000
72343486,5,1,1,3,55,116400,7672,7504,0,0,0,6000
72343487,5,1,1,3,55,116400,7672,7504,0,0,0,6000
72343488,5,1,1,3,55,116400,7672,7504,0,150415,150415,7504
72343489,5,1,1,3,55,116400,7672,7504,0,150415,150415,7504
72343490,5,1,1,3,55,116400,7672,7504,0,150415,150415,7504
72343491,5,1,1,3,55,116400,7672,7504,0,150415,150415,7504
72343492,5,1,1,3,55,116400,7672,7504,0,0,150415,7504
72343493,5,1,1,3,55,116400,7672,7504,0,0,150415,7504
72343494,5,1,1,3,55,116400,7672,7504,0,0,150415,7504
72343495,0,1,1,0,55,116400,7672,7504,0,0,156415,657
72343496,0,1,1,0,55,116400,7672,7504,0,0,116400,657
72343497,0,1,1,0,55,116400,7672,7504,0,0,116400,326
72343498,0,1,1,0,55,116400,7672,7504,0,0,116400,326
72343499,0,1,1,0,55,116400,7672,7504,0,0,116400,326
72343500,0,1,1,0,55,116400,7672,7504,0,0,116400,327
72343501,0,1,1,0,55,116400,7672,7504,0,0,116400,327
72343502,0,1,1,0,55,116400,7672,7504,0,0,116400,330
72343503,0,1,1,0,55,116400,7672,7504,0,0,116400,660
72343504,0,1,1,0,55,116400,7672,7504,0,0,116400,660
72343505,0,1,1,0,55,116400,7672,7504,0,0,116400,660
72343506,0,1,1,0,55,116400,7672,7504,0,0,116400,3655
72343507,244,1,1,0,55,116400,7672,7504,0,0,110244,3655
72343508,244,1,1,0,55,116400,7672,7504,0,0,110244,3655
72343509,244,1,1,0,55,116400,7672,7504,0,0,110244,474
72343510,244,1,1,0,55,110244,7672,7504,0,0,110244,474
72343511,244,1,1,0,55,110244,7672,7504,0,0,110244,474
72343512,244,1,1,0,55,110244,7672,7504,0,0,110244,475
72343513,305,1,1,3,55,110244,7672,7504,0,0,305,475
72343514,305,1,1,3,55,110244,7672,7504,0,0,305,476
72343515,305,1,1,3,55,110244,7672,7504,0,0,305,501
72343516,244,1,1,0,55,110244,7672,7504,0,0,110244,501
72343517,244,1,1,0,55,110244,7672,7504,0,0,110244,501
72343518,244,1,1,0,55,110244,7672,7504,0,0,110244,502
72343519,7,1,1,0,55,110244,7672,7504,0,0,7,502
72343520,7,1,1,0,55,110244,7672,7504,0,0,7,503
72343521,7,1,1,0,55,110244,7672,7504,0,0,7,503
72343522,300,1,1,0,55,300,7672,7504,0,0,300,503
72343523,300,1,1,0,55,300,7672,7504,0,0,300,504
72343524,300,1,1,0,55,300,7672,7504,0,0,300,511
72343525,3,1,1,0,55,300,7672,7504,0,0,3,511
72343526,3,1,1,0,55,300,7672,7504,0,0,3,511
72343527,3,1,1,0,55,300,7672,7504,0,0,3,3725
72343528,141,1,1,0,55,304,7672,7504,0,0,30141,3725
72343529,141,1,1,0,55,304,7672,7504,0,0,30141,3725
72343530,141,1,1,0,55,304,7672,7504,0,0,30141,476
72343531,55,0,1,0,55,30141,7672,7504,0,0,55,476
# MARK wr tick=72343531
72343532,55,0,1,0,55,30141,7672,7504,0,0,55,476
72370424,244,1,1,0,0,10244,7672,7504,0,0,10244,326
72370425,244,1,1,0,0,10244,7672,7504,0,0,10244,327
72370426,244,1,1,0,0,10244,7672,7504,0,0,10244,327
72370427,244,1,1,0,0,10244,7672,7504,0,0,10244,330
72370428,244,1,1,0,0,10244,7672,7504,0,0,10244,660
72370429,244,1,1,0,0,10244,7672,7504,0,0,10244,660
72370430,244,1,1,0,0,10244,7672,7504,0,0,10244,660
72370431,244,1,1,0,0,10244,7672,7504,0,0,10244,3642
72370432,244,1,1,0,0,10244,7672,7504,0,0,10244,3642
72370433,244,1,1,0,0,10244,7672,7504,0,0,10244,3642
72370434,244,1,1,0,0,10244,7672,7504,0,0,10244,663
72370435,0,1,1,0,0,10244,7672,7504,0,0,100000,663
72370436,0,1,1,0,0,10244,7672,7504,0,0,100000,663
72370437,0,1,1,0,0,10244,7672,7504,0,0,100000,664
72370438,244,1,1,0,0,110244,7672,7504,0,0,110244,664
72370439,244,1,1,0,0,110244,7672,7504,0,0,110244,665
72370440,244,1,1,0,0,110244,7672,7504,0,0,110244,665
72370441,244,1,1,0,0,110244,7672,7504,0,0,110244,665
72370442,244,1,1,0,0,110244,7672,7504,0,0,110244,666
72370443,244,1,1,0,0,110244,7672,7504,0,0,110244,1112
72370444,245,1,1,0,0,110244,7672,7504,0,0,130245,1112
72370445,245,1,1,0,0,110244,7672,7504,0,0,130245,1112
72370446,245,1,1,0,0,110244,7672,7504,0,0,130245,1113
72370447,245,1,1,0,0,110244,7672,7504,0,0,130245,1113
72370448,245,1,1,0,0,110244,7672,7504,0,0,130245,1113
72370449,245,1,1,0,0,110244,7672,7504,0,0,130245,1113
72370450,245,1,1,0,0,110244,7672,7504,0,0,130245,1113
72370451,245,1,1,0,0,110244,7672,7504,0,0,130245,1113
72370452,244,1,1,0,0,110244,7672,7504,0,0,110244,1113
72370453,244,1,1,0,0,110244,7672,7504,0,0,110244,1114
72370454,244,1,1,0,0,110244,7672,7504,0,0,110244,1114
72370455,10,1,1,0,0,110244,7672,7504,0,0,10,1114
72370456,10,1,1,0,0,110244,7672,7504,0,0,10,1115
72370457,10,1,1,0,0,110244,7672,7504,0,0,10,1115
72370458,10,1,1,0,0,110244,7672,7504,0,0,10,1115
72370459,10,1,1,0,0,110244,7672,7504,0,0,10,1115
72370460,10,1,1,0,0,110244,7672,7504,0,0,10,1115
72370461,10,1,1,0,0,110244,7672,7504,0,0,10,1115
72370462,10,1,1,0,0,110244,7672,7504,0,0,10,1115
72370463,0,1,1,0,0,110244,7672,7504,0,0,0,1115
72370464,0,1,1,0,0,110244,7672,7504,0,0,0,1116
72370465,0,1,1,0,0,110244,7672,7504,0,0,0,1116
72370466,244,1,1,0,0,0,7672,7504,0,0,110244,1116
72370467,244,1,1,0,0,0,7672,7504,0,0,110244,666
72370468,244,1,1,0,0,0,7672,7504,0,0,110244,1117
72370469,1,1,1,0,0,0,7672,7504,0,0,60001,1117
72370470,1,1,1,0,0,0,7672,7504,0,0,60001,1120
72370471,1,1,1,0,0,0,7672,7504,0,0,60001,1120
72370472,13,1,1,0,0,0,7672,7504,0,0,100013,1120
72370473,13,1,1,0,0,0,7672,7504,0,0,100013,1121
72370474,13,1,1,0,0,0,7672,7504,0,0,100013,1120
72370475,0,1,1,0,0,100013,7672,7504,0,0,0,1120
72370476,0,1,1,0,0,100013,7672,7504,0,0,0,1120
72370477,0,1,1,0,0,100013,7672,7504,0,0,0,1120
72370478,1,1,1,0,0,26,7672,7504,0,0,1,1120
72370479,1,1,1,0,0,26,7672,7504,0,0,1,1120
72370480,1,1,1,0,0,26,7672,7504,0,0,1,1120
72370481,2,1,1,0,0,54,7672,7504,0,0,2,1120
72370482,2,1,1,0,0,54,7672,7504,0,0,2,1120
72370483,2,1,1,0,0,54,7672,7504,0,0,2,1120
72370484,4,1,1,0,0,130,7672,7504,0,0,4,1120
72370485,4,1,1,0,0,130,7672,7504,0,0,4,1120
72370486,4,1,1,0,0,130,7672,7504,0,0,4,1120
72370487,10,1,1,0,0,260,7672,7504,0,0,10,1120
72370488,10,1,1,0,0,260,7672,7504,0,0,10,1120
72370489,10,1,1,0,0,260,7672,7504,0,0,10,1120
72370490,20,1,1,0,0,540,7672,7504,0,0,20,1120
72370491,20,1,1,0,0,540,7672,7504,0,0,20,1120
72370492,20,1,1,0,0,540,7672,7504,0,0,20,1120
72370493,40,1,1,0,0,1300,7672,7504,0,0,40,1120
72370494,40,1,1,0,0,1300,7672,7504,0,0,40,1120
72370495,40,1,1,0,0,1300,7672,7504,0,0,40,1120
72370496,100,1,1,0,0,2600,7672,7504,0,0,100,1120
72370497,100,1,1,0,0,2600,7672,7504,0,0,100,1120
72370498,100,1,1,0,0,2600,7672,7504,0,0,100,1120
72370499,200,1,1,0,0,5400,7672,7504,0,0,200,1120
72370500,200,1,1,0,0,5400,7672,7504,0,0,200,1120
72370501,200,1,1,0,0,5400,7672,7504,0,0,200,1120
72370502,0,1,1,0,0,13000,7672,7504,0,0,400,1120
72370503,0,1,1,0,0,13000,7672,7504,0,0,400,1120
72370504,0,1,1,0,0,13000,7672,7504,0,0,400,1120
72370505,0,1,1,0,0,26000,7672,7504,0,0,1000,1120
72370506,0,1,1,0,0,26000,7672,7504,0,0,1000,1120
72370507,0,1,1,0,0,26000,7672,7504,0,0,1000,1120
72370508,0,1,1,0,0,54000,7672,7504,0,0,2000,1120
72370509,0,1,1,0,0,54000,7672,7504,0,0,2000,1120
72370510,0,1,1,0,0,54000,7672,7504,0,0,2000,1120
72370511,0,1,1,0,0,130000,7672,7504,0,0,4000,1120
72370512,0,1,1,0,0,130000,7672,7504,0,0,4000,1120
72370513,0,1,1,0,0,130000,7672,7504,0,0,4000,1121
72370514,1,1,1,0,0,60000,7672,7504,0,0,10001,1121
72370515,1,1,1,0,0,60000,7672,7504,0,0,10001,1122
72370516,1,1,1,0,0,60000,7672,7504,0,0,10001,1133
72370517,0,1,1,0,0,140000,7672,7504,0,0,0,1133
72370518,0,1,1,0,0,140000,7672,7504,0,0,0,1133
72370519,0,1,1,0,0,140000,7672,7504,0,0,0,1134
72370520,0,1,1,0,0,0,7672,7504,0,0,0,1134
72370521,0,1,1,0,0,0,7672,7504,0,0,0,1135
72370522,0,1,1,0,0,0,7672,7504,0,0,0,1140
72370523,0,1,1,0,0,0,7672,7504,0,0,0,1140
72370524,0,1,1,0,0,0,7672,7504,0,0,0,1140
72370525,0,1,1,0,0,0,7672,7504,0,0,0,1141
72370526,1,1,1,0,0,0,7672,7504,0,0,1,1141
72370527,1,1,1,0,0,0,7672,7504,0,0,1,1142
72370528,1,1,1,0,0,0,7672,7504,0,0,1,1142
72370529,1,1,1,0,0,1,7672,7504,0,0,1,1142
72370530,1,1,1,0,0,1,7672,7504,0,0,1,1143
72370531,1,1,1,0,0,1,7672,7504,0,0,1,666
72370532,0,1,1,0,0,1,7672,7504,0,0,140000,666
72370533,0,1,1,0,0,1,7672,7504,0,0,140000,666
72370534,0,1,1,0,0,1,7672,7504,0,0,140000,0
72370535,0,1,1,3,0,1,7672,7504,0,0,0,0
72370536,0,1,1,3,0,1,7672,7504,0,0,0,0
72370537,0,1,1,3,0,1,7672,7504,0,0,0,2001
72370538,0,1,1,3,0,1,7672,7504,0,0,0,17040
72370539,0,1,1,3,0,1,7672,7504,0,0,0,17040
72370540,0,1,1,3,0,1,7672,7504,3040,0,0,0
72370541,0,1,1,3,0,1,7672,7504,3040,0,0,6000
72370542,0,1,1,3,0,1,7672,7504,0,0,0,6000
72370543,0,1,1,3,0,1,7672,7504,0,0,0,6000
72370544,0,1,1,3,0,1,7672,7504,0,0,0,6000
72370545,0,1,1,3,0,1,7672,7504,0,44035,44035,6440
72370546,0,1,1,3,0,1,7672,7504,0,44035,44035,6440
72370547,0,1,1,3,0,1,7672,7504,0,44035,44035,6440
72370548,0,1,1,3,0,1,7672,7504,0,44035,44035,6440
72370549,0,1,1,3,0,1,7672,7504,0,0,44035,6440
72370550,0,1,1,3,0,1,7672,7504,0,0,44035,6440
72370551,0,1,1,3,0,1,7672,7504,0,0,44035,6440
72370552,1,1,1,0,0,1,7672,7504,0,0,44035,170
72370553,1,1,1,0,0,1,7672,7504,0,0,0,170
72370554,1,1,1,0,0,1,7672,7504,0,0,0,0
72370555,1,1,1,0,0,1,7672,7504,0,0,0,0
72370556,1,1,1,0,0,1,7672,7504,0,0,0,0
72370557,1,1,1,0,0,1,7672,7504,3075,0,0,0
72370558,1,1,1,0,0,1,7672,7504,3075,0,0,0
72370559,1,1,1,0,0,1,7672,7504,0,0,0,0
72370560,1,1,1,0,0,1,7672,7504,0,0,0,0
72370561,1,1,1,0,0,1,7672,7504,0,0,0,0
72370562,1,1,1,0,0,1,7672,7504,0,40,40,0
72370563,1,1,1,0,0,1,7672,7504,0,40,40,0
72370564,1,1,1,0,0,1,7672,7504,0,40,40,0
72370565,1,1,1,0,0,1,7672,7504,0,40,40,0
72370566,1,1,1,0,0,1,7672,7504,0,0,40,0
72370567,1,1,1,0,0,1,7672,7504,0,0,40,0
72370568,1,1,1,0,0,1,7672,7504,0,0,40,0
72370569,40,1,1,3,0,1,7672,7504,0,0,40,0
72370570,40,1,1,3,0,1,7672,7504,0,0,0,0
72370571,40,1,1,3,0,1,7672,7504,0,0,0,2001
72370572,40,1,1,3,0,1,7672,7504,0,0,0,17041
72370573,40,1,1,3,0,1,7672,7504,0,0,0,17041
72370574,40,1,1,3,0,1,7672,7504,3041,0,0,0
72370575,40,1,1,3,0,1,7672,7504,3041,0,0,6000
72370576,40,1,1,3,0,1,7672,7504,0,0,0,6000
72370577,40,1,1,3,0,1,7672,7504,0,0,0,6000
72370578,40,1,1,3,0,1,7672,7504,0,0,0,6000
72370579,40,1,1,3,0,1,7672,7504,0,50033,50033,6500
72370580,40,1,1,3,0,1,7672,7504,0,50033,50033,6500
72370581,40,1,1,3,0,1,7672,7504,0,50033,50033,6500
72370582,40,1,1,3,0,1,7672,7504,0,50033,50033,6500
72370583,40,1,1,3,0,1,7672,7504,0,0,50033,6500
72370584,40,1,1,3,0,1,7672,7504,0,0,50033,6500
72370585,40,1,1,3,0,1,7672,7504,0,0,50033,6500
72370586,1,1,1,0,40,1,7672,7504,0,0,50033,172
72370587,1,1,1,0,40,1,7672,7504,0,0,0,172
72370588,1,1,1,0,40,1,7672,7504,0,0,0,0
72370589,1,1,1,0,40,1,7672,7504,0,0,0,0
72370590,1,1,1,0,40,1,7672,7504,0,0,0,0
72370591,1,1,1,0,40,1,7672,7504,3074,0,0,0
72370592,1,1,1,0,40,1,7672,7504,3074,0,0,0
72370593,1,1,1,0,40,1,7672,7504,0,0,0,0
72370594,1,1,1,0,40,1,7672,7504,0,0,0,0
72370595,1,1,1,0,40,1,7672,7504,0,0,0,0
72370596,1,1,1,0,40,1,7672,7504,0,300,300,0
72370597,1,1,1,0,40,1,7672,7504,0,300,300,0
72370598,1,1,1,0,40,1,7672,7504,0,300,300,0
72370599,1,1,1,0,40,1,7672,7504,0,300,300,0
72370600,1,1,1,0,40,1,7672,7504,0,0,300,0
72370601,1,1,1,0,40,1,7672,7504,0,0,300,0
72370602,1,1,1,0,40,1,7672,7504,0,0,300,0
72370603,300,1,1,3,40,1,7672,7504,0,0,300,0
72370604,300,1,1,3,40,1,7672,7504,0,0,0,0
72370605,300,1,1,3,40,1,7672,7504,0,0,0,2001
72370606,300,1,1,3,40,1,7672,7504,0,0,0,17042
72370607,300,1,1,3,40,1,7672,7504,0,0,0,17042
72370608,300,1,1,3,40,1,7672,7504,3042,0,0,0
72370609,300,1,1,3,40,1,7672,7504,3042,0,0,6000
72370610,300,1,1,3,40,1,7672,7504,0,0,0,6000
72370611,300,1,1,3,40,1,7672,7504,0,0,0,6000
72370612,300,1,1,3,40,1,7672,7504,0,0,0,6000
72370613,300,1,1,3,40,1,7672,7504,0,173005,173005,7730
72370614,300,1,1,3,40,1,7672,7504,0,173005,173005,7730
72370615,300,1,1,3,40,1,7672,7504,0,173005,173005,7730
72370616,300,1,1,3,40,1,7672,7504,0,173005,173005,7730
72370617,300,1,1,3,40,1,7672,7504,0,0,173005,7730
72370618,300,1,1,3,40,1,7672,7504,0,0,173005,7730
72370619,300,1,1,3,40,1,7672,7504,0,0,173005,7730
72370620,5,1,1,3,40,1,7672,7504,0,0,173005,0
72370621,5,1,1,3,40,1,7672,7504,0,0,0,0
72370622,5,1,1,3,40,1,7672,7504,0,0,0,2001
72370623,5,1,1,3,40,1,7672,7504,0,0,0,17043
72370624,5,1,1,3,40,1,7672,7504,0,0,0,17043
72370625,5,1,1,3,40,1,7672,7504,3043,0,0,0
72370626,5,1,1,3,40,1,7672,7504,3043,0,0,6000
72370627,5,1,1,3,40,1,7672,7504,0,0,0,6000
72370628,5,1,1,3,40,1,7672,7504,0,0,0,6000
72370629,5,1,1,3,40,1,7672,7504,0,0,0,6000
72370630,5,1,1,3,40,1,7672,7504,0,150415,150415,7504
72370631,5,1,1,3,40,1,7672,7504,0,150415,150415,7504
72370632,5,1,1,3,40,1,7672,7504,0,150415,150415,7504
72370633,5,1,1,3,40,1,7672,7504,0,150415,150415,7504
72370634,5,1,1,3,40,1,7672,7504,0,0,150415,7504
72370635,5,1,1,3,40,1,7672,7504,0,0,150415,7504
72370636,5,1,1,3,40,1,7672,7504,0,0,150415,7504
72370637,1,1,1,0,40,1,7672,7504,0,0,150415,657
72370638,1,1,1,0,40,1,7672,7504,0,0,1,657
72370639,1,1,1,0,40,1,7672,7504,0,0,1,326
72370640,1,1,1,0,40,1,7672,7504,0,0,1,326
72370641,1,1,1,0,40,1,7672,7504,0,0,1,326
72370642,1,1,1,0,40,1,7672,7504,0,0,1,327
72370643,1,1,1,0,40,1,7672,7504,0,0,1,327
72370644,1,1,1,0,40,1,7672,7504,0,0,1,330
72370645,1,1,1,0,40,1,7672,7504,0,0,1,660
72370646,1,1,1,0,40,1,7672,7504,0,0,1,660
72370647,1,1,1,0,40,1,7672,7504,0,0,1,660
72370648,1,1,1,0,40,1,7672,7504,0,0,1,3655
72370649,244,1,1,0,40,1,7672,7504,0,0,110244,3655
72370650,244,1,1,0,40,1,7672,7504,0,0,110244,3655
72370651,244,1,1,0,40,1,7672,7504,0,0,110244,474
72370652,244,1,1,0,40,110244,7672,7504,0,0,110244,474
72370653,244,1,1,0,40,110244,7672,7504,0,0,110244,474
72370654,244,1,1,0,40,110244,7672,7504,0,0,110244,475
72370655,305,1,1,3,40,110244,7672,7504,0,0,305,475
72370656,305,1,1,3,40,110244,7672,7504,0,0,305,476
72370657,305,1,1,3,40,110244,7672,7504,0,0,305,501
72370658,244,1,1,0,40,110244,7672,7504,0,0,110244,501
72370659,244,1,1,0,40,110244,7672,7504,0,0,110244,501
72370660,244,1,1,0,40,110244,7672,7504,0,0,110244,502
72370661,7,1,1,0,40,110244,7672,7504,0,0,7,502
72370662,7,1,1,0,40,110244,7672,7504,0,0,7,503
72370663,7,1,1,0,40,110244,7672,7504,0,0,7,503
72370664,300,1,1,0,40,300,7672,7504,0,0,300,503
72370665,300,1,1,0,40,300,7672,7504,0,0,300,504
72370666,300,1,1,0,40,300,7672,7504,0,0,300,511
72370667,3,1,1,0,40,300,7672,7504,0,0,3,511
72370668,3,1,1,0,40,300,7672,7504,0,0,3,511
72370669,3,1,1,0,40,300,7672,7504,0,0,3,3725
72370670,141,1,1,0,40,304,7672,7504,0,0,30141,3725
72370671,141,1,1,0,40,304,7672,7504,0,0,30141,3725
72370672,141,1,1,0,40,304,7672,7504,0,0,30141,476
72370673,40,0,1,0,40,30141,7672,7504,0,0,40,476
# MARK wr tick=72370673
72370674,40,0,1,0,40,30141,7672,7504,0,0,40,476
72402247,244,1,1,0,0,10244,7672,7504,0,0,10244,330
72402248,244,1,1,0,0,10244,7672,7504,0,0,10244,660
72402249,244,1,1,0,0,10244,7672,7504,0,0,10244,660
72402250,244,1,1,0,0,10244,7672,7504,0,0,10244,660
72402251,244,1,1,0,0,10244,7672,7504,0,0,10244,3642
72402252,244,1,1,0,0,10244,7672,7504,0,0,10244,3642
72402253,244,1,1,0,0,10244,7672,7504,0,0,10244,3642
72402254,244,1,1,0,0,10244,7672,7504,0,0,10244,663
72402255,0,1,1,0,0,10244,7672,7504,0,0,100000,663
72402256,0,1,1,0,0,10244,7672,7504,0,0,100000,663
72402257,0,1,1,0,0,10244,7672,7504,0,0,100000,664
72402258,244,1,1,0,0,110244,7672,7504,0,0,110244,664
72402259,244,1,1,0,0,110244,7672,7504,0,0,110244,665
72402260,244,1,1,0,0,110244,7672,7504,0,0,110244,665
72402261,244,1,1,0,0,110244,7672,7504,0,0,110244,665
72402262,244,1,1,0,0,110244,7672,7504,0,0,110244,666
72402263,244,1,1,0,0,110244,7672,7504,0,0,110244,1112
72402264,245,1,1,0,0,110244,7672,7504,0,0,130245,1112
72402265,245,1,1,0,0,110244,7672,7504,0,0,130245,1112
72402266,245,1,1,0,0,110244,7672,7504,0,0,130245,1113
72402267,245,1,1,0,0,110244,7672,7504,0,0,130245,1113
72402268,245,1,1,0,0,110244,7672,7504,0,0,130245,1113
72402269,245,1,1,0,0,110244,7672,7504,0,0,130245,1113
72402270,245,1,1,0,0,110244,7672,7504,0,0,130245,1113
72402271,245,1,1,0,0,110244,7672,7504,0,0,130245,1113
72402272,244,1,1,0,0,110244,7672,7504,0,0,110244,1113
72402273,244,1,1,0,0,110244,7672,7504,0,0,110244,1114
72402274,244,1,1,0,0,110244,7672,7504,0,0,110244,1114
72402275,10,1,1,0,0,110244,7672,7504,0,0,10,1114
72402276,10,1,1,0,0,110244,7672,7504,0,0,10,1115
72402277,10,1,1,0,0,110244,7672,7504,0,0,10,1115
72402278,10,1,1,0,0,110244,7672,7504,0,0,10,1115
72402279,10,1,1,0,0,110244,7672,7504,0,0,10,1115
72402280,10,1,1,0,0,110244,7672,7504,0,0,10,1115
72402281,10,1,1,0,0,110244,7672,7504,0,0,10,1115
72402282,10,1,1,0,0,110244,7672,7504,0,0,10,1115
72402283,0,1,1,0,0,110244,7672,7504,0,0,0,1115
72402284,0,1,1,0,0,110244,7672,7504,0,0,0,1116
72402285,0,1,1,0,0,110244,7672,7504,0,0,0,1116
72402286,244,1,1,0,0,0,7672,7504,0,0,110244,1116
72402287,244,1,1,0,0,0,7672,7504,0,0,110244,666
72402288,244,1,1,0,0,0,7672,7504,0,0,110244,1117
72402289,1,1,1,0,0,0,7672,7504,0,0,60001,1117
72402290,1,1,1,0,0,0,7672,7504,0,0,60001,1120
72402291,1,1,1,0,0,0,7672,7504,0,0,60001,1120
72402292,13,1,1,0,0,0,7672,7504,0,0,100013,1120
72402293,13,1,1,0,0,0,7672,7504,0,0,100013,1121
72402294,13,1,1,0,0,0,7672,7504,0,0,100013,1120
72402295,0,1,1,0,0,100013,7672,7504,0,0,0,1120
72402296,0,1,1,0,0,100013,7672,7504,0,0,0,1120
72402297,0,1,1,0,0,100013,7672,7504,0,0,0,1120
72402298,1,1,1,0,0,26,7672,7504,0,0,1,1120
72402299,1,1,1,0,0,26,7672,7504,0,0,1,1120
72402300,1,1,1,0,0,26,7672,7504,0,0,1,1120
72402301,2,1,1,0,0,54,7672,7504,0,0,2,1120
72402302,2,1,1,0,0,54,7672,7504,0,0,2,1120
72402303,2,1,1,0,0,54,7672,7504,0,0,2,1120
72402304,4,1,1,0,0,130,7672,7504,0,0,4,1120
72402305,4,1,1,0,0,130,7672,7504,0,0,4,1120
72402306,4,1,1,0,0,130,7672,7504,0,0,4,1120
72402307,10,1,1,0,0,260,7672,7504,0,0,10,1120
72402308,10,1,1,0,0,260,7672,7504,0,0,10,1120
72402309,10,1,1,0,0,260,7672,7504,0,0,10,1120
72402310,20,1,1,0,0,540,7672,7504,0,0,20,1120
72402311,20,1,1,0,0,540,7672,7504,0,0,20,1120
72402312,20,1,1,0,0,540,7672,7504,0,0,20,1120
72402313,40,1,1,0,0,1300,7672,7504,0,0,40,1120
72402314,40,1,1,0,0,1300,7672,7504,0,0,40,1120
72402315,40,1,1,0,0,1300,7672,7504,0,0,40,1120
72402316,100,1,1,0,0,2600,7672,7504,0,0,100,1120
72402317,100,1,1,0,0,2600,7672,7504,0,0,100,1120
72402318,100,1,1,0,0,2600,7672,7504,0,0,100,1120
72402319,200,1,1,0,0,5400,7672,7504,0,0,200,1120
72402320,200,1,1,0,0,5400,7672,7504,0,0,200,1120
72402321,200,1,1,0,0,5400,7672,7504,0,0,200,1120
72402322,0,1,1,0,0,13000,7672,7504,0,0,400,1120
72402323,0,1,1,0,0,13000,7672,7504,0,0,400,1120
72402324,0,1,1,0,0,13000,7672,7504,0,0,400,1120
72402325,0,1,1,0,0,26000,7672,7504,0,0,1000,1120
72402326,0,1,1,0,0,26000,7672,7504,0,0,1000,1120
72402327,0,1,1,0,0,26000,7672,7504,0,0,1000,1120
72402328,0,1,1,0,0,54000,7672,7504,0,0,2000,1120
72402329,0,1,1,0,0,54000,7672,7504,0,0,2000,1120
72402330,0,1,1,0,0,54000,7672,7504,0,0,2000,1120
72402331,0,1,1,0,0,130000,7672,7504,0,0,4000,1120
72402332,0,1,1,0,0,130000,7672,7504,0,0,4000,1120
72402333,0,1,1,0,0,130000,7672,7504,0,0,4000,1121
72402334,1,1,1,0,0,60000,7672,7504,0,0,10001,1121
72402335,1,1,1,0,0,60000,7672,7504,0,0,10001,1122
72402336,1,1,1,0,0,60000,7672,7504,0,0,10001,1133
72402337,0,1,1,0,0,140000,7672,7504,0,0,0,1133
72402338,0,1,1,0,0,140000,7672,7504,0,0,0,1133
72402339,0,1,1,0,0,140000,7672,7504,0,0,0,1134
72402340,0,1,1,0,0,0,7672,7504,0,0,0,1134
72402341,0,1,1,0,0,0,7672,7504,0,0,0,1135
72402342,0,1,1,0,0,0,7672,7504,0,0,0,1140
72402343,0,1,1,0,0,0,7672,7504,0,0,0,1140
72402344,0,1,1,0,0,0,7672,7504,0,0,0,1140
72402345,0,1,1,0,0,0,7672,7504,0,0,0,1141
72402346,1,1,1,0,0,0,7672,7504,0,0,1,1141
72402347,1,1,1,0,0,0,7672,7504,0,0,1,1142
72402348,1,1,1,0,0,0,7672,7504,0,0,1,1142
72402349,1,1,1,0,0,1,7672,7504,0,0,1,1142
72402350,1,1,1,0,0,1,7672,7504,0,0,1,1143
72402351,1,1,1,0,0,1,7672,7504,0,0,1,666
72402352,0,1,1,0,0,1,7672,7504,0,0,140000,666
72402353,0,1,1,0,0,1,7672,7504,0,0,140000,666
72402354,0,1,1,0,0,1,7672,7504,0,0,140000,0
72402355,0,1,1,3,0,1,7672,7504,0,0,0,0
72402356,0,1,1,3,0,1,7672,7504,0,0,0,0
72402357,0,1,1,3,0,1,7672,7504,0,0,0,2001
72402358,0,1,1,3,0,1,7672,7504,0,0,0,17040
72402359,0,1,1,3,0,1,7672,7504,0,0,0,17040
72402360,0,1,1,3,0,1,7672,7504,3040,0,0,0
72402361,0,1,1,3,0,1,7672,7504,3040,0,0,6000
72402362,0,1,1,3,0,1,7672,7504,0,0,0,6000
72402363,0,1,1,3,0,1,7672,7504,0,0,0,6000
72402364,0,1,1,3,0,1,7672,7504,0,0,0,6000
72402365,0,1,1,3,0,1,7672,7504,0,44035,44035,6440
72402366,0,1,1,3,0,1,7672,7504,0,44035,44035,6440
72402367,0,1,1,3,0,1,7672,7504,0,44035,44035,6440
72402368,0,1,1,3,0,1,7672,7504,0,44035,44035,6440
72402369,0,1,1,3,0,1,7672,7504,0,0,44035,6440
72402370,0,1,1,3,0,1,7672,7504,0,0,44035,6440
72402371,0,1,1,3,0,1,7672,7504,0,0,44035,6440
72402372,1,1,1,0,0,1,7672,7504,0,0,44035,170
72402373,1,1,1,0,0,1,7672,7504,0,0,0,170
72402374,1,1,1,0,0,1,7672,7504,0,0,0,0
72402375,1,1,1,0,0,1,7672,7504,0,0,0,0
72402376,1,1,1,0,0,1,7672,7504,0,0,0,0
72402377,1,1,1,0,0,1,7672,7504,3075,0,0,0
72402378,1,1,1,0,0,1,7672,7504,3075,0,0,0
72402379,1,1,1,0,0,1,7672,7504,0,0,0,0
72402380,1,1,1,0,0,1,7672,7504,0,0,0,0
72402381,1,1,1,0,0,1,7672,7504,0,0,0,0
72402382,1,1,1,0,0,1,7672,7504,0,61,61,0
72402383,1,1,1,0,0,1,7672,7504,0,61,61,0
72402384,1,1,1,0,0,1,7672,7504,0,61,61,0
72402385,1,1,1,0,0,1,7672,7504,0,61,61,0
72402386,1,1,1,0,0,1,7672,7504,0,0,61,0
72402387,1,1,1,0,0,1,7672,7504,0,0,61,0
72402388,1,1,1,0,0,1,7672,7504,0,0,61,0
72402389,61,1,1,3,0,1,7672,7504,0,0,61,0
72402390,61,1,1,3,0,1,7672,7504,0,0,0,0
72402391,61,1,1,3,0,1,7672,7504,0,0,0,2001
72402392,61,1,1,3,0,1,7672,7504,0,0,0,17041
72402393,61,1,1,3,0,1,7672,7504,0,0,0,17041
72402394,61,1,1,3,0,1,7672,7504,3041,0,0,0
72402395,61,1,1,3,0,1,7672,7504,3041,0,0,6000
72402396,61,1,1,3,0,1,7672,7504,0,0,0,6000
72402397,61,1,1,3,0,1,7672,7504,0,0,0,6000
72402398,61,1,1,3,0,1,7672,7504,0,0,0,6000
72402399,61,1,1,3,0,1,7672,7504,0,50033,50033,6500
72402400,61,1,1,3,0,1,7672,7504,0,50033,50033,6500
72402401,61,1,1,3,0,1,7672,7504,0,50033,50033,6500
72402402,61,1,1,3,0,1,7672,7504,0,50033,50033,6500
72402403,61,1,1,3,0,1,7672,7504,0,0,50033,6500
72402404,61,1,1,3,0,1,7672,7504,0,0,50033,6500
72402405,61,1,1,3,0,1,7672,7504,0,0,50033,6500
72402406,1,1,1,0,61,1,7672,7504,0,0,50033,172
72402407,1,1,1,0,61,1,7672,7504,0,0,0,172
72402408,1,1,1,0,61,1,7672,7504,0,0,0,0
72402409,1,1,1,0,61,1,7672,7504,0,0,0,0
72402410,1,1,1,0,61,1,7672,7504,0,0,0,0
72402411,1,1,1,0,61,1,7672,7504,3074,0,0,0
72402412,1,1,1,0,61,1,7672,7504,3074,0,0,0
72402413,1,1,1,0,61,1,7672,7504,0,0,0,0
72402414,1,1,1,0,61,1,7672,7504,0,0,0,0
72402415,1,1,1,0,61,1,7672,7504,0,0,0,0
72402416,1,1,1,0,61,1,7672,7504,0,300,300,0
72402417,1,1,1,0,61,1,7672,7504,0,300,300,0
72402418,1,1,1,0,61,1,7672,7504,0,300,300,0
72402419,1,1,1,0,61,1,7672,7504,0,300,300,0
72402420,1,1,1,0,61,1,7672,7504,0,0,300,0
72402421,1,1,1,0,61,1,7672,7504,0,0,300,0
72402422,1,1,1,0,61,1,7672,7504,0,0,300,0
72402423,300,1,1,3,61,1,7672,7504,0,0,300,0
72402424,300,1,1,3,61,1,7672,7504,0,0,0,0
72402425,300,1,1,3,61,1,7672,7504,0,0,0,2001
72402426,300,1,1,3,61,1,7672,7504,0,0,0,17042
72402427,300,1,1,3,61,1,7672,7504,0,0,0,17042
72402428,300,1,1,3,61,1,7672,7504,0,0,0,0
72402429,300,1,1,3,61,1,7672,7504,0,0,0,0
72402430,300,1,1,3,61,1,7672,7504,0,0,0,0
72402431,300,1,1,3,61,1,7672,7504,3042,0,0,0
72402432,300,1,1,3,61,1,7672,7504,3042,0,0,6000
72402433,300,1,1,3,61,1,7672,7504,0,0,0,6000
72402434,300,1,1,3,61,1,7672,7504,0,0,0,6000
72402435,300,1,1,3,61,1,7672,7504,0,0,0,6000
72402436,300,1,1,3,61,1,7672,7504,0,173005,173005,7730
72402437,300,1,1,3,61,1,7672,7504,0,173005,173005,7730
72402438,300,1,1,3,61,1,7672,7504,0,173005,173005,7730
72402439,300,1,1,3,61,1,7672,7504,0,173005,173005,7730
72402440,300,1,1,3,61,1,7672,7504,0,0,173005,7730
72402441,300,1,1,3,61,1,7672,7504,0,0,173005,7730
72402442,300,1,1,3,61,1,7672,7504,0,0,173005,7730
72402443,5,1,1,3,61,1,7672,7504,0,0,173005,0
72402444,5,1,1,3,61,1,7672,7504,0,0,0,0
72402445,5,1,1,3,61,1,7672,7504,0,0,0,2001
72402446,5,1,1,3,61,1,7672,7504,0,0,0,17043
72402447,5,1,1,3,61,1,7672,7504,0,0,0,17043
72402448,5,1,1,3,61,1,7672,7504,3043,0,0,0
72402449,5,1,1,3,61,1,7672,7504,3043,0,0,6000
72402450,5,1,1,3,61,1,7672,7504,0,0,0,6000
72402451,5,1,1,3,61,1,7672,7504,0,0,0,6000
72402452,5,1,1,3,61,1,7672,7504,0,0,0,6000
72402453,5,1,1,3,61,1,7672,7504,0,150415,150415,7504
72402454,5,1,1,3,61,1,7672,7504,0,150415,150415,7504
72402455,5,1,1,3,61,1,7672,7504,0,150415,150415,7504
72402456,5,1,1,3,61,1,7672,7504,0,150415,150415,7504
72402457,5,1,1,3,61,1,7672,7504,0,0,150415,7504
72402458,5,1,1,3,61,1,7672,7504,0,0,150415,7504
72402459,5,1,1,3,61,1,7672,7504,0,0,150415,7504
72402460,1,1,1,0,61,1,7672,7504,0,0,150415,657
72402461,1,1,1,0,61,1,7672,7504,0,0,1,657
72402462,1,1,1,0,61,1,7672,7504,0,0,1,326
72402463,1,1,1,0,61,1,7672,7504,0,0,1,326
72402464,1,1,1,0,61,1,7672,7504,0,0,1,326
72402465,1,1,1,0,61,1,7672,7504,0,0,1,327
72402466,1,1,1,0,61,1,7672,7504,0,0,1,327
72402467,1,1,1,0,61,1,7672,7504,0,0,1,330
72402468,1,1,1,0,61,1,7672,7504,0,0,1,660
72402469,1,1,1,0,61,1,7672,7504,0,0,1,660
72402470,1,1,1,0,61,1,7672,7504,0,0,1,660
72402471,1,1,1,0,61,1,7672,7504,0,0,1,3655
72402472,244,1,1,0,61,1,7672,7504,0,0,110244,3655
72402473,244,1,1,0,61,1,7672,7504,0,0,110244,3655
72402474,244,1,1,0,61,1,7672,7504,0,0,110244,474
72402475,244,1,1,0,61,110244,7672,7504,0,0,110244,474
72402476,244,1,1,0,61,110244,7672,7504,0,0,110244,474
72402477,244,1,1,0,61,110244,7672,7504,0,0,110244,475
72402478,305,1,1,3,61,110244,7672,7504,0,0,305,475
72402479,305,1,1,3,61,110244,7672,7504,0,0,305,476
72402480,305,1,1,3,61,110244,7672,7504,0,0,305,501
72402481,244,1,1,0,61,110244,7672,7504,0,0,110244,501
72402482,244,1,1,0,61,110244,7672,7504,0,0,110244,501
72402483,244,1,1,0,61,110244,7672,7504,0,0,110244,502
72402484,7,1,1,0,61,110244,7672,7504,0,0,7,502
72402485,7,1,1,0,61,110244,7672,7504,0,0,7,503
72402486,7,1,1,0,61,110244,7672,7504,0,0,7,503
72402487,300,1,1,0,61,300,7672,7504,0,0,300,503
72402488,300,1,1,0,61,300,7672,7504,0,0,300,504
72402489,300,1,1,0,61,300,7672,7504,0,0,300,511
72402490,3,1,1,0,61,300,7672,7504,0,0,3,511
72402491,3,1,1,0,61,300,7672,7504,0,0,3,511
72402492,3,1,1,0,61,300,7672,7504,0,0,3,3725
72402493,141,1,1,0,61,304,7672,7504,0,0,30141,3725
72402494,141,1,1,0,61,304,7672,7504,0,0,30141,3725
72402495,141,1,1,0,61,304,7672,7504,0,0,30141,476
72402496,61,0,1,0,61,30141,7672,7504,0,0,61,476
# MARK wr tick=72402496
72402497,61,0,1,0,61,30141,7672,7504,0,0,61,476
72433993,1,1,1,0,177777,60000,1147,15,0,0,10001,1133
72433994,0,1,1,0,177777,140000,1147,15,0,0,0,1133
72433995,0,1,1,0,177777,140000,1147,15,0,0,0,1133
72433996,0,1,1,0,177777,140000,1147,15,0,0,0,1134
72433997,0,1,1,0,177777,0,1147,15,0,0,0,1134
72433998,0,1,1,0,177777,0,1147,15,0,0,0,1135
72433999,0,1,1,0,177777,0,1147,15,0,0,0,1140
72434000,0,1,1,0,177777,0,1147,15,0,0,0,1140
72434001,0,1,1,0,177777,0,1147,15,0,0,0,1140
72434002,0,1,1,0,177777,0,1147,15,0,0,0,1141
72434003,0,1,1,0,177777,0,1147,15,0,0,20000,1141
72434004,0,1,1,0,177777,0,1147,15,0,0,20000,1142
72434005,0,1,1,0,177777,0,1147,15,0,0,20000,1142
72434006,1,1,1,0,177777,20000,1147,15,0,0,1,1142
72434007,1,1,1,0,177777,20000,1147,15,0,0,1,1143
72434008,1,1,1,0,177777,20000,1147,15,0,0,1,1143
72434009,0,1,1,0,177777,20000,1147,15,0,0,140000,1143
72434010,0,1,1,0,177777,20000,1147,15,0,0,140000,1144
72434011,0,1,1,0,177777,20000,1147,15,0,0,140000,1144
72434012,1,1,1,0,177777,20000,1147,15,0,0,1,1144
72434013,1,1,1,0,177777,20000,1147,15,0,0,1,1145
72434014,1,1,1,0,177777,20000,1147,15,0,0,1,1145
72434015,150,1,1,0,177777,1,1147,15,0,0,150,1145
72434016,150,1,1,0,177777,1,1147,15,0,0,150,1146
72434017,150,1,1,0,177777,1,1147,15,0,0,150,1146
72434018,150,1,1,0,177777,1,1147,15,0,0,150,1146
72434019,150,1,1,0,177777,1,1147,15,0,0,150,1147
72434020,150,1,1,0,177777,1,1147,15,0,0,150,1147
72434021,1,1,1,0,177777,1,1147,15,0,0,20001,1147
72434022,1,1,1,0,177777,1,1147,15,0,0,20001,1150
72434023,1,1,1,0,177777,1,1147,15,0,0,20001,1150
72434024,7,1,1,0,177777,1,1147,15,0,0,7,1150
72434025,7,1,1,0,177777,1,1147,15,0,0,7,1151
72434026,7,1,1,0,177777,1,1147,15,0,0,7,1151
72434027,0,1,1,0,177777,1,1147,15,0,0,116400,1151
72434028,0,1,1,0,177777,1,1147,15,0,0,116400,1152
72434029,0,1,1,0,177777,1,1147,15,0,0,116400,1151
72434030,15,1,1,0,177777,1,1147,15,0,0,15,1151
72434031,15,1,1,0,177777,1,1147,15,0,0,15,1151
72434032,15,1,1,0,177777,1,1147,15,0,0,15,1151
72434033,15,1,1,0,177777,15,1147,15,0,0,15,1151
72434034,15,1,1,0,177777,15,1147,15,0,0,15,1151
72434035,15,1,1,0,177777,15,1147,15,0,0,15,1151
72434036,0,1,1,0,177777,15,1147,15,0,0,0,1151
72434037,0,1,1,0,177777,15,1147,15,0,0,0,1151
72434038,0,1,1,0,177777,15,1147,15,0,0,0,1151
72434039,377,1,1,0,177777,0,1147,15,0,0,177777,1151
72434040,377,1,1,0,177777,0,1147,15,0,0,177777,1151
72434041,377,1,1,0,177777,0,1147,15,0,0,177777,1151
72434042,54,1,1,0,177777,177777,1147,15,0,0,2454,1151
72434043,54,1,1,0,177777,177777,1147,15,0,0,2454,1151
72434044,54,1,1,0,177777,177777,1147,15,0,0,2454,1151
72434045,147,1,1,0,177777,2454,1147,15,0,0,1147,1151
72434046,147,1,1,0,177777,2454,1147,15,0,0,1147,1151
72434047,147,1,1,0,177777,2454,1147,15,0,0,1147,1151
72434048,7,1,1,0,177777,1147,1147,15,0,0,2407,1151
72434049,7,1,1,0,177777,1147,1147,15,0,0,2407,1151
72434050,7,1,1,0,177777,1147,1147,15,0,0,2407,1151
72434051,353,1,1,0,177777,2407,1147,15,0,0,12753,1151
72434052,353,1,1,0,177777,2407,1147,15,0,0,12753,1151
72434053,352,1,1,0,177777,2407,1147,15,0,0,12752,1152
72434054,0,1,1,0,177777,12752,1147,15,0,0,116400,1152
72434055,0,1,1,0,177777,12752,1147,15,0,0,116400,1153
72434056,0,1,1,0,177777,12752,1147,15,0,0,116400,1153
72434057,0,1,1,0,177777,116400,1147,15,0,0,170000,1153
72434058,0,1,1,0,177777,116400,1147,15,0,0,170000,1154
72434059,0,1,1,0,177777,116400,1147,15,0,0,170000,1154
72434060,0,1,1,0,177777,116400,1147,15,0,0,110000,1154
72434061,0,1,1,0,177777,116400,1147,15,0,0,110000,1155
72434062,0,1,1,0,177777,116400,1147,15,0,0,110000,1155
72434063,7,1,1,0,177777,116400,1147,15,0,0,7,1155
72434064,7,1,1,0,177777,116400,1147,15,0,0,7,1156
72434065,7,1,1,0,177777,116400,1147,15,0,0,7,1156
72434066,1,1,1,0,177777,116400,1147,15,0,0,20001,1156
72434067,1,1,1,0,177777,116400,1147,15,0,0,20001,1157
72434068,1,1,1,0,177777,116400,1147,15,0,0,20001,1156
72434069,104,1,1,0,177777,116400,1147,15,0,0,7504,1156
72434070,104,1,1,0,177777,116400,1147,15,0,0,7504,1156
72434071,104,1,1,0,177777,116400,1147,15,0,0,7504,1156
72434072,104,1,1,0,177777,116400,1147,7504,0,0,7504,1156
72434073,104,1,1,0,177777,116400,1147,7504,0,0,7504,1156
72434074,104,1,1,0,177777,116400,1147,7504,0,0,7504,1156
72434075,302,1,1,0,177777,116400,1147,7504,0,0,302,1156
72434076,302,1,1,0,177777,116400,1147,7504,0,0,302,1156
72434077,302,1,1,0,177777,116400,1147,7504,0,0,302,1156
72434078,0,1,1,0,177777,116400,1147,7504,0,0,0,1156
72434079,0,1,1,0,177777,116400,1147,7504,0,0,0,1156
72434080,0,1,1,0,177777,116400,1147,7504,0,0,0,1156
72434081,26,1,1,0,0,116400,1147,7504,0,0,3026,1156
72434082,26,1,1,0,0,116400,1147,7504,0,0,3026,1156
72434083,26,1,1,0,0,116400,1147,7504,0,0,3026,1156
72434084,272,1,1,0,0,116400,1147,7504,0,0,7672,1156
72434085,272,1,1,0,0,116400,1147,7504,0,0,7672,1156
72434086,272,1,1,0,0,116400,1147,7504,0,0,7672,1156
72434087,40,1,1,0,0,116400,7672,7504,0,0,3040,1156
72434088,40,1,1,0,0,116400,7672,7504,0,0,3040,1156
72434089,40,1,1,0,0,116400,7672,7504,0,0,3040,1156
72434090,272,1,1,0,0,116400,7672,7504,0,0,55672,1156
72434091,272,1,1,0,0,116400,7672,7504,0,0,55672,1156
72434092,272,1,1,0,0,116400,7672,7504,0,0,55672,1157
72434093,244,1,1,0,0,116400,7672,7504,0,0,110244,1157
72434094,244,1,1,0,0,116400,7672,7504,0,0,110244,1160
72434095,244,1,1,0,0,116400,7672,7504,0,0,110244,1160
72434096,0,1,1,3,0,116400,7672,7504,0,0,0,1160
72434097,0,1,1,3,0,116400,7672,7504,0,0,0,1161
72434098,0,1,1,3,0,116400,7672,7504,0,0,0,1076
72434099,244,1,1,0,0,116400,7672,7504,0,0,110244,1076
72434100,244,1,1,0,0,116400,7672,7504,0,0,110244,1076
72434101,244,1,1,0,0,116400,7672,7504,0,0,110244,0
72434102,0,1,1,3,0,116400,7672,7504,0,0,0,0
72434103,0,1,1,3,0,116400,7672,7504,0,0,0,0
72434104,0,1,1,3,0,116400,7672,7504,0,0,0,2001
72434105,0,1,1,3,0,116400,7672,7504,0,0,0,17040
72434106,0,1,1,3,0,116400,7672,7504,0,0,0,17040
72434107,0,1,1,3,0,116400,7672,7504,3040,0,0,0
72434108,0,1,1,3,0,116400,7672,7504,3040,0,0,6000
72434109,0,1,1,3,0,116400,7672,7504,0,0,0,6000
72434110,0,1,1,3,0,116400,7672,7504,0,0,0,6000
72434111,0,1,1,3,0,116400,7672,7504,0,0,0,6000
72434112,0,1,1,3,0,116400,7672,7504,0,44035,44035,6440
72434113,0,1,1,3,0,116400,7672,7504,0,44035,44035,6440
72434114,0,1,1,3,0,116400,7672,7504,0,44035,44035,6440
72434115,0,1,1,3,0,116400,7672,7504,0,44035,44035,6440
72434116,0,1,1,3,0,116400,7672,7504,0,0,44035,6440
72434117,0,1,1,3,0,116400,7672,7504,0,0,44035,6440
72434118,0,1,1,3,0,116400,7672,7504,0,0,44035,6440
72434119,0,1,1,0,0,116400,7672,7504,0,0,44035,170
72434120,0,1,1,0,0,116400,7672,7504,0,0,0,170
72434121,0,1,1,0,0,116400,7672,7504,0,0,0,0
72434122,0,1,1,0,0,116400,7672,7504,0,0,0,0
72434123,0,1,1,0,0,116400,7672,7504,0,0,0,0
72434124,0,1,1,0,0,116400,7672,7504,3075,0,0,0
72434125,0,1,1,0,0,116400,7672,7504,3075,0,0,0
72434126,0,1,1,0,0,116400,7672,7504,0,0,0,0
72434127,0,1,1,0,0,116400,7672,7504,0,0,0,0
72434128,0,1,1,0,0,116400,7672,7504,0,0,0,0
72434129,0,1,1,0,0,116400,7672,7504,0,71,71,0
72434130,0,1,1,0,0,116400,7672,7504,0,71,71,0
72434131,0,1,1,0,0,116400,7672,7504,0,71,71,0
72434132,0,1,1,0,0,116400,7672,7504,0,71,71,0
72434133,0,1,1,0,0,116400,7672,7504,0,0,71,0
72434134,0,1,1,0,0,116400,7672,7504,0,0,71,0
72434135,0,1,1,0,0,116400,7672,7504,0,0,71,0
72434136,71,1,1,3,0,116400,7672,7504,0,0,71,0
72434137,71,1,1,3,0,116400,7672,7504,0,0,0,0
72434138,71,1,1,3,0,116400,7672,7504,0,0,0,2001
72434139,71,1,1,3,0,116400,7672,7504,0,0,0,17041
72434140,71,1,1,3,0,116400,7672,7504,0,0,0,17041
72434141,71,1,1,3,0,116400,7672,7504,3041,0,0,0
72434142,71,1,1,3,0,116400,7672,7504,3041,0,0,6000
72434143,71,1,1,3,0,116400,7672,7504,0,0,0,6000
72434144,71,1,1,3,0,116400,7672,7504,0,0,0,6000
72434145,71,1,1,3,0,116400,7672,7504,0,0,0,6000
72434146,71,1,1,3,0,116400,7672,7504,0,50033,50033,6500
72434147,71,1,1,3,0,116400,7672,7504,0,50033,50033,6500
72434148,71,1,1,3,0,116400,7672,7504,0,50033,50033,6500
72434149,71,1,1,3,0,116400,7672,7504,0,50033,50033,6500
72434150,71,1,1,3,0,116400,7672,7504,0,0,50033,6500
72434151,71,1,1,3,0,116400,7672,7504,0,0,50033,6500
72434152,71,1,1,3,0,116400,7672,7504,0,0,50033,6500
72434153,0,1,1,0,71,116400,7672,7504,0,0,50033,172
72434154,0,1,1,0,71,116400,7672,7504,0,0,0,172
72434155,0,1,1,0,71,116400,7672,7504,0,0,0,0
72434156,0,1,1,0,71,116400,7672,7504,0,0,0,0
72434157,0,1,1,0,71,116400,7672,7504,0,0,0,0
72434158,0,1,1,0,71,116400,7672,7504,3074,0,0,0
72434159,0,1,1,0,71,116400,7672,7504,3074,0,0,0
72434160,0,1,1,0,71,116400,7672,7504,0,0,0,0
72434161,0,1,1,0,71,116400,7672,7504,0,0,0,0
72434162,0,1,1,0,71,116400,7672,7504,0,0,0,0
72434163,0,1,1,0,71,116400,7672,7504,0,300,300,0
72434164,0,1,1,0,71,116400,7672,7504,0,300,300,0
72434165,0,1,1,0,71,116400,7672,7504,0,300,300,0
72434166,0,1,1,0,71,116400,7672,7504,0,300,300,0
72434167,0,1,1,0,71,116400,7672,7504,0,0,300,0
72434168,0,1,1,0,71,116400,7672,7504,0,0,300,0
72434169,0,1,1,0,71,116400,7672,7504,0,0,300,0
72434170,300,1,1,3,71,116400,7672,7504,0,0,300,0
72434171,300,1,1,3,71,116400,7672,7504,0,0,0,0
72434172,300,1,1,3,71,116400,7672,7504,0,0,0,2001
72434173,300,1,1,3,71,116400,7672,7504,0,0,0,17042
72434174,300,1,1,3,71,116400,7672,7504,0,0,0,17042
72434175,300,1,1,3,71,116400,7672,7504,0,0,0,0
72434176,300,1,1,3,71,116400,7672,7504,0,0,0,0
72434177,300,1,1,3,71,116400,7672,7504,3042,0,0,0
72434178,300,1,1,3,71,116400,7672,7504,3042,0,0,6000
72434179,300,1,1,3,71,116400,7672,7504,0,0,0,6000
72434180,300,1,1,3,71,116400,7672,7504,0,0,0,6000
72434181,300,1,1,3,71,116400,7672,7504,0,0,0,6000
72434182,300,1,1,3,71,116400,7672,7504,0,173005,173005,7730
72434183,300,1,1,3,71,116400,7672,7504,0,173005,173005,7730
72434184,300,1,1,3,71,116400,7672,7504,0,173005,173005,7730
72434185,300,1,1,3,71,116400,7672,7504,0,173005,173005,7730
72434186,300,1,1,3,71,116400,7672,7504,0,0,173005,7730
72434187,300,1,1,3,71,116400,7672,7504,0,0,173005,7730
72434188,300,1,1,3,71,116400,7672,7504,0,0,173005,7730
72434189,5,1,1,3,71,116400,7672,7504,0,0,173005,0
72434190,5,1,1,3,71,116400,7672,7504,0,0,0,0
72434191,5,1,1,3,71,116400,7672,7504,0,0,0,2001
72434192,5,1,1,3,71,116400,7672,7504,0,0,0,17043
72434193,5,1,1,3,71,116400,7672,7504,0,0,0,17043
72434194,5,1,1,3,71,116400,7672,7504,3043,0,0,0
72434195,5,1,1,3,71,116400,7672,7504,3043,0,0,6000
72434196,5,1,1,3,71,116400,7672,7504,0,0,0,6000
72434197,5,1,1,3,71,116400,7672,7504,0,0,0,6000
72434198,5,1,1,3,71,116400,7672,7504,0,0,0,6000
72434199,5,1,1,3,71,116400,7672,7504,0,150415,150415,7504
72434200,5,1,1,3,71,116400,7672,7504,0,150415,150415,7504
72434201,5,1,1,3,71,116400,7672,7504,0,150415,150415,7504
72434202,5,1,1,3,71,116400,7672,7504,0,150415,150415,7504
72434203,5,1,1,3,71,116400,7672,7504,0,0,150415,7504
72434204,5,1,1,3,71,116400,7672,7504,0,0,150415,7504
72434205,5,1,1,3,71,116400,7672,7504,0,0,150415,7504
72434206,0,1,1,0,71,116400,7672,7504,0,0,156415,657
72434207,0,1,1,0,71,116400,7672,7504,0,0,116400,657
72434208,0,1,1,0,71,116400,7672,7504,0,0,116400,326
72434209,0,1,1,0,71,116400,7672,7504,0,0,116400,326
72434210,0,1,1,0,71,116400,7672,7504,0,0,116400,326
72434211,0,1,1,0,71,116400,7672,7504,0,0,116400,327
72434212,0,1,1,0,71,116400,7672,7504,0,0,116400,327
72434213,0,1,1,0,71,116400,7672,7504,0,0,116400,330
72434214,0,1,1,0,71,116400,7672,7504,0,0,116400,660
72434215,0,1,1,0,71,116400,7672,7504,0,0,116400,660
72434216,0,1,1,0,71,116400,7672,7504,0,0,116400,660
72434217,0,1,1,0,71,116400,7672,7504,0,0,116400,3655
72434218,244,1,1,0,71,116400,7672,7504,0,0,110244,3655
72434219,244,1,1,0,71,116400,7672,7504,0,0,110244,3655
72434220,244,1,1,0,71,116400,7672,7504,0,0,110244,474
72434221,244,1,1,0,71,110244,7672,7504,0,0,110244,474
72434222,244,1,1,0,71,110244,7672,7504,0,0,110244,474
72434223,244,1,1,0,71,110244,7672,7504,0,0,110244,475
72434224,305,1,1,3,71,110244,7672,7504,0,0,305,475
72434225,305,1,1,3,71,110244,7672,7504,0,0,305,476
72434226,305,1,1,3,71,110244,7672,7504,0,0,305,501
72434227,244,1,1,0,71,110244,7672,7504,0,0,110244,501
72434228,244,1,1,0,71,110244,7672,7504,0,0,110244,501
72434229,244,1,1,0,71,110244,7672,7504,0,0,110244,502
72434230,7,1,1,0,71,110244,7672,7504,0,0,7,502
72434231,7,1,1,0,71,110244,7672,7504,0,0,7,503
72434232,7,1,1,0,71,110244,7672,7504,0,0,7,503
72434233,300,1,1,0,71,300,7672,7504,0,0,300,503
72434234,300,1,1,0,71,300,7672,7504,0,0,300,504
72434235,300,1,1,0,71,300,7672,7504,0,0,300,511
72434236,3,1,1,0,71,300,7672,7504,0,0,3,511
72434237,3,1,1,0,71,300,7672,7504,0,0,3,511
72434238,3,1,1,0,71,300,7672,7504,0,0,3,3725
72434239,141,1,1,0,71,304,7672,7504,0,0,30141,3725
72434240,141,1,1,0,71,304,7672,7504,0,0,30141,3725
72434241,141,1,1,0,71,304,7672,7504,0,0,30141,476
72434242,71,0,1,0,71,30141,7672,7504,0,0,71,476
# MARK wr tick=72434242
72434243,71,0,1,0,71,30141,7672,7504,0,0,71,476
72460154,244,1,1,0,0,10244,7672,7504,0,0,10244,660
72460155,244,1,1,0,0,10244,7672,7504,0,0,10244,660
72460156,244,1,1,0,0,10244,7672,7504,0,0,10244,660
72460157,244,1,1,0,0,10244,7672,7504,0,0,10244,3642
72460158,244,1,1,0,0,10244,7672,7504,0,0,10244,3642
72460159,244,1,1,0,0,10244,7672,7504,0,0,10244,3642
72460160,244,1,1,0,0,10244,7672,7504,0,0,10244,663
72460161,0,1,1,0,0,10244,7672,7504,0,0,100000,663
72460162,0,1,1,0,0,10244,7672,7504,0,0,100000,663
72460163,0,1,1,0,0,10244,7672,7504,0,0,100000,664
72460164,244,1,1,0,0,110244,7672,7504,0,0,110244,664
72460165,244,1,1,0,0,110244,7672,7504,0,0,110244,665
72460166,244,1,1,0,0,110244,7672,7504,0,0,110244,665
72460167,244,1,1,0,0,110244,7672,7504,0,0,110244,665
72460168,244,1,1,0,0,110244,7672,7504,0,0,110244,666
72460169,244,1,1,0,0,110244,7672,7504,0,0,110244,1112
72460170,245,1,1,0,0,110244,7672,7504,0,0,130245,1112
72460171,245,1,1,0,0,110244,7672,7504,0,0,130245,1112
72460172,245,1,1,0,0,110244,7672,7504,0,0,130245,1113
72460173,245,1,1,0,0,110244,7672,7504,0,0,130245,1113
72460174,245,1,1,0,0,110244,7672,7504,0,0,130245,1113
72460175,245,1,1,0,0,110244,7672,7504,0,0,130245,1113
72460176,245,1,1,0,0,110244,7672,7504,0,0,130245,1113
72460177,245,1,1,0,0,110244,7672,7504,0,0,130245,1113
72460178,244,1,1,0,0,110244,7672,7504,0,0,110244,1113
72460179,244,1,1,0,0,110244,7672,7504,0,0,110244,1114
72460180,244,1,1,0,0,110244,7672,7504,0,0,110244,1114
72460181,10,1,1,0,0,110244,7672,7504,0,0,10,1114
72460182,10,1,1,0,0,110244,7672,7504,0,0,10,1115
72460183,10,1,1,0,0,110244,7672,7504,0,0,10,1115
72460184,10,1,1,0,0,110244,7672,7504,0,0,10,1115
72460185,10,1,1,0,0,110244,7672,7504,0,0,10,1115
72460186,10,1,1,0,0,110244,7672,7504,0,0,10,1115
72460187,10,1,1,0,0,110244,7672,7504,0,0,10,1115
72460188,10,1,1,0,0,110244,7672,7504,0,0,10,1115
72460189,0,1,1,0,0,110244,7672,7504,0,0,0,1115
72460190,0,1,1,0,0,110244,7672,7504,0,0,0,1116
72460191,0,1,1,0,0,110244,7672,7504,0,0,0,1116
72460192,244,1,1,0,0,0,7672,7504,0,0,110244,1116
72460193,244,1,1,0,0,0,7672,7504,0,0,110244,666
72460194,244,1,1,0,0,0,7672,7504,0,0,110244,1117
72460195,1,1,1,0,0,0,7672,7504,0,0,60001,1117
72460196,1,1,1,0,0,0,7672,7504,0,0,60001,1120
72460197,1,1,1,0,0,0,7672,7504,0,0,60001,1120
72460198,13,1,1,0,0,0,7672,7504,0,0,100013,1120
72460199,13,1,1,0,0,0,7672,7504,0,0,100013,1121
72460200,13,1,1,0,0,0,7672,7504,0,0,100013,1120
72460201,0,1,1,0,0,100013,7672,7504,0,0,0,1120
72460202,0,1,1,0,0,100013,7672,7504,0,0,0,1120
72460203,0,1,1,0,0,100013,7672,7504,0,0,0,1120
72460204,1,1,1,0,0,26,7672,7504,0,0,1,1120
72460205,1,1,1,0,0,26,7672,7504,0,0,1,1120
72460206,1,1,1,0,0,26,7672,7504,0,0,1,1120
72460207,2,1,1,0,0,54,7672,7504,0,0,2,1120
72460208,2,1,1,0,0,54,7672,7504,0,0,2,1120
72460209,2,1,1,0,0,54,7672,7504,0,0,2,1120
72460210,4,1,1,0,0,130,7672,7504,0,0,4,1120
72460211,4,1,1,0,0,130,7672,7504,0,0,4,1120
72460212,4,1,1,0,0,130,7672,7504,0,0,4,1120
72460213,10,1,1,0,0,260,7672,7504,0,0,10,1120
72460214,10,1,1,0,0,260,7672,7504,0,0,10,1120
72460215,10,1,1,0,0,260,7672,7504,0,0,10,1120
72460216,20,1,1,0,0,540,7672,7504,0,0,20,1120
72460217,20,1,1,0,0,540,7672,7504,0,0,20,1120
72460218,20,1,1,0,0,540,7672,7504,0,0,20,1120
72460219,40,1,1,0,0,1300,7672,7504,0,0,40,1120
72460220,40,1,1,0,0,1300,7672,7504,0,0,40,1120
72460221,40,1,1,0,0,1300,7672,7504,0,0,40,1120
72460222,100,1,1,0,0,2600,7672,7504,0,0,100,1120
72460223,100,1,1,0,0,2600,7672,7504,0,0,100,1120
72460224,100,1,1,0,0,2600,7672,7504,0,0,100,1120
72460225,200,1,1,0,0,5400,7672,7504,0,0,200,1120
72460226,200,1,1,0,0,5400,7672,7504,0,0,200,1120
72460227,200,1,1,0,0,5400,7672,7504,0,0,200,1120
72460228,0,1,1,0,0,13000,7672,7504,0,0,400,1120
72460229,0,1,1,0,0,13000,7672,7504,0,0,400,1120
72460230,0,1,1,0,0,13000,7672,7504,0,0,400,1120
72460231,0,1,1,0,0,26000,7672,7504,0,0,1000,1120
72460232,0,1,1,0,0,26000,7672,7504,0,0,1000,1120
72460233,0,1,1,0,0,26000,7672,7504,0,0,1000,1120
72460234,0,1,1,0,0,54000,7672,7504,0,0,2000,1120
72460235,0,1,1,0,0,54000,7672,7504,0,0,2000,1120
72460236,0,1,1,0,0,54000,7672,7504,0,0,2000,1120
72460237,0,1,1,0,0,130000,7672,7504,0,0,4000,1120
72460238,0,1,1,0,0,130000,7672,7504,0,0,4000,1120
72460239,0,1,1,0,0,130000,7672,7504,0,0,4000,1121
72460240,1,1,1,0,0,60000,7672,7504,0,0,10001,1121
72460241,1,1,1,0,0,60000,7672,7504,0,0,10001,1122
72460242,1,1,1,0,0,60000,7672,7504,0,0,10001,1133
72460243,0,1,1,0,0,140000,7672,7504,0,0,0,1133
72460244,0,1,1,0,0,140000,7672,7504,0,0,0,1133
72460245,0,1,1,0,0,140000,7672,7504,0,0,0,1134
72460246,0,1,1,0,0,0,7672,7504,0,0,0,1134
72460247,0,1,1,0,0,0,7672,7504,0,0,0,1135
72460248,0,1,1,0,0,0,7672,7504,0,0,0,1140
72460249,0,1,1,0,0,0,7672,7504,0,0,0,1140
72460250,0,1,1,0,0,0,7672,7504,0,0,0,1140
72460251,0,1,1,0,0,0,7672,7504,0,0,0,1141
72460252,1,1,1,0,0,0,7672,7504,0,0,1,1141
72460253,1,1,1,0,0,0,7672,7504,0,0,1,1142
72460254,1,1,1,0,0,0,7672,7504,0,0,1,1142
72460255,1,1,1,0,0,1,7672,7504,0,0,1,1142
72460256,1,1,1,0,0,1,7672,7504,0,0,1,1143
72460257,1,1,1,0,0,1,7672,7504,0,0,1,666
72460258,0,1,1,0,0,1,7672,7504,0,0,140000,666
72460259,0,1,1,0,0,1,7672,7504,0,0,140000,666
72460260,0,1,1,0,0,1,7672,7504,0,0,140000,0
72460261,0,1,1,3,0,1,7672,7504,0,0,0,0
72460262,0,1,1,3,0,1,7672,7504,0,0,0,0
72460263,0,1,1,3,0,1,7672,7504,0,0,0,2001
72460264,0,1,1,3,0,1,7672,7504,0,0,0,17040
72460265,0,1,1,3,0,1,7672,7504,0,0,0,17040
72460266,0,1,1,3,0,1,7672,7504,3040,0,0,0
72460267,0,1,1,3,0,1,7672,7504,3040,0,0,6000
72460268,0,1,1,3,0,1,7672,7504,0,0,0,6000
72460269,0,1,1,3,0,1,7672,7504,0,0,0,6000
72460270,0,1,1,3,0,1,7672,7504,0,0,0,6000
72460271,0,1,1,3,0,1,7672,7504,0,44035,44035,6440
72460272,0,1,1,3,0,1,7672,7504,0,44035,44035,6440
72460273,0,1,1,3,0,1,7672,7504,0,44035,44035,6440
72460274,0,1,1,3,0,1,7672,7504,0,44035,44035,6440
72460275,0,1,1,3,0,1,7672,7504,0,0,44035,6440
72460276,0,1,1,3,0,1,7672,7504,0,0,44035,6440
72460277,0,1,1,3,0,1,7672,7504,0,0,44035,6440
72460278,1,1,1,0,0,1,7672,7504,0,0,44035,170
72460279,1,1,1,0,0,1,7672,7504,0,0,0,170
72460280,1,1,1,0,0,1,7672,7504,0,0,0,0
72460281,1,1,1,0,0,1,7672,7504,0,0,0,0
72460282,1,1,1,0,0,1,7672,7504,0,0,0,0
72460283,1,1,1,0,0,1,7672,7504,0,0,0,0
72460284,1,1,1,0,0,1,7672,7504,0,0,0,0
72460285,1,1,1,0,0,1,7672,7504,0,0,0,0
72460286,1,1,1,0,0,1,7672,7504,0,0,0,0
72460287,1,1,1,0,0,1,7672,7504,3075,0,0,0
72460288,1,1,1,0,0,1,7672,7504,3075,0,0,0
72460289,1,1,1,0,0,1,7672,7504,0,0,0,0
72460290,1,1,1,0,0,1,7672,7504,0,0,0,0
72460291,1,1,1,0,0,1,7672,7504,0,0,0,0
72460292,1,1,1,0,0,1,7672,7504,0,70,70,0
72460293,1,1,1,0,0,1,7672,7504,0,70,70,0
72460294,1,1,1,0,0,1,7672,7504,0,70,70,0
72460295,1,1,1,0,0,1,7672,7504,0,70,70,0
72460296,1,1,1,0,0,1,7672,7504,0,0,70,0
72460297,1,1,1,0,0,1,7672,7504,0,0,70,0
72460298,1,1,1,0,0,1,7672,7504,0,0,70,0
72460299,70,1,1,3,0,1,7672,7504,0,0,70,0
72460300,70,1,1,3,0,1,7672,7504,0,0,0,0
72460301,70,1,1,3,0,1,7672,7504,0,0,0,2001
72460302,70,1,1,3,0,1,7672,7504,0,0,0,17041
72460303,70,1,1,3,0,1,7672,7504,0,0,0,17041
72460304,70,1,1,3,0,1,7672,7504,3041,0,0,0
72460305,70,1,1,3,0,1,7672,7504,3041,0,0,6000
72460306,70,1,1,3,0,1,7672,7504,0,0,0,6000
72460307,70,1,1,3,0,1,7672,7504,0,0,0,6000
72460308,70,1,1,3,0,1,7672,7504,0,0,0,6000
72460309,70,1,1,3,0,1,7672,7504,0,50033,50033,6500
72460310,70,1,1,3,0,1,7672,7504,0,50033,50033,6500
72460311,70,1,1,3,0,1,7672,7504,0,50033,50033,6500
72460312,70,1,1,3,0,1,7672,7504,0,50033,50033,6500
72460313,70,1,1,3,0,1,7672,7504,0,0,50033,6500
72460314,70,1,1,3,0,1,7672,7504,0,0,50033,6500
72460315,70,1,1,3,0,1,7672,7504,0,0,50033,6500
72460316,1,1,1,0,70,1,7672,7504,0,0,50033,172
72460317,1,1,1,0,70,1,7672,7504,0,0,0,172
72460318,1,1,1,0,70,1,7672,7504,0,0,0,0
72460319,1,1,1,0,70,1,7672,7504,0,0,0,0
72460320,1,1,1,0,70,1,7672,7504,0,0,0,0
72460321,1,1,1,0,70,1,7672,7504,3074,0,0,0
72460322,1,1,1,0,70,1,7672,7504,3074,0,0,0
72460323,1,1,1,0,70,1,7672,7504,0,0,0,0
72460324,1,1,1,0,70,1,7672,7504,0,0,0,0
72460325,1,1,1,0,70,1,7672,7504,0,0,0,0
72460326,1,1,1,0,70,1,7672,7504,0,300,300,0
72460327,1,1,1,0,70,1,7672,7504,0,300,300,0
72460328,1,1,1,0,70,1,7672,7504,0,300,300,0
72460329,1,1,1,0,70,1,7672,7504,0,300,300,0
72460330,1,1,1,0,70,1,7672,7504,0,0,300,0
72460331,1,1,1,0,70,1,7672,7504,0,0,300,0
72460332,1,1,1,0,70,1,7672,7504,0,0,300,0
72460333,300,1,1,3,70,1,7672,7504,0,0,300,0
72460334,300,1,1,3,70,1,7672,7504,0,0,0,0
72460335,300,1,1,3,70,1,7672,7504,0,0,0,2001
72460336,300,1,1,3,70,1,7672,7504,0,0,0,17042
72460337,300,1,1,3,70,1,7672,7504,0,0,0,17042
72460338,300,1,1,3,70,1,7672,7504,3042,0,0,0
72460339,300,1,1,3,70,1,7672,7504,3042,0,0,6000
72460340,300,1,1,3,70,1,7672,7504,0,0,0,6000
72460341,300,1,1,3,70,1,7672,7504,0,0,0,6000
72460342,300,1,1,3,70,1,7672,7504,0,0,0,6000
72460343,300,1,1,3,70,1,7672,7504,0,173005,173005,7730
72460344,300,1,1,3,70,1,7672,7504,0,173005,173005,7730
72460345,300,1,1,3,70,1,7672,7504,0,173005,173005,7730
72460346,300,1,1,3,70,1,7672,7504,0,173005,173005,7730
72460347,300,1,1,3,70,1,7672,7504,0,0,173005,7730
72460348,300,1,1,3,70,1,7672,7504,0,0,173005,7730
72460349,300,1,1,3,70,1,7672,7504,0,0,173005,7730
72460350,5,1,1,3,70,1,7672,7504,0,0,173005,0
72460351,5,1,1,3,70,1,7672,7504,0,0,0,0
72460352,5,1,1,3,70,1,7672,7504,0,0,0,2001
72460353,5,1,1,3,70,1,7672,7504,0,0,0,17043
72460354,5,1,1,3,70,1,7672,7504,0,0,0,17043
72460355,5,1,1,3,70,1,7672,7504,3043,0,0,0
72460356,5,1,1,3,70,1,7672,7504,3043,0,0,6000
72460357,5,1,1,3,70,1,7672,7504,0,0,0,6000
72460358,5,1,1,3,70,1,7672,7504,0,0,0,6000
72460359,5,1,1,3,70,1,7672,7504,0,0,0,6000
72460360,5,1,1,3,70,1,7672,7504,0,150415,150415,7504
72460361,5,1,1,3,70,1,7672,7504,0,150415,150415,7504
72460362,5,1,1,3,70,1,7672,7504,0,150415,150415,7504
72460363,5,1,1,3,70,1,7672,7504,0,150415,150415,7504
72460364,5,1,1,3,70,1,7672,7504,0,0,150415,7504
72460365,5,1,1,3,70,1,7672,7504,0,0,150415,7504
72460366,5,1,1,3,70,1,7672,7504,0,0,150415,7504
72460367,1,1,1,0,70,1,7672,7504,0,0,150415,657
72460368,1,1,1,0,70,1,7672,7504,0,0,1,657
72460369,1,1,1,0,70,1,7672,7504,0,0,1,326
72460370,1,1,1,0,70,1,7672,7504,0,0,1,326
72460371,1,1,1,0,70,1,7672,7504,0,0,1,326
72460372,1,1,1,0,70,1,7672,7504,0,0,1,327
72460373,1,1,1,0,70,1,7672,7504,0,0,1,327
72460374,1,1,1,0,70,1,7672,7504,0,0,1,330
72460375,1,1,1,0,70,1,7672,7504,0,0,1,660
72460376,1,1,1,0,70,1,7672,7504,0,0,1,660
72460377,1,1,1,0,70,1,7672,7504,0,0,1,660
72460378,1,1,1,0,70,1,7672,7504,0,0,1,3655
72460379,244,1,1,0,70,1,7672,7504,0,0,110244,3655
72460380,244,1,1,0,70,1,7672,7504,0,0,110244,3655
72460381,244,1,1,0,70,1,7672,7504,0,0,110244,474
72460382,244,1,1,0,70,110244,7672,7504,0,0,110244,474
72460383,244,1,1,0,70,110244,7672,7504,0,0,110244,474
72460384,244,1,1,0,70,110244,7672,7504,0,0,110244,475
72460385,305,1,1,3,70,110244,7672,7504,0,0,305,475
72460386,305,1,1,3,70,110244,7672,7504,0,0,305,476
72460387,305,1,1,3,70,110244,7672,7504,0,0,305,501
72460388,244,1,1,0,70,110244,7672,7504,0,0,110244,501
72460389,244,1,1,0,70,110244,7672,7504,0,0,110244,501
72460390,244,1,1,0,70,110244,7672,7504,0,0,110244,502
72460391,7,1,1,0,70,110244,7672,7504,0,0,7,502
72460392,7,1,1,0,70,110244,7672,7504,0,0,7,503
72460393,7,1,1,0,70,110244,7672,7504,0,0,7,503
72460394,300,1,1,0,70,300,7672,7504,0,0,300,503
72460395,300,1,1,0,70,300,7672,7504,0,0,300,504
72460396,300,1,1,0,70,300,7672,7504,0,0,300,511
72460397,3,1,1,0,70,300,7672,7504,0,0,3,511
72460398,3,1,1,0,70,300,7672,7504,0,0,3,511
72460399,3,1,1,0,70,300,7672,7504,0,0,3,3725
72460400,141,1,1,0,70,304,7672,7504,0,0,30141,3725
72460401,141,1,1,0,70,304,7672,7504,0,0,30141,3725
72460402,141,1,1,0,70,304,7672,7504,0,0,30141,476
72460403,70,0,1,0,70,30141,7672,7504,0,0,70,476
# MARK wr tick=72460403
72460404,70,0,1,0,70,30141,7672,7504,0,0,70,476
72491915,0,1,1,0,177777,140000,1147,15,0,0,0,1133
72491916,0,1,1,0,177777,140000,1147,15,0,0,0,1133
72491917,0,1,1,0,177777,140000,1147,15,0,0,0,1134
72491918,0,1,1,0,177777,0,1147,15,0,0,0,1134
72491919,0,1,1,0,177777,0,1147,15,0,0,0,1135
72491920,0,1,1,0,177777,0,1147,15,0,0,0,1140
72491921,0,1,1,0,177777,0,1147,15,0,0,0,1140
72491922,0,1,1,0,177777,0,1147,15,0,0,0,1140
72491923,0,1,1,0,177777,0,1147,15,0,0,0,1141
72491924,0,1,1,0,177777,0,1147,15,0,0,20000,1141
72491925,0,1,1,0,177777,0,1147,15,0,0,20000,1142
72491926,0,1,1,0,177777,0,1147,15,0,0,20000,1142
72491927,1,1,1,0,177777,20000,1147,15,0,0,1,1142
72491928,1,1,1,0,177777,20000,1147,15,0,0,1,1143
72491929,1,1,1,0,177777,20000,1147,15,0,0,1,1143
72491930,0,1,1,0,177777,20000,1147,15,0,0,140000,1143
72491931,0,1,1,0,177777,20000,1147,15,0,0,140000,1144
72491932,0,1,1,0,177777,20000,1147,15,0,0,140000,1144
72491933,1,1,1,0,177777,20000,1147,15,0,0,1,1144
72491934,1,1,1,0,177777,20000,1147,15,0,0,1,1145
72491935,1,1,1,0,177777,20000,1147,15,0,0,1,1145
72491936,150,1,1,0,177777,1,1147,15,0,0,150,1145
72491937,150,1,1,0,177777,1,1147,15,0,0,150,1146
72491938,150,1,1,0,177777,1,1147,15,0,0,150,1146
72491939,150,1,1,0,177777,1,1147,15,0,0,150,1146
72491940,150,1,1,0,177777,1,1147,15,0,0,150,1147
72491941,150,1,1,0,177777,1,1147,15,0,0,150,1147
72491942,1,1,1,0,177777,1,1147,15,0,0,20001,1147
72491943,1,1,1,0,177777,1,1147,15,0,0,20001,1150
72491944,1,1,1,0,177777,1,1147,15,0,0,20001,1150
72491945,7,1,1,0,177777,1,1147,15,0,0,7,1150
72491946,7,1,1,0,177777,1,1147,15,0,0,7,1151
72491947,7,1,1,0,177777,1,1147,15,0,0,7,1151
72491948,0,1,1,0,177777,1,1147,15,0,0,116400,1151
72491949,0,1,1,0,177777,1,1147,15,0,0,116400,1152
72491950,0,1,1,0,177777,1,1147,15,0,0,116400,1151
72491951,15,1,1,0,177777,1,1147,15,0,0,15,1151
72491952,15,1,1,0,177777,1,1147,15,0,0,15,1151
72491953,15,1,1,0,177777,1,1147,15,0,0,15,1151
72491954,15,1,1,0,177777,15,1147,15,0,0,15,1151
72491955,15,1,1,0,177777,15,1147,15,0,0,15,1151
72491956,15,1,1,0,177777,15,1147,15,0,0,15,1151
72491957,0,1,1,0,177777,15,1147,15,0,0,0,1151
72491958,0,1,1,0,177777,15,1147,15,0,0,0,1151
72491959,0,1,1,0,177777,15,1147,15,0,0,0,1151
72491960,377,1,1,0,177777,0,1147,15,0,0,177777,1151
72491961,377,1,1,0,177777,0,1147,15,0,0,177777,1151
72491962,377,1,1,0,177777,0,1147,15,0,0,177777,1151
72491963,54,1,1,0,177777,177777,1147,15,0,0,2454,1151
72491964,54,1,1,0,177777,177777,1147,15,0,0,2454,1151
72491965,54,1,1,0,177777,177777,1147,15,0,0,2454,1151
72491966,147,1,1,0,177777,2454,1147,15,0,0,1147,1151
72491967,147,1,1,0,177777,2454,1147,15,0,0,1147,1151
72491968,147,1,1,0,177777,2454,1147,15,0,0,1147,1151
72491969,7,1,1,0,177777,1147,1147,15,0,0,2407,1151
72491970,7,1,1,0,177777,1147,1147,15,0,0,2407,1151
72491971,7,1,1,0,177777,1147,1147,15,0,0,2407,1151
72491972,361,1,1,0,177777,2407,1147,15,0,0,12761,1151
72491973,361,1,1,0,177777,2407,1147,15,0,0,12761,1151
72491974,361,1,1,0,177777,2407,1147,15,0,0,12761,1152
72491975,0,1,1,0,177777,12761,1147,15,0,0,116400,1152
72491976,0,1,1,0,177777,12761,1147,15,0,0,116400,1153
72491977,0,1,1,0,177777,12761,1147,15,0,0,116400,1153
72491978,0,1,1,0,177777,116400,1147,15,0,0,170000,1153
72491979,0,1,1,0,177777,116400,1147,15,0,0,170000,1154
72491980,0,1,1,0,177777,116400,1147,15,0,0,170000,1154
72491981,0,1,1,0,177777,116400,1147,15,0,0,110000,1154
72491982,0,1,1,0,177777,116400,1147,15,0,0,110000,1155
72491983,0,1,1,0,177777,116400,1147,15,0,0,110000,1155
72491984,7,1,1,0,177777,116400,1147,15,0,0,7,1155
72491985,7,1,1,0,177777,116400,1147,15,0,0,7,1156
72491986,7,1,1,0,177777,116400,1147,15,0,0,7,1156
72491987,1,1,1,0,177777,116400,1147,15,0,0,20001,1156
72491988,1,1,1,0,177777,116400,1147,15,0,0,20001,1157
72491989,1,1,1,0,177777,116400,1147,15,0,0,20001,1156
72491990,104,1,1,0,177777,116400,1147,15,0,0,7504,1156
72491991,104,1,1,0,177777,116400,1147,15,0,0,7504,1156
72491992,104,1,1,0,177777,116400,1147,15,0,0,7504,1156
72491993,104,1,1,0,177777,116400,1147,7504,0,0,7504,1156
72491994,104,1,1,0,177777,116400,1147,7504,0,0,7504,1156
72491995,104,1,1,0,177777,116400,1147,7504,0,0,7504,1156
72491996,302,1,1,0,177777,116400,1147,7504,0,0,302,1156
72491997,302,1,1,0,177777,116400,1147,7504,0,0,302,1156
72491998,302,1,1,0,177777,116400,1147,7504,0,0,302,1156
72491999,0,1,1,0,177777,116400,1147,7504,0,0,0,1156
72492000,0,1,1,0,177777,116400,1147,7504,0,0,0,1156
72492001,0,1,1,0,177777,116400,1147,7504,0,0,0,1156
72492002,26,1,1,0,0,116400,1147,7504,0,0,3026,1156
72492003,26,1,1,0,0,116400,1147,7504,0,0,3026,1156
72492004,26,1,1,0,0,116400,1147,7504,0,0,3026,1156
72492005,272,1,1,0,0,116400,1147,7504,0,0,7672,1156
72492006,272,1,1,0,0,116400,1147,7504,0,0,7672,1156
72492007,272,1,1,0,0,116400,1147,7504,0,0,7672,1156
72492008,40,1,1,0,0,116400,7672,7504,0,0,3040,1156
72492009,40,1,1,0,0,116400,7672,7504,0,0,3040,1156
72492010,40,1,1,0,0,116400,7672,7504,0,0,3040,1156
72492011,272,1,1,0,0,116400,7672,7504,0,0,55672,1156
72492012,272,1,1,0,0,116400,7672,7504,0,0,55672,1156
72492013,272,1,1,0,0,116400,7672,7504,0,0,55672,1157
72492014,244,1,1,0,0,116400,7672,7504,0,0,110244,1157
72492015,244,1,1,0,0,116400,7672,7504,0,0,110244,1160
72492016,244,1,1,0,0,116400,7672,7504,0,0,110244,1160
72492017,0,1,1,3,0,116400,7672,7504,0,0,0,1160
72492018,0,1,1,3,0,116400,7672,7504,0,0,0,1161
72492019,0,1,1,3,0,116400,7672,7504,0,0,0,1076
72492020,244,1,1,0,0,116400,7672,7504,0,0,110244,1076
72492021,244,1,1,0,0,116400,7672,7504,0,0,110244,1076
72492022,244,1,1,0,0,116400,7672,7504,0,0,110244,0
72492023,0,1,1,3,0,116400,7672,7504,0,0,0,0
72492024,0,1,1,3,0,116400,7672,7504,0,0,0,0
72492025,0,1,1,3,0,116400,7672,7504,0,0,0,2001
72492026,0,1,1,3,0,116400,7672,7504,0,0,0,17040
72492027,0,1,1,3,0,116400,7672,7504,0,0,0,17040
72492028,0,1,1,3,0,116400,7672,7504,0,0,0,0
72492029,0,1,1,3,0,116400,7672,7504,0,0,0,0
72492030,0,1,1,3,0,116400,7672,7504,0,0,0,0
72492031,0,1,1,3,0,116400,7672,7504,3040,0,0,0
72492032,0,1,1,3,0,116400,7672,7504,3040,0,0,6000
72492033,0,1,1,3,0,116400,7672,7504,0,0,0,6000
72492034,0,1,1,3,0,116400,7672,7504,0,0,0,6000
72492035,0,1,1,3,0,116400,7672,7504,0,0,0,6000
72492036,0,1,1,3,0,116400,7672,7504,0,44035,44035,6440
72492037,0,1,1,3,0,116400,7672,7504,0,44035,44035,6440
72492038,0,1,1,3,0,116400,7672,7504,0,44035,44035,6440
72492039,0,1,1,3,0,116400,7672,7504,0,44035,44035,6440
72492040,0,1,1,3,0,116400,7672,7504,0,0,44035,6440
72492041,0,1,1,3,0,116400,7672,7504,0,0,44035,6440
72492042,0,1,1,3,0,116400,7672,7504,0,0,44035,6440
72492043,0,1,1,0,0,116400,7672,7504,0,0,44035,170
72492044,0,1,1,0,0,116400,7672,7504,0,0,0,170
72492045,0,1,1,0,0,116400,7672,7504,0,0,0,0
72492046,0,1,1,0,0,116400,7672,7504,0,0,0,0
72492047,0,1,1,0,0,116400,7672,7504,0,0,0,0
72492048,0,1,1,0,0,116400,7672,7504,3075,0,0,0
72492049,0,1,1,0,0,116400,7672,7504,3075,0,0,0
72492050,0,1,1,0,0,116400,7672,7504,0,0,0,0
72492051,0,1,1,0,0,116400,7672,7504,0,0,0,0
72492052,0,1,1,0,0,116400,7672,7504,0,0,0,0
72492053,0,1,1,0,0,116400,7672,7504,0,70,70,0
72492054,0,1,1,0,0,116400,7672,7504,0,70,70,0
72492055,0,1,1,0,0,116400,7672,7504,0,70,70,0
72492056,0,1,1,0,0,116400,7672,7504,0,70,70,0
72492057,0,1,1,0,0,116400,7672,7504,0,0,70,0
72492058,0,1,1,0,0,116400,7672,7504,0,0,70,0
72492059,0,1,1,0,0,116400,7672,7504,0,0,70,0
72492060,70,1,1,3,0,116400,7672,7504,0,0,70,0
72492061,70,1,1,3,0,116400,7672,7504,0,0,0,0
72492062,70,1,1,3,0,116400,7672,7504,0,0,0,2001
72492063,70,1,1,3,0,116400,7672,7504,0,0,0,17041
72492064,70,1,1,3,0,116400,7672,7504,0,0,0,17041
72492065,70,1,1,3,0,116400,7672,7504,3041,0,0,0
72492066,70,1,1,3,0,116400,7672,7504,3041,0,0,6000
72492067,70,1,1,3,0,116400,7672,7504,0,0,0,6000
72492068,70,1,1,3,0,116400,7672,7504,0,0,0,6000
72492069,70,1,1,3,0,116400,7672,7504,0,0,0,6000
72492070,70,1,1,3,0,116400,7672,7504,0,50033,50033,6500
72492071,70,1,1,3,0,116400,7672,7504,0,50033,50033,6500
72492072,70,1,1,3,0,116400,7672,7504,0,50033,50033,6500
72492073,70,1,1,3,0,116400,7672,7504,0,50033,50033,6500
72492074,70,1,1,3,0,116400,7672,7504,0,0,50033,6500
72492075,70,1,1,3,0,116400,7672,7504,0,0,50033,6500
72492076,70,1,1,3,0,116400,7672,7504,0,0,50033,6500
72492077,0,1,1,0,70,116400,7672,7504,0,0,50033,172
72492078,0,1,1,0,70,116400,7672,7504,0,0,0,172
72492079,0,1,1,0,70,116400,7672,7504,0,0,0,0
72492080,0,1,1,0,70,116400,7672,7504,0,0,0,0
72492081,0,1,1,0,70,116400,7672,7504,0,0,0,0
72492082,0,1,1,0,70,116400,7672,7504,3074,0,0,0
72492083,0,1,1,0,70,116400,7672,7504,3074,0,0,0
72492084,0,1,1,0,70,116400,7672,7504,0,0,0,0
72492085,0,1,1,0,70,116400,7672,7504,0,0,0,0
72492086,0,1,1,0,70,116400,7672,7504,0,0,0,0
72492087,0,1,1,0,70,116400,7672,7504,0,300,300,0
72492088,0,1,1,0,70,116400,7672,7504,0,300,300,0
72492089,0,1,1,0,70,116400,7672,7504,0,300,300,0
72492090,0,1,1,0,70,116400,7672,7504,0,300,300,0
72492091,0,1,1,0,70,116400,7672,7504,0,0,300,0
72492092,0,1,1,0,70,116400,7672,7504,0,0,300,0
72492093,0,1,1,0,70,116400,7672,7504,0,0,300,0
72492094,300,1,1,3,70,116400,7672,7504,0,0,300,0
72492095,300,1,1,3,70,116400,7672,7504,0,0,0,0
72492096,300,1,1,3,70,116400,7672,7504,0,0,0,2001
72492097,300,1,1,3,70,116400,7672,7504,0,0,0,17042
72492098,300,1,1,3,70,116400,7672,7504,0,0,0,17042
72492099,300,1,1,3,70,116400,7672,7504,3042,0,0,0
72492100,300,1,1,3,70,116400,7672,7504,3042,0,0,6000
72492101,300,1,1,3,70,116400,7672,7504,0,0,0,6000
72492102,300,1,1,3,70,116400,7672,7504,0,0,0,6000
72492103,300,1,1,3,70,116400,7672,7504,0,0,0,6000
72492104,300,1,1,3,70,116400,7672,7504,0,173005,173005,7730
72492105,300,1,1,3,70,116400,7672,7504,0,173005,173005,7730
72492106,300,1,1,3,70,116400,7672,7504,0,173005,173005,7730
72492107,300,1,1,3,70,116400,7672,7504,0,173005,173005,7730
72492108,300,1,1,3,70,116400,7672,7504,0,0,173005,7730
72492109,300,1,1,3,70,116400,7672,7504,0,0,173005,7730
72492110,300,1,1,3,70,116400,7672,7504,0,0,173005,7730
72492111,5,1,1,3,70,116400,7672,7504,0,0,173005,0
72492112,5,1,1,3,70,116400,7672,7504,0,0,0,0
72492113,5,1,1,3,70,116400,7672,7504,0,0,0,2001
72492114,5,1,1,3,70,116400,7672,7504,0,0,0,17043
72492115,5,1,1,3,70,116400,7672,7504,0,0,0,17043
72492116,5,1,1,3,70,116400,7672,7504,3043,0,0,0
72492117,5,1,1,3,70,116400,7672,7504,3043,0,0,6000
72492118,5,1,1,3,70,116400,7672,7504,0,0,0,6000
72492119,5,1,1,3,70,116400,7672,7504,0,0,0,6000
72492120,5,1,1,3,70,116400,7672,7504,0,0,0,6000
72492121,5,1,1,3,70,116400,7672,7504,0,150415,150415,7504
72492122,5,1,1,3,70,116400,7672,7504,0,150415,150415,7504
72492123,5,1,1,3,70,116400,7672,7504,0,150415,150415,7504
72492124,5,1,1,3,70,116400,7672,7504,0,150415,150415,7504
72492125,5,1,1,3,70,116400,7672,7504,0,0,150415,7504
72492126,5,1,1,3,70,116400,7672,7504,0,0,150415,7504
72492127,5,1,1,3,70,116400,7672,7504,0,0,150415,7504
72492128,0,1,1,0,70,116400,7672,7504,0,0,156415,657
72492129,0,1,1,0,70,116400,7672,7504,0,0,116400,657
72492130,0,1,1,0,70,116400,7672,7504,0,0,116400,326
72492131,0,1,1,0,70,116400,7672,7504,0,0,116400,326
72492132,0,1,1,0,70,116400,7672,7504,0,0,116400,326
72492133,0,1,1,0,70,116400,7672,7504,0,0,116400,327
72492134,0,1,1,0,70,116400,7672,7504,0,0,116400,327
72492135,0,1,1,0,70,116400,7672,7504,0,0,116400,330
72492136,0,1,1,0,70,116400,7672,7504,0,0,116400,660
72492137,0,1,1,0,70,116400,7672,7504,0,0,116400,660
72492138,0,1,1,0,70,116400,7672,7504,0,0,116400,660
72492139,0,1,1,0,70,116400,7672,7504,0,0,116400,3655
72492140,244,1,1,0,70,116400,7672,7504,0,0,110244,3655
72492141,244,1,1,0,70,116400,7672,7504,0,0,110244,3655
72492142,244,1,1,0,70,116400,7672,7504,0,0,110244,474
72492143,244,1,1,0,70,110244,7672,7504,0,0,110244,474
72492144,244,1,1,0,70,110244,7672,7504,0,0,110244,474
72492145,244,1,1,0,70,110244,7672,7504,0,0,110244,475
72492146,305,1,1,3,70,110244,7672,7504,0,0,305,475
72492147,305,1,1,3,70,110244,7672,7504,0,0,305,476
72492148,305,1,1,3,70,110244,7672,7504,0,0,305,501
72492149,244,1,1,0,70,110244,7672,7504,0,0,110244,501
72492150,244,1,1,0,70,110244,7672,7504,0,0,110244,501
72492151,244,1,1,0,70,110244,7672,7504,0,0,110244,502
72492152,7,1,1,0,70,110244,7672,7504,0,0,7,502
72492153,7,1,1,0,70,110244,7672,7504,0,0,7,503
72492154,7,1,1,0,70,110244,7672,7504,0,0,7,503
72492155,300,1,1,0,70,300,7672,7504,0,0,300,503
72492156,300,1,1,0,70,300,7672,7504,0,0,300,504
72492157,300,1,1,0,70,300,7672,7504,0,0,300,511
72492158,3,1,1,0,70,300,7672,7504,0,0,3,511
72492159,3,1,1,0,70,300,7672,7504,0,0,3,511
72492160,3,1,1,0,70,300,7672,7504,0,0,3,3725
72492161,141,1,1,0,70,304,7672,7504,0,0,30141,3725
72492162,141,1,1,0,70,304,7672,7504,0,0,30141,3725
72492163,141,1,1,0,70,304,7672,7504,0,0,30141,476
72492164,70,0,1,0,70,30141,7672,7504,0,0,70,476
# MARK wr tick=72492164
72492165,70,0,1,0,70,30141,7672,7504,0,0,70,476
72518047,244,1,1,0,0,10244,7672,7504,0,0,10244,326
72518048,244,1,1,0,0,10244,7672,7504,0,0,10244,327
72518049,244,1,1,0,0,10244,7672,7504,0,0,10244,327
72518050,244,1,1,0,0,10244,7672,7504,0,0,10244,330
72518051,244,1,1,0,0,10244,7672,7504,0,0,10244,660
72518052,244,1,1,0,0,10244,7672,7504,0,0,10244,660
72518053,244,1,1,0,0,10244,7672,7504,0,0,10244,660
72518054,244,1,1,0,0,10244,7672,7504,0,0,10244,3642
72518055,244,1,1,0,0,10244,7672,7504,0,0,10244,3642
72518056,244,1,1,0,0,10244,7672,7504,0,0,10244,3642
72518057,244,1,1,0,0,10244,7672,7504,0,0,10244,663
72518058,0,1,1,0,0,10244,7672,7504,0,0,100000,663
72518059,0,1,1,0,0,10244,7672,7504,0,0,100000,663
72518060,0,1,1,0,0,10244,7672,7504,0,0,100000,664
72518061,244,1,1,0,0,110244,7672,7504,0,0,110244,664
72518062,244,1,1,0,0,110244,7672,7504,0,0,110244,665
72518063,244,1,1,0,0,110244,7672,7504,0,0,110244,665
72518064,244,1,1,0,0,110244,7672,7504,0,0,110244,665
72518065,244,1,1,0,0,110244,7672,7504,0,0,110244,666
72518066,244,1,1,0,0,110244,7672,7504,0,0,110244,1112
72518067,245,1,1,0,0,110244,7672,7504,0,0,130245,1112
72518068,245,1,1,0,0,110244,7672,7504,0,0,130245,1112
72518069,245,1,1,0,0,110244,7672,7504,0,0,130245,1113
72518070,245,1,1,0,0,110244,7672,7504,0,0,130245,1113
72518071,245,1,1,0,0,110244,7672,7504,0,0,130245,1113
72518072,245,1,1,0,0,110244,7672,7504,0,0,130245,1113
72518073,245,1,1,0,0,110244,7672,7504,0,0,130245,1113
72518074,245,1,1,0,0,110244,7672,7504,0,0,130245,1113
72518075,244,1,1,0,0,110244,7672,7504,0,0,110244,1113
72518076,244,1,1,0,0,110244,7672,7504,0,0,110244,1114
72518077,244,1,1,0,0,110244,7672,7504,0,0,110244,1114
72518078,10,1,1,0,0,110244,7672,7504,0,0,10,1114
72518079,10,1,1,0,0,110244,7672,7504,0,0,10,1115
72518080,10,1,1,0,0,110244,7672,7504,0,0,10,1115
72518081,10,1,1,0,0,110244,7672,7504,0,0,10,1115
72518082,10,1,1,0,0,110244,7672,7504,0,0,10,1115
72518083,10,1,1,0,0,110244,7672,7504,0,0,10,1115
72518084,10,1,1,0,0,110244,7672,7504,0,0,10,1115
72518085,10,1,1,0,0,110244,7672,7504,0,0,10,1115
72518086,0,1,1,0,0,110244,7672,7504,0,0,0,1115
72518087,0,1,1,0,0,110244,7672,7504,0,0,0,1116
72518088,0,1,1,0,0,110244,7672,7504,0,0,0,1116
72518089,244,1,1,0,0,0,7672,7504,0,0,110244,1116
72518090,244,1,1,0,0,0,7672,7504,0,0,110244,666
72518091,244,1,1,0,0,0,7672,7504,0,0,110244,1117
72518092,1,1,1,0,0,0,7672,7504,0,0,60001,1117
72518093,1,1,1,0,0,0,7672,7504,0,0,60001,1120
72518094,1,1,1,0,0,0,7672,7504,0,0,60001,1120
72518095,13,1,1,0,0,0,7672,7504,0,0,100013,1120
72518096,13,1,1,0,0,0,7672,7504,0,0,100013,1121
72518097,13,1,1,0,0,0,7672,7504,0,0,100013,1120
72518098,0,1,1,0,0,100013,7672,7504,0,0,0,1120
72518099,0,1,1,0,0,100013,7672,7504,0,0,0,1120
72518100,0,1,1,0,0,100013,7672,7504,0,0,0,1120
72518101,1,1,1,0,0,26,7672,7504,0,0,1,1120
72518102,1,1,1,0,0,26,7672,7504,0,0,1,1120
72518103,1,1,1,0,0,26,7672,7504,0,0,1,1120
72518104,2,1,1,0,0,54,7672,7504,0,0,2,1120
72518105,2,1,1,0,0,54,7672,7504,0,0,2,1120
72518106,2,1,1,0,0,54,7672,7504,0,0,2,1120
72518107,4,1,1,0,0,130,7672,7504,0,0,4,1120
72518108,4,1,1,0,0,130,7672,7504,0,0,4,1120
72518109,4,1,1,0,0,130,7672,7504,0,0,4,1120
72518110,10,1,1,0,0,260,7672,7504,0,0,10,1120
72518111,10,1,1,0,0,260,7672,7504,0,0,10,1120
72518112,10,1,1,0,0,260,7672,7504,0,0,10,1120
72518113,20,1,1,0,0,540,7672,7504,0,0,20,1120
72518114,20,1,1,0,0,540,7672,7504,0,0,20,1120
72518115,20,1,1,0,0,540,7672,7504,0,0,20,1120
72518116,40,1,1,0,0,1300,7672,7504,0,0,40,1120
72518117,40,1,1,0,0,1300,7672,7504,0,0,40,1120
72518118,40,1,1,0,0,1300,7672,7504,0,0,40,1120
72518119,100,1,1,0,0,2600,7672,7504,0,0,100,1120
72518120,100,1,1,0,0,2600,7672,7504,0,0,100,1120
72518121,100,1,1,0,0,2600,7672,7504,0,0,100,1120
72518122,200,1,1,0,0,5400,7672,7504,0,0,200,1120
72518123,200,1,1,0,0,5400,7672,7504,0,0,200,1120
72518124,200,1,1,0,0,5400,7672,7504,0,0,200,1120
72518125,0,1,1,0,0,13000,7672,7504,0,0,400,1120
72518126,0,1,1,0,0,13000,7672,7504,0,0,400,1120
72518127,0,1,1,0,0,13000,7672,7504,0,0,400,1120
72518128,0,1,1,0,0,26000,7672,7504,0,0,1000,1120
72518129,0,1,1,0,0,26000,7672,7504,0,0,1000,1120
72518130,0,1,1,0,0,26000,7672,7504,0,0,1000,1120
72518131,0,1,1,0,0,54000,7672,7504,0,0,2000,1120
72518132,0,1,1,0,0,54000,7672,7504,0,0,2000,1120
72518133,0,1,1,0,0,54000,7672,7504,0,0,2000,1120
72518134,0,1,1,0,0,130000,7672,7504,0,0,4000,1120
72518135,0,1,1,0,0,130000,7672,7504,0,0,4000,1120
72518136,0,1,1,0,0,130000,7672,7504,0,0,4000,1121
72518137,1,1,1,0,0,60000,7672,7504,0,0,10001,1121
72518138,1,1,1,0,0,60000,7672,7504,0,0,10001,1122
72518139,1,1,1,0,0,60000,7672,7504,0,0,10001,1133
72518140,0,1,1,0,0,140000,7672,7504,0,0,0,1133
72518141,0,1,1,0,0,140000,7672,7504,0,0,0,1133
72518142,0,1,1,0,0,140000,7672,7504,0,0,0,1134
72518143,0,1,1,0,0,0,7672,7504,0,0,0,1134
72518144,0,1,1,0,0,0,7672,7504,0,0,0,1135
72518145,0,1,1,0,0,0,7672,7504,0,0,0,1140
72518146,0,1,1,0,0,0,7672,7504,0,0,0,1140
72518147,0,1,1,0,0,0,7672,7504,0,0,0,1140
72518148,0,1,1,0,0,0,7672,7504,0,0,0,1141
72518149,1,1,1,0,0,0,7672,7504,0,0,1,1141
72518150,1,1,1,0,0,0,7672,7504,0,0,1,1142
72518151,1,1,1,0,0,0,7672,7504,0,0,1,1142
72518152,1,1,1,0,0,1,7672,7504,0,0,1,1142
72518153,1,1,1,0,0,1,7672,7504,0,0,1,1143
72518154,1,1,1,0,0,1,7672,7504,0,0,1,666
72518155,0,1,1,0,0,1,7672,7504,0,0,140000,666
72518156,0,1,1,0,0,1,7672,7504,0,0,140000,666
72518157,0,1,1,0,0,1,7672,7504,0,0,140000,0
72518158,0,1,1,3,0,1,7672,7504,0,0,0,0
72518159,0,1,1,3,0,1,7672,7504,0,0,0,0
72518160,0,1,1,3,0,1,7672,7504,0,0,0,2001
72518161,0,1,1,3,0,1,7672,7504,0,0,0,17040
72518162,0,1,1,3,0,1,7672,7504,0,0,0,17040
72518163,0,1,1,3,0,1,7672,7504,3040,0,0,0
72518164,0,1,1,3,0,1,7672,7504,3040,0,0,6000
72518165,0,1,1,3,0,1,7672,7504,0,0,0,6000
72518166,0,1,1,3,0,1,7672,7504,0,0,0,6000
72518167,0,1,1,3,0,1,7672,7504,0,0,0,6000
72518168,0,1,1,3,0,1,7672,7504,0,44035,44035,6440
72518169,0,1,1,3,0,1,7672,7504,0,44035,44035,6440
72518170,0,1,1,3,0,1,7672,7504,0,44035,44035,6440
72518171,0,1,1,3,0,1,7672,7504,0,44035,44035,6440
72518172,0,1,1,3,0,1,7672,7504,0,0,44035,6440
72518173,0,1,1,3,0,1,7672,7504,0,0,44035,6440
72518174,0,1,1,3,0,1,7672,7504,0,0,44035,6440
72518175,1,1,1,0,0,1,7672,7504,0,0,44035,170
72518176,1,1,1,0,0,1,7672,7504,0,0,0,170
72518177,1,1,1,0,0,1,7672,7504,0,0,0,0
72518178,1,1,1,0,0,1,7672,7504,0,0,0,0
72518179,1,1,1,0,0,1,7672,7504,0,0,0,0
72518180,1,1,1,0,0,1,7672,7504,3075,0,0,0
72518181,1,1,1,0,0,1,7672,7504,3075,0,0,0
72518182,1,1,1,0,0,1,7672,7504,0,0,0,0
72518183,1,1,1,0,0,1,7672,7504,0,0,0,0
72518184,1,1,1,0,0,1,7672,7504,0,0,0,0
72518185,1,1,1,0,0,1,7672,7504,0,55,55,0
72518186,1,1,1,0,0,1,7672,7504,0,55,55,0
72518187,1,1,1,0,0,1,7672,7504,0,55,55,0
72518188,1,1,1,0,0,1,7672,7504,0,55,55,0
72518189,1,1,1,0,0,1,7672,7504,0,0,55,0
72518190,1,1,1,0,0,1,7672,7504,0,0,55,0
72518191,1,1,1,0,0,1,7672,7504,0,0,55,0
72518192,55,1,1,3,0,1,7672,7504,0,0,55,0
72518193,55,1,1,3,0,1,7672,7504,0,0,0,0
72518194,55,1,1,3,0,1,7672,7504,0,0,0,2001
72518195,55,1,1,3,0,1,7672,7504,0,0,0,17041
72518196,55,1,1,3,0,1,7672,7504,0,0,0,17041
72518197,55,1,1,3,0,1,7672,7504,3041,0,0,0
72518198,55,1,1,3,0,1,7672,7504,3041,0,0,6000
72518199,55,1,1,3,0,1,7672,7504,0,0,0,6000
72518200,55,1,1,3,0,1,7672,7504,0,0,0,6000
72518201,55,1,1,3,0,1,7672,7504,0,0,0,6000
72518202,55,1,1,3,0,1,7672,7504,0,50033,50033,6500
72518203,55,1,1,3,0,1,7672,7504,0,50033,50033,6500
72518204,55,1,1,3,0,1,7672,7504,0,50033,50033,6500
72518205,55,1,1,3,0,1,7672,7504,0,50033,50033,6500
72518206,55,1,1,3,0,1,7672,7504,0,0,50033,6500
72518207,55,1,1,3,0,1,7672,7504,0,0,50033,6500
72518208,55,1,1,3,0,1,7672,7504,0,0,50033,6500
72518209,1,1,1,0,55,1,7672,7504,0,0,50033,172
72518210,1,1,1,0,55,1,7672,7504,0,0,0,172
72518211,1,1,1,0,55,1,7672,7504,0,0,0,0
72518212,1,1,1,0,55,1,7672,7504,0,0,0,0
72518213,1,1,1,0,55,1,7672,7504,0,0,0,0
72518214,1,1,1,0,55,1,7672,7504,3074,0,0,0
72518215,1,1,1,0,55,1,7672,7504,3074,0,0,0
72518216,1,1,1,0,55,1,7672,7504,0,0,0,0
72518217,1,1,1,0,55,1,7672,7504,0,0,0,0
72518218,1,1,1,0,55,1,7672,7504,0,0,0,0
72518219,1,1,1,0,55,1,7672,7504,0,300,300,0
72518220,1,1,1,0,55,1,7672,7504,0,300,300,0
72518221,1,1,1,0,55,1,7672,7504,0,300,300,0
72518222,1,1,1,0,55,1,7672,7504,0,300,300,0
72518223,1,1,1,0,55,1,7672,7504,0,0,300,0
72518224,1,1,1,0,55,1,7672,7504,0,0,300,0
72518225,1,1,1,0,55,1,7672,7504,0,0,300,0
72518226,300,1,1,3,55,1,7672,7504,0,0,300,0
72518227,300,1,1,3,55,1,7672,7504,0,0,0,0
72518228,300,1,1,3,55,1,7672,7504,0,0,0,2001
72518229,300,1,1,3,55,1,7672,7504,0,0,0,17042
72518230,300,1,1,3,55,1,7672,7504,0,0,0,17042
72518231,300,1,1,3,55,1,7672,7504,3042,0,0,0
72518232,300,1,1,3,55,1,7672,7504,3042,0,0,6000
72518233,300,1,1,3,55,1,7672,7504,0,0,0,6000
72518234,300,1,1,3,55,1,7672,7504,0,0,0,6000
72518235,300,1,1,3,55,1,7672,7504,0,0,0,6000
72518236,300,1,1,3,55,1,7672,7504,0,173005,173005,7730
72518237,300,1,1,3,55,1,7672,7504,0,173005,173005,7730
72518238,300,1,1,3,55,1,7672,7504,0,173005,173005,7730
72518239,300,1,1,3,55,1,7672,7504,0,173005,173005,7730
72518240,300,1,1,3,55,1,7672,7504,0,0,173005,7730
72518241,300,1,1,3,55,1,7672,7504,0,0,173005,7730
72518242,300,1,1,3,55,1,7672,7504,0,0,173005,7730
72518243,5,1,1,3,55,1,7672,7504,0,0,173005,0
72518244,5,1,1,3,55,1,7672,7504,0,0,0,0
72518245,5,1,1,3,55,1,7672,7504,0,0,0,2001
72518246,5,1,1,3,55,1,7672,7504,0,0,0,17043
72518247,5,1,1,3,55,1,7672,7504,0,0,0,17043
72518248,5,1,1,3,55,1,7672,7504,3043,0,0,0
72518249,5,1,1,3,55,1,7672,7504,3043,0,0,6000
72518250,5,1,1,3,55,1,7672,7504,0,0,0,6000
72518251,5,1,1,3,55,1,7672,7504,0,0,0,6000
72518252,5,1,1,3,55,1,7672,7504,0,0,0,6000
72518253,5,1,1,3,55,1,7672,7504,0,150415,150415,7504
72518254,5,1,1,3,55,1,7672,7504,0,150415,150415,7504
72518255,5,1,1,3,55,1,7672,7504,0,150415,150415,7504
72518256,5,1,1,3,55,1,7672,7504,0,150415,150415,7504
72518257,5,1,1,3,55,1,7672,7504,0,0,150415,7504
72518258,5,1,1,3,55,1,7672,7504,0,0,150415,7504
72518259,5,1,1,3,55,1,7672,7504,0,0,150415,7504
72518260,1,1,1,0,55,1,7672,7504,0,0,150415,657
72518261,1,1,1,0,55,1,7672,7504,0,0,1,657
72518262,1,1,1,0,55,1,7672,7504,0,0,1,326
72518263,1,1,1,0,55,1,7672,7504,0,0,1,326
72518264,1,1,1,0,55,1,7672,7504,0,0,1,326
72518265,1,1,1,0,55,1,7672,7504,0,0,1,327
72518266,1,1,1,0,55,1,7672,7504,0,0,1,327
72518267,1,1,1,0,55,1,7672,7504,0,0,1,330
72518268,1,1,1,0,55,1,7672,7504,0,0,1,660
72518269,1,1,1,0,55,1,7672,7504,0,0,1,660
72518270,1,1,1,0,55,1,7672,7504,0,0,1,660
72518271,1,1,1,0,55,1,7672,7504,0,0,1,3655
72518272,244,1,1,0,55,1,7672,7504,0,0,110244,3655
72518273,244,1,1,0,55,1,7672,7504,0,0,110244,3655
72518274,244,1,1,0,55,1,7672,7504,0,0,110244,474
72518275,244,1,1,0,55,110244,7672,7504,0,0,110244,474
72518276,244,1,1,0,55,110244,7672,7504,0,0,110244,474
72518277,244,1,1,0,55,110244,7672,7504,0,0,110244,475
72518278,305,1,1,3,55,110244,7672,7504,0,0,305,475
72518279,305,1,1,3,55,110244,7672,7504,0,0,305,476
72518280,305,1,1,3,55,110244,7672,7504,0,0,305,501
72518281,244,1,1,0,55,110244,7672,7504,0,0,110244,501
72518282,244,1,1,0,55,110244,7672,7504,0,0,110244,501
72518283,244,1,1,0,55,110244,7672,7504,0,0,110244,502
72518284,7,1,1,0,55,110244,7672,7504,0,0,7,502
72518285,7,1,1,0,55,110244,7672,7504,0,0,7,503
72518286,7,1,1,0,55,110244,7672,7504,0,0,7,503
72518287,300,1,1,0,55,300,7672,7504,0,0,300,503
72518288,300,1,1,0,55,300,7672,7504,0,0,300,504
72518289,300,1,1,0,55,300,7672,7504,0,0,300,511
72518290,3,1,1,0,55,300,7672,7504,0,0,3,511
72518291,3,1,1,0,55,300,7672,7504,0,0,3,511
72518292,3,1,1,0,55,300,7672,7504,0,0,3,3725
72518293,141,1,1,0,55,304,7672,7504,0,0,30141,3725
72518294,141,1,1,0,55,304,7672,7504,0,0,30141,3725
72518295,141,1,1,0,55,304,7672,7504,0,0,30141,476
72518296,55,0,1,0,55,30141,7672,7504,0,0,55,476
# MARK wr tick=72518296
72518297,55,0,1,0,55,30141,7672,7504,0,0,55,476
72549785,1,1,1,0,177777,60000,1147,15,0,0,10001,1121
72549786,1,1,1,0,177777,60000,1147,15,0,0,10001,1122
72549787,1,1,1,0,177777,60000,1147,15,0,0,10001,1133
72549788,0,1,1,0,177777,140000,1147,15,0,0,0,1133
72549789,0,1,1,0,177777,140000,1147,15,0,0,0,1133
72549790,0,1,1,0,177777,140000,1147,15,0,0,0,1134
72549791,0,1,1,0,177777,0,1147,15,0,0,0,1134
72549792,0,1,1,0,177777,0,1147,15,0,0,0,1135
72549793,0,1,1,0,177777,0,1147,15,0,0,0,1140
72549794,0,1,1,0,177777,0,1147,15,0,0,0,1140
72549795,0,1,1,0,177777,0,1147,15,0,0,0,1140
72549796,0,1,1,0,177777,0,1147,15,0,0,0,1141
72549797,0,1,1,0,177777,0,1147,15,0,0,20000,1141
72549798,0,1,1,0,177777,0,1147,15,0,0,20000,1142
72549799,0,1,1,0,177777,0,1147,15,0,0,20000,1142
72549800,1,1,1,0,177777,20000,1147,15,0,0,1,1142
72549801,1,1,1,0,177777,20000,1147,15,0,0,1,1143
72549802,1,1,1,0,177777,20000,1147,15,0,0,1,1143
72549803,0,1,1,0,177777,20000,1147,15,0,0,140000,1143
72549804,0,1,1,0,177777,20000,1147,15,0,0,140000,1144
72549805,0,1,1,0,177777,20000,1147,15,0,0,140000,1144
72549806,1,1,1,0,177777,20000,1147,15,0,0,1,1144
72549807,1,1,1,0,177777,20000,1147,15,0,0,1,1145
72549808,1,1,1,0,177777,20000,1147,15,0,0,1,1145
72549809,150,1,1,0,177777,1,1147,15,0,0,150,1145
72549810,150,1,1,0,177777,1,1147,15,0,0,150,1146
72549811,150,1,1,0,177777,1,1147,15,0,0,150,1146
72549812,150,1,1,0,177777,1,1147,15,0,0,150,1146
72549813,150,1,1,0,177777,1,1147,15,0,0,150,1147
72549814,150,1,1,0,177777,1,1147,15,0,0,150,1147
72549815,1,1,1,0,177777,1,1147,15,0,0,20001,1147
72549816,1,1,1,0,177777,1,1147,15,0,0,20001,1150
72549817,1,1,1,0,177777,1,1147,15,0,0,20001,1150
72549818,7,1,1,0,177777,1,1147,15,0,0,7,1150
72549819,7,1,1,0,177777,1,1147,15,0,0,7,1151
72549820,7,1,1,0,177777,1,1147,15,0,0,7,1151
72549821,0,1,1,0,177777,1,1147,15,0,0,116400,1151
72549822,0,1,1,0,177777,1,1147,15,0,0,116400,1152
72549823,0,1,1,0,177777,1,1147,15,0,0,116400,1151
72549824,15,1,1,0,177777,1,1147,15,0,0,15,1151
72549825,15,1,1,0,177777,1,1147,15,0,0,15,1151
72549826,15,1,1,0,177777,1,1147,15,0,0,15,1151
72549827,15,1,1,0,177777,15,1147,15,0,0,15,1151
72549828,15,1,1,0,177777,15,1147,15,0,0,15,1151
72549829,15,1,1,0,177777,15,1147,15,0,0,15,1151
72549830,0,1,1,0,177777,15,1147,15,0,0,0,1151
72549831,0,1,1,0,177777,15,1147,15,0,0,0,1151
72549832,0,1,1,0,177777,15,1147,15,0,0,0,1151
72549833,377,1,1,0,177777,0,1147,15,0,0,177777,1151
72549834,377,1,1,0,177777,0,1147,15,0,0,177777,1151
72549835,377,1,1,0,177777,0,1147,15,0,0,177777,1151
72549836,54,1,1,0,177777,177777,1147,15,0,0,2454,1151
72549837,54,1,1,0,177777,177777,1147,15,0,0,2454,1151
72549838,54,1,1,0,177777,177777,1147,15,0,0,2454,1151
72549839,147,1,1,0,177777,2454,1147,15,0,0,1147,1151
72549840,147,1,1,0,177777,2454,1147,15,0,0,1147,1151
72549841,147,1,1,0,177777,2454,1147,15,0,0,1147,1151
72549842,7,1,1,0,177777,1147,1147,15,0,0,2407,1151
72549843,7,1,1,0,177777,1147,1147,15,0,0,2407,1151
72549844,7,1,1,0,177777,1147,1147,15,0,0,2407,1151
72549845,377,1,1,0,177777,2407,1147,15,0,0,12777,1151
72549846,377,1,1,0,177777,2407,1147,15,0,0,12777,1151
72549847,370,1,1,0,177777,2407,1147,15,0,0,12770,1152
72549848,0,1,1,0,177777,12770,1147,15,0,0,116400,1152
72549849,0,1,1,0,177777,12770,1147,15,0,0,116400,1153
72549850,0,1,1,0,177777,12770,1147,15,0,0,116400,1153
72549851,0,1,1,0,177777,116400,1147,15,0,0,170000,1153
72549852,0,1,1,0,177777,116400,1147,15,0,0,170000,1154
72549853,0,1,1,0,177777,116400,1147,15,0,0,170000,1154
72549854,0,1,1,0,177777,116400,1147,15,0,0,110000,1154
72549855,0,1,1,0,177777,116400,1147,15,0,0,110000,1155
72549856,0,1,1,0,177777,116400,1147,15,0,0,110000,1155
72549857,7,1,1,0,177777,116400,1147,15,0,0,7,1155
72549858,7,1,1,0,177777,116400,1147,15,0,0,7,1156
72549859,7,1,1,0,177777,116400,1147,15,0,0,7,1156
72549860,1,1,1,0,177777,116400,1147,15,0,0,20001,1156
72549861,1,1,1,0,177777,116400,1147,15,0,0,20001,1157
72549862,1,1,1,0,177777,116400,1147,15,0,0,20001,1156
72549863,104,1,1,0,177777,116400,1147,15,0,0,7504,1156
72549864,104,1,1,0,177777,116400,1147,15,0,0,7504,1156
72549865,104,1,1,0,177777,116400,1147,15,0,0,7504,1156
72549866,104,1,1,0,177777,116400,1147,7504,0,0,7504,1156
72549867,104,1,1,0,177777,116400,1147,7504,0,0,7504,1156
72549868,104,1,1,0,177777,116400,1147,7504,0,0,7504,1156
72549869,302,1,1,0,177777,116400,1147,7504,0,0,302,1156
72549870,302,1,1,0,177777,116400,1147,7504,0,0,302,1156
72549871,302,1,1,0,177777,116400,1147,7504,0,0,302,1156
72549872,0,1,1,0,177777,116400,1147,7504,0,0,0,1156
72549873,0,1,1,0,177777,116400,1147,7504,0,0,0,1156
72549874,0,1,1,0,177777,116400,1147,7504,0,0,0,1156
72549875,26,1,1,0,0,116400,1147,7504,0,0,3026,1156
72549876,26,1,1,0,0,116400,1147,7504,0,0,3026,1156
72549877,26,1,1,0,0,116400,1147,7504,0,0,3026,1156
72549878,272,1,1,0,0,116400,1147,7504,0,0,7672,1156
72549879,272,1,1,0,0,116400,1147,7504,0,0,7672,1156
72549880,272,1,1,0,0,116400,1147,7504,0,0,7672,1156
72549881,40,1,1,0,0,116400,7672,7504,0,0,3040,1156
72549882,40,1,1,0,0,116400,7672,7504,0,0,3040,1156
72549883,40,1,1,0,0,116400,7672,7504,0,0,3040,1156
72549884,272,1,1,0,0,116400,7672,7504,0,0,55672,1156
72549885,272,1,1,0,0,116400,7672,7504,0,0,55672,1156
72549886,272,1,1,0,0,116400,7672,7504,0,0,55672,1157
72549887,244,1,1,0,0,116400,7672,7504,0,0,110244,1157
72549888,244,1,1,0,0,116400,7672,7504,0,0,110244,1160
72549889,244,1,1,0,0,116400,7672,7504,0,0,110244,1160
72549890,0,1,1,3,0,116400,7672,7504,0,0,0,1160
72549891,0,1,1,3,0,116400,7672,7504,0,0,0,1161
72549892,0,1,1,3,0,116400,7672,7504,0,0,0,1076
72549893,244,1,1,0,0,116400,7672,7504,0,0,110244,1076
72549894,244,1,1,0,0,116400,7672,7504,0,0,110244,1076
72549895,244,1,1,0,0,116400,7672,7504,0,0,110244,0
72549896,0,1,1,3,0,116400,7672,7504,0,0,0,0
72549897,0,1,1,3,0,116400,7672,7504,0,0,0,0
72549898,0,1,1,3,0,116400,7672,7504,0,0,0,2001
72549899,0,1,1,3,0,116400,7672,7504,0,0,0,17040
72549900,0,1,1,3,0,116400,7672,7504,0,0,0,17040
72549901,0,1,1,3,0,116400,7672,7504,3040,0,0,0
72549902,0,1,1,3,0,116400,7672,7504,3040,0,0,6000
72549903,0,1,1,3,0,116400,7672,7504,0,0,0,6000
72549904,0,1,1,3,0,116400,7672,7504,0,0,0,6000
72549905,0,1,1,3,0,116400,7672,7504,0,0,0,6000
72549906,0,1,1,3,0,116400,7672,7504,0,44035,44035,6440
72549907,0,1,1,3,0,116400,7672,7504,0,44035,44035,6440
72549908,0,1,1,3,0,116400,7672,7504,0,44035,44035,6440
72549909,0,1,1,3,0,116400,7672,7504,0,44035,44035,6440
72549910,0,1,1,3,0,116400,7672,7504,0,0,44035,6440
72549911,0,1,1,3,0,116400,7672,7504,0,0,44035,6440
72549912,0,1,1,3,0,116400,7672,7504,0,0,44035,6440
72549913,0,1,1,0,0,116400,7672,7504,0,0,44035,170
72549914,0,1,1,0,0,116400,7672,7504,0,0,0,170
72549915,0,1,1,0,0,116400,7672,7504,0,0,0,0
72549916,0,1,1,0,0,116400,7672,7504,0,0,0,0
72549917,0,1,1,0,0,116400,7672,7504,0,0,0,0
72549918,0,1,1,0,0,116400,7672,7504,3075,0,0,0
72549919,0,1,1,0,0,116400,7672,7504,3075,0,0,0
72549920,0,1,1,0,0,116400,7672,7504,0,0,0,0
72549921,0,1,1,0,0,116400,7672,7504,0,0,0,0
72549922,0,1,1,0,0,116400,7672,7504,0,0,0,0
72549923,0,1,1,0,0,116400,7672,7504,0,60,60,0
72549924,0,1,1,0,0,116400,7672,7504,0,60,60,0
72549925,0,1,1,0,0,116400,7672,7504,0,60,60,0
72549926,0,1,1,0,0,116400,7672,7504,0,60,60,0
72549927,0,1,1,0,0,116400,7672,7504,0,0,60,0
72549928,0,1,1,0,0,116400,7672,7504,0,0,60,0
72549929,0,1,1,0,0,116400,7672,7504,0,0,60,0
72549930,60,1,1,3,0,116400,7672,7504,0,0,60,0
72549931,60,1,1,3,0,116400,7672,7504,0,0,0,0
72549932,60,1,1,3,0,116400,7672,7504,0,0,0,2001
72549933,60,1,1,3,0,116400,7672,7504,0,0,0,17041
72549934,60,1,1,3,0,116400,7672,7504,0,0,0,17041
72549935,60,1,1,3,0,116400,7672,7504,3041,0,0,0
72549936,60,1,1,3,0,116400,7672,7504,3041,0,0,6000
72549937,60,1,1,3,0,116400,7672,7504,0,0,0,6000
72549938,60,1,1,3,0,116400,7672,7504,0,0,0,6000
72549939,60,1,1,3,0,116400,7672,7504,0,0,0,6000
72549940,60,1,1,3,0,116400,7672,7504,0,50033,50033,6500
72549941,60,1,1,3,0,116400,7672,7504,0,50033,50033,6500
72549942,60,1,1,3,0,116400,7672,7504,0,50033,50033,6500
72549943,60,1,1,3,0,116400,7672,7504,0,50033,50033,6500
72549944,60,1,1,3,0,116400,7672,7504,0,0,50033,6500
72549945,60,1,1,3,0,116400,7672,7504,0,0,50033,6500
72549946,60,1,1,3,0,116400,7672,7504,0,0,50033,6500
72549947,0,1,1,0,60,116400,7672,7504,0,0,50033,172
72549948,0,1,1,0,60,116400,7672,7504,0,0,0,172
72549949,0,1,1,0,60,116400,7672,7504,0,0,0,0
72549950,0,1,1,0,60,116400,7672,7504,0,0,0,0
72549951,0,1,1,0,60,116400,7672,7504,0,0,0,0
72549952,0,1,1,0,60,116400,7672,7504,3074,0,0,0
72549953,0,1,1,0,60,116400,7672,7504,3074,0,0,0
72549954,0,1,1,0,60,116400,7672,7504,0,0,0,0
72549955,0,1,1,0,60,116400,7672,7504,0,0,0,0
72549956,0,1,1,0,60,116400,7672,7504,0,0,0,0
72549957,0,1,1,0,60,116400,7672,7504,0,300,300,0
72549958,0,1,1,0,60,116400,7672,7504,0,300,300,0
72549959,0,1,1,0,60,116400,7672,7504,0,300,300,0
72549960,0,1,1,0,60,116400,7672,7504,0,300,300,0
72549961,0,1,1,0,60,116400,7672,7504,0,0,300,0
72549962,0,1,1,0,60,116400,7672,7504,0,0,300,0
72549963,0,1,1,0,60,116400,7672,7504,0,0,300,0
72549964,300,1,1,3,60,116400,7672,7504,0,0,300,0
72549965,300,1,1,3,60,116400,7672,7504,0,0,0,0
72549966,300,1,1,3,60,116400,7672,7504,0,0,0,2001
72549967,300,1,1,3,60,116400,7672,7504,0,0,0,17042
72549968,300,1,1,3,60,116400,7672,7504,0,0,0,17042
72549969,300,1,1,3,60,116400,7672,7504,3042,0,0,0
72549970,300,1,1,3,60,116400,7672,7504,3042,0,0,6000
72549971,300,1,1,3,60,116400,7672,7504,0,0,0,6000
72549972,300,1,1,3,60,116400,7672,7504,0,0,0,6000
72549973,300,1,1,3,60,116400,7672,7504,0,0,0,6000
72549974,300,1,1,3,60,116400,7672,7504,0,173005,173005,7730
72549975,300,1,1,3,60,116400,7672,7504,0,173005,173005,7730
72549976,300,1,1,3,60,116400,7672,7504,0,173005,173005,7730
72549977,300,1,1,3,60,116400,7672,7504,0,173005,173005,7730
72549978,300,1,1,3,60,116400,7672,7504,0,0,173005,7730
72549979,300,1,1,3,60,116400,7672,7504,0,0,173005,7730
72549980,300,1,1,3,60,116400,7672,7504,0,0,173005,7730
72549981,5,1,1,3,60,116400,7672,7504,0,0,173005,0
72549982,5,1,1,3,60,116400,7672,7504,0,0,0,0
72549983,5,1,1,3,60,116400,7672,7504,0,0,0,2001
72549984,5,1,1,3,60,116400,7672,7504,0,0,0,17043
72549985,5,1,1,3,60,116400,7672,7504,0,0,0,17043
72549986,5,1,1,3,60,116400,7672,7504,3043,0,0,0
72549987,5,1,1,3,60,116400,7672,7504,3043,0,0,6000
72549988,5,1,1,3,60,116400,7672,7504,0,0,0,6000
72549989,5,1,1,3,60,116400,7672,7504,0,0,0,6000
72549990,5,1,1,3,60,116400,7672,7504,0,0,0,6000
72549991,5,1,1,3,60,116400,7672,7504,0,150415,150415,7504
72549992,5,1,1,3,60,116400,7672,7504,0,150415,150415,7504
72549993,5,1,1,3,60,116400,7672,7504,0,150415,150415,7504
72549994,5,1,1,3,60,116400,7672,7504,0,150415,150415,7504
72549995,5,1,1,3,60,116400,7672,7504,0,0,150415,7504
72549996,5,1,1,3,60,116400,7672,7504,0,0,150415,7504
72549997,5,1,1,3,60,116400,7672,7504,0,0,150415,7504
72549998,0,1,1,0,60,116400,7672,7504,0,0,156415,657
72549999,0,1,1,0,60,116400,7672,7504,0,0,116400,657
72550000,0,1,1,0,60,116400,7672,7504,0,0,116400,326
72550001,0,1,1,0,60,116400,7672,7504,0,0,116400,326
72550002,0,1,1,0,60,116400,7672,7504,0,0,116400,326
72550003,0,1,1,0,60,116400,7672,7504,0,0,116400,327
72550004,0,1,1,0,60,116400,7672,7504,0,0,116400,327
72550005,0,1,1,0,60,116400,7672,7504,0,0,116400,330
72550006,0,1,1,0,60,116400,7672,7504,0,0,116400,660
72550007,0,1,1,0,60,116400,7672,7504,0,0,116400,660
72550008,0,1,1,0,60,116400,7672,7504,0,0,116400,660
72550009,0,1,1,0,60,116400,7672,7504,0,0,116400,3655
72550010,244,1,1,0,60,116400,7672,7504,0,0,110244,3655
72550011,244,1,1,0,60,116400,7672,7504,0,0,110244,3655
72550012,244,1,1,0,60,116400,7672,7504,0,0,110244,474
72550013,244,1,1,0,60,110244,7672,7504,0,0,110244,474
72550014,244,1,1,0,60,110244,7672,7504,0,0,110244,474
72550015,244,1,1,0,60,110244,7672,7504,0,0,110244,475
72550016,305,1,1,3,60,110244,7672,7504,0,0,305,475
72550017,305,1,1,3,60,110244,7672,7504,0,0,305,476
72550018,305,1,1,3,60,110244,7672,7504,0,0,305,501
72550019,244,1,1,0,60,110244,7672,7504,0,0,110244,501
72550020,244,1,1,0,60,110244,7672,7504,0,0,110244,501
72550021,244,1,1,0,60,110244,7672,7504,0,0,110244,502
72550022,7,1,1,0,60,110244,7672,7504,0,0,7,502
72550023,7,1,1,0,60,110244,7672,7504,0,0,7,503
72550024,7,1,1,0,60,110244,7672,7504,0,0,7,503
72550025,300,1,1,0,60,300,7672,7504,0,0,300,503
72550026,300,1,1,0,60,300,7672,7504,0,0,300,504
72550027,300,1,1,0,60,300,7672,7504,0,0,300,511
72550028,3,1,1,0,60,300,7672,7504,0,0,3,511
72550029,3,1,1,0,60,300,7672,7504,0,0,3,511
72550030,3,1,1,0,60,300,7672,7504,0,0,3,3725
72550031,141,1,1,0,60,304,7672,7504,0,0,30141,3725
72550032,141,1,1,0,60,304,7672,7504,0,0,30141,3725
72550033,141,1,1,0,60,304,7672,7504,0,0,30141,476
72550034,60,0,1,0,60,30141,7672,7504,0,0,60,476
# MARK wr tick=72550034
72550035,60,0,1,0,60,30141,7672,7504,0,0,60,476
72575946,244,1,1,0,0,10244,7672,7504,0,0,10244,326
72575947,244,1,1,0,0,10244,7672,7504,0,0,10244,327
72575948,244,1,1,0,0,10244,7672,7504,0,0,10244,327
72575949,244,1,1,0,0,10244,7672,7504,0,0,10244,330
72575950,244,1,1,0,0,10244,7672,7504,0,0,10244,660
72575951,244,1,1,0,0,10244,7672,7504,0,0,10244,660
72575952,244,1,1,0,0,10244,7672,7504,0,0,10244,660
72575953,244,1,1,0,0,10244,7672,7504,0,0,10244,3642
72575954,244,1,1,0,0,10244,7672,7504,0,0,10244,3642
72575955,244,1,1,0,0,10244,7672,7504,0,0,10244,3642
72575956,244,1,1,0,0,10244,7672,7504,0,0,10244,663
72575957,0,1,1,0,0,10244,7672,7504,0,0,100000,663
72575958,0,1,1,0,0,10244,7672,7504,0,0,100000,663
72575959,0,1,1,0,0,10244,7672,7504,0,0,100000,664
72575960,244,1,1,0,0,110244,7672,7504,0,0,110244,664
72575961,244,1,1,0,0,110244,7672,7504,0,0,110244,665
72575962,244,1,1,0,0,110244,7672,7504,0,0,110244,665
72575963,244,1,1,0,0,110244,7672,7504,0,0,110244,665
72575964,244,1,1,0,0,110244,7672,7504,0,0,110244,666
72575965,244,1,1,0,0,110244,7672,7504,0,0,110244,1112
72575966,245,1,1,0,0,110244,7672,7504,0,0,130245,1112
72575967,245,1,1,0,0,110244,7672,7504,0,0,130245,1112
72575968,245,1,1,0,0,110244,7672,7504,0,0,130245,1113
72575969,245,1,1,0,0,110244,7672,7504,0,0,130245,1113
72575970,245,1,1,0,0,110244,7672,7504,0,0,130245,1113
72575971,245,1,1,0,0,110244,7672,7504,0,0,130245,1113
72575972,245,1,1,0,0,110244,7672,7504,0,0,130245,1113
72575973,245,1,1,0,0,110244,7672,7504,0,0,130245,1113
72575974,244,1,1,0,0,110244,7672,7504,0,0,110244,1113
72575975,244,1,1,0,0,110244,7672,7504,0,0,110244,1114
72575976,244,1,1,0,0,110244,7672,7504,0,0,110244,1114
72575977,10,1,1,0,0,110244,7672,7504,0,0,10,1114
72575978,10,1,1,0,0,110244,7672,7504,0,0,10,1115
72575979,10,1,1,0,0,110244,7672,7504,0,0,10,1115
72575980,10,1,1,0,0,110244,7672,7504,0,0,10,1115
72575981,10,1,1,0,0,110244,7672,7504,0,0,10,1115
72575982,10,1,1,0,0,110244,7672,7504,0,0,10,1115
72575983,10,1,1,0,0,110244,7672,7504,0,0,10,1115
72575984,10,1,1,0,0,110244,7672,7504,0,0,10,1115
72575985,0,1,1,0,0,110244,7672,7504,0,0,0,1115
72575986,0,1,1,0,0,110244,7672,7504,0,0,0,1116
72575987,0,1,1,0,0,110244,7672,7504,0,0,0,1116
72575988,244,1,1,0,0,0,7672,7504,0,0,110244,1116
72575989,244,1,1,0,0,0,7672,7504,0,0,110244,666
72575990,244,1,1,0,0,0,7672,7504,0,0,110244,1117
72575991,1,1,1,0,0,0,7672,7504,0,0,60001,1117
72575992,1,1,1,0,0,0,7672,7504,0,0,60001,1120
72575993,1,1,1,0,0,0,7672,7504,0,0,60001,1120
72575994,13,1,1,0,0,0,7672,7504,0,0,100013,1120
72575995,13,1,1,0,0,0,7672,7504,0,0,100013,1121
72575996,13,1,1,0,0,0,7672,7504,0,0,100013,1120
72575997,0,1,1,0,0,100013,7672,7504,0,0,0,1120
72575998,0,1,1,0,0,100013,7672,7504,0,0,0,1120
72575999,0,1,1,0,0,100013,7672,7504,0,0,0,1120
72576000,1,1,1,0,0,26,7672,7504,0,0,1,1120
72576001,1,1,1,0,0,26,7672,7504,0,0,1,1120
72576002,1,1,1,0,0,26,7672,7504,0,0,1,1120
72576003,2,1,1,0,0,54,7672,7504,0,0,2,1120
72576004,2,1,1,0,0,54,7672,7504,0,0,2,1120
72576005,2,1,1,0,0,54,7672,7504,0,0,2,1120
72576006,4,1,1,0,0,130,7672,7504,0,0,4,1120
72576007,4,1,1,0,0,130,7672,7504,0,0,4,1120
72576008,4,1,1,0,0,130,7672,7504,0,0,4,1120
72576009,10,1,1,0,0,260,7672,7504,0,0,10,1120
72576010,10,1,1,0,0,260,7672,7504,0,0,10,1120
72576011,10,1,1,0,0,260,7672,7504,0,0,10,1120
72576012,20,1,1,0,0,540,7672,7504,0,0,20,1120
72576013,20,1,1,0,0,540,7672,7504,0,0,20,1120
72576014,20,1,1,0,0,540,7672,7504,0,0,20,1120
72576015,40,1,1,0,0,1300,7672,7504,0,0,40,1120
72576016,40,1,1,0,0,1300,7672,7504,0,0,40,1120
72576017,40,1,1,0,0,1300,7672,7504,0,0,40,1120
72576018,100,1,1,0,0,2600,7672,7504,0,0,100,1120
72576019,100,1,1,0,0,2600,7672,7504,0,0,100,1120
72576020,100,1,1,0,0,2600,7672,7504,0,0,100,1120
72576021,200,1,1,0,0,5400,7672,7504,0,0,200,1120
72576022,200,1,1,0,0,5400,7672,7504,0,0,200,1120
72576023,200,1,1,0,0,5400,7672,7504,0,0,200,1120
72576024,0,1,1,0,0,13000,7672,7504,0,0,400,1120
72576025,0,1,1,0,0,13000,7672,7504,0,0,400,1120
72576026,0,1,1,0,0,13000,7672,7504,0,0,400,1120
72576027,0,1,1,0,0,26000,7672,7504,0,0,1000,1120
72576028,0,1,1,0,0,26000,7672,7504,0,0,1000,1120
72576029,0,1,1,0,0,26000,7672,7504,0,0,1000,1120
72576030,0,1,1,0,0,54000,7672,7504,0,0,2000,1120
72576031,0,1,1,0,0,54000,7672,7504,0,0,2000,1120
72576032,0,1,1,0,0,54000,7672,7504,0,0,2000,1120
72576033,0,1,1,0,0,130000,7672,7504,0,0,4000,1120
72576034,0,1,1,0,0,130000,7672,7504,0,0,4000,1120
72576035,0,1,1,0,0,130000,7672,7504,0,0,4000,1121
72576036,1,1,1,0,0,60000,7672,7504,0,0,10001,1121
72576037,1,1,1,0,0,60000,7672,7504,0,0,10001,1122
72576038,1,1,1,0,0,60000,7672,7504,0,0,10001,1133
72576039,0,1,1,0,0,140000,7672,7504,0,0,0,1133
72576040,0,1,1,0,0,140000,7672,7504,0,0,0,1133
72576041,0,1,1,0,0,140000,7672,7504,0,0,0,1134
72576042,0,1,1,0,0,0,7672,7504,0,0,0,1134
72576043,0,1,1,0,0,0,7672,7504,0,0,0,1135
72576044,0,1,1,0,0,0,7672,7504,0,0,0,1140
72576045,0,1,1,0,0,0,7672,7504,0,0,0,1140
72576046,0,1,1,0,0,0,7672,7504,0,0,0,1140
72576047,0,1,1,0,0,0,7672,7504,0,0,0,1141
72576048,1,1,1,0,0,0,7672,7504,0,0,1,1141
72576049,1,1,1,0,0,0,7672,7504,0,0,1,1142
72576050,1,1,1,0,0,0,7672,7504,0,0,1,1142
72576051,1,1,1,0,0,1,7672,7504,0,0,1,1142
72576052,1,1,1,0,0,1,7672,7504,0,0,1,1143
72576053,1,1,1,0,0,1,7672,7504,0,0,1,666
72576054,0,1,1,0,0,1,7672,7504,0,0,140000,666
72576055,0,1,1,0,0,1,7672,7504,0,0,140000,666
72576056,0,1,1,0,0,1,7672,7504,0,0,140000,0
72576057,0,1,1,3,0,1,7672,7504,0,0,0,0
72576058,0,1,1,3,0,1,7672,7504,0,0,0,0
72576059,0,1,1,3,0,1,7672,7504,0,0,0,2001
72576060,0,1,1,3,0,1,7672,7504,0,0,0,17040
72576061,0,1,1,3,0,1,7672,7504,0,0,0,17040
72576062,0,1,1,3,0,1,7672,7504,3040,0,0,0
72576063,0,1,1,3,0,1,7672,7504,3040,0,0,6000
72576064,0,1,1,3,0,1,7672,7504,0,0,0,6000
72576065,0,1,1,3,0,1,7672,7504,0,0,0,6000
72576066,0,1,1,3,0,1,7672,7504,0,0,0,6000
72576067,0,1,1,3,0,1,7672,7504,0,44035,44035,6440
72576068,0,1,1,3,0,1,7672,7504,0,44035,44035,6440
72576069,0,1,1,3,0,1,7672,7504,0,44035,44035,6440
72576070,0,1,1,3,0,1,7672,7504,0,44035,44035,6440
72576071,0,1,1,3,0,1,7672,7504,0,0,44035,6440
72576072,0,1,1,3,0,1,7672,7504,0,0,44035,6440
72576073,0,1,1,3,0,1,7672,7504,0,0,44035,6440
72576074,1,1,1,0,0,1,7672,7504,0,0,44035,170
72576075,1,1,1,0,0,1,7672,7504,0,0,0,170
72576076,1,1,1,0,0,1,7672,7504,0,0,0,0
72576077,1,1,1,0,0,1,7672,7504,0,0,0,0
72576078,1,1,1,0,0,1,7672,7504,0,0,0,0
72576079,1,1,1,0,0,1,7672,7504,3075,0,0,0
72576080,1,1,1,0,0,1,7672,7504,3075,0,0,0
72576081,1,1,1,0,0,1,7672,7504,0,0,0,0
72576082,1,1,1,0,0,1,7672,7504,0,0,0,0
72576083,1,1,1,0,0,1,7672,7504,0,0,0,0
72576084,1,1,1,0,0,1,7672,7504,0,63,63,0
72576085,1,1,1,0,0,1,7672,7504,0,63,63,0
72576086,1,1,1,0,0,1,7672,7504,0,63,63,0
72576087,1,1,1,0,0,1,7672,7504,0,63,63,0
72576088,1,1,1,0,0,1,7672,7504,0,0,63,0
72576089,1,1,1,0,0,1,7672,7504,0,0,63,0
72576090,1,1,1,0,0,1,7672,7504,0,0,63,0
72576091,63,1,1,3,0,1,7672,7504,0,0,63,0
72576092,63,1,1,3,0,1,7672,7504,0,0,0,0
72576093,63,1,1,3,0,1,7672,7504,0,0,0,2001
72576094,63,1,1,3,0,1,7672,7504,0,0,0,17041
72576095,63,1,1,3,0,1,7672,7504,0,0,0,17041
72576096,63,1,1,3,0,1,7672,7504,3041,0,0,0
72576097,63,1,1,3,0,1,7672,7504,3041,0,0,6000
72576098,63,1,1,3,0,1,7672,7504,0,0,0,6000
72576099,63,1,1,3,0,1,7672,7504,0,0,0,6000
72576100,63,1,1,3,0,1,7672,7504,0,0,0,6000
72576101,63,1,1,3,0,1,7672,7504,0,50033,50033,6500
72576102,63,1,1,3,0,1,7672,7504,0,50033,50033,6500
72576103,63,1,1,3,0,1,7672,7504,0,50033,50033,6500
72576104,63,1,1,3,0,1,7672,7504,0,50033,50033,6500
72576105,63,1,1,3,0,1,7672,7504,0,0,50033,6500
72576106,63,1,1,3,0,1,7672,7504,0,0,50033,6500
72576107,63,1,1,3,0,1,7672,7504,0,0,50033,6500
72576108,1,1,1,0,63,1,7672,7504,0,0,50033,172
72576109,1,1,1,0,63,1,7672,7504,0,0,0,172
72576110,1,1,1,0,63,1,7672,7504,0,0,0,0
72576111,1,1,1,0,63,1,7672,7504,0,0,0,0
72576112,1,1,1,0,63,1,7672,7504,0,0,0,0
72576113,1,1,1,0,63,1,7672,7504,3074,0,0,0
72576114,1,1,1,0,63,1,7672,7504,3074,0,0,0
72576115,1,1,1,0,63,1,7672,7504,0,0,0,0
72576116,1,1,1,0,63,1,7672,7504,0,0,0,0
72576117,1,1,1,0,63,1,7672,7504,0,0,0,0
72576118,1,1,1,0,63,1,7672,7504,0,300,300,0
72576119,1,1,1,0,63,1,7672,7504,0,300,300,0
72576120,1,1,1,0,63,1,7672,7504,0,300,300,0
72576121,1,1,1,0,63,1,7672,7504,0,300,300,0
72576122,1,1,1,0,63,1,7672,7504,0,0,300,0
72576123,1,1,1,0,63,1,7672,7504,0,0,300,0
72576124,1,1,1,0,63,1,7672,7504,0,0,300,0
72576125,300,1,1,3,63,1,7672,7504,0,0,300,0
72576126,300,1,1,3,63,1,7672,7504,0,0,0,0
72576127,300,1,1,3,63,1,7672,7504,0,0,0,2001
72576128,300,1,1,3,63,1,7672,7504,0,0,0,17042
72576129,300,1,1,3,63,1,7672,7504,0,0,0,17042
72576130,300,1,1,3,63,1,7672,7504,3042,0,0,0
72576131,300,1,1,3,63,1,7672,7504,3042,0,0,6000
72576132,300,1,1,3,63,1,7672,7504,0,0,0,6000
72576133,300,1,1,3,63,1,7672,7504,0,0,0,6000
72576134,300,1,1,3,63,1,7672,7504,0,0,0,6000
72576135,300,1,1,3,63,1,7672,7504,0,173005,173005,7730
72576136,300,1,1,3,63,1,7672,7504,0,173005,173005,7730
72576137,300,1,1,3,63,1,7672,7504,0,173005,173005,7730
72576138,300,1,1,3,63,1,7672,7504,0,173005,173005,7730
72576139,300,1,1,3,63,1,7672,7504,0,0,173005,7730
72576140,300,1,1,3,63,1,7672,7504,0,0,173005,7730
72576141,300,1,1,3,63,1,7672,7504,0,0,173005,7730
72576142,5,1,1,3,63,1,7672,7504,0,0,173005,0
72576143,5,1,1,3,63,1,7672,7504,0,0,0,0
72576144,5,1,1,3,63,1,7672,7504,0,0,0,2001
72576145,5,1,1,3,63,1,7672,7504,0,0,0,17043
72576146,5,1,1,3,63,1,7672,7504,0,0,0,17043
72576147,5,1,1,3,63,1,7672,7504,3043,0,0,0
72576148,5,1,1,3,63,1,7672,7504,3043,0,0,6000
72576149,5,1,1,3,63,1,7672,7504,0,0,0,6000
72576150,5,1,1,3,63,1,7672,7504,0,0,0,6000
72576151,5,1,1,3,63,1,7672,7504,0,0,0,6000
72576152,5,1,1,3,63,1,7672,7504,0,150415,150415,7504
72576153,5,1,1,3,63,1,7672,7504,0,150415,150415,7504
72576154,5,1,1,3,63,1,7672,7504,0,150415,150415,7504
72576155,5,1,1,3,63,1,7672,7504,0,150415,150415,7504
72576156,5,1,1,3,63,1,7672,7504,0,0,150415,7504
72576157,5,1,1,3,63,1,7672,7504,0,0,150415,7504
72576158,5,1,1,3,63,1,7672,7504,0,0,150415,7504
72576159,1,1,1,0,63,1,7672,7504,0,0,150415,657
72576160,1,1,1,0,63,1,7672,7504,0,0,1,657
72576161,1,1,1,0,63,1,7672,7504,0,0,1,326
72576162,1,1,1,0,63,1,7672,7504,0,0,1,326
72576163,1,1,1,0,63,1,7672,7504,0,0,1,326
72576164,1,1,1,0,63,1,7672,7504,0,0,1,327
72576165,1,1,1,0,63,1,7672,7504,0,0,1,327
72576166,1,1,1,0,63,1,7672,7504,0,0,1,330
72576167,1,1,1,0,63,1,7672,7504,0,0,1,660
72576168,1,1,1,0,63,1,7672,7504,0,0,1,660
72576169,1,1,1,0,63,1,7672,7504,0,0,1,660
72576170,1,1,1,0,63,1,7672,7504,0,0,1,3655
72576171,244,1,1,0,63,1,7672,7504,0,0,110244,3655
72576172,244,1,1,0,63,1,7672,7504,0,0,110244,3655
72576173,244,1,1,0,63,1,7672,7504,0,0,110244,474
72576174,244,1,1,0,63,110244,7672,7504,0,0,110244,474
72576175,244,1,1,0,63,110244,7672,7504,0,0,110244,474
72576176,244,1,1,0,63,110244,7672,7504,0,0,110244,475
72576177,305,1,1,3,63,110244,7672,7504,0,0,305,475
72576178,305,1,1,3,63,110244,7672,7504,0,0,305,476
72576179,305,1,1,3,63,110244,7672,7504,0,0,305,501
72576180,244,1,1,0,63,110244,7672,7504,0,0,110244,501
72576181,244,1,1,0,63,110244,7672,7504,0,0,110244,501
72576182,244,1,1,0,63,110244,7672,7504,0,0,110244,502
72576183,7,1,1,0,63,110244,7672,7504,0,0,7,502
72576184,7,1,1,0,63,110244,7672,7504,0,0,7,503
72576185,7,1,1,0,63,110244,7672,7504,0,0,7,503
72576186,300,1,1,0,63,300,7672,7504,0,0,300,503
72576187,300,1,1,0,63,300,7672,7504,0,0,300,504
72576188,300,1,1,0,63,300,7672,7504,0,0,300,511
72576189,3,1,1,0,63,300,7672,7504,0,0,3,511
72576190,3,1,1,0,63,300,7672,7504,0,0,3,511
72576191,3,1,1,0,63,300,7672,7504,0,0,3,3725
72576192,141,1,1,0,63,304,7672,7504,0,0,30141,3725
72576193,141,1,1,0,63,304,7672,7504,0,0,30141,3725
72576194,141,1,1,0,63,304,7672,7504,0,0,30141,476
72576195,63,0,1,0,63,30141,7672,7504,0,0,63,476
# MARK wr tick=72576195
72576196,63,0,1,0,63,30141,7672,7504,0,0,63,476
72607759,244,1,1,0,0,10244,7672,7504,0,0,10244,326
72607760,244,1,1,0,0,10244,7672,7504,0,0,10244,327
72607761,244,1,1,0,0,10244,7672,7504,0,0,10244,327
72607762,244,1,1,0,0,10244,7672,7504,0,0,10244,330
72607763,244,1,1,0,0,10244,7672,7504,0,0,10244,660
72607764,244,1,1,0,0,10244,7672,7504,0,0,10244,660
72607765,244,1,1,0,0,10244,7672,7504,0,0,10244,660
72607766,244,1,1,0,0,10244,7672,7504,0,0,10244,3642
72607767,244,1,1,0,0,10244,7672,7504,0,0,10244,3642
72607768,244,1,1,0,0,10244,7672,7504,0,0,10244,3642
72607769,244,1,1,0,0,10244,7672,7504,0,0,10244,663
72607770,0,1,1,0,0,10244,7672,7504,0,0,100000,663
72607771,0,1,1,0,0,10244,7672,7504,0,0,100000,663
72607772,0,1,1,0,0,10244,7672,7504,0,0,100000,664
72607773,244,1,1,0,0,110244,7672,7504,0,0,110244,664
72607774,244,1,1,0,0,110244,7672,7504,0,0,110244,665
72607775,244,1,1,0,0,110244,7672,7504,0,0,110244,665
72607776,244,1,1,0,0,110244,7672,7504,0,0,110244,665
72607777,244,1,1,0,0,110244,7672,7504,0,0,110244,666
72607778,244,1,1,0,0,110244,7672,7504,0,0,110244,1112
72607779,245,1,1,0,0,110244,7672,7504,0,0,130245,1112
72607780,245,1,1,0,0,110244,7672,7504,0,0,130245,1112
72607781,245,1,1,0,0,110244,7672,7504,0,0,130245,1113
72607782,245,1,1,0,0,110244,7672,7504,0,0,130245,1113
72607783,245,1,1,0,0,110244,7672,7504,0,0,130245,1113
72607784,245,1,1,0,0,110244,7672,7504,0,0,130245,1113
72607785,245,1,1,0,0,110244,7672,7504,0,0,130245,1113
72607786,245,1,1,0,0,110244,7672,7504,0,0,130245,1113
72607787,244,1,1,0,0,110244,7672,7504,0,0,110244,1113
72607788,244,1,1,0,0,110244,7672,7504,0,0,110244,1114
72607789,244,1,1,0,0,110244,7672,7504,0,0,110244,1114
72607790,10,1,1,0,0,110244,7672,7504,0,0,10,1114
72607791,10,1,1,0,0,110244,7672,7504,0,0,10,1115
72607792,10,1,1,0,0,110244,7672,7504,0,0,10,1115
72607793,10,1,1,0,0,110244,7672,7504,0,0,10,1115
72607794,10,1,1,0,0,110244,7672,7504,0,0,10,1115
72607795,10,1,1,0,0,110244,7672,7504,0,0,10,1115
72607796,10,1,1,0,0,110244,7672,7504,0,0,10,1115
72607797,10,1,1,0,0,110244,7672,7504,0,0,10,1115
72607798,0,1,1,0,0,110244,7672,7504,0,0,0,1115
72607799,0,1,1,0,0,110244,7672,7504,0,0,0,1116
72607800,0,1,1,0,0,110244,7672,7504,0,0,0,1116
72607801,244,1,1,0,0,0,7672,7504,0,0,110244,1116
72607802,244,1,1,0,0,0,7672,7504,0,0,110244,666
72607803,244,1,1,0,0,0,7672,7504,0,0,110244,1117
72607804,1,1,1,0,0,0,7672,7504,0,0,60001,1117
72607805,1,1,1,0,0,0,7672,7504,0,0,60001,1120
72607806,1,1,1,0,0,0,7672,7504,0,0,60001,1120
72607807,13,1,1,0,0,0,7672,7504,0,0,100013,1120
72607808,13,1,1,0,0,0,7672,7504,0,0,100013,1121
72607809,13,1,1,0,0,0,7672,7504,0,0,100013,1120
72607810,0,1,1,0,0,100013,7672,7504,0,0,0,1120
72607811,0,1,1,0,0,100013,7672,7504,0,0,0,1120
72607812,0,1,1,0,0,100013,7672,7504,0,0,0,1120
72607813,1,1,1,0,0,26,7672,7504,0,0,1,1120
72607814,1,1,1,0,0,26,7672,7504,0,0,1,1120
72607815,1,1,1,0,0,26,7672,7504,0,0,1,1120
72607816,2,1,1,0,0,54,7672,7504,0,0,2,1120
72607817,2,1,1,0,0,54,7672,7504,0,0,2,1120
72607818,2,1,1,0,0,54,7672,7504,0,0,2,1120
72607819,4,1,1,0,0,130,7672,7504,0,0,4,1120
72607820,4,1,1,0,0,130,7672,7504,0,0,4,1120
72607821,4,1,1,0,0,130,7672,7504,0,0,4,1120
72607822,10,1,1,0,0,260,7672,7504,0,0,10,1120
72607823,10,1,1,0,0,260,7672,7504,0,0,10,1120
72607824,10,1,1,0,0,260,7672,7504,0,0,10,1120
72607825,20,1,1,0,0,540,7672,7504,0,0,20,1120
72607826,20,1,1,0,0,540,7672,7504,0,0,20,1120
72607827,20,1,1,0,0,540,7672,7504,0,0,20,1120
72607828,40,1,1,0,0,1300,7672,7504,0,0,40,1120
72607829,40,1,1,0,0,1300,7672,7504,0,0,40,1120
72607830,40,1,1,0,0,1300,7672,7504,0,0,40,1120
72607831,100,1,1,0,0,2600,7672,7504,0,0,100,1120
72607832,100,1,1,0,0,2600,7672,7504,0,0,100,1120
72607833,100,1,1,0,0,2600,7672,7504,0,0,100,1120
72607834,200,1,1,0,0,5400,7672,7504,0,0,200,1120
72607835,200,1,1,0,0,5400,7672,7504,0,0,200,1120
72607836,200,1,1,0,0,5400,7672,7504,0,0,200,1120
72607837,0,1,1,0,0,13000,7672,7504,0,0,400,1120
72607838,0,1,1,0,0,13000,7672,7504,0,0,400,1120
72607839,0,1,1,0,0,13000,7672,7504,0,0,400,1120
72607840,0,1,1,0,0,26000,7672,7504,0,0,1000,1120
72607841,0,1,1,0,0,26000,7672,7504,0,0,1000,1120
72607842,0,1,1,0,0,26000,7672,7504,0,0,1000,1120
72607843,0,1,1,0,0,54000,7672,7504,0,0,2000,1120
72607844,0,1,1,0,0,54000,7672,7504,0,0,2000,1120
72607845,0,1,1,0,0,54000,7672,7504,0,0,2000,1120
72607846,0,1,1,0,0,130000,7672,7504,0,0,4000,1120
72607847,0,1,1,0,0,130000,7672,7504,0,0,4000,1120
72607848,0,1,1,0,0,130000,7672,7504,0,0,4000,1121
72607849,1,1,1,0,0,60000,7672,7504,0,0,10001,1121
72607850,1,1,1,0,0,60000,7672,7504,0,0,10001,1122
72607851,1,1,1,0,0,60000,7672,7504,0,0,10001,1133
72607852,0,1,1,0,0,140000,7672,7504,0,0,0,1133
72607853,0,1,1,0,0,140000,7672,7504,0,0,0,1133
72607854,0,1,1,0,0,140000,7672,7504,0,0,0,1134
72607855,0,1,1,0,0,0,7672,7504,0,0,0,1134
72607856,0,1,1,0,0,0,7672,7504,0,0,0,1135
72607857,0,1,1,0,0,0,7672,7504,0,0,0,1140
72607858,0,1,1,0,0,0,7672,7504,0,0,0,1140
72607859,0,1,1,0,0,0,7672,7504,0,0,0,1140
72607860,0,1,1,0,0,0,7672,7504,0,0,0,1141
72607861,1,1,1,0,0,0,7672,7504,0,0,1,1141
72607862,1,1,1,0,0,0,7672,7504,0,0,1,1142
72607863,1,1,1,0,0,0,7672,7504,0,0,1,1142
72607864,1,1,1,0,0,1,7672,7504,0,0,1,1142
72607865,1,1,1,0,0,1,7672,7504,0,0,1,1143
72607866,1,1,1,0,0,1,7672,7504,0,0,1,666
72607867,0,1,1,0,0,1,7672,7504,0,0,140000,666
72607868,0,1,1,0,0,1,7672,7504,0,0,140000,666
72607869,0,1,1,0,0,1,7672,7504,0,0,140000,0
72607870,0,1,1,3,0,1,7672,7504,0,0,0,0
72607871,0,1,1,3,0,1,7672,7504,0,0,0,0
72607872,0,1,1,3,0,1,7672,7504,0,0,0,2001
72607873,0,1,1,3,0,1,7672,7504,0,0,0,17040
72607874,0,1,1,3,0,1,7672,7504,0,0,0,17040
72607875,0,1,1,3,0,1,7672,7504,3040,0,0,0
72607876,0,1,1,3,0,1,7672,7504,3040,0,0,6000
72607877,0,1,1,3,0,1,7672,7504,0,0,0,6000
72607878,0,1,1,3,0,1,7672,7504,0,0,0,6000
72607879,0,1,1,3,0,1,7672,7504,0,0,0,6000
72607880,0,1,1,3,0,1,7672,7504,0,44035,44035,6440
72607881,0,1,1,3,0,1,7672,7504,0,44035,44035,6440
72607882,0,1,1,3,0,1,7672,7504,0,44035,44035,6440
72607883,0,1,1,3,0,1,7672,7504,0,44035,44035,6440
72607884,0,1,1,3,0,1,7672,7504,0,0,44035,6440
72607885,0,1,1,3,0,1,7672,7504,0,0,44035,6440
72607886,0,1,1,3,0,1,7672,7504,0,0,44035,6440
72607887,1,1,1,0,0,1,7672,7504,0,0,44035,170
72607888,1,1,1,0,0,1,7672,7504,0,0,0,170
72607889,1,1,1,0,0,1,7672,7504,0,0,0,0
72607890,1,1,1,0,0,1,7672,7504,0,0,0,0
72607891,1,1,1,0,0,1,7672,7504,0,0,0,0
72607892,1,1,1,0,0,1,7672,7504,3075,0,0,0
72607893,1,1,1,0,0,1,7672,7504,3075,0,0,0
72607894,1,1,1,0,0,1,7672,7504,0,0,0,0
72607895,1,1,1,0,0,1,7672,7504,0,0,0,0
72607896,1,1,1,0,0,1,7672,7504,0,0,0,0
72607897,1,1,1,0,0,1,7672,7504,0,55,55,0
72607898,1,1,1,0,0,1,7672,7504,0,55,55,0
72607899,1,1,1,0,0,1,7672,7504,0,55,55,0
72607900,1,1,1,0,0,1,7672,7504,0,55,55,0
72607901,1,1,1,0,0,1,7672,7504,0,0,55,0
72607902,1,1,1,0,0,1,7672,7504,0,0,55,0
72607903,1,1,1,0,0,1,7672,7504,0,0,55,0
72607904,55,1,1,3,0,1,7672,7504,0,0,55,0
72607905,55,1,1,3,0,1,7672,7504,0,0,0,0
72607906,55,1,1,3,0,1,7672,7504,0,0,0,2001
72607907,55,1,1,3,0,1,7672,7504,0,0,0,17041
72607908,55,1,1,3,0,1,7672,7504,0,0,0,17041
72607909,55,1,1,3,0,1,7672,7504,3041,0,0,0
72607910,55,1,1,3,0,1,7672,7504,3041,0,0,6000
72607911,55,1,1,3,0,1,7672,7504,0,0,0,6000
72607912,55,1,1,3,0,1,7672,7504,0,0,0,6000
72607913,55,1,1,3,0,1,7672,7504,0,0,0,6000
72607914,55,1,1,3,0,1,7672,7504,0,50033,50033,6500
72607915,55,1,1,3,0,1,7672,7504,0,50033,50033,6500
72607916,55,1,1,3,0,1,7672,7504,0,50033,50033,6500
72607917,55,1,1,3,0,1,7672,7504,0,50033,50033,6500
72607918,55,1,1,3,0,1,7672,7504,0,0,50033,6500
72607919,55,1,1,3,0,1,7672,7504,0,0,50033,6500
72607920,55,1,1,3,0,1,7672,7504,0,0,50033,6500
72607921,1,1,1,0,55,1,7672,7504,0,0,50033,172
72607922,1,1,1,0,55,1,7672,7504,0,0,0,172
72607923,1,1,1,0,55,1,7672,7504,0,0,0,0
72607924,1,1,1,0,55,1,7672,7504,0,0,0,0
72607925,1,1,1,0,55,1,7672,7504,0,0,0,0
72607926,1,1,1,0,55,1,7672,7504,3074,0,0,0
72607927,1,1,1,0,55,1,7672,7504,3074,0,0,0
72607928,1,1,1,0,55,1,7672,7504,0,0,0,0
72607929,1,1,1,0,55,1,7672,7504,0,0,0,0
72607930,1,1,1,0,55,1,7672,7504,0,0,0,0
72607931,1,1,1,0,55,1,7672,7504,0,300,300,0
72607932,1,1,1,0,55,1,7672,7504,0,300,300,0
72607933,1,1,1,0,55,1,7672,7504,0,300,300,0
72607934,1,1,1,0,55,1,7672,7504,0,300,300,0
72607935,1,1,1,0,55,1,7672,7504,0,0,300,0
72607936,1,1,1,0,55,1,7672,7504,0,0,300,0
72607937,1,1,1,0,55,1,7672,7504,0,0,300,0
72607938,300,1,1,3,55,1,7672,7504,0,0,300,0
72607939,300,1,1,3,55,1,7672,7504,0,0,0,0
72607940,300,1,1,3,55,1,7672,7504,0,0,0,2001
72607941,300,1,1,3,55,1,7672,7504,0,0,0,17042
72607942,300,1,1,3,55,1,7672,7504,0,0,0,17042
72607943,300,1,1,3,55,1,7672,7504,3042,0,0,0
72607944,300,1,1,3,55,1,7672,7504,3042,0,0,6000
72607945,300,1,1,3,55,1,7672,7504,0,0,0,6000
72607946,300,1,1,3,55,1,7672,7504,0,0,0,6000
72607947,300,1,1,3,55,1,7672,7504,0,0,0,6000
72607948,300,1,1,3,55,1,7672,7504,0,173005,173005,7730
72607949,300,1,1,3,55,1,7672,7504,0,173005,173005,7730
72607950,300,1,1,3,55,1,7672,7504,0,173005,173005,7730
72607951,300,1,1,3,55,1,7672,7504,0,173005,173005,7730
72607952,300,1,1,3,55,1,7672,7504,0,0,173005,7730
72607953,300,1,1,3,55,1,7672,7504,0,0,173005,7730
72607954,300,1,1,3,55,1,7672,7504,0,0,173005,7730
72607955,5,1,1,3,55,1,7672,7504,0,0,173005,0
72607956,5,1,1,3,55,1,7672,7504,0,0,0,0
72607957,5,1,1,3,55,1,7672,7504,0,0,0,2001
72607958,5,1,1,3,55,1,7672,7504,0,0,0,17043
72607959,5,1,1,3,55,1,7672,7504,0,0,0,17043
72607960,5,1,1,3,55,1,7672,7504,3043,0,0,0
72607961,5,1,1,3,55,1,7672,7504,3043,0,0,6000
72607962,5,1,1,3,55,1,7672,7504,0,0,0,6000
72607963,5,1,1,3,55,1,7672,7504,0,0,0,6000
72607964,5,1,1,3,55,1,7672,7504,0,0,0,6000
72607965,5,1,1,3,55,1,7672,7504,0,150415,150415,7504
72607966,5,1,1,3,55,1,7672,7504,0,150415,150415,7504
72607967,5,1,1,3,55,1,7672,7504,0,150415,150415,7504
72607968,5,1,1,3,55,1,7672,7504,0,150415,150415,7504
72607969,5,1,1,3,55,1,7672,7504,0,0,150415,7504
72607970,5,1,1,3,55,1,7672,7504,0,0,150415,7504
72607971,5,1,1,3,55,1,7672,7504,0,0,150415,7504
72607972,1,1,1,0,55,1,7672,7504,0,0,150415,657
72607973,1,1,1,0,55,1,7672,7504,0,0,1,657
72607974,1,1,1,0,55,1,7672,7504,0,0,1,326
72607975,1,1,1,0,55,1,7672,7504,0,0,1,326
72607976,1,1,1,0,55,1,7672,7504,0,0,1,326
72607977,1,1,1,0,55,1,7672,7504,0,0,1,327
72607978,1,1,1,0,55,1,7672,7504,0,0,1,327
72607979,1,1,1,0,55,1,7672,7504,0,0,1,330
72607980,1,1,1,0,55,1,7672,7504,0,0,1,660
72607981,1,1,1,0,55,1,7672,7504,0,0,1,660
72607982,1,1,1,0,55,1,7672,7504,0,0,1,660
72607983,1,1,1,0,55,1,7672,7504,0,0,1,3655
72607984,244,1,1,0,55,1,7672,7504,0,0,110244,3655
72607985,244,1,1,0,55,1,7672,7504,0,0,110244,3655
72607986,244,1,1,0,55,1,7672,7504,0,0,110244,474
72607987,244,1,1,0,55,110244,7672,7504,0,0,110244,474
72607988,244,1,1,0,55,110244,7672,7504,0,0,110244,474
72607989,244,1,1,0,55,110244,7672,7504,0,0,110244,475
72607990,305,1,1,3,55,110244,7672,7504,0,0,305,475
72607991,305,1,1,3,55,110244,7672,7504,0,0,305,476
72607992,305,1,1,3,55,110244,7672,7504,0,0,305,501
72607993,244,1,1,0,55,110244,7672,7504,0,0,110244,501
72607994,244,1,1,0,55,110244,7672,7504,0,0,110244,501
72607995,244,1,1,0,55,110244,7672,7504,0,0,110244,502
72607996,7,1,1,0,55,110244,7672,7504,0,0,7,502
72607997,7,1,1,0,55,110244,7672,7504,0,0,7,503
72607998,7,1,1,0,55,110244,7672,7504,0,0,7,503
72607999,300,1,1,0,55,300,7672,7504,0,0,300,503
72608000,300,1,1,0,55,300,7672,7504,0,0,300,504
72608001,300,1,1,0,55,300,7672,7504,0,0,300,511
72608002,3,1,1,0,55,300,7672,7504,0,0,3,511
72608003,3,1,1,0,55,300,7672,7504,0,0,3,511
72608004,3,1,1,0,55,300,7672,7504,0,0,3,3725
72608005,141,1,1,0,55,304,7672,7504,0,0,30141,3725
72608006,141,1,1,0,55,304,7672,7504,0,0,30141,3725
72608007,141,1,1,0,55,304,7672,7504,0,0,30141,476
72608008,55,0,1,0,55,30141,7672,7504,0,0,55,476
# MARK wr tick=72608008
72608009,55,0,1,0,55,30141,7672,7504,0,0,55,476
72633920,244,1,1,0,0,10244,7672,7504,0,0,10244,326
72633921,244,1,1,0,0,10244,7672,7504,0,0,10244,327
72633922,244,1,1,0,0,10244,7672,7504,0,0,10244,327
72633923,244,1,1,0,0,10244,7672,7504,0,0,10244,330
72633924,244,1,1,0,0,10244,7672,7504,0,0,10244,660
72633925,244,1,1,0,0,10244,7672,7504,0,0,10244,660
72633926,244,1,1,0,0,10244,7672,7504,0,0,10244,660
72633927,244,1,1,0,0,10244,7672,7504,0,0,10244,3642
72633928,244,1,1,0,0,10244,7672,7504,0,0,10244,3642
72633929,244,1,1,0,0,10244,7672,7504,0,0,10244,3642
72633930,244,1,1,0,0,10244,7672,7504,0,0,10244,663
72633931,0,1,1,0,0,10244,7672,7504,0,0,100000,663
72633932,0,1,1,0,0,10244,7672,7504,0,0,100000,663
72633933,0,1,1,0,0,10244,7672,7504,0,0,100000,664
72633934,244,1,1,0,0,110244,7672,7504,0,0,110244,664
72633935,244,1,1,0,0,110244,7672,7504,0,0,110244,665
72633936,244,1,1,0,0,110244,7672,7504,0,0,110244,665
72633937,244,1,1,0,0,110244,7672,7504,0,0,110244,665
72633938,244,1,1,0,0,110244,7672,7504,0,0,110244,666
72633939,244,1,1,0,0,110244,7672,7504,0,0,110244,1112
72633940,245,1,1,0,0,110244,7672,7504,0,0,130245,1112
72633941,245,1,1,0,0,110244,7672,7504,0,0,130245,1112
72633942,245,1,1,0,0,110244,7672,7504,0,0,130245,1113
72633943,245,1,1,0,0,110244,7672,7504,0,0,130245,1113
72633944,245,1,1,0,0,110244,7672,7504,0,0,130245,1113
72633945,245,1,1,0,0,110244,7672,7504,0,0,130245,1113
72633946,245,1,1,0,0,110244,7672,7504,0,0,130245,1113
72633947,245,1,1,0,0,110244,7672,7504,0,0,130245,1113
72633948,244,1,1,0,0,110244,7672,7504,0,0,110244,1113
72633949,244,1,1,0,0,110244,7672,7504,0,0,110244,1114
72633950,244,1,1,0,0,110244,7672,7504,0,0,110244,1114
72633951,10,1,1,0,0,110244,7672,7504,0,0,10,1114
72633952,10,1,1,0,0,110244,7672,7504,0,0,10,1115
72633953,10,1,1,0,0,110244,7672,7504,0,0,10,1115
72633954,10,1,1,0,0,110244,7672,7504,0,0,10,1115
72633955,10,1,1,0,0,110244,7672,7504,0,0,10,1115
72633956,10,1,1,0,0,110244,7672,7504,0,0,10,1115
72633957,10,1,1,0,0,110244,7672,7504,0,0,10,1115
72633958,10,1,1,0,0,110244,7672,7504,0,0,10,1115
72633959,0,1,1,0,0,110244,7672,7504,0,0,0,1115
72633960,0,1,1,0,0,110244,7672,7504,0,0,0,1116
72633961,0,1,1,0,0,110244,7672,7504,0,0,0,1116
72633962,244,1,1,0,0,0,7672,7504,0,0,110244,1116
72633963,244,1,1,0,0,0,7672,7504,0,0,110244,666
72633964,244,1,1,0,0,0,7672,7504,0,0,110244,1117
72633965,1,1,1,0,0,0,7672,7504,0,0,60001,1117
72633966,1,1,1,0,0,0,7672,7504,0,0,60001,1120
72633967,1,1,1,0,0,0,7672,7504,0,0,60001,1120
72633968,13,1,1,0,0,0,7672,7504,0,0,100013,1120
72633969,13,1,1,0,0,0,7672,7504,0,0,100013,1121
72633970,13,1,1,0,0,0,7672,7504,0,0,100013,1120
72633971,0,1,1,0,0,100013,7672,7504,0,0,0,1120
72633972,0,1,1,0,0,100013,7672,7504,0,0,0,1120
72633973,0,1,1,0,0,100013,7672,7504,0,0,0,1120
72633974,1,1,1,0,0,26,7672,7504,0,0,1,1120
72633975,1,1,1,0,0,26,7672,7504,0,0,1,1120
72633976,1,1,1,0,0,26,7672,7504,0,0,1,1120
72633977,2,1,1,0,0,54,7672,7504,0,0,2,1120
72633978,2,1,1,0,0,54,7672,7504,0,0,2,1120
72633979,2,1,1,0,0,54,7672,7504,0,0,2,1120
72633980,4,1,1,0,0,130,7672,7504,0,0,4,1120
72633981,4,1,1,0,0,130,7672,7504,0,0,4,1120
72633982,4,1,1,0,0,130,7672,7504,0,0,4,1120
72633983,10,1,1,0,0,260,7672,7504,0,0,10,1120
72633984,10,1,1,0,0,260,7672,7504,0,0,10,1120
72633985,10,1,1,0,0,260,7672,7504,0,0,10,1120
72633986,20,1,1,0,0,540,7672,7504,0,0,20,1120
72633987,20,1,1,0,0,540,7672,7504,0,0,20,1120
72633988,20,1,1,0,0,540,7672,7504,0,0,20,1120
72633989,40,1,1,0,0,1300,7672,7504,0,0,40,1120
72633990,40,1,1,0,0,1300,7672,7504,0,0,40,1120
72633991,40,1,1,0,0,1300,7672,7504,0,0,40,1120
72633992,100,1,1,0,0,2600,7672,7504,0,0,100,1120
72633993,100,1,1,0,0,2600,7672,7504,0,0,100,1120
72633994,100,1,1,0,0,2600,7672,7504,0,0,100,1120
72633995,200,1,1,0,0,5400,7672,7504,0,0,200,1120
72633996,200,1,1,0,0,5400,7672,7504,0,0,200,1120
72633997,200,1,1,0,0,5400,7672,7504,0,0,200,1120
72633998,0,1,1,0,0,13000,7672,7504,0,0,400,1120
72633999,0,1,1,0,0,13000,7672,7504,0,0,400,1120
72634000,0,1,1,0,0,13000,7672,7504,0,0,400,1120
72634001,0,1,1,0,0,26000,7672,7504,0,0,1000,1120
72634002,0,1,1,0,0,26000,7672,7504,0,0,1000,1120
72634003,0,1,1,0,0,26000,7672,7504,0,0,1000,1120
72634004,0,1,1,0,0,54000,7672,7504,0,0,2000,1120
72634005,0,1,1,0,0,54000,7672,7504,0,0,2000,1120
72634006,0,1,1,0,0,54000,7672,7504,0,0,2000,1120
72634007,0,1,1,0,0,130000,7672,7504,0,0,4000,1120
72634008,0,1,1,0,0,130000,7672,7504,0,0,4000,1120
72634009,0,1,1,0,0,130000,7672,7504,0,0,4000,1121
72634010,1,1,1,0,0,60000,7672,7504,0,0,10001,1121
72634011,1,1,1,0,0,60000,7672,7504,0,0,10001,1122
72634012,1,1,1,0,0,60000,7672,7504,0,0,10001,1133
72634013,0,1,1,0,0,140000,7672,7504,0,0,0,1133
72634014,0,1,1,0,0,140000,7672,7504,0,0,0,1133
72634015,0,1,1,0,0,140000,7672,7504,0,0,0,1134
72634016,0,1,1,0,0,0,7672,7504,0,0,0,1134
72634017,0,1,1,0,0,0,7672,7504,0,0,0,1135
72634018,0,1,1,0,0,0,7672,7504,0,0,0,1140
72634019,0,1,1,0,0,0,7672,7504,0,0,0,1140
72634020,0,1,1,0,0,0,7672,7504,0,0,0,1140
72634021,0,1,1,0,0,0,7672,7504,0,0,0,1141
72634022,1,1,1,0,0,0,7672,7504,0,0,1,1141
72634023,1,1,1,0,0,0,7672,7504,0,0,1,1142
72634024,1,1,1,0,0,0,7672,7504,0,0,1,1142
72634025,1,1,1,0,0,1,7672,7504,0,0,1,1142
72634026,1,1,1,0,0,1,7672,7504,0,0,1,1143
72634027,1,1,1,0,0,1,7672,7504,0,0,1,666
72634028,0,1,1,0,0,1,7672,7504,0,0,140000,666
72634029,0,1,1,0,0,1,7672,7504,0,0,140000,666
72634030,0,1,1,0,0,1,7672,7504,0,0,140000,0
72634031,0,1,1,3,0,1,7672,7504,0,0,0,0
72634032,0,1,1,3,0,1,7672,7504,0,0,0,0
72634033,0,1,1,3,0,1,7672,7504,0,0,0,2001
72634034,0,1,1,3,0,1,7672,7504,0,0,0,17040
72634035,0,1,1,3,0,1,7672,7504,0,0,0,17040
72634036,0,1,1,3,0,1,7672,7504,3040,0,0,0
72634037,0,1,1,3,0,1,7672,7504,3040,0,0,6000
72634038,0,1,1,3,0,1,7672,7504,0,0,0,6000
72634039,0,1,1,3,0,1,7672,7504,0,0,0,6000
72634040,0,1,1,3,0,1,7672,7504,0,0,0,6000
72634041,0,1,1,3,0,1,7672,7504,0,44035,44035,6440
72634042,0,1,1,3,0,1,7672,7504,0,44035,44035,6440
72634043,0,1,1,3,0,1,7672,7504,0,44035,44035,6440
72634044,0,1,1,3,0,1,7672,7504,0,44035,44035,6440
72634045,0,1,1,3,0,1,7672,7504,0,0,44035,6440
72634046,0,1,1,3,0,1,7672,7504,0,0,44035,6440
72634047,0,1,1,3,0,1,7672,7504,0,0,44035,6440
72634048,1,1,1,0,0,1,7672,7504,0,0,44035,170
72634049,1,1,1,0,0,1,7672,7504,0,0,0,170
72634050,1,1,1,0,0,1,7672,7504,0,0,0,0
72634051,1,1,1,0,0,1,7672,7504,0,0,0,0
72634052,1,1,1,0,0,1,7672,7504,0,0,0,0
72634053,1,1,1,0,0,1,7672,7504,3075,0,0,0
72634054,1,1,1,0,0,1,7672,7504,3075,0,0,0
72634055,1,1,1,0,0,1,7672,7504,0,0,0,0
72634056,1,1,1,0,0,1,7672,7504,0,0,0,0
72634057,1,1,1,0,0,1,7672,7504,0,0,0,0
72634058,1,1,1,0,0,1,7672,7504,0,60,60,0
72634059,1,1,1,0,0,1,7672,7504,0,60,60,0
72634060,1,1,1,0,0,1,7672,7504,0,60,60,0
72634061,1,1,1,0,0,1,7672,7504,0,60,60,0
72634062,1,1,1,0,0,1,7672,7504,0,0,60,0
72634063,1,1,1,0,0,1,7672,7504,0,0,60,0
72634064,1,1,1,0,0,1,7672,7504,0,0,60,0
72634065,60,1,1,3,0,1,7672,7504,0,0,60,0
72634066,60,1,1,3,0,1,7672,7504,0,0,0,0
72634067,60,1,1,3,0,1,7672,7504,0,0,0,2001
72634068,60,1,1,3,0,1,7672,7504,0,0,0,17041
72634069,60,1,1,3,0,1,7672,7504,0,0,0,17041
72634070,60,1,1,3,0,1,7672,7504,3041,0,0,0
72634071,60,1,1,3,0,1,7672,7504,3041,0,0,6000
72634072,60,1,1,3,0,1,7672,7504,0,0,0,6000
72634073,60,1,1,3,0,1,7672,7504,0,0,0,6000
72634074,60,1,1,3,0,1,7672,7504,0,0,0,6000
72634075,60,1,1,3,0,1,7672,7504,0,50033,50033,6500
72634076,60,1,1,3,0,1,7672,7504,0,50033,50033,6500
72634077,60,1,1,3,0,1,7672,7504,0,50033,50033,6500
72634078,60,1,1,3,0,1,7672,7504,0,50033,50033,6500
72634079,60,1,1,3,0,1,7672,7504,0,0,50033,6500
72634080,60,1,1,3,0,1,7672,7504,0,0,50033,6500
72634081,60,1,1,3,0,1,7672,7504,0,0,50033,6500
72634082,1,1,1,0,60,1,7672,7504,0,0,50033,172
72634083,1,1,1,0,60,1,7672,7504,0,0,0,172
72634084,1,1,1,0,60,1,7672,7504,0,0,0,0
72634085,1,1,1,0,60,1,7672,7504,0,0,0,0
72634086,1,1,1,0,60,1,7672,7504,0,0,0,0
72634087,1,1,1,0,60,1,7672,7504,3074,0,0,0
72634088,1,1,1,0,60,1,7672,7504,3074,0,0,0
72634089,1,1,1,0,60,1,7672,7504,0,0,0,0
72634090,1,1,1,0,60,1,7672,7504,0,0,0,0
72634091,1,1,1,0,60,1,7672,7504,0,0,0,0
72634092,1,1,1,0,60,1,7672,7504,0,300,300,0
72634093,1,1,1,0,60,1,7672,7504,0,300,300,0
72634094,1,1,1,0,60,1,7672,7504,0,300,300,0
72634095,1,1,1,0,60,1,7672,7504,0,300,300,0
72634096,1,1,1,0,60,1,7672,7504,0,0,300,0
72634097,1,1,1,0,60,1,7672,7504,0,0,300,0
72634098,1,1,1,0,60,1,7672,7504,0,0,300,0
72634099,300,1,1,3,60,1,7672,7504,0,0,300,0
72634100,300,1,1,3,60,1,7672,7504,0,0,0,0
72634101,300,1,1,3,60,1,7672,7504,0,0,0,2001
72634102,300,1,1,3,60,1,7672,7504,0,0,0,17042
72634103,300,1,1,3,60,1,7672,7504,0,0,0,17042
72634104,300,1,1,3,60,1,7672,7504,3042,0,0,0
72634105,300,1,1,3,60,1,7672,7504,3042,0,0,6000
72634106,300,1,1,3,60,1,7672,7504,0,0,0,6000
72634107,300,1,1,3,60,1,7672,7504,0,0,0,6000
72634108,300,1,1,3,60,1,7672,7504,0,0,0,6000
72634109,300,1,1,3,60,1,7672,7504,0,173005,173005,7730
72634110,300,1,1,3,60,1,7672,7504,0,173005,173005,7730
72634111,300,1,1,3,60,1,7672,7504,0,173005,173005,7730
72634112,300,1,1,3,60,1,7672,7504,0,173005,173005,7730
72634113,300,1,1,3,60,1,7672,7504,0,0,173005,7730
72634114,300,1,1,3,60,1,7672,7504,0,0,173005,7730
72634115,300,1,1,3,60,1,7672,7504,0,0,173005,7730
72634116,5,1,1,3,60,1,7672,7504,0,0,173005,0
72634117,5,1,1,3,60,1,7672,7504,0,0,0,0
72634118,5,1,1,3,60,1,7672,7504,0,0,0,2001
72634119,5,1,1,3,60,1,7672,7504,0,0,0,17043
72634120,5,1,1,3,60,1,7672,7504,0,0,0,17043
72634121,5,1,1,3,60,1,7672,7504,3043,0,0,0
72634122,5,1,1,3,60,1,7672,7504,3043,0,0,6000
72634123,5,1,1,3,60,1,7672,7504,0,0,0,6000
72634124,5,1,1,3,60,1,7672,7504,0,0,0,6000
72634125,5,1,1,3,60,1,7672,7504,0,0,0,6000
72634126,5,1,1,3,60,1,7672,7504,0,150415,150415,7504
72634127,5,1,1,3,60,1,7672,7504,0,150415,150415,7504
72634128,5,1,1,3,60,1,7672,7504,0,150415,150415,7504
72634129,5,1,1,3,60,1,7672,7504,0,150415,150415,7504
72634130,5,1,1,3,60,1,7672,7504,0,0,150415,7504
72634131,5,1,1,3,60,1,7672,7504,0,0,150415,7504
72634132,5,1,1,3,60,1,7672,7504,0,0,150415,7504
72634133,1,1,1,0,60,1,7672,7504,0,0,150415,657
72634134,1,1,1,0,60,1,7672,7504,0,0,1,657
72634135,1,1,1,0,60,1,7672,7504,0,0,1,326
72634136,1,1,1,0,60,1,7672,7504,0,0,1,326
72634137,1,1,1,0,60,1,7672,7504,0,0,1,326
72634138,1,1,1,0,60,1,7672,7504,0,0,1,327
72634139,1,1,1,0,60,1,7672,7504,0,0,1,327
72634140,1,1,1,0,60,1,7672,7504,0,0,1,330
72634141,1,1,1,0,60,1,7672,7504,0,0,1,660
72634142,1,1,1,0,60,1,7672,7504,0,0,1,660
72634143,1,1,1,0,60,1,7672,7504,0,0,1,660
72634144,1,1,1,0,60,1,7672,7504,0,0,1,3655
72634145,244,1,1,0,60,1,7672,7504,0,0,110244,3655
72634146,244,1,1,0,60,1,7672,7504,0,0,110244,3655
72634147,244,1,1,0,60,1,7672,7504,0,0,110244,474
72634148,244,1,1,0,60,110244,7672,7504,0,0,110244,474
72634149,244,1,1,0,60,110244,7672,7504,0,0,110244,474
72634150,244,1,1,0,60,110244,7672,7504,0,0,110244,475
72634151,305,1,1,3,60,110244,7672,7504,0,0,305,475
72634152,305,1,1,3,60,110244,7672,7504,0,0,305,476
72634153,305,1,1,3,60,110244,7672,7504,0,0,305,501
72634154,244,1,1,0,60,110244,7672,7504,0,0,110244,501
72634155,244,1,1,0,60,110244,7672,7504,0,0,110244,501
72634156,244,1,1,0,60,110244,7672,7504,0,0,110244,502
72634157,7,1,1,0,60,110244,7672,7504,0,0,7,502
72634158,7,1,1,0,60,110244,7672,7504,0,0,7,503
72634159,7,1,1,0,60,110244,7672,7504,0,0,7,503
72634160,300,1,1,0,60,300,7672,7504,0,0,300,503
72634161,300,1,1,0,60,300,7672,7504,0,0,300,504
72634162,300,1,1,0,60,300,7672,7504,0,0,300,511
72634163,3,1,1,0,60,300,7672,7504,0,0,3,511
72634164,3,1,1,0,60,300,7672,7504,0,0,3,511
72634165,3,1,1,0,60,300,7672,7504,0,0,3,3725
72634166,141,1,1,0,60,304,7672,7504,0,0,30141,3725
72634167,141,1,1,0,60,304,7672,7504,0,0,30141,3725
72634168,141,1,1,0,60,304,7672,7504,0,0,30141,476
72634169,60,0,1,0,60,30141,7672,7504,0,0,60,476
# MARK wr tick=72634169
72634170,60,0,1,0,60,30141,7672,7504,0,0,60,476
72665695,244,1,1,0,0,10244,7672,7504,0,0,10244,326
72665696,244,1,1,0,0,10244,7672,7504,0,0,10244,327
72665697,244,1,1,0,0,10244,7672,7504,0,0,10244,327
72665698,244,1,1,0,0,10244,7672,7504,0,0,10244,330
72665699,244,1,1,0,0,10244,7672,7504,0,0,10244,660
72665700,244,1,1,0,0,10244,7672,7504,0,0,10244,660
72665701,244,1,1,0,0,10244,7672,7504,0,0,10244,660
72665702,244,1,1,0,0,10244,7672,7504,0,0,10244,3642
72665703,244,1,1,0,0,10244,7672,7504,0,0,10244,3642
72665704,244,1,1,0,0,10244,7672,7504,0,0,10244,3642
72665705,244,1,1,0,0,10244,7672,7504,0,0,10244,663
72665706,0,1,1,0,0,10244,7672,7504,0,0,100000,663
72665707,0,1,1,0,0,10244,7672,7504,0,0,100000,663
72665708,0,1,1,0,0,10244,7672,7504,0,0,100000,664
72665709,244,1,1,0,0,110244,7672,7504,0,0,110244,664
72665710,244,1,1,0,0,110244,7672,7504,0,0,110244,665
72665711,244,1,1,0,0,110244,7672,7504,0,0,110244,665
72665712,244,1,1,0,0,110244,7672,7504,0,0,110244,665
72665713,244,1,1,0,0,110244,7672,7504,0,0,110244,666
72665714,244,1,1,0,0,110244,7672,7504,0,0,110244,1112
72665715,245,1,1,0,0,110244,7672,7504,0,0,130245,1112
72665716,245,1,1,0,0,110244,7672,7504,0,0,130245,1112
72665717,245,1,1,0,0,110244,7672,7504,0,0,130245,1113
72665718,245,1,1,0,0,110244,7672,7504,0,0,130245,1113
72665719,245,1,1,0,0,110244,7672,7504,0,0,130245,1113
72665720,245,1,1,0,0,110244,7672,7504,0,0,130245,1113
72665721,245,1,1,0,0,110244,7672,7504,0,0,130245,1113
72665722,245,1,1,0,0,110244,7672,7504,0,0,130245,1113
72665723,244,1,1,0,0,110244,7672,7504,0,0,110244,1113
72665724,244,1,1,0,0,110244,7672,7504,0,0,110244,1114
72665725,244,1,1,0,0,110244,7672,7504,0,0,110244,1114
72665726,10,1,1,0,0,110244,7672,7504,0,0,10,1114
72665727,10,1,1,0,0,110244,7672,7504,0,0,10,1115
72665728,10,1,1,0,0,110244,7672,7504,0,0,10,1115
72665729,10,1,1,0,0,110244,7672,7504,0,0,10,1115
72665730,10,1,1,0,0,110244,7672,7504,0,0,10,1115
72665731,10,1,1,0,0,110244,7672,7504,0,0,10,1115
72665732,10,1,1,0,0,110244,7672,7504,0,0,10,1115
72665733,10,1,1,0,0,110244,7672,7504,0,0,10,1115
72665734,0,1,1,0,0,110244,7672,7504,0,0,0,1115
72665735,0,1,1,0,0,110244,7672,7504,0,0,0,1116
72665736,0,1,1,0,0,110244,7672,7504,0,0,0,1116
72665737,244,1,1,0,0,0,7672,7504,0,0,110244,1116
72665738,244,1,1,0,0,0,7672,7504,0,0,110244,666
72665739,244,1,1,0,0,0,7672,7504,0,0,110244,1117
72665740,1,1,1,0,0,0,7672,7504,0,0,60001,1117
72665741,1,1,1,0,0,0,7672,7504,0,0,60001,1120
72665742,1,1,1,0,0,0,7672,7504,0,0,60001,1120
72665743,13,1,1,0,0,0,7672,7504,0,0,100013,1120
72665744,13,1,1,0,0,0,7672,7504,0,0,100013,1121
72665745,13,1,1,0,0,0,7672,7504,0,0,100013,1120
72665746,0,1,1,0,0,100013,7672,7504,0,0,0,1120
72665747,0,1,1,0,0,100013,7672,7504,0,0,0,1120
72665748,0,1,1,0,0,100013,7672,7504,0,0,0,1120
72665749,1,1,1,0,0,26,7672,7504,0,0,1,1120
72665750,1,1,1,0,0,26,7672,7504,0,0,1,1120
72665751,1,1,1,0,0,26,7672,7504,0,0,1,1120
72665752,2,1,1,0,0,54,7672,7504,0,0,2,1120
72665753,2,1,1,0,0,54,7672,7504,0,0,2,1120
72665754,2,1,1,0,0,54,7672,7504,0,0,2,1120
72665755,4,1,1,0,0,130,7672,7504,0,0,4,1120
72665756,4,1,1,0,0,130,7672,7504,0,0,4,1120
72665757,4,1,1,0,0,130,7672,7504,0,0,4,1120
72665758,10,1,1,0,0,260,7672,7504,0,0,10,1120
72665759,10,1,1,0,0,260,7672,7504,0,0,10,1120
72665760,10,1,1,0,0,260,7672,7504,0,0,10,1120
72665761,20,1,1,0,0,540,7672,7504,0,0,20,1120
72665762,20,1,1,0,0,540,7672,7504,0,0,20,1120
72665763,20,1,1,0,0,540,7672,7504,0,0,20,1120
72665764,40,1,1,0,0,1300,7672,7504,0,0,40,1120
72665765,40,1,1,0,0,1300,7672,7504,0,0,40,1120
72665766,40,1,1,0,0,1300,7672,7504,0,0,40,1120
72665767,100,1,1,0,0,2600,7672,7504,0,0,100,1120
72665768,100,1,1,0,0,2600,7672,7504,0,0,100,1120
72665769,100,1,1,0,0,2600,7672,7504,0,0,100,1120
72665770,200,1,1,0,0,5400,7672,7504,0,0,200,1120
72665771,200,1,1,0,0,5400,7672,7504,0,0,200,1120
72665772,200,1,1,0,0,5400,7672,7504,0,0,200,1120
72665773,0,1,1,0,0,13000,7672,7504,0,0,400,1120
72665774,0,1,1,0,0,13000,7672,7504,0,0,400,1120
72665775,0,1,1,0,0,13000,7672,7504,0,0,400,1120
72665776,0,1,1,0,0,26000,7672,7504,0,0,1000,1120
72665777,0,1,1,0,0,26000,7672,7504,0,0,1000,1120
72665778,0,1,1,0,0,26000,7672,7504,0,0,1000,1120
72665779,0,1,1,0,0,54000,7672,7504,0,0,2000,1120
72665780,0,1,1,0,0,54000,7672,7504,0,0,2000,1120
72665781,0,1,1,0,0,54000,7672,7504,0,0,2000,1120
72665782,0,1,1,0,0,130000,7672,7504,0,0,4000,1120
72665783,0,1,1,0,0,130000,7672,7504,0,0,4000,1120
72665784,0,1,1,0,0,130000,7672,7504,0,0,4000,1121
72665785,1,1,1,0,0,60000,7672,7504,0,0,10001,1121
72665786,1,1,1,0,0,60000,7672,7504,0,0,10001,1122
72665787,1,1,1,0,0,60000,7672,7504,0,0,10001,1133
72665788,0,1,1,0,0,140000,7672,7504,0,0,0,1133
72665789,0,1,1,0,0,140000,7672,7504,0,0,0,1133
72665790,0,1,1,0,0,140000,7672,7504,0,0,0,1134
72665791,0,1,1,0,0,0,7672,7504,0,0,0,1134
72665792,0,1,1,0,0,0,7672,7504,0,0,0,1135
72665793,0,1,1,0,0,0,7672,7504,0,0,0,1140
72665794,0,1,1,0,0,0,7672,7504,0,0,0,1140
72665795,0,1,1,0,0,0,7672,7504,0,0,0,1140
72665796,0,1,1,0,0,0,7672,7504,0,0,0,1141
72665797,1,1,1,0,0,0,7672,7504,0,0,1,1141
72665798,1,1,1,0,0,0,7672,7504,0,0,1,1142
72665799,1,1,1,0,0,0,7672,7504,0,0,1,1142
72665800,1,1,1,0,0,1,7672,7504,0,0,1,1142
72665801,1,1,1,0,0,1,7672,7504,0,0,1,1143
72665802,1,1,1,0,0,1,7672,7504,0,0,1,666
72665803,0,1,1,0,0,1,7672,7504,0,0,140000,666
72665804,0,1,1,0,0,1,7672,7504,0,0,140000,666
72665805,0,1,1,0,0,1,7672,7504,0,0,140000,0
72665806,0,1,1,3,0,1,7672,7504,0,0,0,0
72665807,0,1,1,3,0,1,7672,7504,0,0,0,0
72665808,0,1,1,3,0,1,7672,7504,0,0,0,2001
72665809,0,1,1,3,0,1,7672,7504,0,0,0,17040
72665810,0,1,1,3,0,1,7672,7504,0,0,0,17040
72665811,0,1,1,3,0,1,7672,7504,3040,0,0,0
72665812,0,1,1,3,0,1,7672,7504,3040,0,0,6000
72665813,0,1,1,3,0,1,7672,7504,0,0,0,6000
72665814,0,1,1,3,0,1,7672,7504,0,0,0,6000
72665815,0,1,1,3,0,1,7672,7504,0,0,0,6000
72665816,0,1,1,3,0,1,7672,7504,0,44035,44035,6440
72665817,0,1,1,3,0,1,7672,7504,0,44035,44035,6440
72665818,0,1,1,3,0,1,7672,7504,0,44035,44035,6440
72665819,0,1,1,3,0,1,7672,7504,0,44035,44035,6440
72665820,0,1,1,3,0,1,7672,7504,0,0,44035,6440
72665821,0,1,1,3,0,1,7672,7504,0,0,44035,6440
72665822,0,1,1,3,0,1,7672,7504,0,0,44035,6440
72665823,1,1,1,0,0,1,7672,7504,0,0,44035,170
72665824,1,1,1,0,0,1,7672,7504,0,0,0,170
72665825,1,1,1,0,0,1,7672,7504,0,0,0,0
72665826,1,1,1,0,0,1,7672,7504,0,0,0,0
72665827,1,1,1,0,0,1,7672,7504,0,0,0,0
72665828,1,1,1,0,0,1,7672,7504,3075,0,0,0
72665829,1,1,1,0,0,1,7672,7504,3075,0,0,0
72665830,1,1,1,0,0,1,7672,7504,0,0,0,0
72665831,1,1,1,0,0,1,7672,7504,0,0,0,0
72665832,1,1,1,0,0,1,7672,7504,0,0,0,0
72665833,1,1,1,0,0,1,7672,7504,0,64,64,0
72665834,1,1,1,0,0,1,7672,7504,0,64,64,0
72665835,1,1,1,0,0,1,7672,7504,0,64,64,0
72665836,1,1,1,0,0,1,7672,7504,0,64,64,0
72665837,1,1,1,0,0,1,7672,7504,0,0,64,0
72665838,1,1,1,0,0,1,7672,7504,0,0,64,0
72665839,1,1,1,0,0,1,7672,7504,0,0,64,0
72665840,64,1,1,3,0,1,7672,7504,0,0,64,0
72665841,64,1,1,3,0,1,7672,7504,0,0,0,0
72665842,64,1,1,3,0,1,7672,7504,0,0,0,2001
72665843,64,1,1,3,0,1,7672,7504,0,0,0,17041
72665844,64,1,1,3,0,1,7672,7504,0,0,0,17041
72665845,64,1,1,3,0,1,7672,7504,3041,0,0,0
72665846,64,1,1,3,0,1,7672,7504,3041,0,0,6000
72665847,64,1,1,3,0,1,7672,7504,0,0,0,6000
72665848,64,1,1,3,0,1,7672,7504,0,0,0,6000
72665849,64,1,1,3,0,1,7672,7504,0,0,0,6000
72665850,64,1,1,3,0,1,7672,7504,0,50033,50033,6500
72665851,64,1,1,3,0,1,7672,7504,0,50033,50033,6500
72665852,64,1,1,3,0,1,7672,7504,0,50033,50033,6500
72665853,64,1,1,3,0,1,7672,7504,0,50033,50033,6500
72665854,64,1,1,3,0,1,7672,7504,0,0,50033,6500
72665855,64,1,1,3,0,1,7672,7504,0,0,50033,6500
72665856,64,1,1,3,0,1,7672,7504,0,0,50033,6500
72665857,1,1,1,0,64,1,7672,7504,0,0,50033,172
72665858,1,1,1,0,64,1,7672,7504,0,0,0,172
72665859,1,1,1,0,64,1,7672,7504,0,0,0,0
72665860,1,1,1,0,64,1,7672,7504,0,0,0,0
72665861,1,1,1,0,64,1,7672,7504,0,0,0,0
72665862,1,1,1,0,64,1,7672,7504,3074,0,0,0
72665863,1,1,1,0,64,1,7672,7504,3074,0,0,0
72665864,1,1,1,0,64,1,7672,7504,0,0,0,0
72665865,1,1,1,0,64,1,7672,7504,0,0,0,0
72665866,1,1,1,0,64,1,7672,7504,0,0,0,0
72665867,1,1,1,0,64,1,7672,7504,0,300,300,0
72665868,1,1,1,0,64,1,7672,7504,0,300,300,0
72665869,1,1,1,0,64,1,7672,7504,0,300,300,0
72665870,1,1,1,0,64,1,7672,7504,0,300,300,0
72665871,1,1,1,0,64,1,7672,7504,0,0,300,0
72665872,1,1,1,0,64,1,7672,7504,0,0,300,0
72665873,1,1,1,0,64,1,7672,7504,0,0,300,0
72665874,300,1,1,3,64,1,7672,7504,0,0,300,0
72665875,300,1,1,3,64,1,7672,7504,0,0,0,0
72665876,300,1,1,3,64,1,7672,7504,0,0,0,2001
72665877,300,1,1,3,64,1,7672,7504,0,0,0,17042
72665878,300,1,1,3,64,1,7672,7504,0,0,0,17042
72665879,300,1,1,3,64,1,7672,7504,3042,0,0,0
72665880,300,1,1,3,64,1,7672,7504,3042,0,0,6000
72665881,300,1,1,3,64,1,7672,7504,0,0,0,6000
72665882,300,1,1,3,64,1,7672,7504,0,0,0,6000
72665883,300,1,1,3,64,1,7672,7504,0,0,0,6000
72665884,300,1,1,3,64,1,7672,7504,0,173005,173005,7730
72665885,300,1,1,3,64,1,7672,7504,0,173005,173005,7730
72665886,300,1,1,3,64,1,7672,7504,0,173005,173005,7730
72665887,300,1,1,3,64,1,7672,7504,0,173005,173005,7730
72665888,300,1,1,3,64,1,7672,7504,0,0,173005,7730
72665889,300,1,1,3,64,1,7672,7504,0,0,173005,7730
72665890,300,1,1,3,64,1,7672,7504,0,0,173005,7730
72665891,5,1,1,3,64,1,7672,7504,0,0,173005,0
72665892,5,1,1,3,64,1,7672,7504,0,0,0,0
72665893,5,1,1,3,64,1,7672,7504,0,0,0,2001
72665894,5,1,1,3,64,1,7672,7504,0,0,0,17043
72665895,5,1,1,3,64,1,7672,7504,0,0,0,17043
72665896,5,1,1,3,64,1,7672,7504,3043,0,0,0
72665897,5,1,1,3,64,1,7672,7504,3043,0,0,6000
72665898,5,1,1,3,64,1,7672,7504,0,0,0,6000
72665899,5,1,1,3,64,1,7672,7504,0,0,0,6000
72665900,5,1,1,3,64,1,7672,7504,0,0,0,6000
72665901,5,1,1,3,64,1,7672,7504,0,150415,150415,7504
72665902,5,1,1,3,64,1,7672,7504,0,150415,150415,7504
72665903,5,1,1,3,64,1,7672,7504,0,150415,150415,7504
72665904,5,1,1,3,64,1,7672,7504,0,150415,150415,7504
72665905,5,1,1,3,64,1,7672,7504,0,0,150415,7504
72665906,5,1,1,3,64,1,7672,7504,0,0,150415,7504
72665907,5,1,1,3,64,1,7672,7504,0,0,150415,7504
72665908,1,1,1,0,64,1,7672,7504,0,0,150415,657
72665909,1,1,1,0,64,1,7672,7504,0,0,1,657
72665910,1,1,1,0,64,1,7672,7504,0,0,1,326
72665911,1,1,1,0,64,1,7672,7504,0,0,1,326
72665912,1,1,1,0,64,1,7672,7504,0,0,1,326
72665913,1,1,1,0,64,1,7672,7504,0,0,1,327
72665914,1,1,1,0,64,1,7672,7504,0,0,1,327
72665915,1,1,1,0,64,1,7672,7504,0,0,1,330
72665916,1,1,1,0,64,1,7672,7504,0,0,1,660
72665917,1,1,1,0,64,1,7672,7504,0,0,1,660
72665918,1,1,1,0,64,1,7672,7504,0,0,1,660
72665919,1,1,1,0,64,1,7672,7504,0,0,1,3655
72665920,244,1,1,0,64,1,7672,7504,0,0,110244,3655
72665921,244,1,1,0,64,1,7672,7504,0,0,110244,3655
72665922,244,1,1,0,64,1,7672,7504,0,0,110244,474
72665923,244,1,1,0,64,110244,7672,7504,0,0,110244,474
72665924,244,1,1,0,64,110244,7672,7504,0,0,110244,474
72665925,244,1,1,0,64,110244,7672,7504,0,0,110244,475
72665926,305,1,1,3,64,110244,7672,7504,0,0,305,475
72665927,305,1,1,3,64,110244,7672,7504,0,0,305,476
72665928,305,1,1,3,64,110244,7672,7504,0,0,305,501
72665929,244,1,1,0,64,110244,7672,7504,0,0,110244,501
72665930,244,1,1,0,64,110244,7672,7504,0,0,110244,501
72665931,244,1,1,0,64,110244,7672,7504,0,0,110244,502
72665932,7,1,1,0,64,110244,7672,7504,0,0,7,502
72665933,7,1,1,0,64,110244,7672,7504,0,0,7,503
72665934,7,1,1,0,64,110244,7672,7504,0,0,7,503
72665935,300,1,1,0,64,300,7672,7504,0,0,300,503
72665936,300,1,1,0,64,300,7672,7504,0,0,300,504
72665937,300,1,1,0,64,300,7672,7504,0,0,300,511
72665938,3,1,1,0,64,300,7672,7504,0,0,3,511
72665939,3,1,1,0,64,300,7672,7504,0,0,3,511
72665940,3,1,1,0,64,300,7672,7504,0,0,3,3725
72665941,141,1,1,0,64,304,7672,7504,0,0,30141,3725
72665942,141,1,1,0,64,304,7672,7504,0,0,30141,3725
72665943,141,1,1,0,64,304,7672,7504,0,0,30141,476
72665944,64,0,1,0,64,30141,7672,7504,0,0,64,476
# MARK wr tick=72665944
72665945,64,0,1,0,64,30141,7672,7504,0,0,64,476
72705962,1,1,1,0,177777,60000,1147,15,0,0,10001,1121
72705963,1,1,1,0,177777,60000,1147,15,0,0,10001,1122
72705964,1,1,1,0,177777,60000,1147,15,0,0,10001,1133
72705965,0,1,1,0,177777,140000,1147,15,0,0,0,1133
72705966,0,1,1,0,177777,140000,1147,15,0,0,0,1133
72705967,0,1,1,0,177777,140000,1147,15,0,0,0,1134
72705968,0,1,1,0,177777,0,1147,15,0,0,0,1134
72705969,0,1,1,0,177777,0,1147,15,0,0,0,1135
72705970,0,1,1,0,177777,0,1147,15,0,0,0,1140
72705971,0,1,1,0,177777,0,1147,15,0,0,0,1140
72705972,0,1,1,0,177777,0,1147,15,0,0,0,1140
72705973,0,1,1,0,177777,0,1147,15,0,0,0,1141
72705974,0,1,1,0,177777,0,1147,15,0,0,20000,1141
72705975,0,1,1,0,177777,0,1147,15,0,0,20000,1142
72705976,0,1,1,0,177777,0,1147,15,0,0,20000,1142
72705977,1,1,1,0,177777,20000,1147,15,0,0,1,1142
72705978,1,1,1,0,177777,20000,1147,15,0,0,1,1143
72705979,1,1,1,0,177777,20000,1147,15,0,0,1,1143
72705980,0,1,1,0,177777,20000,1147,15,0,0,140000,1143
72705981,0,1,1,0,177777,20000,1147,15,0,0,140000,1144
72705982,0,1,1,0,177777,20000,1147,15,0,0,140000,1144
72705983,1,1,1,0,177777,20000,1147,15,0,0,1,1144
72705984,1,1,1,0,177777,20000,1147,15,0,0,1,1145
72705985,1,1,1,0,177777,20000,1147,15,0,0,1,1145
72705986,150,1,1,0,177777,1,1147,15,0,0,150,1145
72705987,150,1,1,0,177777,1,1147,15,0,0,150,1146
72705988,150,1,1,0,177777,1,1147,15,0,0,150,1146
72705989,150,1,1,0,177777,1,1147,15,0,0,150,1146
72705990,150,1,1,0,177777,1,1147,15,0,0,150,1147
72705991,150,1,1,0,177777,1,1147,15,0,0,150,1147
72705992,1,1,1,0,177777,1,1147,15,0,0,20001,1147
72705993,1,1,1,0,177777,1,1147,15,0,0,20001,1150
72705994,1,1,1,0,177777,1,1147,15,0,0,20001,1150
72705995,7,1,1,0,177777,1,1147,15,0,0,7,1150
72705996,7,1,1,0,177777,1,1147,15,0,0,7,1151
72705997,7,1,1,0,177777,1,1147,15,0,0,7,1151
72705998,0,1,1,0,177777,1,1147,15,0,0,116400,1151
72705999,0,1,1,0,177777,1,1147,15,0,0,116400,1152
72706000,0,1,1,0,177777,1,1147,15,0,0,116400,1151
72706001,15,1,1,0,177777,1,1147,15,0,0,15,1151
72706002,15,1,1,0,177777,1,1147,15,0,0,15,1151
72706003,15,1,1,0,177777,1,1147,15,0,0,15,1151
72706004,15,1,1,0,177777,15,1147,15,0,0,15,1151
72706005,15,1,1,0,177777,15,1147,15,0,0,15,1151
72706006,15,1,1,0,177777,15,1147,15,0,0,15,1151
72706007,0,1,1,0,177777,15,1147,15,0,0,0,1151
72706008,0,1,1,0,177777,15,1147,15,0,0,0,1151
72706009,0,1,1,0,177777,15,1147,15,0,0,0,1151
72706010,377,1,1,0,177777,0,1147,15,0,0,177777,1151
72706011,377,1,1,0,177777,0,1147,15,0,0,177777,1151
72706012,377,1,1,0,177777,0,1147,15,0,0,177777,1151
72706013,54,1,1,0,177777,177777,1147,15,0,0,2454,1151
72706014,54,1,1,0,177777,177777,1147,15,0,0,2454,1151
72706015,54,1,1,0,177777,177777,1147,15,0,0,2454,1151
72706016,147,1,1,0,177777,2454,1147,15,0,0,1147,1151
72706017,147,1,1,0,177777,2454,1147,15,0,0,1147,1151
72706018,147,1,1,0,177777,2454,1147,15,0,0,1147,1151
72706019,7,1,1,0,177777,1147,1147,15,0,0,2407,1151
72706020,7,1,1,0,177777,1147,1147,15,0,0,2407,1151
72706021,7,1,1,0,177777,1147,1147,15,0,0,2407,1151
72706022,13,1,1,0,177777,2407,1147,15,0,0,13013,1151
72706023,13,1,1,0,177777,2407,1147,15,0,0,13013,1151
72706024,13,1,1,0,177777,2407,1147,15,0,0,13013,1152
72706025,0,1,1,0,177777,13013,1147,15,0,0,116400,1152
72706026,0,1,1,0,177777,13013,1147,15,0,0,116400,1153
72706027,0,1,1,0,177777,13013,1147,15,0,0,116400,1153
72706028,0,1,1,0,177777,116400,1147,15,0,0,170000,1153
72706029,0,1,1,0,177777,116400,1147,15,0,0,170000,1154
72706030,0,1,1,0,177777,116400,1147,15,0,0,170000,1154
72706031,0,1,1,0,177777,116400,1147,15,0,0,110000,1154
72706032,0,1,1,0,177777,116400,1147,15,0,0,110000,1155
72706033,0,1,1,0,177777,116400,1147,15,0,0,110000,1155
72706034,7,1,1,0,177777,116400,1147,15,0,0,7,1155
72706035,7,1,1,0,177777,116400,1147,15,0,0,7,1156
72706036,7,1,1,0,177777,116400,1147,15,0,0,7,1156
72706037,1,1,1,0,177777,116400,1147,15,0,0,20001,1156
72706038,1,1,1,0,177777,116400,1147,15,0,0,20001,1157
72706039,1,1,1,0,177777,116400,1147,15,0,0,20001,1156
72706040,104,1,1,0,177777,116400,1147,15,0,0,7504,1156
72706041,104,1,1,0,177777,116400,1147,15,0,0,7504,1156
72706042,104,1,1,0,177777,116400,1147,15,0,0,7504,1156
72706043,104,1,1,0,177777,116400,1147,7504,0,0,7504,1156
72706044,104,1,1,0,177777,116400,1147,7504,0,0,7504,1156
72706045,104,1,1,0,177777,116400,1147,7504,0,0,7504,1156
72706046,302,1,1,0,177777,116400,1147,7504,0,0,302,1156
72706047,302,1,1,0,177777,116400,1147,7504,0,0,302,1156
72706048,302,1,1,0,177777,116400,1147,7504,0,0,302,1156
72706049,0,1,1,0,177777,116400,1147,7504,0,0,0,1156
72706050,0,1,1,0,177777,116400,1147,7504,0,0,0,1156
72706051,0,1,1,0,177777,116400,1147,7504,0,0,0,1156
72706052,26,1,1,0,0,116400,1147,7504,0,0,3026,1156
72706053,26,1,1,0,0,116400,1147,7504,0,0,3026,1156
72706054,26,1,1,0,0,116400,1147,7504,0,0,3026,1156
72706055,272,1,1,0,0,116400,1147,7504,0,0,7672,1156
72706056,272,1,1,0,0,116400,1147,7504,0,0,7672,1156
72706057,272,1,1,0,0,116400,1147,7504,0,0,7672,1156
72706058,40,1,1,0,0,116400,7672,7504,0,0,3040,1156
72706059,40,1,1,0,0,116400,7672,7504,0,0,3040,1156
72706060,40,1,1,0,0,116400,7672,7504,0,0,3040,1156
72706061,272,1,1,0,0,116400,7672,7504,0,0,55672,1156
72706062,272,1,1,0,0,116400,7672,7504,0,0,55672,1156
72706063,272,1,1,0,0,116400,7672,7504,0,0,55672,1157
72706064,244,1,1,0,0,116400,7672,7504,0,0,110244,1157
72706065,244,1,1,0,0,116400,7672,7504,0,0,110244,1160
72706066,244,1,1,0,0,116400,7672,7504,0,0,110244,1160
72706067,0,1,1,3,0,116400,7672,7504,0,0,0,1160
72706068,0,1,1,3,0,116400,7672,7504,0,0,0,1161
72706069,0,1,1,3,0,116400,7672,7504,0,0,0,1076
72706070,244,1,1,0,0,116400,7672,7504,0,0,110244,1076
72706071,244,1,1,0,0,116400,7672,7504,0,0,110244,1076
72706072,244,1,1,0,0,116400,7672,7504,0,0,110244,0
72706073,0,1,1,3,0,116400,7672,7504,0,0,0,0
72706074,0,1,1,3,0,116400,7672,7504,0,0,0,0
72706075,0,1,1,3,0,116400,7672,7504,0,0,0,2001
72706076,0,1,1,3,0,116400,7672,7504,0,0,0,17040
72706077,0,1,1,3,0,116400,7672,7504,0,0,0,17040
72706078,0,1,1,3,0,116400,7672,7504,3040,0,0,0
72706079,0,1,1,3,0,116400,7672,7504,3040,0,0,6000
72706080,0,1,1,3,0,116400,7672,7504,0,0,0,6000
72706081,0,1,1,3,0,116400,7672,7504,0,0,0,6000
72706082,0,1,1,3,0,116400,7672,7504,0,0,0,6000
72706083,0,1,1,3,0,116400,7672,7504,0,44035,44035,6440
72706084,0,1,1,3,0,116400,7672,7504,0,44035,44035,6440
72706085,0,1,1,3,0,116400,7672,7504,0,44035,44035,6440
72706086,0,1,1,3,0,116400,7672,7504,0,44035,44035,6440
72706087,0,1,1,3,0,116400,7672,7504,0,0,44035,6440
72706088,0,1,1,3,0,116400,7672,7504,0,0,44035,6440
72706089,0,1,1,3,0,116400,7672,7504,0,0,44035,6440
72706090,0,1,1,0,0,116400,7672,7504,0,0,44035,170
72706091,0,1,1,0,0,116400,7672,7504,0,0,0,170
72706092,0,1,1,0,0,116400,7672,7504,0,0,0,0
72706093,0,1,1,0,0,116400,7672,7504,0,0,0,0
72706094,0,1,1,0,0,116400,7672,7504,0,0,0,0
72706095,0,1,1,0,0,116400,7672,7504,3075,0,0,0
72706096,0,1,1,0,0,116400,7672,7504,3075,0,0,0
72706097,0,1,1,0,0,116400,7672,7504,0,0,0,0
72706098,0,1,1,0,0,116400,7672,7504,0,0,0,0
72706099,0,1,1,0,0,116400,7672,7504,0,0,0,0
72706100,0,1,1,0,0,116400,7672,7504,0,15,15,0
72706101,0,1,1,0,0,116400,7672,7504,0,15,15,0
72706102,0,1,1,0,0,116400,7672,7504,0,15,15,0
72706103,0,1,1,0,0,116400,7672,7504,0,15,15,0
72706104,0,1,1,0,0,116400,7672,7504,0,0,15,0
72706105,0,1,1,0,0,116400,7672,7504,0,0,15,0
72706106,0,1,1,0,0,116400,7672,7504,0,0,15,0
72706107,15,1,1,3,0,116400,7672,7504,0,0,15,0
72706108,15,1,1,3,0,116400,7672,7504,0,0,0,0
72706109,15,1,1,3,0,116400,7672,7504,0,0,0,2001
72706110,15,1,1,3,0,116400,7672,7504,0,0,0,17041
72706111,15,1,1,3,0,116400,7672,7504,0,0,0,17041
72706112,15,1,1,3,0,116400,7672,7504,3041,0,0,0
72706113,15,1,1,3,0,116400,7672,7504,3041,0,0,6000
72706114,15,1,1,3,0,116400,7672,7504,0,0,0,6000
72706115,15,1,1,3,0,116400,7672,7504,0,0,0,6000
72706116,15,1,1,3,0,116400,7672,7504,0,0,0,6000
72706117,15,1,1,3,0,116400,7672,7504,0,50033,50033,6500
72706118,15,1,1,3,0,116400,7672,7504,0,50033,50033,6500
72706119,15,1,1,3,0,116400,7672,7504,0,50033,50033,6500
72706120,15,1,1,3,0,116400,7672,7504,0,50033,50033,6500
72706121,15,1,1,3,0,116400,7672,7504,0,0,50033,6500
72706122,15,1,1,3,0,116400,7672,7504,0,0,50033,6500
72706123,15,1,1,3,0,116400,7672,7504,0,0,50033,6500
72706124,0,1,1,0,15,116400,7672,7504,0,0,50033,172
72706125,0,1,1,0,15,116400,7672,7504,0,0,0,172
72706126,0,1,1,0,15,116400,7672,7504,0,0,0,0
72706127,0,1,1,0,15,116400,7672,7504,0,0,0,0
72706128,0,1,1,0,15,116400,7672,7504,0,0,0,0
72706129,0,1,1,0,15,116400,7672,7504,3074,0,0,0
72706130,0,1,1,0,15,116400,7672,7504,3074,0,0,0
72706131,0,1,1,0,15,116400,7672,7504,0,0,0,0
72706132,0,1,1,0,15,116400,7672,7504,0,0,0,0
72706133,0,1,1,0,15,116400,7672,7504,0,0,0,0
72706134,0,1,1,0,15,116400,7672,7504,0,300,300,0
72706135,0,1,1,0,15,116400,7672,7504,0,300,300,0
72706136,0,1,1,0,15,116400,7672,7504,0,300,300,0
72706137,0,1,1,0,15,116400,7672,7504,0,300,300,0
72706138,0,1,1,0,15,116400,7672,7504,0,0,300,0
72706139,0,1,1,0,15,116400,7672,7504,0,0,300,0
72706140,0,1,1,0,15,116400,7672,7504,0,0,300,0
72706141,300,1,1,3,15,116400,7672,7504,0,0,300,0
72706142,300,1,1,3,15,116400,7672,7504,0,0,0,0
72706143,300,1,1,3,15,116400,7672,7504,0,0,0,2001
72706144,300,1,1,3,15,116400,7672,7504,0,0,0,17042
72706145,300,1,1,3,15,116400,7672,7504,0,0,0,17042
72706146,300,1,1,3,15,116400,7672,7504,3042,0,0,0
72706147,300,1,1,3,15,116400,7672,7504,3042,0,0,6000
72706148,300,1,1,3,15,116400,7672,7504,0,0,0,6000
72706149,300,1,1,3,15,116400,7672,7504,0,0,0,6000
72706150,300,1,1,3,15,116400,7672,7504,0,0,0,6000
72706151,300,1,1,3,15,116400,7672,7504,0,173005,173005,7730
72706152,300,1,1,3,15,116400,7672,7504,0,173005,173005,7730
72706153,300,1,1,3,15,116400,7672,7504,0,173005,173005,7730
72706154,300,1,1,3,15,116400,7672,7504,0,173005,173005,7730
72706155,300,1,1,3,15,116400,7672,7504,0,0,173005,7730
72706156,300,1,1,3,15,116400,7672,7504,0,0,173005,7730
72706157,300,1,1,3,15,116400,7672,7504,0,0,173005,7730
72706158,5,1,1,3,15,116400,7672,7504,0,0,173005,0
72706159,5,1,1,3,15,116400,7672,7504,0,0,0,0
72706160,5,1,1,3,15,116400,7672,7504,0,0,0,2001
72706161,5,1,1,3,15,116400,7672,7504,0,0,0,17043
72706162,5,1,1,3,15,116400,7672,7504,0,0,0,17043
72706163,5,1,1,3,15,116400,7672,7504,3043,0,0,0
72706164,5,1,1,3,15,116400,7672,7504,3043,0,0,6000
72706165,5,1,1,3,15,116400,7672,7504,0,0,0,6000
72706166,5,1,1,3,15,116400,7672,7504,0,0,0,6000
72706167,5,1,1,3,15,116400,7672,7504,0,0,0,6000
72706168,5,1,1,3,15,116400,7672,7504,0,150415,150415,7504
72706169,5,1,1,3,15,116400,7672,7504,0,150415,150415,7504
72706170,5,1,1,3,15,116400,7672,7504,0,150415,150415,7504
72706171,5,1,1,3,15,116400,7672,7504,0,150415,150415,7504
72706172,5,1,1,3,15,116400,7672,7504,0,0,150415,7504
72706173,5,1,1,3,15,116400,7672,7504,0,0,150415,7504
72706174,5,1,1,3,15,116400,7672,7504,0,0,150415,7504
72706175,0,1,1,0,15,116400,7672,7504,0,0,156415,657
72706176,0,1,1,0,15,116400,7672,7504,0,0,116400,657
72706177,0,1,1,0,15,116400,7672,7504,0,0,116400,326
72706178,0,1,1,0,15,116400,7672,7504,0,0,116400,326
72706179,0,1,1,0,15,116400,7672,7504,0,0,116400,326
72706180,0,1,1,0,15,116400,7672,7504,0,0,116400,327
72706181,0,1,1,0,15,116400,7672,7504,0,0,116400,327
72706182,0,1,1,0,15,116400,7672,7504,0,0,116400,330
72706183,0,1,1,0,15,116400,7672,7504,0,0,116400,660
72706184,0,1,1,0,15,116400,7672,7504,0,0,116400,660
72706185,0,1,1,0,15,116400,7672,7504,0,0,116400,660
72706186,0,1,1,0,15,116400,7672,7504,0,0,116400,3655
72706187,244,1,1,0,15,116400,7672,7504,0,0,110244,3655
72706188,244,1,1,0,15,116400,7672,7504,0,0,110244,3655
72706189,244,1,1,0,15,116400,7672,7504,0,0,110244,474
72706190,244,1,1,0,15,110244,7672,7504,0,0,110244,474
72706191,244,1,1,0,15,110244,7672,7504,0,0,110244,474
72706192,244,1,1,0,15,110244,7672,7504,0,0,110244,475
72706193,305,1,1,3,15,110244,7672,7504,0,0,305,475
72706194,305,1,1,3,15,110244,7672,7504,0,0,305,476
72706195,305,1,1,3,15,110244,7672,7504,0,0,305,501
72706196,244,1,1,0,15,110244,7672,7504,0,0,110244,501
72706197,244,1,1,0,15,110244,7672,7504,0,0,110244,501
72706198,244,1,1,0,15,110244,7672,7504,0,0,110244,502
72706199,7,1,1,0,15,110244,7672,7504,0,0,7,502
72706200,7,1,1,0,15,110244,7672,7504,0,0,7,503
72706201,7,1,1,0,15,110244,7672,7504,0,0,7,503
72706202,300,1,1,0,15,300,7672,7504,0,0,300,503
72706203,300,1,1,0,15,300,7672,7504,0,0,300,504
72706204,300,1,1,0,15,300,7672,7504,0,0,300,511
72706205,3,1,1,0,15,300,7672,7504,0,0,3,511
72706206,3,1,1,0,15,300,7672,7504,0,0,3,511
72706207,3,1,1,0,15,300,7672,7504,0,0,3,3725
72706208,141,1,1,0,15,304,7672,7504,0,0,30141,3725
72706209,141,1,1,0,15,304,7672,7504,0,0,30141,3725
72706210,141,1,1,0,15,304,7672,7504,0,0,30141,476
72706211,15,0,1,0,15,30141,7672,7504,0,0,15,476
# MARK wr tick=72706211
72706212,15,0,1,0,15,30141,7672,7504,0,0,15,476
72731712,244,1,1,0,0,10244,7672,7504,0,0,10244,326
72731713,244,1,1,0,0,10244,7672,7504,0,0,10244,327
72731714,244,1,1,0,0,10244,7672,7504,0,0,10244,327
72731715,244,1,1,0,0,10244,7672,7504,0,0,10244,330
72731716,244,1,1,0,0,10244,7672,7504,0,0,10244,660
72731717,244,1,1,0,0,10244,7672,7504,0,0,10244,660
72731718,244,1,1,0,0,10244,7672,7504,0,0,10244,660
72731719,244,1,1,0,0,10244,7672,7504,0,0,10244,3642
72731720,244,1,1,0,0,10244,7672,7504,0,0,10244,3642
72731721,244,1,1,0,0,10244,7672,7504,0,0,10244,3642
72731722,244,1,1,0,0,10244,7672,7504,0,0,10244,663
72731723,0,1,1,0,0,10244,7672,7504,0,0,100000,663
72731724,0,1,1,0,0,10244,7672,7504,0,0,100000,663
72731725,0,1,1,0,0,10244,7672,7504,0,0,100000,664
72731726,244,1,1,0,0,110244,7672,7504,0,0,110244,664
72731727,244,1,1,0,0,110244,7672,7504,0,0,110244,665
72731728,244,1,1,0,0,110244,7672,7504,0,0,110244,665
72731729,244,1,1,0,0,110244,7672,7504,0,0,110244,665
72731730,244,1,1,0,0,110244,7672,7504,0,0,110244,666
72731731,244,1,1,0,0,110244,7672,7504,0,0,110244,1112
72731732,245,1,1,0,0,110244,7672,7504,0,0,130245,1112
72731733,245,1,1,0,0,110244,7672,7504,0,0,130245,1112
72731734,245,1,1,0,0,110244,7672,7504,0,0,130245,1113
72731735,245,1,1,0,0,110244,7672,7504,0,0,130245,1113
72731736,245,1,1,0,0,110244,7672,7504,0,0,130245,1113
72731737,245,1,1,0,0,110244,7672,7504,0,0,130245,1113
72731738,245,1,1,0,0,110244,7672,7504,0,0,130245,1113
72731739,245,1,1,0,0,110244,7672,7504,0,0,130245,1113
72731740,244,1,1,0,0,110244,7672,7504,0,0,110244,1113
72731741,244,1,1,0,0,110244,7672,7504,0,0,110244,1114
72731742,244,1,1,0,0,110244,7672,7504,0,0,110244,1114
72731743,10,1,1,0,0,110244,7672,7504,0,0,10,1114
72731744,10,1,1,0,0,110244,7672,7504,0,0,10,1115
72731745,10,1,1,0,0,110244,7672,7504,0,0,10,1115
72731746,10,1,1,0,0,110244,7672,7504,0,0,10,1115
72731747,10,1,1,0,0,110244,7672,7504,0,0,10,1115
72731748,10,1,1,0,0,110244,7672,7504,0,0,10,1115
72731749,10,1,1,0,0,110244,7672,7504,0,0,10,1115
72731750,10,1,1,0,0,110244,7672,7504,0,0,10,1115
72731751,0,1,1,0,0,110244,7672,7504,0,0,0,1115
72731752,0,1,1,0,0,110244,7672,7504,0,0,0,1116
72731753,0,1,1,0,0,110244,7672,7504,0,0,0,1116
72731754,244,1,1,0,0,0,7672,7504,0,0,110244,1116
72731755,244,1,1,0,0,0,7672,7504,0,0,110244,666
72731756,244,1,1,0,0,0,7672,7504,0,0,110244,1117
72731757,1,1,1,0,0,0,7672,7504,0,0,60001,1117
72731758,1,1,1,0,0,0,7672,7504,0,0,60001,1120
72731759,1,1,1,0,0,0,7672,7504,0,0,60001,1120
72731760,13,1,1,0,0,0,7672,7504,0,0,100013,1120
72731761,13,1,1,0,0,0,7672,7504,0,0,100013,1121
72731762,13,1,1,0,0,0,7672,7504,0,0,100013,1120
72731763,0,1,1,0,0,100013,7672,7504,0,0,0,1120
72731764,0,1,1,0,0,100013,7672,7504,0,0,0,1120
72731765,0,1,1,0,0,100013,7672,7504,0,0,0,1120
72731766,1,1,1,0,0,26,7672,7504,0,0,1,1120
72731767,1,1,1,0,0,26,7672,7504,0,0,1,1120
72731768,1,1,1,0,0,26,7672,7504,0,0,1,1120
72731769,2,1,1,0,0,54,7672,7504,0,0,2,1120
72731770,2,1,1,0,0,54,7672,7504,0,0,2,1120
72731771,2,1,1,0,0,54,7672,7504,0,0,2,1120
72731772,4,1,1,0,0,130,7672,7504,0,0,4,1120
72731773,4,1,1,0,0,130,7672,7504,0,0,4,1120
72731774,4,1,1,0,0,130,7672,7504,0,0,4,1120
72731775,10,1,1,0,0,260,7672,7504,0,0,10,1120
72731776,10,1,1,0,0,260,7672,7504,0,0,10,1120
72731777,10,1,1,0,0,260,7672,7504,0,0,10,1120
72731778,20,1,1,0,0,540,7672,7504,0,0,20,1120
72731779,20,1,1,0,0,540,7672,7504,0,0,20,1120
72731780,20,1,1,0,0,540,7672,7504,0,0,20,1120
72731781,40,1,1,0,0,1300,7672,7504,0,0,40,1120
72731782,40,1,1,0,0,1300,7672,7504,0,0,40,1120
72731783,40,1,1,0,0,1300,7672,7504,0,0,40,1120
72731784,100,1,1,0,0,2600,7672,7504,0,0,100,1120
72731785,100,1,1,0,0,2600,7672,7504,0,0,100,1120
72731786,100,1,1,0,0,2600,7672,7504,0,0,100,1120
72731787,200,1,1,0,0,5400,7672,7504,0,0,200,1120
72731788,200,1,1,0,0,5400,7672,7504,0,0,200,1120
72731789,200,1,1,0,0,5400,7672,7504,0,0,200,1120
72731790,0,1,1,0,0,13000,7672,7504,0,0,400,1120
72731791,0,1,1,0,0,13000,7672,7504,0,0,400,1120
72731792,0,1,1,0,0,13000,7672,7504,0,0,400,1120
72731793,0,1,1,0,0,26000,7672,7504,0,0,1000,1120
72731794,0,1,1,0,0,26000,7672,7504,0,0,1000,1120
72731795,0,1,1,0,0,26000,7672,7504,0,0,1000,1120
72731796,0,1,1,0,0,54000,7672,7504,0,0,2000,1120
72731797,0,1,1,0,0,54000,7672,7504,0,0,2000,1120
72731798,0,1,1,0,0,54000,7672,7504,0,0,2000,1120
72731799,0,1,1,0,0,130000,7672,7504,0,0,4000,1120
72731800,0,1,1,0,0,130000,7672,7504,0,0,4000,1120
72731801,0,1,1,0,0,130000,7672,7504,0,0,4000,1121
72731802,1,1,1,0,0,60000,7672,7504,0,0,10001,1121
72731803,1,1,1,0,0,60000,7672,7504,0,0,10001,1122
72731804,1,1,1,0,0,60000,7672,7504,0,0,10001,1133
72731805,0,1,1,0,0,140000,7672,7504,0,0,0,1133
72731806,0,1,1,0,0,140000,7672,7504,0,0,0,1133
72731807,0,1,1,0,0,140000,7672,7504,0,0,0,1134
72731808,0,1,1,0,0,0,7672,7504,0,0,0,1134
72731809,0,1,1,0,0,0,7672,7504,0,0,0,1135
72731810,0,1,1,0,0,0,7672,7504,0,0,0,1140
72731811,0,1,1,0,0,0,7672,7504,0,0,0,1140
72731812,0,1,1,0,0,0,7672,7504,0,0,0,1140
72731813,0,1,1,0,0,0,7672,7504,0,0,0,1141
72731814,1,1,1,0,0,0,7672,7504,0,0,1,1141
72731815,1,1,1,0,0,0,7672,7504,0,0,1,1142
72731816,1,1,1,0,0,0,7672,7504,0,0,1,1142
72731817,1,1,1,0,0,1,7672,7504,0,0,1,1142
72731818,1,1,1,0,0,1,7672,7504,0,0,1,1143
72731819,1,1,1,0,0,1,7672,7504,0,0,1,666
72731820,0,1,1,0,0,1,7672,7504,0,0,140000,666
72731821,0,1,1,0,0,1,7672,7504,0,0,140000,666
72731822,0,1,1,0,0,1,7672,7504,0,0,140000,0
72731823,0,1,1,3,0,1,7672,7504,0,0,0,0
72731824,0,1,1,3,0,1,7672,7504,0,0,0,0
72731825,0,1,1,3,0,1,7672,7504,0,0,0,2001
72731826,0,1,1,3,0,1,7672,7504,0,0,0,17040
72731827,0,1,1,3,0,1,7672,7504,0,0,0,17040
72731828,0,1,1,3,0,1,7672,7504,3040,0,0,0
72731829,0,1,1,3,0,1,7672,7504,3040,0,0,6000
72731830,0,1,1,3,0,1,7672,7504,0,0,0,6000
72731831,0,1,1,3,0,1,7672,7504,0,0,0,6000
72731832,0,1,1,3,0,1,7672,7504,0,0,0,6000
72731833,0,1,1,3,0,1,7672,7504,0,44035,44035,6440
72731834,0,1,1,3,0,1,7672,7504,0,44035,44035,6440
72731835,0,1,1,3,0,1,7672,7504,0,44035,44035,6440
72731836,0,1,1,3,0,1,7672,7504,0,44035,44035,6440
72731837,0,1,1,3,0,1,7672,7504,0,0,44035,6440
72731838,0,1,1,3,0,1,7672,7504,0,0,44035,6440
72731839,0,1,1,3,0,1,7672,7504,0,0,44035,6440
72731840,1,1,1,0,0,1,7672,7504,0,0,44035,170
72731841,1,1,1,0,0,1,7672,7504,0,0,0,170
72731842,1,1,1,0,0,1,7672,7504,0,0,0,0
72731843,1,1,1,0,0,1,7672,7504,0,0,0,0
72731844,1,1,1,0,0,1,7672,7504,0,0,0,0
72731845,1,1,1,0,0,1,7672,7504,3075,0,0,0
72731846,1,1,1,0,0,1,7672,7504,3075,0,0,0
72731847,1,1,1,0,0,1,7672,7504,0,0,0,0
72731848,1,1,1,0,0,1,7672,7504,0,0,0,0
72731849,1,1,1,0,0,1,7672,7504,0,0,0,0
72731850,1,1,1,0,0,1,7672,7504,0,12,12,0
72731851,1,1,1,0,0,1,7672,7504,0,12,12,0
72731852,1,1,1,0,0,1,7672,7504,0,12,12,0
72731853,1,1,1,0,0,1,7672,7504,0,12,12,0
72731854,1,1,1,0,0,1,7672,7504,0,0,12,0
72731855,1,1,1,0,0,1,7672,7504,0,0,12,0
72731856,1,1,1,0,0,1,7672,7504,0,0,12,0
72731857,12,1,1,3,0,1,7672,7504,0,0,12,0
72731858,12,1,1,3,0,1,7672,7504,0,0,0,0
72731859,12,1,1,3,0,1,7672,7504,0,0,0,2001
72731860,12,1,1,3,0,1,7672,7504,0,0,0,17041
72731861,12,1,1,3,0,1,7672,7504,0,0,0,17041
72731862,12,1,1,3,0,1,7672,7504,3041,0,0,0
72731863,12,1,1,3,0,1,7672,7504,3041,0,0,6000
72731864,12,1,1,3,0,1,7672,7504,0,0,0,6000
72731865,12,1,1,3,0,1,7672,7504,0,0,0,6000
72731866,12,1,1,3,0,1,7672,7504,0,0,0,6000
72731867,12,1,1,3,0,1,7672,7504,0,50033,50033,6500
72731868,12,1,1,3,0,1,7672,7504,0,50033,50033,6500
72731869,12,1,1,3,0,1,7672,7504,0,50033,50033,6500
72731870,12,1,1,3,0,1,7672,7504,0,50033,50033,6500
72731871,12,1,1,3,0,1,7672,7504,0,0,50033,6500
72731872,12,1,1,3,0,1,7672,7504,0,0,50033,6500
72731873,12,1,1,3,0,1,7672,7504,0,0,50033,6500
72731874,1,1,1,0,12,1,7672,7504,0,0,50033,172
72731875,1,1,1,0,12,1,7672,7504,0,0,0,172
72731876,1,1,1,0,12,1,7672,7504,0,0,0,0
72731877,1,1,1,0,12,1,7672,7504,0,0,0,0
72731878,1,1,1,0,12,1,7672,7504,0,0,0,0
72731879,1,1,1,0,12,1,7672,7504,3074,0,0,0
72731880,1,1,1,0,12,1,7672,7504,3074,0,0,0
72731881,1,1,1,0,12,1,7672,7504,0,0,0,0
72731882,1,1,1,0,12,1,7672,7504,0,0,0,0
72731883,1,1,1,0,12,1,7672,7504,0,0,0,0
72731884,1,1,1,0,12,1,7672,7504,0,300,300,0
72731885,1,1,1,0,12,1,7672,7504,0,300,300,0
72731886,1,1,1,0,12,1,7672,7504,0,300,300,0
72731887,1,1,1,0,12,1,7672,7504,0,300,300,0
72731888,1,1,1,0,12,1,7672,7504,0,0,300,0
72731889,1,1,1,0,12,1,7672,7504,0,0,300,0
72731890,1,1,1,0,12,1,7672,7504,0,0,300,0
72731891,300,1,1,3,12,1,7672,7504,0,0,300,0
72731892,300,1,1,3,12,1,7672,7504,0,0,0,0
72731893,300,1,1,3,12,1,7672,7504,0,0,0,2001
72731894,300,1,1,3,12,1,7672,7504,0,0,0,17042
72731895,300,1,1,3,12,1,7672,7504,0,0,0,17042
72731896,300,1,1,3,12,1,7672,7504,3042,0,0,0
72731897,300,1,1,3,12,1,7672,7504,3042,0,0,6000
72731898,300,1,1,3,12,1,7672,7504,0,0,0,6000
72731899,300,1,1,3,12,1,7672,7504,0,0,0,6000
72731900,300,1,1,3,12,1,7672,7504,0,0,0,6000
72731901,300,1,1,3,12,1,7672,7504,0,173005,173005,7730
72731902,300,1,1,3,12,1,7672,7504,0,173005,173005,7730
72731903,300,1,1,3,12,1,7672,7504,0,173005,173005,7730
72731904,300,1,1,3,12,1,7672,7504,0,173005,173005,7730
72731905,300,1,1,3,12,1,7672,7504,0,0,173005,7730
72731906,300,1,1,3,12,1,7672,7504,0,0,173005,7730
72731907,300,1,1,3,12,1,7672,7504,0,0,173005,7730
72731908,5,1,1,3,12,1,7672,7504,0,0,173005,0
72731909,5,1,1,3,12,1,7672,7504,0,0,0,0
72731910,5,1,1,3,12,1,7672,7504,0,0,0,2001
72731911,5,1,1,3,12,1,7672,7504,0,0,0,17043
72731912,5,1,1,3,12,1,7672,7504,0,0,0,17043
72731913,5,1,1,3,12,1,7672,7504,3043,0,0,0
72731914,5,1,1,3,12,1,7672,7504,3043,0,0,6000
72731915,5,1,1,3,12,1,7672,7504,0,0,0,6000
72731916,5,1,1,3,12,1,7672,7504,0,0,0,6000
72731917,5,1,1,3,12,1,7672,7504,0,0,0,6000
72731918,5,1,1,3,12,1,7672,7504,0,150415,150415,7504
72731919,5,1,1,3,12,1,7672,7504,0,150415,150415,7504
72731920,5,1,1,3,12,1,7672,7504,0,150415,150415,7504
72731921,5,1,1,3,12,1,7672,7504,0,150415,150415,7504
72731922,5,1,1,3,12,1,7672,7504,0,0,150415,7504
72731923,5,1,1,3,12,1,7672,7504,0,0,150415,7504
72731924,5,1,1,3,12,1,7672,7504,0,0,150415,7504
72731925,1,1,1,0,12,1,7672,7504,0,0,150415,657
72731926,1,1,1,0,12,1,7672,7504,0,0,1,657
72731927,1,1,1,0,12,1,7672,7504,0,0,1,326
72731928,1,1,1,0,12,1,7672,7504,0,0,1,326
72731929,1,1,1,0,12,1,7672,7504,0,0,1,326
72731930,1,1,1,0,12,1,7672,7504,0,0,1,327
72731931,1,1,1,0,12,1,7672,7504,0,0,1,327
72731932,1,1,1,0,12,1,7672,7504,0,0,1,330
72731933,1,1,1,0,12,1,7672,7504,0,0,1,660
72731934,1,1,1,0,12,1,7672,7504,0,0,1,660
72731935,1,1,1,0,12,1,7672,7504,0,0,1,660
72731936,1,1,1,0,12,1,7672,7504,0,0,1,3655
72731937,244,1,1,0,12,1,7672,7504,0,0,110244,3655
72731938,244,1,1,0,12,1,7672,7504,0,0,110244,3655
72731939,244,1,1,0,12,1,7672,7504,0,0,110244,474
72731940,244,1,1,0,12,110244,7672,7504,0,0,110244,474
72731941,244,1,1,0,12,110244,7672,7504,0,0,110244,474
72731942,244,1,1,0,12,110244,7672,7504,0,0,110244,475
72731943,305,1,1,3,12,110244,7672,7504,0,0,305,475
72731944,305,1,1,3,12,110244,7672,7504,0,0,305,476
72731945,305,1,1,3,12,110244,7672,7504,0,0,305,501
72731946,244,1,1,0,12,110244,7672,7504,0,0,110244,501
72731947,244,1,1,0,12,110244,7672,7504,0,0,110244,501
72731948,244,1,1,0,12,110244,7672,7504,0,0,110244,502
72731949,7,1,1,0,12,110244,7672,7504,0,0,7,502
72731950,7,1,1,0,12,110244,7672,7504,0,0,7,503
72731951,7,1,1,0,12,110244,7672,7504,0,0,7,503
72731952,300,1,1,0,12,300,7672,7504,0,0,300,503
72731953,300,1,1,0,12,300,7672,7504,0,0,300,504
72731954,300,1,1,0,12,300,7672,7504,0,0,300,511
72731955,3,1,1,0,12,300,7672,7504,0,0,3,511
72731956,3,1,1,0,12,300,7672,7504,0,0,3,511
72731957,3,1,1,0,12,300,7672,7504,0,0,3,3725
72731958,141,1,1,0,12,304,7672,7504,0,0,30141,3725
72731959,141,1,1,0,12,304,7672,7504,0,0,30141,3725
72731960,141,1,1,0,12,304,7672,7504,0,0,30141,476
72731961,12,0,1,0,12,30141,7672,7504,0,0,12,476
# MARK wr tick=72731961
72731962,12,0,1,0,12,30141,7672,7504,0,0,12,476
72764457,1,1,1,0,177777,60000,1147,2453,0,0,10001,1121
72764458,1,1,1,0,177777,60000,1147,2453,0,0,10001,1122
72764459,1,1,1,0,177777,60000,1147,2453,0,0,10001,1133
72764460,0,1,1,0,177777,140000,1147,2453,0,0,0,1133
72764461,0,1,1,0,177777,140000,1147,2453,0,0,0,1133
72764462,0,1,1,0,177777,140000,1147,2453,0,0,0,1134
72764463,0,1,1,0,177777,0,1147,2453,0,0,0,1134
72764464,0,1,1,0,177777,0,1147,2453,0,0,0,1135
72764465,0,1,1,0,177777,0,1147,2453,0,0,0,1140
72764466,0,1,1,0,177777,0,1147,2453,0,0,0,1140
72764467,0,1,1,0,177777,0,1147,2453,0,0,0,1140
72764468,0,1,1,0,177777,0,1147,2453,0,0,0,1141
72764469,0,1,1,0,177777,0,1147,2453,0,0,20000,1141
72764470,0,1,1,0,177777,0,1147,2453,0,0,20000,1142
72764471,0,1,1,0,177777,0,1147,2453,0,0,20000,1142
72764472,1,1,1,0,177777,20000,1147,2453,0,0,1,1142
72764473,1,1,1,0,177777,20000,1147,2453,0,0,1,1143
72764474,1,1,1,0,177777,20000,1147,2453,0,0,1,1143
72764475,0,1,1,0,177777,20000,1147,2453,0,0,140000,1143
72764476,0,1,1,0,177777,20000,1147,2453,0,0,140000,1144
72764477,0,1,1,0,177777,20000,1147,2453,0,0,140000,1144
72764478,1,1,1,0,177777,20000,1147,2453,0,0,1,1144
72764479,1,1,1,0,177777,20000,1147,2453,0,0,1,1145
72764480,1,1,1,0,177777,20000,1147,2453,0,0,1,1145
72764481,150,1,1,0,177777,1,1147,2453,0,0,150,1145
72764482,150,1,1,0,177777,1,1147,2453,0,0,150,1146
72764483,150,1,1,0,177777,1,1147,2453,0,0,150,1146
72764484,150,1,1,0,177777,1,1147,2453,0,0,150,1146
72764485,150,1,1,0,177777,1,1147,2453,0,0,150,1147
72764486,150,1,1,0,177777,1,1147,2453,0,0,150,1147
72764487,1,1,1,0,177777,1,1147,2453,0,0,20001,1147
72764488,1,1,1,0,177777,1,1147,2453,0,0,20001,1150
72764489,1,1,1,0,177777,1,1147,2453,0,0,20001,1150
72764490,7,1,1,0,177777,1,1147,2453,0,0,7,1150
72764491,7,1,1,0,177777,1,1147,2453,0,0,7,1151
72764492,7,1,1,0,177777,1,1147,2453,0,0,7,1151
72764493,0,1,1,0,177777,1,1147,2453,0,0,116400,1151
72764494,0,1,1,0,177777,1,1147,2453,0,0,116400,1152
72764495,0,1,1,0,177777,1,1147,2453,0,0,116400,1151
72764496,57,1,1,0,177777,1,1147,2453,0,0,2457,1151
72764497,57,1,1,0,177777,1,1147,2453,0,0,2457,1151
72764498,53,1,1,0,177777,1,1147,2453,0,0,2453,1151
72764499,53,1,1,0,177777,2453,1147,2453,0,0,2453,1151
72764500,53,1,1,0,177777,2453,1147,2453,0,0,2453,1151
72764501,53,1,1,0,177777,2453,1147,2453,0,0,2453,1151
72764502,0,1,1,0,177777,2453,1147,2453,0,0,0,1151
72764503,0,1,1,0,177777,2453,1147,2453,0,0,0,1151
72764504,0,1,1,0,177777,2453,1147,2453,0,0,0,1151
72764505,377,1,1,0,177777,0,1147,2453,0,0,177777,1151
72764506,377,1,1,0,177777,0,1147,2453,0,0,177777,1151
72764507,377,1,1,0,177777,0,1147,2453,0,0,177777,1151
72764508,54,1,1,0,177777,177777,1147,2453,0,0,2454,1151
72764509,54,1,1,0,177777,177777,1147,2453,0,0,2454,1151
72764510,54,1,1,0,177777,177777,1147,2453,0,0,2454,1151
72764511,147,1,1,0,177777,2454,1147,2453,0,0,1147,1151
72764512,147,1,1,0,177777,2454,1147,2453,0,0,1147,1151
72764513,147,1,1,0,177777,2454,1147,2453,0,0,1147,1151
72764514,7,1,1,0,177777,1147,1147,2453,0,0,2407,1151
72764515,7,1,1,0,177777,1147,1147,2453,0,0,2407,1151
72764516,7,1,1,0,177777,1147,1147,2453,0,0,2407,1151
72764517,23,1,1,0,177777,2407,1147,2453,0,0,13023,1151
72764518,23,1,1,0,177777,2407,1147,2453,0,0,13023,1151
72764519,22,1,1,0,177777,2407,1147,2453,0,0,13022,1152
72764520,0,1,1,0,177777,13022,1147,2453,0,0,116400,1152
72764521,0,1,1,0,177777,13022,1147,2453,0,0,116400,1153
72764522,0,1,1,0,177777,13022,1147,2453,0,0,116400,1153
72764523,0,1,1,0,177777,116400,1147,2453,0,0,170000,1153
72764524,0,1,1,0,177777,116400,1147,2453,0,0,170000,1154
72764525,0,1,1,0,177777,116400,1147,2453,0,0,170000,1154
72764526,0,1,1,0,177777,116400,1147,2453,0,0,110000,1154
72764527,0,1,1,0,177777,116400,1147,2453,0,0,110000,1155
72764528,0,1,1,0,177777,116400,1147,2453,0,0,110000,1155
72764529,7,1,1,0,177777,116400,1147,2453,0,0,7,1155
72764530,7,1,1,0,177777,116400,1147,2453,0,0,7,1156
72764531,7,1,1,0,177777,116400,1147,2453,0,0,7,1156
72764532,1,1,1,0,177777,116400,1147,2453,0,0,20001,1156
72764533,1,1,1,0,177777,116400,1147,2453,0,0,20001,1157
72764534,1,1,1,0,177777,116400,1147,2453,0,0,20001,1156
72764535,104,1,1,0,177777,116400,1147,2453,0,0,7504,1156
72764536,104,1,1,0,177777,116400,1147,2453,0,0,7504,1156
72764537,104,1,1,0,177777,116400,1147,2453,0,0,7504,1156
72764538,104,1,1,0,177777,116400,1147,7504,0,0,7504,1156
72764539,104,1,1,0,177777,116400,1147,7504,0,0,7504,1156
72764540,104,1,1,0,177777,116400,1147,7504,0,0,7504,1156
72764541,302,1,1,0,177777,116400,1147,7504,0,0,302,1156
72764542,302,1,1,0,177777,116400,1147,7504,0,0,302,1156
72764543,302,1,1,0,177777,116400,1147,7504,0,0,302,1156
72764544,0,1,1,0,177777,116400,1147,7504,0,0,0,1156
72764545,0,1,1,0,177777,116400,1147,7504,0,0,0,1156
72764546,0,1,1,0,177777,116400,1147,7504,0,0,0,1156
72764547,26,1,1,0,0,116400,1147,7504,0,0,3026,1156
72764548,26,1,1,0,0,116400,1147,7504,0,0,3026,1156
72764549,26,1,1,0,0,116400,1147,7504,0,0,3026,1156
72764550,272,1,1,0,0,116400,1147,7504,0,0,7672,1156
72764551,272,1,1,0,0,116400,1147,7504,0,0,7672,1156
72764552,272,1,1,0,0,116400,1147,7504,0,0,7672,1156
72764553,40,1,1,0,0,116400,7672,7504,0,0,3040,1156
72764554,40,1,1,0,0,116400,7672,7504,0,0,3040,1156
72764555,40,1,1,0,0,116400,7672,7504,0,0,3040,1156
72764556,272,1,1,0,0,116400,7672,7504,0,0,55672,1156
72764557,272,1,1,0,0,116400,7672,7504,0,0,55672,1156
72764558,272,1,1,0,0,116400,7672,7504,0,0,55672,1157
72764559,244,1,1,0,0,116400,7672,7504,0,0,110244,1157
72764560,244,1,1,0,0,116400,7672,7504,0,0,110244,1160
72764561,244,1,1,0,0,116400,7672,7504,0,0,110244,1160
72764562,0,1,1,3,0,116400,7672,7504,0,0,0,1160
72764563,0,1,1,3,0,116400,7672,7504,0,0,0,1161
72764564,0,1,1,3,0,116400,7672,7504,0,0,0,1076
72764565,244,1,1,0,0,116400,7672,7504,0,0,110244,1076
72764566,244,1,1,0,0,116400,7672,7504,0,0,110244,1076
72764567,244,1,1,0,0,116400,7672,7504,0,0,110244,0
72764568,0,1,1,3,0,116400,7672,7504,0,0,0,0
72764569,0,1,1,3,0,116400,7672,7504,0,0,0,0
72764570,0,1,1,3,0,116400,7672,7504,0,0,0,2001
72764571,0,1,1,3,0,116400,7672,7504,0,0,0,17040
72764572,0,1,1,3,0,116400,7672,7504,0,0,0,17040
72764573,0,1,1,3,0,116400,7672,7504,3040,0,0,0
72764574,0,1,1,3,0,116400,7672,7504,3040,0,0,6000
72764575,0,1,1,3,0,116400,7672,7504,0,0,0,6000
72764576,0,1,1,3,0,116400,7672,7504,0,0,0,6000
72764577,0,1,1,3,0,116400,7672,7504,0,0,0,6000
72764578,0,1,1,3,0,116400,7672,7504,0,44035,44035,6440
72764579,0,1,1,3,0,116400,7672,7504,0,44035,44035,6440
72764580,0,1,1,3,0,116400,7672,7504,0,44035,44035,6440
72764581,0,1,1,3,0,116400,7672,7504,0,44035,44035,6440
72764582,0,1,1,3,0,116400,7672,7504,0,0,44035,6440
72764583,0,1,1,3,0,116400,7672,7504,0,0,44035,6440
72764584,0,1,1,3,0,116400,7672,7504,0,0,44035,6440
72764585,0,1,1,0,0,116400,7672,7504,0,0,44035,170
72764586,0,1,1,0,0,116400,7672,7504,0,0,0,170
72764587,0,1,1,0,0,116400,7672,7504,0,0,0,0
72764588,0,1,1,0,0,116400,7672,7504,0,0,0,0
72764589,0,1,1,0,0,116400,7672,7504,0,0,0,0
72764590,0,1,1,0,0,116400,7672,7504,3075,0,0,0
72764591,0,1,1,0,0,116400,7672,7504,3075,0,0,0
72764592,0,1,1,0,0,116400,7672,7504,0,0,0,0
72764593,0,1,1,0,0,116400,7672,7504,0,0,0,0
72764594,0,1,1,0,0,116400,7672,7504,0,0,0,0
72764595,0,1,1,0,0,116400,7672,7504,0,40,40,0
72764596,0,1,1,0,0,116400,7672,7504,0,40,40,0
72764597,0,1,1,0,0,116400,7672,7504,0,40,40,0
72764598,0,1,1,0,0,116400,7672,7504,0,40,40,0
72764599,0,1,1,0,0,116400,7672,7504,0,0,40,0
72764600,0,1,1,0,0,116400,7672,7504,0,0,40,0
72764601,0,1,1,0,0,116400,7672,7504,0,0,40,0
72764602,40,1,1,3,0,116400,7672,7504,0,0,40,0
72764603,40,1,1,3,0,116400,7672,7504,0,0,0,0
72764604,40,1,1,3,0,116400,7672,7504,0,0,0,2001
72764605,40,1,1,3,0,116400,7672,7504,0,0,0,17041
72764606,40,1,1,3,0,116400,7672,7504,0,0,0,17041
72764607,40,1,1,3,0,116400,7672,7504,3041,0,0,0
72764608,40,1,1,3,0,116400,7672,7504,3041,0,0,6000
72764609,40,1,1,3,0,116400,7672,7504,0,0,0,6000
72764610,40,1,1,3,0,116400,7672,7504,0,0,0,6000
72764611,40,1,1,3,0,116400,7672,7504,0,0,0,6000
72764612,40,1,1,3,0,116400,7672,7504,0,50033,50033,6500
72764613,40,1,1,3,0,116400,7672,7504,0,50033,50033,6500
72764614,40,1,1,3,0,116400,7672,7504,0,50033,50033,6500
72764615,40,1,1,3,0,116400,7672,7504,0,50033,50033,6500
72764616,40,1,1,3,0,116400,7672,7504,0,0,50033,6500
72764617,40,1,1,3,0,116400,7672,7504,0,0,50033,6500
72764618,40,1,1,3,0,116400,7672,7504,0,0,50033,6500
72764619,0,1,1,0,40,116400,7672,7504,0,0,50033,172
72764620,0,1,1,0,40,116400,7672,7504,0,0,0,172
72764621,0,1,1,0,40,116400,7672,7504,0,0,0,0
72764622,0,1,1,0,40,116400,7672,7504,0,0,0,0
72764623,0,1,1,0,40,116400,7672,7504,0,0,0,0
72764624,0,1,1,0,40,116400,7672,7504,3074,0,0,0
72764625,0,1,1,0,40,116400,7672,7504,3074,0,0,0
72764626,0,1,1,0,40,116400,7672,7504,0,0,0,0
72764627,0,1,1,0,40,116400,7672,7504,0,0,0,0
72764628,0,1,1,0,40,116400,7672,7504,0,0,0,0
72764629,0,1,1,0,40,116400,7672,7504,0,300,300,0
72764630,0,1,1,0,40,116400,7672,7504,0,300,300,0
72764631,0,1,1,0,40,116400,7672,7504,0,300,300,0
72764632,0,1,1,0,40,116400,7672,7504,0,300,300,0
72764633,0,1,1,0,40,116400,7672,7504,0,0,300,0
72764634,0,1,1,0,40,116400,7672,7504,0,0,300,0
72764635,0,1,1,0,40,116400,7672,7504,0,0,300,0
72764636,300,1,1,3,40,116400,7672,7504,0,0,300,0
72764637,300,1,1,3,40,116400,7672,7504,0,0,0,0
72764638,300,1,1,3,40,116400,7672,7504,0,0,0,2001
72764639,300,1,1,3,40,116400,7672,7504,0,0,0,17042
72764640,300,1,1,3,40,116400,7672,7504,0,0,0,17042
72764641,300,1,1,3,40,116400,7672,7504,3042,0,0,0
72764642,300,1,1,3,40,116400,7672,7504,3042,0,0,6000
72764643,300,1,1,3,40,116400,7672,7504,0,0,0,6000
72764644,300,1,1,3,40,116400,7672,7504,0,0,0,6000
72764645,300,1,1,3,40,116400,7672,7504,0,0,0,6000
72764646,300,1,1,3,40,116400,7672,7504,0,173005,173005,7730
72764647,300,1,1,3,40,116400,7672,7504,0,173005,173005,7730
72764648,300,1,1,3,40,116400,7672,7504,0,173005,173005,7730
72764649,300,1,1,3,40,116400,7672,7504,0,173005,173005,7730
72764650,300,1,1,3,40,116400,7672,7504,0,0,173005,7730
72764651,300,1,1,3,40,116400,7672,7504,0,0,173005,7730
72764652,300,1,1,3,40,116400,7672,7504,0,0,173005,7730
72764653,5,1,1,3,40,116400,7672,7504,0,0,173005,0
72764654,5,1,1,3,40,116400,7672,7504,0,0,0,0
72764655,5,1,1,3,40,116400,7672,7504,0,0,0,2001
72764656,5,1,1,3,40,116400,7672,7504,0,0,0,17043
72764657,5,1,1,3,40,116400,7672,7504,0,0,0,17043
72764658,5,1,1,3,40,116400,7672,7504,3043,0,0,0
72764659,5,1,1,3,40,116400,7672,7504,3043,0,0,6000
72764660,5,1,1,3,40,116400,7672,7504,0,0,0,6000
72764661,5,1,1,3,40,116400,7672,7504,0,0,0,6000
72764662,5,1,1,3,40,116400,7672,7504,0,0,0,6000
72764663,5,1,1,3,40,116400,7672,7504,0,150415,150415,7504
72764664,5,1,1,3,40,116400,7672,7504,0,150415,150415,7504
72764665,5,1,1,3,40,116400,7672,7504,0,150415,150415,7504
72764666,5,1,1,3,40,116400,7672,7504,0,150415,150415,7504
72764667,5,1,1,3,40,116400,7672,7504,0,0,150415,7504
72764668,5,1,1,3,40,116400,7672,7504,0,0,150415,7504
72764669,5,1,1,3,40,116400,7672,7504,0,0,150415,7504
72764670,0,1,1,0,40,116400,7672,7504,0,0,156415,657
72764671,0,1,1,0,40,116400,7672,7504,0,0,116400,657
72764672,0,1,1,0,40,116400,7672,7504,0,0,116400,326
72764673,0,1,1,0,40,116400,7672,7504,0,0,116400,326
72764674,0,1,1,0,40,116400,7672,7504,0,0,116400,326
72764675,0,1,1,0,40,116400,7672,7504,0,0,116400,327
72764676,0,1,1,0,40,116400,7672,7504,0,0,116400,327
72764677,0,1,1,0,40,116400,7672,7504,0,0,116400,330
72764678,0,1,1,0,40,116400,7672,7504,0,0,116400,660
72764679,0,1,1,0,40,116400,7672,7504,0,0,116400,660
72764680,0,1,1,0,40,116400,7672,7504,0,0,116400,660
72764681,0,1,1,0,40,116400,7672,7504,0,0,116400,3655
72764682,244,1,1,0,40,116400,7672,7504,0,0,110244,3655
72764683,244,1,1,0,40,116400,7672,7504,0,0,110244,3655
72764684,244,1,1,0,40,116400,7672,7504,0,0,110244,474
72764685,244,1,1,0,40,110244,7672,7504,0,0,110244,474
72764686,244,1,1,0,40,110244,7672,7504,0,0,110244,474
72764687,244,1,1,0,40,110244,7672,7504,0,0,110244,475
72764688,305,1,1,3,40,110244,7672,7504,0,0,305,475
72764689,305,1,1,3,40,110244,7672,7504,0,0,305,476
72764690,305,1,1,3,40,110244,7672,7504,0,0,305,501
72764691,244,1,1,0,40,110244,7672,7504,0,0,110244,501
72764692,244,1,1,0,40,110244,7672,7504,0,0,110244,501
72764693,244,1,1,0,40,110244,7672,7504,0,0,110244,502
72764694,7,1,1,0,40,110244,7672,7504,0,0,7,502
72764695,7,1,1,0,40,110244,7672,7504,0,0,7,503
72764696,7,1,1,0,40,110244,7672,7504,0,0,7,503
72764697,300,1,1,0,40,300,7672,7504,0,0,300,503
72764698,300,1,1,0,40,300,7672,7504,0,0,300,504
72764699,300,1,1,0,40,300,7672,7504,0,0,300,511
72764700,3,1,1,0,40,300,7672,7504,0,0,3,511
72764701,3,1,1,0,40,300,7672,7504,0,0,3,511
72764702,3,1,1,0,40,300,7672,7504,0,0,3,3725
72764703,141,1,1,0,40,304,7672,7504,0,0,30141,3725
72764704,141,1,1,0,40,304,7672,7504,0,0,30141,3725
72764705,141,1,1,0,40,304,7672,7504,0,0,30141,476
72764706,40,0,1,0,40,30141,7672,7504,0,0,40,476
# MARK wr tick=72764706
72764707,40,0,1,0,40,30141,7672,7504,0,0,40,476
72796263,1,1,1,0,177777,60000,1147,15,0,0,10001,1121
72796264,1,1,1,0,177777,60000,1147,15,0,0,10001,1122
72796265,1,1,1,0,177777,60000,1147,15,0,0,10001,1133
72796266,0,1,1,0,177777,140000,1147,15,0,0,0,1133
72796267,0,1,1,0,177777,140000,1147,15,0,0,0,1133
72796268,0,1,1,0,177777,140000,1147,15,0,0,0,1134
72796269,0,1,1,0,177777,0,1147,15,0,0,0,1134
72796270,0,1,1,0,177777,0,1147,15,0,0,0,1135
72796271,0,1,1,0,177777,0,1147,15,0,0,0,1140
72796272,0,1,1,0,177777,0,1147,15,0,0,0,1140
72796273,0,1,1,0,177777,0,1147,15,0,0,0,1140
72796274,0,1,1,0,177777,0,1147,15,0,0,0,1141
72796275,0,1,1,0,177777,0,1147,15,0,0,20000,1141
72796276,0,1,1,0,177777,0,1147,15,0,0,20000,1142
72796277,0,1,1,0,177777,0,1147,15,0,0,20000,1142
72796278,1,1,1,0,177777,20000,1147,15,0,0,1,1142
72796279,1,1,1,0,177777,20000,1147,15,0,0,1,1143
72796280,1,1,1,0,177777,20000,1147,15,0,0,1,1143
72796281,0,1,1,0,177777,20000,1147,15,0,0,140000,1143
72796282,0,1,1,0,177777,20000,1147,15,0,0,140000,1144
72796283,0,1,1,0,177777,20000,1147,15,0,0,140000,1144
72796284,1,1,1,0,177777,20000,1147,15,0,0,1,1144
72796285,1,1,1,0,177777,20000,1147,15,0,0,1,1145
72796286,1,1,1,0,177777,20000,1147,15,0,0,1,1145
72796287,150,1,1,0,177777,1,1147,15,0,0,150,1145
72796288,150,1,1,0,177777,1,1147,15,0,0,150,1146
72796289,150,1,1,0,177777,1,1147,15,0,0,150,1146
72796290,150,1,1,0,177777,1,1147,15,0,0,150,1146
72796291,150,1,1,0,177777,1,1147,15,0,0,150,1147
72796292,150,1,1,0,177777,1,1147,15,0,0,150,1147
72796293,1,1,1,0,177777,1,1147,15,0,0,20001,1147
72796294,1,1,1,0,177777,1,1147,15,0,0,20001,1150
72796295,1,1,1,0,177777,1,1147,15,0,0,20001,1150
72796296,7,1,1,0,177777,1,1147,15,0,0,7,1150
72796297,7,1,1,0,177777,1,1147,15,0,0,7,1151
72796298,7,1,1,0,177777,1,1147,15,0,0,7,1151
72796299,0,1,1,0,177777,1,1147,15,0,0,116400,1151
72796300,0,1,1,0,177777,1,1147,15,0,0,116400,1152
72796301,0,1,1,0,177777,1,1147,15,0,0,116400,1151
72796302,15,1,1,0,177777,1,1147,15,0,0,15,1151
72796303,15,1,1,0,177777,1,1147,15,0,0,15,1151
72796304,15,1,1,0,177777,1,1147,15,0,0,15,1151
72796305,15,1,1,0,177777,15,1147,15,0,0,15,1151
72796306,15,1,1,0,177777,15,1147,15,0,0,15,1151
72796307,15,1,1,0,177777,15,1147,15,0,0,15,1151
72796308,0,1,1,0,177777,15,1147,15,0,0,0,1151
72796309,0,1,1,0,177777,15,1147,15,0,0,0,1151
72796310,0,1,1,0,177777,15,1147,15,0,0,0,1151
72796311,377,1,1,0,177777,0,1147,15,0,0,177777,1151
72796312,377,1,1,0,177777,0,1147,15,0,0,177777,1151
72796313,377,1,1,0,177777,0,1147,15,0,0,177777,1151
72796314,54,1,1,0,177777,177777,1147,15,0,0,2454,1151
72796315,54,1,1,0,177777,177777,1147,15,0,0,2454,1151
72796316,54,1,1,0,177777,177777,1147,15,0,0,2454,1151
72796317,147,1,1,0,177777,2454,1147,15,0,0,1147,1151
72796318,147,1,1,0,177777,2454,1147,15,0,0,1147,1151
72796319,147,1,1,0,177777,2454,1147,15,0,0,1147,1151
72796320,7,1,1,0,177777,1147,1147,15,0,0,2407,1151
72796321,7,1,1,0,177777,1147,1147,15,0,0,2407,1151
72796322,7,1,1,0,177777,1147,1147,15,0,0,2407,1151
72796323,27,1,1,0,177777,2407,1147,15,0,0,13027,1151
72796324,27,1,1,0,177777,2407,1147,15,0,0,13027,1151
72796325,26,1,1,0,177777,2407,1147,15,0,0,13026,1152
72796326,0,1,1,0,177777,13026,1147,15,0,0,116400,1152
72796327,0,1,1,0,177777,13026,1147,15,0,0,116400,1153
72796328,0,1,1,0,177777,13026,1147,15,0,0,116400,1153
72796329,0,1,1,0,177777,116400,1147,15,0,0,170000,1153
72796330,0,1,1,0,177777,116400,1147,15,0,0,170000,1154
72796331,0,1,1,0,177777,116400,1147,15,0,0,170000,1154
72796332,0,1,1,0,177777,116400,1147,15,0,0,110000,1154
72796333,0,1,1,0,177777,116400,1147,15,0,0,110000,1155
72796334,0,1,1,0,177777,116400,1147,15,0,0,110000,1155
72796335,7,1,1,0,177777,116400,1147,15,0,0,7,1155
72796336,7,1,1,0,177777,116400,1147,15,0,0,7,1156
72796337,7,1,1,0,177777,116400,1147,15,0,0,7,1156
72796338,1,1,1,0,177777,116400,1147,15,0,0,20001,1156
72796339,1,1,1,0,177777,116400,1147,15,0,0,20001,1157
72796340,1,1,1,0,177777,116400,1147,15,0,0,20001,1156
72796341,104,1,1,0,177777,116400,1147,15,0,0,7504,1156
72796342,104,1,1,0,177777,116400,1147,15,0,0,7504,1156
72796343,104,1,1,0,177777,116400,1147,15,0,0,7504,1156
72796344,104,1,1,0,177777,116400,1147,7504,0,0,7504,1156
72796345,104,1,1,0,177777,116400,1147,7504,0,0,7504,1156
72796346,104,1,1,0,177777,116400,1147,7504,0,0,7504,1156
72796347,302,1,1,0,177777,116400,1147,7504,0,0,302,1156
72796348,302,1,1,0,177777,116400,1147,7504,0,0,302,1156
72796349,302,1,1,0,177777,116400,1147,7504,0,0,302,1156
72796350,0,1,1,0,177777,116400,1147,7504,0,0,0,1156
72796351,0,1,1,0,177777,116400,1147,7504,0,0,0,1156
72796352,0,1,1,0,177777,116400,1147,7504,0,0,0,1156
72796353,26,1,1,0,0,116400,1147,7504,0,0,3026,1156
72796354,26,1,1,0,0,116400,1147,7504,0,0,3026,1156
72796355,26,1,1,0,0,116400,1147,7504,0,0,3026,1156
72796356,272,1,1,0,0,116400,1147,7504,0,0,7672,1156
72796357,272,1,1,0,0,116400,1147,7504,0,0,7672,1156
72796358,272,1,1,0,0,116400,1147,7504,0,0,7672,1156
72796359,40,1,1,0,0,116400,7672,7504,0,0,3040,1156
72796360,40,1,1,0,0,116400,7672,7504,0,0,3040,1156
72796361,40,1,1,0,0,116400,7672,7504,0,0,3040,1156
72796362,272,1,1,0,0,116400,7672,7504,0,0,55672,1156
72796363,272,1,1,0,0,116400,7672,7504,0,0,55672,1156
72796364,272,1,1,0,0,116400,7672,7504,0,0,55672,1157
72796365,244,1,1,0,0,116400,7672,7504,0,0,110244,1157
72796366,244,1,1,0,0,116400,7672,7504,0,0,110244,1160
72796367,244,1,1,0,0,116400,7672,7504,0,0,110244,1160
72796368,0,1,1,3,0,116400,7672,7504,0,0,0,1160
72796369,0,1,1,3,0,116400,7672,7504,0,0,0,1161
72796370,0,1,1,3,0,116400,7672,7504,0,0,0,1076
72796371,244,1,1,0,0,116400,7672,7504,0,0,110244,1076
72796372,244,1,1,0,0,116400,7672,7504,0,0,110244,1076
72796373,244,1,1,0,0,116400,7672,7504,0,0,110244,0
72796374,0,1,1,3,0,116400,7672,7504,0,0,0,0
72796375,0,1,1,3,0,116400,7672,7504,0,0,0,0
72796376,0,1,1,3,0,116400,7672,7504,0,0,0,2001
72796377,0,1,1,3,0,116400,7672,7504,0,0,0,17040
72796378,0,1,1,3,0,116400,7672,7504,0,0,0,17040
72796379,0,1,1,3,0,116400,7672,7504,3040,0,0,0
72796380,0,1,1,3,0,116400,7672,7504,3040,0,0,6000
72796381,0,1,1,3,0,116400,7672,7504,0,0,0,6000
72796382,0,1,1,3,0,116400,7672,7504,0,0,0,6000
72796383,0,1,1,3,0,116400,7672,7504,0,0,0,6000
72796384,0,1,1,3,0,116400,7672,7504,0,44035,44035,6440
72796385,0,1,1,3,0,116400,7672,7504,0,44035,44035,6440
72796386,0,1,1,3,0,116400,7672,7504,0,44035,44035,6440
72796387,0,1,1,3,0,116400,7672,7504,0,44035,44035,6440
72796388,0,1,1,3,0,116400,7672,7504,0,0,44035,6440
72796389,0,1,1,3,0,116400,7672,7504,0,0,44035,6440
72796390,0,1,1,3,0,116400,7672,7504,0,0,44035,6440
72796391,0,1,1,0,0,116400,7672,7504,0,0,44035,170
72796392,0,1,1,0,0,116400,7672,7504,0,0,0,170
72796393,0,1,1,0,0,116400,7672,7504,0,0,0,0
72796394,0,1,1,0,0,116400,7672,7504,0,0,0,0
72796395,0,1,1,0,0,116400,7672,7504,0,0,0,0
72796396,0,1,1,0,0,116400,7672,7504,3075,0,0,0
72796397,0,1,1,0,0,116400,7672,7504,3075,0,0,0
72796398,0,1,1,0,0,116400,7672,7504,0,0,0,0
72796399,0,1,1,0,0,116400,7672,7504,0,0,0,0
72796400,0,1,1,0,0,116400,7672,7504,0,0,0,0
72796401,0,1,1,0,0,116400,7672,7504,0,15,15,0
72796402,0,1,1,0,0,116400,7672,7504,0,15,15,0
72796403,0,1,1,0,0,116400,7672,7504,0,15,15,0
72796404,0,1,1,0,0,116400,7672,7504,0,15,15,0
72796405,0,1,1,0,0,116400,7672,7504,0,0,15,0
72796406,0,1,1,0,0,116400,7672,7504,0,0,15,0
72796407,0,1,1,0,0,116400,7672,7504,0,0,15,0
72796408,15,1,1,3,0,116400,7672,7504,0,0,15,0
72796409,15,1,1,3,0,116400,7672,7504,0,0,0,0
72796410,15,1,1,3,0,116400,7672,7504,0,0,0,2001
72796411,15,1,1,3,0,116400,7672,7504,0,0,0,17041
72796412,15,1,1,3,0,116400,7672,7504,0,0,0,17041
72796413,15,1,1,3,0,116400,7672,7504,3041,0,0,0
72796414,15,1,1,3,0,116400,7672,7504,3041,0,0,6000
72796415,15,1,1,3,0,116400,7672,7504,0,0,0,6000
72796416,15,1,1,3,0,116400,7672,7504,0,0,0,6000
72796417,15,1,1,3,0,116400,7672,7504,0,0,0,6000
72796418,15,1,1,3,0,116400,7672,7504,0,50033,50033,6500
72796419,15,1,1,3,0,116400,7672,7504,0,50033,50033,6500
72796420,15,1,1,3,0,116400,7672,7504,0,50033,50033,6500
72796421,15,1,1,3,0,116400,7672,7504,0,50033,50033,6500
72796422,15,1,1,3,0,116400,7672,7504,0,0,50033,6500
72796423,15,1,1,3,0,116400,7672,7504,0,0,50033,6500
72796424,15,1,1,3,0,116400,7672,7504,0,0,50033,6500
72796425,0,1,1,0,15,116400,7672,7504,0,0,50033,172
72796426,0,1,1,0,15,116400,7672,7504,0,0,0,172
72796427,0,1,1,0,15,116400,7672,7504,0,0,0,0
72796428,0,1,1,0,15,116400,7672,7504,0,0,0,0
72796429,0,1,1,0,15,116400,7672,7504,0,0,0,0
72796430,0,1,1,0,15,116400,7672,7504,3074,0,0,0
72796431,0,1,1,0,15,116400,7672,7504,3074,0,0,0
72796432,0,1,1,0,15,116400,7672,7504,0,0,0,0
72796433,0,1,1,0,15,116400,7672,7504,0,0,0,0
72796434,0,1,1,0,15,116400,7672,7504,0,0,0,0
72796435,0,1,1,0,15,116400,7672,7504,0,300,300,0
72796436,0,1,1,0,15,116400,7672,7504,0,300,300,0
72796437,0,1,1,0,15,116400,7672,7504,0,300,300,0
72796438,0,1,1,0,15,116400,7672,7504,0,300,300,0
72796439,0,1,1,0,15,116400,7672,7504,0,0,300,0
72796440,0,1,1,0,15,116400,7672,7504,0,0,300,0
72796441,0,1,1,0,15,116400,7672,7504,0,0,300,0
72796442,300,1,1,3,15,116400,7672,7504,0,0,300,0
72796443,300,1,1,3,15,116400,7672,7504,0,0,0,0
72796444,300,1,1,3,15,116400,7672,7504,0,0,0,2001
72796445,300,1,1,3,15,116400,7672,7504,0,0,0,17042
72796446,300,1,1,3,15,116400,7672,7504,0,0,0,17042
72796447,300,1,1,3,15,116400,7672,7504,3042,0,0,0
72796448,300,1,1,3,15,116400,7672,7504,3042,0,0,6000
72796449,300,1,1,3,15,116400,7672,7504,0,0,0,6000
72796450,300,1,1,3,15,116400,7672,7504,0,0,0,6000
72796451,300,1,1,3,15,116400,7672,7504,0,0,0,6000
72796452,300,1,1,3,15,116400,7672,7504,0,173005,173005,7730
72796453,300,1,1,3,15,116400,7672,7504,0,173005,173005,7730
72796454,300,1,1,3,15,116400,7672,7504,0,173005,173005,7730
72796455,300,1,1,3,15,116400,7672,7504,0,173005,173005,7730
72796456,300,1,1,3,15,116400,7672,7504,0,0,173005,7730
72796457,300,1,1,3,15,116400,7672,7504,0,0,173005,7730
72796458,300,1,1,3,15,116400,7672,7504,0,0,173005,7730
72796459,5,1,1,3,15,116400,7672,7504,0,0,173005,0
72796460,5,1,1,3,15,116400,7672,7504,0,0,0,0
72796461,5,1,1,3,15,116400,7672,7504,0,0,0,2001
72796462,5,1,1,3,15,116400,7672,7504,0,0,0,17043
72796463,5,1,1,3,15,116400,7672,7504,0,0,0,17043
72796464,5,1,1,3,15,116400,7672,7504,3043,0,0,0
72796465,5,1,1,3,15,116400,7672,7504,3043,0,0,6000
72796466,5,1,1,3,15,116400,7672,7504,0,0,0,6000
72796467,5,1,1,3,15,116400,7672,7504,0,0,0,6000
72796468,5,1,1,3,15,116400,7672,7504,0,0,0,6000
72796469,5,1,1,3,15,116400,7672,7504,0,150415,150415,7504
72796470,5,1,1,3,15,116400,7672,7504,0,150415,150415,7504
72796471,5,1,1,3,15,116400,7672,7504,0,150415,150415,7504
72796472,5,1,1,3,15,116400,7672,7504,0,150415,150415,7504
72796473,5,1,1,3,15,116400,7672,7504,0,0,150415,7504
72796474,5,1,1,3,15,116400,7672,7504,0,0,150415,7504
72796475,5,1,1,3,15,116400,7672,7504,0,0,150415,7504
72796476,0,1,1,0,15,116400,7672,7504,0,0,156415,657
72796477,0,1,1,0,15,116400,7672,7504,0,0,116400,657
72796478,0,1,1,0,15,116400,7672,7504,0,0,116400,326
72796479,0,1,1,0,15,116400,7672,7504,0,0,116400,326
72796480,0,1,1,0,15,116400,7672,7504,0,0,116400,326
72796481,0,1,1,0,15,116400,7672,7504,0,0,116400,327
72796482,0,1,1,0,15,116400,7672,7504,0,0,116400,327
72796483,0,1,1,0,15,116400,7672,7504,0,0,116400,330
72796484,0,1,1,0,15,116400,7672,7504,0,0,116400,660
72796485,0,1,1,0,15,116400,7672,7504,0,0,116400,660
72796486,0,1,1,0,15,116400,7672,7504,0,0,116400,660
72796487,0,1,1,0,15,116400,7672,7504,0,0,116400,3655
72796488,244,1,1,0,15,116400,7672,7504,0,0,110244,3655
72796489,244,1,1,0,15,116400,7672,7504,0,0,110244,3655
72796490,244,1,1,0,15,116400,7672,7504,0,0,110244,474
72796491,244,1,1,0,15,110244,7672,7504,0,0,110244,474
72796492,244,1,1,0,15,110244,7672,7504,0,0,110244,474
72796493,244,1,1,0,15,110244,7672,7504,0,0,110244,475
72796494,305,1,1,3,15,110244,7672,7504,0,0,305,475
72796495,305,1,1,3,15,110244,7672,7504,0,0,305,476
72796496,305,1,1,3,15,110244,7672,7504,0,0,305,501
72796497,244,1,1,0,15,110244,7672,7504,0,0,110244,501
72796498,244,1,1,0,15,110244,7672,7504,0,0,110244,501
72796499,244,1,1,0,15,110244,7672,7504,0,0,110244,502
72796500,7,1,1,0,15,110244,7672,7504,0,0,7,502
72796501,7,1,1,0,15,110244,7672,7504,0,0,7,503
72796502,7,1,1,0,15,110244,7672,7504,0,0,7,503
72796503,300,1,1,0,15,300,7672,7504,0,0,300,503
72796504,300,1,1,0,15,300,7672,7504,0,0,300,504
72796505,300,1,1,0,15,300,7672,7504,0,0,300,511
72796506,3,1,1,0,15,300,7672,7504,0,0,3,511
72796507,3,1,1,0,15,300,7672,7504,0,0,3,511
72796508,3,1,1,0,15,300,7672,7504,0,0,3,3725
72796509,141,1,1,0,15,304,7672,7504,0,0,30141,3725
72796510,141,1,1,0,15,304,7672,7504,0,0,30141,3725
72796511,141,1,1,0,15,304,7672,7504,0,0,30141,476
72796512,15,0,1,0,15,30141,7672,7504,0,0,15,476
# MARK wr tick=72796512
72796513,15,0,1,0,15,30141,7672,7504,0,0,15,476
72822008,244,1,1,0,0,10244,7672,7504,0,0,10244,326
72822009,244,1,1,0,0,10244,7672,7504,0,0,10244,327
72822010,244,1,1,0,0,10244,7672,7504,0,0,10244,327
72822011,244,1,1,0,0,10244,7672,7504,0,0,10244,330
72822012,244,1,1,0,0,10244,7672,7504,0,0,10244,660
72822013,244,1,1,0,0,10244,7672,7504,0,0,10244,660
72822014,244,1,1,0,0,10244,7672,7504,0,0,10244,660
72822015,244,1,1,0,0,10244,7672,7504,0,0,10244,3642
72822016,244,1,1,0,0,10244,7672,7504,0,0,10244,3642
72822017,244,1,1,0,0,10244,7672,7504,0,0,10244,3642
72822018,244,1,1,0,0,10244,7672,7504,0,0,10244,663
72822019,0,1,1,0,0,10244,7672,7504,0,0,100000,663
72822020,0,1,1,0,0,10244,7672,7504,0,0,100000,663
72822021,0,1,1,0,0,10244,7672,7504,0,0,100000,664
72822022,244,1,1,0,0,110244,7672,7504,0,0,110244,664
72822023,244,1,1,0,0,110244,7672,7504,0,0,110244,665
72822024,244,1,1,0,0,110244,7672,7504,0,0,110244,665
72822025,244,1,1,0,0,110244,7672,7504,0,0,110244,665
72822026,244,1,1,0,0,110244,7672,7504,0,0,110244,666
72822027,244,1,1,0,0,110244,7672,7504,0,0,110244,1112
72822028,245,1,1,0,0,110244,7672,7504,0,0,130245,1112
72822029,245,1,1,0,0,110244,7672,7504,0,0,130245,1112
72822030,245,1,1,0,0,110244,7672,7504,0,0,130245,1113
72822031,245,1,1,0,0,110244,7672,7504,0,0,130245,1113
72822032,245,1,1,0,0,110244,7672,7504,0,0,130245,1113
72822033,245,1,1,0,0,110244,7672,7504,0,0,130245,1113
72822034,245,1,1,0,0,110244,7672,7504,0,0,130245,1113
72822035,245,1,1,0,0,110244,7672,7504,0,0,130245,1113
72822036,244,1,1,0,0,110244,7672,7504,0,0,110244,1113
72822037,244,1,1,0,0,110244,7672,7504,0,0,110244,1114
72822038,244,1,1,0,0,110244,7672,7504,0,0,110244,1114
72822039,10,1,1,0,0,110244,7672,7504,0,0,10,1114
72822040,10,1,1,0,0,110244,7672,7504,0,0,10,1115
72822041,10,1,1,0,0,110244,7672,7504,0,0,10,1115
72822042,10,1,1,0,0,110244,7672,7504,0,0,10,1115
72822043,10,1,1,0,0,110244,7672,7504,0,0,10,1115
72822044,10,1,1,0,0,110244,7672,7504,0,0,10,1115
72822045,10,1,1,0,0,110244,7672,7504,0,0,10,1115
72822046,10,1,1,0,0,110244,7672,7504,0,0,10,1115
72822047,0,1,1,0,0,110244,7672,7504,0,0,0,1115
72822048,0,1,1,0,0,110244,7672,7504,0,0,0,1116
72822049,0,1,1,0,0,110244,7672,7504,0,0,0,1116
72822050,244,1,1,0,0,0,7672,7504,0,0,110244,1116
72822051,244,1,1,0,0,0,7672,7504,0,0,110244,666
72822052,244,1,1,0,0,0,7672,7504,0,0,110244,1117
72822053,1,1,1,0,0,0,7672,7504,0,0,60001,1117
72822054,1,1,1,0,0,0,7672,7504,0,0,60001,1120
72822055,1,1,1,0,0,0,7672,7504,0,0,60001,1120
72822056,13,1,1,0,0,0,7672,7504,0,0,100013,1120
72822057,13,1,1,0,0,0,7672,7504,0,0,100013,1121
72822058,13,1,1,0,0,0,7672,7504,0,0,100013,1120
72822059,0,1,1,0,0,100013,7672,7504,0,0,0,1120
72822060,0,1,1,0,0,100013,7672,7504,0,0,0,1120
72822061,0,1,1,0,0,100013,7672,7504,0,0,0,1120
72822062,1,1,1,0,0,26,7672,7504,0,0,1,1120
72822063,1,1,1,0,0,26,7672,7504,0,0,1,1120
72822064,1,1,1,0,0,26,7672,7504,0,0,1,1120
72822065,2,1,1,0,0,54,7672,7504,0,0,2,1120
72822066,2,1,1,0,0,54,7672,7504,0,0,2,1120
72822067,2,1,1,0,0,54,7672,7504,0,0,2,1120
72822068,4,1,1,0,0,130,7672,7504,0,0,4,1120
72822069,4,1,1,0,0,130,7672,7504,0,0,4,1120
72822070,4,1,1,0,0,130,7672,7504,0,0,4,1120
72822071,10,1,1,0,0,260,7672,7504,0,0,10,1120
72822072,10,1,1,0,0,260,7672,7504,0,0,10,1120
72822073,10,1,1,0,0,260,7672,7504,0,0,10,1120
72822074,20,1,1,0,0,540,7672,7504,0,0,20,1120
72822075,20,1,1,0,0,540,7672,7504,0,0,20,1120
72822076,20,1,1,0,0,540,7672,7504,0,0,20,1120
72822077,40,1,1,0,0,1300,7672,7504,0,0,40,1120
72822078,40,1,1,0,0,1300,7672,7504,0,0,40,1120
72822079,40,1,1,0,0,1300,7672,7504,0,0,40,1120
72822080,100,1,1,0,0,2600,7672,7504,0,0,100,1120
72822081,100,1,1,0,0,2600,7672,7504,0,0,100,1120
72822082,100,1,1,0,0,2600,7672,7504,0,0,100,1120
72822083,200,1,1,0,0,5400,7672,7504,0,0,200,1120
72822084,200,1,1,0,0,5400,7672,7504,0,0,200,1120
72822085,200,1,1,0,0,5400,7672,7504,0,0,200,1120
72822086,0,1,1,0,0,13000,7672,7504,0,0,400,1120
72822087,0,1,1,0,0,13000,7672,7504,0,0,400,1120
72822088,0,1,1,0,0,13000,7672,7504,0,0,400,1120
72822089,0,1,1,0,0,26000,7672,7504,0,0,1000,1120
72822090,0,1,1,0,0,26000,7672,7504,0,0,1000,1120
72822091,0,1,1,0,0,26000,7672,7504,0,0,1000,1120
72822092,0,1,1,0,0,54000,7672,7504,0,0,2000,1120
72822093,0,1,1,0,0,54000,7672,7504,0,0,2000,1120
72822094,0,1,1,0,0,54000,7672,7504,0,0,2000,1120
72822095,0,1,1,0,0,130000,7672,7504,0,0,4000,1120
72822096,0,1,1,0,0,130000,7672,7504,0,0,4000,1120
72822097,0,1,1,0,0,130000,7672,7504,0,0,4000,1121
72822098,1,1,1,0,0,60000,7672,7504,0,0,10001,1121
72822099,1,1,1,0,0,60000,7672,7504,0,0,10001,1122
72822100,1,1,1,0,0,60000,7672,7504,0,0,10001,1133
72822101,0,1,1,0,0,140000,7672,7504,0,0,0,1133
72822102,0,1,1,0,0,140000,7672,7504,0,0,0,1133
72822103,0,1,1,0,0,140000,7672,7504,0,0,0,1134
72822104,0,1,1,0,0,0,7672,7504,0,0,0,1134
72822105,0,1,1,0,0,0,7672,7504,0,0,0,1135
72822106,0,1,1,0,0,0,7672,7504,0,0,0,1140
72822107,0,1,1,0,0,0,7672,7504,0,0,0,1140
72822108,0,1,1,0,0,0,7672,7504,0,0,0,1140
72822109,0,1,1,0,0,0,7672,7504,0,0,0,1141
72822110,1,1,1,0,0,0,7672,7504,0,0,1,1141
72822111,1,1,1,0,0,0,7672,7504,0,0,1,1142
72822112,1,1,1,0,0,0,7672,7504,0,0,1,1142
72822113,1,1,1,0,0,1,7672,7504,0,0,1,1142
72822114,1,1,1,0,0,1,7672,7504,0,0,1,1143
72822115,1,1,1,0,0,1,7672,7504,0,0,1,666
72822116,0,1,1,0,0,1,7672,7504,0,0,140000,666
72822117,0,1,1,0,0,1,7672,7504,0,0,140000,666
72822118,0,1,1,0,0,1,7672,7504,0,0,140000,0
72822119,0,1,1,3,0,1,7672,7504,0,0,0,0
72822120,0,1,1,3,0,1,7672,7504,0,0,0,0
72822121,0,1,1,3,0,1,7672,7504,0,0,0,2001
72822122,0,1,1,3,0,1,7672,7504,0,0,0,17040
72822123,0,1,1,3,0,1,7672,7504,0,0,0,17040
72822124,0,1,1,3,0,1,7672,7504,3040,0,0,0
72822125,0,1,1,3,0,1,7672,7504,3040,0,0,6000
72822126,0,1,1,3,0,1,7672,7504,0,0,0,6000
72822127,0,1,1,3,0,1,7672,7504,0,0,0,6000
72822128,0,1,1,3,0,1,7672,7504,0,0,0,6000
72822129,0,1,1,3,0,1,7672,7504,0,44035,44035,6440
72822130,0,1,1,3,0,1,7672,7504,0,44035,44035,6440
72822131,0,1,1,3,0,1,7672,7504,0,44035,44035,6440
72822132,0,1,1,3,0,1,7672,7504,0,44035,44035,6440
72822133,0,1,1,3,0,1,7672,7504,0,0,44035,6440
72822134,0,1,1,3,0,1,7672,7504,0,0,44035,6440
72822135,0,1,1,3,0,1,7672,7504,0,0,44035,6440
72822136,1,1,1,0,0,1,7672,7504,0,0,44035,170
72822137,1,1,1,0,0,1,7672,7504,0,0,0,170
72822138,1,1,1,0,0,1,7672,7504,0,0,0,0
72822139,1,1,1,0,0,1,7672,7504,0,0,0,0
72822140,1,1,1,0,0,1,7672,7504,0,0,0,0
72822141,1,1,1,0,0,1,7672,7504,3075,0,0,0
72822142,1,1,1,0,0,1,7672,7504,3075,0,0,0
72822143,1,1,1,0,0,1,7672,7504,0,0,0,0
72822144,1,1,1,0,0,1,7672,7504,0,0,0,0
72822145,1,1,1,0,0,1,7672,7504,0,0,0,0
72822146,1,1,1,0,0,1,7672,7504,0,12,12,0
72822147,1,1,1,0,0,1,7672,7504,0,12,12,0
72822148,1,1,1,0,0,1,7672,7504,0,12,12,0
72822149,1,1,1,0,0,1,7672,7504,0,12,12,0
72822150,1,1,1,0,0,1,7672,7504,0,0,12,0
72822151,1,1,1,0,0,1,7672,7504,0,0,12,0
72822152,1,1,1,0,0,1,7672,7504,0,0,12,0
72822153,12,1,1,3,0,1,7672,7504,0,0,12,0
72822154,12,1,1,3,0,1,7672,7504,0,0,0,0
72822155,12,1,1,3,0,1,7672,7504,0,0,0,2001
72822156,12,1,1,3,0,1,7672,7504,0,0,0,17041
72822157,12,1,1,3,0,1,7672,7504,0,0,0,17041
72822158,12,1,1,3,0,1,7672,7504,3041,0,0,0
72822159,12,1,1,3,0,1,7672,7504,3041,0,0,6000
72822160,12,1,1,3,0,1,7672,7504,0,0,0,6000
72822161,12,1,1,3,0,1,7672,7504,0,0,0,6000
72822162,12,1,1,3,0,1,7672,7504,0,0,0,6000
72822163,12,1,1,3,0,1,7672,7504,0,50033,50033,6500
72822164,12,1,1,3,0,1,7672,7504,0,50033,50033,6500
72822165,12,1,1,3,0,1,7672,7504,0,50033,50033,6500
72822166,12,1,1,3,0,1,7672,7504,0,50033,50033,6500
72822167,12,1,1,3,0,1,7672,7504,0,0,50033,6500
72822168,12,1,1,3,0,1,7672,7504,0,0,50033,6500
72822169,12,1,1,3,0,1,7672,7504,0,0,50033,6500
72822170,1,1,1,0,12,1,7672,7504,0,0,50033,172
72822171,1,1,1,0,12,1,7672,7504,0,0,0,172
72822172,1,1,1,0,12,1,7672,7504,0,0,0,0
72822173,1,1,1,0,12,1,7672,7504,0,0,0,0
72822174,1,1,1,0,12,1,7672,7504,0,0,0,0
72822175,1,1,1,0,12,1,7672,7504,3074,0,0,0
72822176,1,1,1,0,12,1,7672,7504,3074,0,0,0
72822177,1,1,1,0,12,1,7672,7504,0,0,0,0
72822178,1,1,1,0,12,1,7672,7504,0,0,0,0
72822179,1,1,1,0,12,1,7672,7504,0,0,0,0
72822180,1,1,1,0,12,1,7672,7504,0,300,300,0
72822181,1,1,1,0,12,1,7672,7504,0,300,300,0
72822182,1,1,1,0,12,1,7672,7504,0,300,300,0
72822183,1,1,1,0,12,1,7672,7504,0,300,300,0
72822184,1,1,1,0,12,1,7672,7504,0,0,300,0
72822185,1,1,1,0,12,1,7672,7504,0,0,300,0
72822186,1,1,1,0,12,1,7672,7504,0,0,300,0
72822187,300,1,1,3,12,1,7672,7504,0,0,300,0
72822188,300,1,1,3,12,1,7672,7504,0,0,0,0
72822189,300,1,1,3,12,1,7672,7504,0,0,0,2001
72822190,300,1,1,3,12,1,7672,7504,0,0,0,17042
72822191,300,1,1,3,12,1,7672,7504,0,0,0,17042
72822192,300,1,1,3,12,1,7672,7504,3042,0,0,0
72822193,300,1,1,3,12,1,7672,7504,3042,0,0,6000
72822194,300,1,1,3,12,1,7672,7504,0,0,0,6000
72822195,300,1,1,3,12,1,7672,7504,0,0,0,6000
72822196,300,1,1,3,12,1,7672,7504,0,0,0,6000
72822197,300,1,1,3,12,1,7672,7504,0,173005,173005,7730
72822198,300,1,1,3,12,1,7672,7504,0,173005,173005,7730
72822199,300,1,1,3,12,1,7672,7504,0,173005,173005,7730
72822200,300,1,1,3,12,1,7672,7504,0,173005,173005,7730
72822201,300,1,1,3,12,1,7672,7504,0,0,173005,7730
72822202,300,1,1,3,12,1,7672,7504,0,0,173005,7730
72822203,300,1,1,3,12,1,7672,7504,0,0,173005,7730
72822204,5,1,1,3,12,1,7672,7504,0,0,173005,0
72822205,5,1,1,3,12,1,7672,7504,0,0,0,0
72822206,5,1,1,3,12,1,7672,7504,0,0,0,2001
72822207,5,1,1,3,12,1,7672,7504,0,0,0,17043
72822208,5,1,1,3,12,1,7672,7504,0,0,0,17043
72822209,5,1,1,3,12,1,7672,7504,3043,0,0,0
72822210,5,1,1,3,12,1,7672,7504,3043,0,0,6000
72822211,5,1,1,3,12,1,7672,7504,0,0,0,6000
72822212,5,1,1,3,12,1,7672,7504,0,0,0,6000
72822213,5,1,1,3,12,1,7672,7504,0,0,0,6000
72822214,5,1,1,3,12,1,7672,7504,0,150415,150415,7504
72822215,5,1,1,3,12,1,7672,7504,0,150415,150415,7504
72822216,5,1,1,3,12,1,7672,7504,0,150415,150415,7504
72822217,5,1,1,3,12,1,7672,7504,0,150415,150415,7504
72822218,5,1,1,3,12,1,7672,7504,0,0,150415,7504
72822219,5,1,1,3,12,1,7672,7504,0,0,150415,7504
72822220,5,1,1,3,12,1,7672,7504,0,0,150415,7504
72822221,1,1,1,0,12,1,7672,7504,0,0,150415,657
72822222,1,1,1,0,12,1,7672,7504,0,0,1,657
72822223,1,1,1,0,12,1,7672,7504,0,0,1,326
72822224,1,1,1,0,12,1,7672,7504,0,0,1,326
72822225,1,1,1,0,12,1,7672,7504,0,0,1,326
72822226,1,1,1,0,12,1,7672,7504,0,0,1,327
72822227,1,1,1,0,12,1,7672,7504,0,0,1,327
72822228,1,1,1,0,12,1,7672,7504,0,0,1,330
72822229,1,1,1,0,12,1,7672,7504,0,0,1,660
72822230,1,1,1,0,12,1,7672,7504,0,0,1,660
72822231,1,1,1,0,12,1,7672,7504,0,0,1,660
72822232,1,1,1,0,12,1,7672,7504,0,0,1,3655
72822233,244,1,1,0,12,1,7672,7504,0,0,110244,3655
72822234,244,1,1,0,12,1,7672,7504,0,0,110244,3655
72822235,244,1,1,0,12,1,7672,7504,0,0,110244,474
72822236,244,1,1,0,12,110244,7672,7504,0,0,110244,474
72822237,244,1,1,0,12,110244,7672,7504,0,0,110244,474
72822238,244,1,1,0,12,110244,7672,7504,0,0,110244,475
72822239,305,1,1,3,12,110244,7672,7504,0,0,305,475
72822240,305,1,1,3,12,110244,7672,7504,0,0,305,476
72822241,305,1,1,3,12,110244,7672,7504,0,0,305,501
72822242,244,1,1,0,12,110244,7672,7504,0,0,110244,501
72822243,244,1,1,0,12,110244,7672,7504,0,0,110244,501
72822244,244,1,1,0,12,110244,7672,7504,0,0,110244,502
72822245,7,1,1,0,12,110244,7672,7504,0,0,7,502
72822246,7,1,1,0,12,110244,7672,7504,0,0,7,503
72822247,7,1,1,0,12,110244,7672,7504,0,0,7,503
72822248,300,1,1,0,12,300,7672,7504,0,0,300,503
72822249,300,1,1,0,12,300,7672,7504,0,0,300,504
72822250,300,1,1,0,12,300,7672,7504,0,0,300,511
72822251,3,1,1,0,12,300,7672,7504,0,0,3,511
72822252,3,1,1,0,12,300,7672,7504,0,0,3,511
72822253,3,1,1,0,12,300,7672,7504,0,0,3,3725
72822254,141,1,1,0,12,304,7672,7504,0,0,30141,3725
72822255,141,1,1,0,12,304,7672,7504,0,0,30141,3725
72822256,141,1,1,0,12,304,7672,7504,0,0,30141,476
72822257,12,0,1,0,12,30141,7672,7504,0,0,12,476
# MARK wr tick=72822257
72822258,12,0,1,0,12,30141,7672,7504,0,0,12,476
73320331,44,1,1,0,0,10044,7746,7560,0,0,10044,327
73320332,44,1,1,0,0,10044,7746,7560,0,0,10044,327
73320333,44,1,1,0,0,10044,7746,7560,0,0,10044,330
73320334,44,1,1,0,0,10044,7746,7560,0,0,10044,660
73320335,44,1,1,0,0,10044,7746,7560,0,0,10044,660
73320336,44,1,1,0,0,10044,7746,7560,0,0,10044,660
73320337,44,1,1,0,0,10044,7746,7560,0,0,10044,3642
73320338,44,1,1,0,0,10044,7746,7560,0,0,10044,3642
73320339,44,1,1,0,0,10044,7746,7560,0,0,10044,3642
73320340,44,1,1,0,0,10044,7746,7560,0,0,10044,663
73320341,0,1,1,0,0,10044,7746,7560,0,0,100000,663
73320342,0,1,1,0,0,10044,7746,7560,0,0,100000,663
73320343,0,1,1,0,0,10044,7746,7560,0,0,100000,664
73320344,44,1,1,0,0,110044,7746,7560,0,0,110044,664
73320345,44,1,1,0,0,110044,7746,7560,0,0,110044,665
73320346,44,1,1,0,0,110044,7746,7560,0,0,110044,665
73320347,44,1,1,0,0,110044,7746,7560,0,0,110044,665
73320348,44,1,1,0,0,110044,7746,7560,0,0,110044,666
73320349,44,1,1,0,0,110044,7746,7560,0,0,110044,1112
73320350,45,1,1,0,0,110044,7746,7560,0,0,130045,1112
73320351,45,1,1,0,0,110044,7746,7560,0,0,130045,1112
73320352,45,1,1,0,0,110044,7746,7560,0,0,130045,1113
73320353,45,1,1,0,0,110044,7746,7560,0,0,130045,1113
73320354,45,1,1,0,0,110044,7746,7560,0,0,130045,1113
73320355,45,1,1,0,0,110044,7746,7560,0,0,130045,1113
73320356,45,1,1,0,0,110044,7746,7560,0,0,130045,1113
73320357,45,1,1,0,0,110044,7746,7560,0,0,130045,1113
73320358,44,1,1,0,0,110044,7746,7560,0,0,110044,1113
73320359,44,1,1,0,0,110044,7746,7560,0,0,110044,1114
73320360,44,1,1,0,0,110044,7746,7560,0,0,110044,1114
73320361,10,1,1,0,0,110044,7746,7560,0,0,10,1114
73320362,10,1,1,0,0,110044,7746,7560,0,0,10,1115
73320363,10,1,1,0,0,110044,7746,7560,0,0,10,1115
73320364,10,1,1,0,0,110044,7746,7560,0,0,10,1115
73320365,10,1,1,0,0,110044,7746,7560,0,0,10,1115
73320366,10,1,1,0,0,110044,7746,7560,0,0,10,1115
73320367,10,1,1,0,0,110044,7746,7560,0,0,10,1115
73320368,10,1,1,0,0,110044,7746,7560,0,0,10,1115
73320369,0,1,1,0,0,110044,7746,7560,0,0,0,1115
73320370,0,1,1,0,0,110044,7746,7560,0,0,0,1116
73320371,0,1,1,0,0,110044,7746,7560,0,0,0,1116
73320372,44,1,1,0,0,0,7746,7560,0,0,110044,1116
73320373,44,1,1,0,0,0,7746,7560,0,0,110044,666
73320374,44,1,1,0,0,0,7746,7560,0,0,110044,1117
73320375,1,1,1,0,0,0,7746,7560,0,0,60001,1117
73320376,1,1,1,0,0,0,7746,7560,0,0,60001,1120
73320377,1,1,1,0,0,0,7746,7560,0,0,60001,1120
73320378,13,1,1,0,0,0,7746,7560,0,0,100013,1120
73320379,13,1,1,0,0,0,7746,7560,0,0,100013,1121
73320380,13,1,1,0,0,0,7746,7560,0,0,100013,1120
73320381,0,1,1,0,0,100013,7746,7560,0,0,0,1120
73320382,0,1,1,0,0,100013,7746,7560,0,0,0,1120
73320383,0,1,1,0,0,100013,7746,7560,0,0,0,1120
73320384,1,1,1,0,0,26,7746,7560,0,0,1,1120
73320385,1,1,1,0,0,26,7746,7560,0,0,1,1120
73320386,1,1,1,0,0,26,7746,7560,0,0,1,1120
73320387,2,1,1,0,0,54,7746,7560,0,0,2,1120
73320388,2,1,1,0,0,54,7746,7560,0,0,2,1120
73320389,2,1,1,0,0,54,7746,7560,0,0,2,1120
73320390,4,1,1,0,0,130,7746,7560,0,0,4,1120
73320391,4,1,1,0,0,130,7746,7560,0,0,4,1120
73320392,4,1,1,0,0,130,7746,7560,0,0,4,1120
73320393,10,1,1,0,0,260,7746,7560,0,0,10,1120
73320394,10,1,1,0,0,260,7746,7560,0,0,10,1120
73320395,10,1,1,0,0,260,7746,7560,0,0,10,1120
73320396,20,1,1,0,0,540,7746,7560,0,0,20,1120
73320397,20,1,1,0,0,540,7746,7560,0,0,20,1120
73320398,20,1,1,0,0,540,7746,7560,0,0,20,1120
73320399,40,1,1,0,0,1300,7746,7560,0,0,40,1120
73320400,40,1,1,0,0,1300,7746,7560,0,0,40,1120
73320401,40,1,1,0,0,1300,7746,7560,0,0,40,1120
73320402,100,1,1,0,0,2600,7746,7560,0,0,100,1120
73320403,100,1,1,0,0,2600,7746,7560,0,0,100,1120
73320404,100,1,1,0,0,2600,7746,7560,0,0,100,1120
73320405,200,1,1,0,0,5400,7746,7560,0,0,200,1120
73320406,200,1,1,0,0,5400,7746,7560,0,0,200,1120
73320407,200,1,1,0,0,5400,7746,7560,0,0,200,1120
73320408,0,1,1,0,0,13000,7746,7560,0,0,400,1120
73320409,0,1,1,0,0,13000,7746,7560,0,0,400,1120
73320410,0,1,1,0,0,13000,7746,7560,0,0,400,1120
73320411,0,1,1,0,0,26000,7746,7560,0,0,1000,1120
73320412,0,1,1,0,0,26000,7746,7560,0,0,1000,1120
73320413,0,1,1,0,0,26000,7746,7560,0,0,1000,1120
73320414,0,1,1,0,0,54000,7746,7560,0,0,2000,1120
73320415,0,1,1,0,0,54000,7746,7560,0,0,2000,1120
73320416,0,1,1,0,0,54000,7746,7560,0,0,2000,1120
73320417,0,1,1,0,0,130000,7746,7560,0,0,4000,1120
73320418,0,1,1,0,0,130000,7746,7560,0,0,4000,1120
73320419,0,1,1,0,0,130000,7746,7560,0,0,4000,1121
73320420,1,1,1,0,0,60000,7746,7560,0,0,10001,1121
73320421,1,1,1,0,0,60000,7746,7560,0,0,10001,1122
73320422,1,1,1,0,0,60000,7746,7560,0,0,10001,1133
73320423,0,1,1,0,0,140000,7746,7560,0,0,0,1133
73320424,0,1,1,0,0,140000,7746,7560,0,0,0,1133
73320425,0,1,1,0,0,140000,7746,7560,0,0,0,1134
73320426,0,1,1,0,0,0,7746,7560,0,0,0,1134
73320427,0,1,1,0,0,0,7746,7560,0,0,0,1135
73320428,0,1,1,0,0,0,7746,7560,0,0,0,1140
73320429,0,1,1,0,0,0,7746,7560,0,0,0,1140
73320430,0,1,1,0,0,0,7746,7560,0,0,0,1140
73320431,0,1,1,0,0,0,7746,7560,0,0,0,1141
73320432,1,1,1,0,0,0,7746,7560,0,0,1,1141
73320433,1,1,1,0,0,0,7746,7560,0,0,1,1142
73320434,1,1,1,0,0,0,7746,7560,0,0,1,1142
73320435,1,1,1,0,0,1,7746,7560,0,0,1,1142
73320436,1,1,1,0,0,1,7746,7560,0,0,1,1143
73320437,1,1,1,0,0,1,7746,7560,0,0,1,666
73320438,0,1,1,0,0,1,7746,7560,0,0,140000,666
73320439,0,1,1,0,0,1,7746,7560,0,0,140000,666
73320440,0,1,1,0,0,1,7746,7560,0,0,140000,0
73320441,0,1,1,3,0,1,7746,7560,0,0,0,0
73320442,0,1,1,3,0,1,7746,7560,0,0,0,0
73320443,0,1,1,3,0,1,7746,7560,0,0,0,2001
73320444,0,1,1,3,0,1,7746,7560,0,0,0,17040
73320445,0,1,1,3,0,1,7746,7560,0,0,0,17040
73320446,0,1,1,3,0,1,7746,7560,0,0,0,0
73320447,0,1,1,3,0,1,7746,7560,3040,0,0,0
73320448,0,1,1,3,0,1,7746,7560,3040,0,0,6000
73320449,0,1,1,3,0,1,7746,7560,0,0,0,6000
73320450,0,1,1,3,0,1,7746,7560,0,0,0,6000
73320451,0,1,1,3,0,1,7746,7560,0,0,0,6000
73320452,0,1,1,3,0,1,7746,7560,0,44035,44035,6440
73320453,0,1,1,3,0,1,7746,7560,0,44035,44035,6440
73320454,0,1,1,3,0,1,7746,7560,0,44035,44035,6440
73320455,0,1,1,3,0,1,7746,7560,0,44035,44035,6440
73320456,0,1,1,3,0,1,7746,7560,0,0,44035,6440
73320457,0,1,1,3,0,1,7746,7560,0,0,44035,6440
73320458,0,1,1,3,0,1,7746,7560,0,0,44035,6440
73320459,1,1,1,0,0,1,7746,7560,0,0,44035,170
73320460,1,1,1,0,0,1,7746,7560,0,0,0,170
73320461,1,1,1,0,0,1,7746,7560,0,0,0,0
73320462,1,1,1,0,0,1,7746,7560,0,0,0,0
73320463,1,1,1,0,0,1,7746,7560,0,0,0,0
73320464,1,1,1,0,0,1,7746,7560,3075,0,0,0
73320465,1,1,1,0,0,1,7746,7560,3075,0,0,0
73320466,1,1,1,0,0,1,7746,7560,0,0,0,0
73320467,1,1,1,0,0,1,7746,7560,0,0,0,0
73320468,1,1,1,0,0,1,7746,7560,0,0,0,0
73320469,1,1,1,0,0,1,7746,7560,0,15,15,0
73320470,1,1,1,0,0,1,7746,7560,0,15,15,0
73320471,1,1,1,0,0,1,7746,7560,0,15,15,0
73320472,1,1,1,0,0,1,7746,7560,0,15,15,0
73320473,1,1,1,0,0,1,7746,7560,0,0,15,0
73320474,1,1,1,0,0,1,7746,7560,0,0,15,0
73320475,1,1,1,0,0,1,7746,7560,0,0,15,0
73320476,15,1,1,3,0,1,7746,7560,0,0,15,0
73320477,15,1,1,3,0,1,7746,7560,0,0,0,0
73320478,15,1,1,3,0,1,7746,7560,0,0,0,2001
73320479,15,1,1,3,0,1,7746,7560,0,0,0,17041
73320480,15,1,1,3,0,1,7746,7560,0,0,0,17041
73320481,15,1,1,3,0,1,7746,7560,3041,0,0,0
73320482,15,1,1,3,0,1,7746,7560,3041,0,0,6000
73320483,15,1,1,3,0,1,7746,7560,0,0,0,6000
73320484,15,1,1,3,0,1,7746,7560,0,0,0,6000
73320485,15,1,1,3,0,1,7746,7560,0,0,0,6000
73320486,15,1,1,3,0,1,7746,7560,0,50033,50033,6500
73320487,15,1,1,3,0,1,7746,7560,0,50033,50033,6500
73320488,15,1,1,3,0,1,7746,7560,0,50033,50033,6500
73320489,15,1,1,3,0,1,7746,7560,0,50033,50033,6500
73320490,15,1,1,3,0,1,7746,7560,0,0,50033,6500
73320491,15,1,1,3,0,1,7746,7560,0,0,50033,6500
73320492,15,1,1,3,0,1,7746,7560,0,0,50033,6500
73320493,1,1,1,0,15,1,7746,7560,0,0,50033,172
73320494,1,1,1,0,15,1,7746,7560,0,0,0,172
73320495,1,1,1,0,15,1,7746,7560,0,0,0,0
73320496,1,1,1,0,15,1,7746,7560,0,0,0,0
73320497,1,1,1,0,15,1,7746,7560,0,0,0,0
73320498,1,1,1,0,15,1,7746,7560,3074,0,0,0
73320499,1,1,1,0,15,1,7746,7560,3074,0,0,0
73320500,1,1,1,0,15,1,7746,7560,0,0,0,0
73320501,1,1,1,0,15,1,7746,7560,0,0,0,0
73320502,1,1,1,0,15,1,7746,7560,0,0,0,0
73320503,1,1,1,0,15,1,7746,7560,0,300,300,0
73320504,1,1,1,0,15,1,7746,7560,0,300,300,0
73320505,1,1,1,0,15,1,7746,7560,0,300,300,0
73320506,1,1,1,0,15,1,7746,7560,0,300,300,0
73320507,1,1,1,0,15,1,7746,7560,0,0,300,0
73320508,1,1,1,0,15,1,7746,7560,0,0,300,0
73320509,1,1,1,0,15,1,7746,7560,0,0,300,0
73320510,300,1,1,3,15,1,7746,7560,0,0,300,0
73320511,300,1,1,3,15,1,7746,7560,0,0,0,0
73320512,300,1,1,3,15,1,7746,7560,0,0,0,2001
73320513,300,1,1,3,15,1,7746,7560,0,0,0,17042
73320514,300,1,1,3,15,1,7746,7560,0,0,0,17042
73320515,300,1,1,3,15,1,7746,7560,3042,0,0,0
73320516,300,1,1,3,15,1,7746,7560,3042,0,0,6000
73320517,300,1,1,3,15,1,7746,7560,0,0,0,6000
73320518,300,1,1,3,15,1,7746,7560,0,0,0,6000
73320519,300,1,1,3,15,1,7746,7560,0,0,0,6000
73320520,300,1,1,3,15,1,7746,7560,0,173005,173005,7730
73320521,300,1,1,3,15,1,7746,7560,0,173005,173005,7730
73320522,300,1,1,3,15,1,7746,7560,0,173005,173005,7730
73320523,300,1,1,3,15,1,7746,7560,0,173005,173005,7730
73320524,300,1,1,3,15,1,7746,7560,0,0,173005,7730
73320525,300,1,1,3,15,1,7746,7560,0,0,173005,7730
73320526,300,1,1,3,15,1,7746,7560,0,0,173005,7730
73320527,5,1,1,3,15,1,7746,7560,0,0,173005,0
73320528,5,1,1,3,15,1,7746,7560,0,0,0,0
73320529,5,1,1,3,15,1,7746,7560,0,0,0,2001
73320530,5,1,1,3,15,1,7746,7560,0,0,0,17043
73320531,5,1,1,3,15,1,7746,7560,0,0,0,17043
73320532,5,1,1,3,15,1,7746,7560,3043,0,0,0
73320533,5,1,1,3,15,1,7746,7560,3043,0,0,6000
73320534,5,1,1,3,15,1,7746,7560,0,0,0,6000
73320535,5,1,1,3,15,1,7746,7560,0,0,0,6000
73320536,5,1,1,3,15,1,7746,7560,0,0,0,6000
73320537,5,1,1,3,15,1,7746,7560,0,150415,150415,7504
73320538,5,1,1,3,15,1,7746,7560,0,150415,150415,7504
73320539,5,1,1,3,15,1,7746,7560,0,150415,150415,7504
73320540,5,1,1,3,15,1,7746,7560,0,150415,150415,7504
73320541,5,1,1,3,15,1,7746,7560,0,0,150415,7504
73320542,5,1,1,3,15,1,7746,7560,0,0,150415,7504
73320543,5,1,1,3,15,1,7746,7560,0,0,150415,7504
73320544,1,1,1,0,15,1,7746,7560,0,0,150415,657
73320545,1,1,1,0,15,1,7746,7560,0,0,1,657
73320546,1,1,1,0,15,1,7746,7560,0,0,1,326
73320547,1,1,1,0,15,1,7746,7560,0,0,1,326
73320548,1,1,1,0,15,1,7746,7560,0,0,1,326
73320549,1,1,1,0,15,1,7746,7560,0,0,1,327
73320550,1,1,1,0,15,1,7746,7560,0,0,1,327
73320551,1,1,1,0,15,1,7746,7560,0,0,1,330
73320552,1,1,1,0,15,1,7746,7560,0,0,1,660
73320553,1,1,1,0,15,1,7746,7560,0,0,1,660
73320554,1,1,1,0,15,1,7746,7560,0,0,1,660
73320555,1,1,1,0,15,1,7746,7560,0,0,1,3655
73320556,44,1,1,0,15,1,7746,7560,0,0,110044,3655
73320557,44,1,1,0,15,1,7746,7560,0,0,110044,3655
73320558,44,1,1,0,15,1,7746,7560,0,0,110044,474
73320559,44,1,1,0,15,110044,7746,7560,0,0,110044,474
73320560,44,1,1,0,15,110044,7746,7560,0,0,110044,474
73320561,44,1,1,0,15,110044,7746,7560,0,0,110044,475
73320562,305,1,1,3,15,110044,7746,7560,0,0,305,475
73320563,305,1,1,3,15,110044,7746,7560,0,0,305,476
73320564,305,1,1,3,15,110044,7746,7560,0,0,305,501
73320565,44,1,1,0,15,110044,7746,7560,0,0,110044,501
73320566,44,1,1,0,15,110044,7746,7560,0,0,110044,501
73320567,44,1,1,0,15,110044,7746,7560,0,0,110044,502
73320568,7,1,1,0,15,110044,7746,7560,0,0,7,502
73320569,7,1,1,0,15,110044,7746,7560,0,0,7,503
73320570,7,1,1,0,15,110044,7746,7560,0,0,7,503
73320571,300,1,1,0,15,300,7746,7560,0,0,300,503
73320572,300,1,1,0,15,300,7746,7560,0,0,300,504
73320573,300,1,1,0,15,300,7746,7560,0,0,300,511
73320574,3,1,1,0,15,300,7746,7560,0,0,3,511
73320575,3,1,1,0,15,300,7746,7560,0,0,3,511
73320576,3,1,1,0,15,300,7746,7560,0,0,3,3725
73320577,141,1,1,0,15,304,7746,7560,0,0,30141,3725
73320578,141,1,1,0,15,304,7746,7560,0,0,30141,3725
73320579,141,1,1,0,15,304,7746,7560,0,0,30141,476
73320580,15,0,1,0,15,30141,7746,7560,0,0,15,476
# MARK wr tick=73320580
73320581,15,0,1,0,15,30141,7746,7560,0,0,15,476
73346063,44,1,1,0,0,10044,7746,7560,0,0,10044,326
73346064,44,1,1,0,0,10044,7746,7560,0,0,10044,327
73346065,44,1,1,0,0,10044,7746,7560,0,0,10044,327
73346066,44,1,1,0,0,10044,7746,7560,0,0,10044,330
73346067,44,1,1,0,0,10044,7746,7560,0,0,10044,660
73346068,44,1,1,0,0,10044,7746,7560,0,0,10044,660
73346069,44,1,1,0,0,10044,7746,7560,0,0,10044,660
73346070,44,1,1,0,0,10044,7746,7560,0,0,10044,3642
73346071,44,1,1,0,0,10044,7746,7560,0,0,10044,3642
73346072,44,1,1,0,0,10044,7746,7560,0,0,10044,3642
73346073,44,1,1,0,0,10044,7746,7560,0,0,10044,663
73346074,0,1,1,0,0,10044,7746,7560,0,0,100000,663
73346075,0,1,1,0,0,10044,7746,7560,0,0,100000,663
73346076,0,1,1,0,0,10044,7746,7560,0,0,100000,664
73346077,44,1,1,0,0,110044,7746,7560,0,0,110044,664
73346078,44,1,1,0,0,110044,7746,7560,0,0,110044,665
73346079,44,1,1,0,0,110044,7746,7560,0,0,110044,665
73346080,44,1,1,0,0,110044,7746,7560,0,0,110044,665
73346081,44,1,1,0,0,110044,7746,7560,0,0,110044,666
73346082,44,1,1,0,0,110044,7746,7560,0,0,110044,1112
73346083,45,1,1,0,0,110044,7746,7560,0,0,130045,1112
73346084,45,1,1,0,0,110044,7746,7560,0,0,130045,1112
73346085,45,1,1,0,0,110044,7746,7560,0,0,130045,1113
73346086,45,1,1,0,0,110044,7746,7560,0,0,130045,1113
73346087,45,1,1,0,0,110044,7746,7560,0,0,130045,1113
73346088,45,1,1,0,0,110044,7746,7560,0,0,130045,1113
73346089,45,1,1,0,0,110044,7746,7560,0,0,130045,1113
73346090,45,1,1,0,0,110044,7746,7560,0,0,130045,1113
73346091,44,1,1,0,0,110044,7746,7560,0,0,110044,1113
73346092,44,1,1,0,0,110044,7746,7560,0,0,110044,1114
73346093,44,1,1,0,0,110044,7746,7560,0,0,110044,1114
73346094,10,1,1,0,0,110044,7746,7560,0,0,10,1114
73346095,10,1,1,0,0,110044,7746,7560,0,0,10,1115
73346096,10,1,1,0,0,110044,7746,7560,0,0,10,1115
73346097,10,1,1,0,0,110044,7746,7560,0,0,10,1115
73346098,10,1,1,0,0,110044,7746,7560,0,0,10,1115
73346099,10,1,1,0,0,110044,7746,7560,0,0,10,1115
73346100,10,1,1,0,0,110044,7746,7560,0,0,10,1115
73346101,10,1,1,0,0,110044,7746,7560,0,0,10,1115
73346102,0,1,1,0,0,110044,7746,7560,0,0,0,1115
73346103,0,1,1,0,0,110044,7746,7560,0,0,0,1116
73346104,0,1,1,0,0,110044,7746,7560,0,0,0,1116
73346105,44,1,1,0,0,0,7746,7560,0,0,110044,1116
73346106,44,1,1,0,0,0,7746,7560,0,0,110044,666
73346107,44,1,1,0,0,0,7746,7560,0,0,110044,1117
73346108,1,1,1,0,0,0,7746,7560,0,0,60001,1117
73346109,1,1,1,0,0,0,7746,7560,0,0,60001,1120
73346110,1,1,1,0,0,0,7746,7560,0,0,60001,1120
73346111,13,1,1,0,0,0,7746,7560,0,0,100013,1120
73346112,13,1,1,0,0,0,7746,7560,0,0,100013,1121
73346113,13,1,1,0,0,0,7746,7560,0,0,100013,1120
73346114,0,1,1,0,0,100013,7746,7560,0,0,0,1120
73346115,0,1,1,0,0,100013,7746,7560,0,0,0,1120
73346116,0,1,1,0,0,100013,7746,7560,0,0,0,1120
73346117,1,1,1,0,0,26,7746,7560,0,0,1,1120
73346118,1,1,1,0,0,26,7746,7560,0,0,1,1120
73346119,1,1,1,0,0,26,7746,7560,0,0,1,1120
73346120,2,1,1,0,0,54,7746,7560,0,0,2,1120
73346121,2,1,1,0,0,54,7746,7560,0,0,2,1120
73346122,2,1,1,0,0,54,7746,7560,0,0,2,1120
73346123,4,1,1,0,0,130,7746,7560,0,0,4,1120
73346124,4,1,1,0,0,130,7746,7560,0,0,4,1120
73346125,4,1,1,0,0,130,7746,7560,0,0,4,1120
73346126,10,1,1,0,0,260,7746,7560,0,0,10,1120
73346127,10,1,1,0,0,260,7746,7560,0,0,10,1120
73346128,10,1,1,0,0,260,7746,7560,0,0,10,1120
73346129,20,1,1,0,0,540,7746,7560,0,0,20,1120
73346130,20,1,1,0,0,540,7746,7560,0,0,20,1120
73346131,20,1,1,0,0,540,7746,7560,0,0,20,1120
73346132,40,1,1,0,0,1300,7746,7560,0,0,40,1120
73346133,40,1,1,0,0,1300,7746,7560,0,0,40,1120
73346134,40,1,1,0,0,1300,7746,7560,0,0,40,1120
73346135,100,1,1,0,0,2600,7746,7560,0,0,100,1120
73346136,100,1,1,0,0,2600,7746,7560,0,0,100,1120
73346137,100,1,1,0,0,2600,7746,7560,0,0,100,1120
73346138,200,1,1,0,0,5400,7746,7560,0,0,200,1120
73346139,200,1,1,0,0,5400,7746,7560,0,0,200,1120
73346140,200,1,1,0,0,5400,7746,7560,0,0,200,1120
73346141,0,1,1,0,0,13000,7746,7560,0,0,400,1120
73346142,0,1,1,0,0,13000,7746,7560,0,0,400,1120
73346143,0,1,1,0,0,13000,7746,7560,0,0,400,1120
73346144,0,1,1,0,0,26000,7746,7560,0,0,1000,1120
73346145,0,1,1,0,0,26000,7746,7560,0,0,1000,1120
73346146,0,1,1,0,0,26000,7746,7560,0,0,1000,1120
73346147,0,1,1,0,0,54000,7746,7560,0,0,2000,1120
73346148,0,1,1,0,0,54000,7746,7560,0,0,2000,1120
73346149,0,1,1,0,0,54000,7746,7560,0,0,2000,1120
73346150,0,1,1,0,0,130000,7746,7560,0,0,4000,1120
73346151,0,1,1,0,0,130000,7746,7560,0,0,4000,1120
73346152,0,1,1,0,0,130000,7746,7560,0,0,4000,1121
73346153,1,1,1,0,0,60000,7746,7560,0,0,10001,1121
73346154,1,1,1,0,0,60000,7746,7560,0,0,10001,1122
73346155,1,1,1,0,0,60000,7746,7560,0,0,10001,1133
73346156,0,1,1,0,0,140000,7746,7560,0,0,0,1133
73346157,0,1,1,0,0,140000,7746,7560,0,0,0,1133
73346158,0,1,1,0,0,140000,7746,7560,0,0,0,1134
73346159,0,1,1,0,0,0,7746,7560,0,0,0,1134
73346160,0,1,1,0,0,0,7746,7560,0,0,0,1135
73346161,0,1,1,0,0,0,7746,7560,0,0,0,1140
73346162,0,1,1,0,0,0,7746,7560,0,0,0,1140
73346163,0,1,1,0,0,0,7746,7560,0,0,0,1140
73346164,0,1,1,0,0,0,7746,7560,0,0,0,1141
73346165,1,1,1,0,0,0,7746,7560,0,0,1,1141
73346166,1,1,1,0,0,0,7746,7560,0,0,1,1142
73346167,1,1,1,0,0,0,7746,7560,0,0,1,1142
73346168,1,1,1,0,0,1,7746,7560,0,0,1,1142
73346169,1,1,1,0,0,1,7746,7560,0,0,1,1143
73346170,1,1,1,0,0,1,7746,7560,0,0,1,666
73346171,0,1,1,0,0,1,7746,7560,0,0,140000,666
73346172,0,1,1,0,0,1,7746,7560,0,0,140000,666
73346173,0,1,1,0,0,1,7746,7560,0,0,140000,0
73346174,0,1,1,3,0,1,7746,7560,0,0,0,0
73346175,0,1,1,3,0,1,7746,7560,0,0,0,0
73346176,0,1,1,3,0,1,7746,7560,0,0,0,2001
73346177,0,1,1,3,0,1,7746,7560,0,0,0,17040
73346178,0,1,1,3,0,1,7746,7560,0,0,0,17040
73346179,0,1,1,3,0,1,7746,7560,3040,0,0,0
73346180,0,1,1,3,0,1,7746,7560,3040,0,0,6000
73346181,0,1,1,3,0,1,7746,7560,0,0,0,6000
73346182,0,1,1,3,0,1,7746,7560,0,0,0,6000
73346183,0,1,1,3,0,1,7746,7560,0,0,0,6000
73346184,0,1,1,3,0,1,7746,7560,0,44035,44035,6440
73346185,0,1,1,3,0,1,7746,7560,0,44035,44035,6440
73346186,0,1,1,3,0,1,7746,7560,0,44035,44035,6440
73346187,0,1,1,3,0,1,7746,7560,0,44035,44035,6440
73346188,0,1,1,3,0,1,7746,7560,0,0,44035,6440
73346189,0,1,1,3,0,1,7746,7560,0,0,44035,6440
73346190,0,1,1,3,0,1,7746,7560,0,0,44035,6440
73346191,1,1,1,0,0,1,7746,7560,0,0,44035,170
73346192,1,1,1,0,0,1,7746,7560,0,0,0,170
73346193,1,1,1,0,0,1,7746,7560,0,0,0,0
73346194,1,1,1,0,0,1,7746,7560,0,0,0,0
73346195,1,1,1,0,0,1,7746,7560,0,0,0,0
73346196,1,1,1,0,0,1,7746,7560,3075,0,0,0
73346197,1,1,1,0,0,1,7746,7560,3075,0,0,0
73346198,1,1,1,0,0,1,7746,7560,0,0,0,0
73346199,1,1,1,0,0,1,7746,7560,0,0,0,0
73346200,1,1,1,0,0,1,7746,7560,0,0,0,0
73346201,1,1,1,0,0,1,7746,7560,0,12,12,0
73346202,1,1,1,0,0,1,7746,7560,0,12,12,0
73346203,1,1,1,0,0,1,7746,7560,0,12,12,0
73346204,1,1,1,0,0,1,7746,7560,0,12,12,0
73346205,1,1,1,0,0,1,7746,7560,0,0,12,0
73346206,1,1,1,0,0,1,7746,7560,0,0,12,0
73346207,1,1,1,0,0,1,7746,7560,0,0,12,0
73346208,12,1,1,3,0,1,7746,7560,0,0,12,0
73346209,12,1,1,3,0,1,7746,7560,0,0,0,0
73346210,12,1,1,3,0,1,7746,7560,0,0,0,2001
73346211,12,1,1,3,0,1,7746,7560,0,0,0,17041
73346212,12,1,1,3,0,1,7746,7560,0,0,0,17041
73346213,12,1,1,3,0,1,7746,7560,3041,0,0,0
73346214,12,1,1,3,0,1,7746,7560,3041,0,0,6000
73346215,12,1,1,3,0,1,7746,7560,0,0,0,6000
73346216,12,1,1,3,0,1,7746,7560,0,0,0,6000
73346217,12,1,1,3,0,1,7746,7560,0,0,0,6000
73346218,12,1,1,3,0,1,7746,7560,0,50033,50033,6500
73346219,12,1,1,3,0,1,7746,7560,0,50033,50033,6500
73346220,12,1,1,3,0,1,7746,7560,0,50033,50033,6500
73346221,12,1,1,3,0,1,7746,7560,0,50033,50033,6500
73346222,12,1,1,3,0,1,7746,7560,0,0,50033,6500
73346223,12,1,1,3,0,1,7746,7560,0,0,50033,6500
73346224,12,1,1,3,0,1,7746,7560,0,0,50033,6500
73346225,1,1,1,0,12,1,7746,7560,0,0,50033,172
73346226,1,1,1,0,12,1,7746,7560,0,0,0,172
73346227,1,1,1,0,12,1,7746,7560,0,0,0,0
73346228,1,1,1,0,12,1,7746,7560,0,0,0,0
73346229,1,1,1,0,12,1,7746,7560,0,0,0,0
73346230,1,1,1,0,12,1,7746,7560,3074,0,0,0
73346231,1,1,1,0,12,1,7746,7560,3074,0,0,0
73346232,1,1,1,0,12,1,7746,7560,0,0,0,0
73346233,1,1,1,0,12,1,7746,7560,0,0,0,0
73346234,1,1,1,0,12,1,7746,7560,0,0,0,0
73346235,1,1,1,0,12,1,7746,7560,0,300,300,0
73346236,1,1,1,0,12,1,7746,7560,0,300,300,0
73346237,1,1,1,0,12,1,7746,7560,0,300,300,0
73346238,1,1,1,0,12,1,7746,7560,0,300,300,0
73346239,1,1,1,0,12,1,7746,7560,0,0,300,0
73346240,1,1,1,0,12,1,7746,7560,0,0,300,0
73346241,1,1,1,0,12,1,7746,7560,0,0,300,0
73346242,300,1,1,3,12,1,7746,7560,0,0,300,0
73346243,300,1,1,3,12,1,7746,7560,0,0,0,0
73346244,300,1,1,3,12,1,7746,7560,0,0,0,2001
73346245,300,1,1,3,12,1,7746,7560,0,0,0,17042
73346246,300,1,1,3,12,1,7746,7560,0,0,0,17042
73346247,300,1,1,3,12,1,7746,7560,3042,0,0,0
73346248,300,1,1,3,12,1,7746,7560,3042,0,0,6000
73346249,300,1,1,3,12,1,7746,7560,0,0,0,6000
73346250,300,1,1,3,12,1,7746,7560,0,0,0,6000
73346251,300,1,1,3,12,1,7746,7560,0,0,0,6000
73346252,300,1,1,3,12,1,7746,7560,0,173005,173005,7730
73346253,300,1,1,3,12,1,7746,7560,0,173005,173005,7730
73346254,300,1,1,3,12,1,7746,7560,0,173005,173005,7730
73346255,300,1,1,3,12,1,7746,7560,0,173005,173005,7730
73346256,300,1,1,3,12,1,7746,7560,0,0,173005,7730
73346257,300,1,1,3,12,1,7746,7560,0,0,173005,7730
73346258,300,1,1,3,12,1,7746,7560,0,0,173005,7730
73346259,5,1,1,3,12,1,7746,7560,0,0,173005,0
73346260,5,1,1,3,12,1,7746,7560,0,0,0,0
73346261,5,1,1,3,12,1,7746,7560,0,0,0,2001
73346262,5,1,1,3,12,1,7746,7560,0,0,0,17043
73346263,5,1,1,3,12,1,7746,7560,0,0,0,17043
73346264,5,1,1,3,12,1,7746,7560,3043,0,0,0
73346265,5,1,1,3,12,1,7746,7560,3043,0,0,6000
73346266,5,1,1,3,12,1,7746,7560,0,0,0,6000
73346267,5,1,1,3,12,1,7746,7560,0,0,0,6000
73346268,5,1,1,3,12,1,7746,7560,0,0,0,6000
73346269,5,1,1,3,12,1,7746,7560,0,150415,150415,7504
73346270,5,1,1,3,12,1,7746,7560,0,150415,150415,7504
73346271,5,1,1,3,12,1,7746,7560,0,150415,150415,7504
73346272,5,1,1,3,12,1,7746,7560,0,150415,150415,7504
73346273,5,1,1,3,12,1,7746,7560,0,0,150415,7504
73346274,5,1,1,3,12,1,7746,7560,0,0,150415,7504
73346275,5,1,1,3,12,1,7746,7560,0,0,150415,7504
73346276,1,1,1,0,12,1,7746,7560,0,0,150415,657
73346277,1,1,1,0,12,1,7746,7560,0,0,1,657
73346278,1,1,1,0,12,1,7746,7560,0,0,1,326
73346279,1,1,1,0,12,1,7746,7560,0,0,1,326
73346280,1,1,1,0,12,1,7746,7560,0,0,1,326
73346281,1,1,1,0,12,1,7746,7560,0,0,1,327
73346282,1,1,1,0,12,1,7746,7560,0,0,1,327
73346283,1,1,1,0,12,1,7746,7560,0,0,1,330
73346284,1,1,1,0,12,1,7746,7560,0,0,1,660
73346285,1,1,1,0,12,1,7746,7560,0,0,1,660
73346286,1,1,1,0,12,1,7746,7560,0,0,1,660
73346287,1,1,1,0,12,1,7746,7560,0,0,1,3655
73346288,44,1,1,0,12,1,7746,7560,0,0,110044,3655
73346289,44,1,1,0,12,1,7746,7560,0,0,110044,3655
73346290,44,1,1,0,12,1,7746,7560,0,0,110044,474
73346291,44,1,1,0,12,110044,7746,7560,0,0,110044,474
73346292,44,1,1,0,12,110044,7746,7560,0,0,110044,474
73346293,44,1,1,0,12,110044,7746,7560,0,0,110044,475
73346294,305,1,1,3,12,110044,7746,7560,0,0,305,475
73346295,305,1,1,3,12,110044,7746,7560,0,0,305,476
73346296,305,1,1,3,12,110044,7746,7560,0,0,305,501
73346297,44,1,1,0,12,110044,7746,7560,0,0,110044,501
73346298,44,1,1,0,12,110044,7746,7560,0,0,110044,501
73346299,44,1,1,0,12,110044,7746,7560,0,0,110044,502
73346300,7,1,1,0,12,110044,7746,7560,0,0,7,502
73346301,7,1,1,0,12,110044,7746,7560,0,0,7,503
73346302,7,1,1,0,12,110044,7746,7560,0,0,7,503
73346303,300,1,1,0,12,300,7746,7560,0,0,300,503
73346304,300,1,1,0,12,300,7746,7560,0,0,300,504
73346305,300,1,1,0,12,300,7746,7560,0,0,300,511
73346306,3,1,1,0,12,300,7746,7560,0,0,3,511
73346307,3,1,1,0,12,300,7746,7560,0,0,3,511
73346308,3,1,1,0,12,300,7746,7560,0,0,3,3725
73346309,141,1,1,0,12,304,7746,7560,0,0,30141,3725
73346310,141,1,1,0,12,304,7746,7560,0,0,30141,3725
73346311,141,1,1,0,12,304,7746,7560,0,0,30141,476
73346312,12,0,1,0,12,30141,7746,7560,0,0,12,476
# MARK wr tick=73346312
73346313,12,0,1,0,12,30141,7746,7560,0,0,12,476
73377880,44,1,1,0,0,10044,7746,7560,0,0,10044,326
73377881,44,1,1,0,0,10044,7746,7560,0,0,10044,327
73377882,44,1,1,0,0,10044,7746,7560,0,0,10044,327
73377883,44,1,1,0,0,10044,7746,7560,0,0,10044,330
73377884,44,1,1,0,0,10044,7746,7560,0,0,10044,660
73377885,44,1,1,0,0,10044,7746,7560,0,0,10044,660
73377886,44,1,1,0,0,10044,7746,7560,0,0,10044,660
73377887,44,1,1,0,0,10044,7746,7560,0,0,10044,3642
73377888,44,1,1,0,0,10044,7746,7560,0,0,10044,3642
73377889,44,1,1,0,0,10044,7746,7560,0,0,10044,3642
73377890,44,1,1,0,0,10044,7746,7560,0,0,10044,663
73377891,0,1,1,0,0,10044,7746,7560,0,0,100000,663
73377892,0,1,1,0,0,10044,7746,7560,0,0,100000,663
73377893,0,1,1,0,0,10044,7746,7560,0,0,100000,664
73377894,44,1,1,0,0,110044,7746,7560,0,0,110044,664
73377895,44,1,1,0,0,110044,7746,7560,0,0,110044,665
73377896,44,1,1,0,0,110044,7746,7560,0,0,110044,665
73377897,44,1,1,0,0,110044,7746,7560,0,0,110044,665
73377898,44,1,1,0,0,110044,7746,7560,0,0,110044,666
73377899,44,1,1,0,0,110044,7746,7560,0,0,110044,1112
73377900,45,1,1,0,0,110044,7746,7560,0,0,130045,1112
73377901,45,1,1,0,0,110044,7746,7560,0,0,130045,1112
73377902,45,1,1,0,0,110044,7746,7560,0,0,130045,1113
73377903,45,1,1,0,0,110044,7746,7560,0,0,130045,1113
73377904,45,1,1,0,0,110044,7746,7560,0,0,130045,1113
73377905,45,1,1,0,0,110044,7746,7560,0,0,130045,1113
73377906,45,1,1,0,0,110044,7746,7560,0,0,130045,1113
73377907,45,1,1,0,0,110044,7746,7560,0,0,130045,1113
73377908,44,1,1,0,0,110044,7746,7560,0,0,110044,1113
73377909,44,1,1,0,0,110044,7746,7560,0,0,110044,1114
73377910,44,1,1,0,0,110044,7746,7560,0,0,110044,1114
73377911,10,1,1,0,0,110044,7746,7560,0,0,10,1114
73377912,10,1,1,0,0,110044,7746,7560,0,0,10,1115
73377913,10,1,1,0,0,110044,7746,7560,0,0,10,1115
73377914,10,1,1,0,0,110044,7746,7560,0,0,10,1115
73377915,10,1,1,0,0,110044,7746,7560,0,0,10,1115
73377916,10,1,1,0,0,110044,7746,7560,0,0,10,1115
73377917,10,1,1,0,0,110044,7746,7560,0,0,10,1115
73377918,10,1,1,0,0,110044,7746,7560,0,0,10,1115
73377919,0,1,1,0,0,110044,7746,7560,0,0,0,1115
73377920,0,1,1,0,0,110044,7746,7560,0,0,0,1116
73377921,0,1,1,0,0,110044,7746,7560,0,0,0,1116
73377922,44,1,1,0,0,0,7746,7560,0,0,110044,1116
73377923,44,1,1,0,0,0,7746,7560,0,0,110044,666
73377924,44,1,1,0,0,0,7746,7560,0,0,110044,1117
73377925,1,1,1,0,0,0,7746,7560,0,0,60001,1117
73377926,1,1,1,0,0,0,7746,7560,0,0,60001,1120
73377927,1,1,1,0,0,0,7746,7560,0,0,60001,1120
73377928,13,1,1,0,0,0,7746,7560,0,0,100013,1120
73377929,13,1,1,0,0,0,7746,7560,0,0,100013,1121
73377930,13,1,1,0,0,0,7746,7560,0,0,100013,1120
73377931,0,1,1,0,0,100013,7746,7560,0,0,0,1120
73377932,0,1,1,0,0,100013,7746,7560,0,0,0,1120
73377933,0,1,1,0,0,100013,7746,7560,0,0,0,1120
73377934,1,1,1,0,0,26,7746,7560,0,0,1,1120
73377935,1,1,1,0,0,26,7746,7560,0,0,1,1120
73377936,1,1,1,0,0,26,7746,7560,0,0,1,1120
73377937,2,1,1,0,0,54,7746,7560,0,0,2,1120
73377938,2,1,1,0,0,54,7746,7560,0,0,2,1120
73377939,2,1,1,0,0,54,7746,7560,0,0,2,1120
73377940,4,1,1,0,0,130,7746,7560,0,0,4,1120
73377941,4,1,1,0,0,130,7746,7560,0,0,4,1120
73377942,4,1,1,0,0,130,7746,7560,0,0,4,1120
73377943,10,1,1,0,0,260,7746,7560,0,0,10,1120
73377944,10,1,1,0,0,260,7746,7560,0,0,10,1120
73377945,10,1,1,0,0,260,7746,7560,0,0,10,1120
73377946,20,1,1,0,0,540,7746,7560,0,0,20,1120
73377947,20,1,1,0,0,540,7746,7560,0,0,20,1120
73377948,20,1,1,0,0,540,7746,7560,0,0,20,1120
73377949,40,1,1,0,0,1300,7746,7560,0,0,40,1120
73377950,40,1,1,0,0,1300,7746,7560,0,0,40,1120
73377951,40,1,1,0,0,1300,7746,7560,0,0,40,1120
73377952,100,1,1,0,0,2600,7746,7560,0,0,100,1120
73377953,100,1,1,0,0,2600,7746,7560,0,0,100,1120
73377954,100,1,1,0,0,2600,7746,7560,0,0,100,1120
73377955,200,1,1,0,0,5400,7746,7560,0,0,200,1120
73377956,200,1,1,0,0,5400,7746,7560,0,0,200,1120
73377957,200,1,1,0,0,5400,7746,7560,0,0,200,1120
73377958,0,1,1,0,0,13000,7746,7560,0,0,400,1120
73377959,0,1,1,0,0,13000,7746,7560,0,0,400,1120
73377960,0,1,1,0,0,13000,7746,7560,0,0,400,1120
73377961,0,1,1,0,0,26000,7746,7560,0,0,1000,1120
73377962,0,1,1,0,0,26000,7746,7560,0,0,1000,1120
73377963,0,1,1,0,0,26000,7746,7560,0,0,1000,1120
73377964,0,1,1,0,0,54000,7746,7560,0,0,2000,1120
73377965,0,1,1,0,0,54000,7746,7560,0,0,2000,1120
73377966,0,1,1,0,0,54000,7746,7560,0,0,2000,1120
73377967,0,1,1,0,0,130000,7746,7560,0,0,4000,1120
73377968,0,1,1,0,0,130000,7746,7560,0,0,4000,1120
73377969,0,1,1,0,0,130000,7746,7560,0,0,4000,1121
73377970,1,1,1,0,0,60000,7746,7560,0,0,10001,1121
73377971,1,1,1,0,0,60000,7746,7560,0,0,10001,1122
73377972,1,1,1,0,0,60000,7746,7560,0,0,10001,1133
73377973,0,1,1,0,0,140000,7746,7560,0,0,0,1133
73377974,0,1,1,0,0,140000,7746,7560,0,0,0,1133
73377975,0,1,1,0,0,140000,7746,7560,0,0,0,1134
73377976,0,1,1,0,0,0,7746,7560,0,0,0,1134
73377977,0,1,1,0,0,0,7746,7560,0,0,0,1135
73377978,0,1,1,0,0,0,7746,7560,0,0,0,1140
73377979,0,1,1,0,0,0,7746,7560,0,0,0,1140
73377980,0,1,1,0,0,0,7746,7560,0,0,0,1140
73377981,0,1,1,0,0,0,7746,7560,0,0,0,1141
73377982,1,1,1,0,0,0,7746,7560,0,0,1,1141
73377983,1,1,1,0,0,0,7746,7560,0,0,1,1142
73377984,1,1,1,0,0,0,7746,7560,0,0,1,1142
73377985,1,1,1,0,0,1,7746,7560,0,0,1,1142
73377986,1,1,1,0,0,1,7746,7560,0,0,1,1143
73377987,1,1,1,0,0,1,7746,7560,0,0,1,666
73377988,0,1,1,0,0,1,7746,7560,0,0,140000,666
73377989,0,1,1,0,0,1,7746,7560,0,0,140000,666
73377990,0,1,1,0,0,1,7746,7560,0,0,140000,0
73377991,0,1,1,3,0,1,7746,7560,0,0,0,0
73377992,0,1,1,3,0,1,7746,7560,0,0,0,0
73377993,0,1,1,3,0,1,7746,7560,0,0,0,2001
73377994,0,1,1,3,0,1,7746,7560,0,0,0,17040
73377995,0,1,1,3,0,1,7746,7560,0,0,0,17040
73377996,0,1,1,3,0,1,7746,7560,3040,0,0,0
73377997,0,1,1,3,0,1,7746,7560,3040,0,0,6000
73377998,0,1,1,3,0,1,7746,7560,0,0,0,6000
73377999,0,1,1,3,0,1,7746,7560,0,0,0,6000
73378000,0,1,1,3,0,1,7746,7560,0,0,0,6000
73378001,0,1,1,3,0,1,7746,7560,0,44035,44035,6440
73378002,0,1,1,3,0,1,7746,7560,0,44035,44035,6440
73378003,0,1,1,3,0,1,7746,7560,0,44035,44035,6440
73378004,0,1,1,3,0,1,7746,7560,0,44035,44035,6440
73378005,0,1,1,3,0,1,7746,7560,0,0,44035,6440
73378006,0,1,1,3,0,1,7746,7560,0,0,44035,6440
73378007,0,1,1,3,0,1,7746,7560,0,0,44035,6440
73378008,1,1,1,0,0,1,7746,7560,0,0,44035,170
73378009,1,1,1,0,0,1,7746,7560,0,0,0,170
73378010,1,1,1,0,0,1,7746,7560,0,0,0,0
73378011,1,1,1,0,0,1,7746,7560,0,0,0,0
73378012,1,1,1,0,0,1,7746,7560,0,0,0,0
73378013,1,1,1,0,0,1,7746,7560,3075,0,0,0
73378014,1,1,1,0,0,1,7746,7560,3075,0,0,0
73378015,1,1,1,0,0,1,7746,7560,0,0,0,0
73378016,1,1,1,0,0,1,7746,7560,0,0,0,0
73378017,1,1,1,0,0,1,7746,7560,0,0,0,0
73378018,1,1,1,0,0,1,7746,7560,0,103,103,0
73378019,1,1,1,0,0,1,7746,7560,0,103,103,0
73378020,1,1,1,0,0,1,7746,7560,0,103,103,0
73378021,1,1,1,0,0,1,7746,7560,0,103,103,0
73378022,1,1,1,0,0,1,7746,7560,0,0,103,0
73378023,1,1,1,0,0,1,7746,7560,0,0,103,0
73378024,1,1,1,0,0,1,7746,7560,0,0,103,0
73378025,103,1,1,3,0,1,7746,7560,0,0,103,0
73378026,103,1,1,3,0,1,7746,7560,0,0,0,0
73378027,103,1,1,3,0,1,7746,7560,0,0,0,2001
73378028,103,1,1,3,0,1,7746,7560,0,0,0,17041
73378029,103,1,1,3,0,1,7746,7560,0,0,0,17041
73378030,103,1,1,3,0,1,7746,7560,3041,0,0,0
73378031,103,1,1,3,0,1,7746,7560,3041,0,0,6000
73378032,103,1,1,3,0,1,7746,7560,0,0,0,6000
73378033,103,1,1,3,0,1,7746,7560,0,0,0,6000
73378034,103,1,1,3,0,1,7746,7560,0,0,0,6000
73378035,103,1,1,3,0,1,7746,7560,0,50033,50033,6500
73378036,103,1,1,3,0,1,7746,7560,0,50033,50033,6500
73378037,103,1,1,3,0,1,7746,7560,0,50033,50033,6500
73378038,103,1,1,3,0,1,7746,7560,0,50033,50033,6500
73378039,103,1,1,3,0,1,7746,7560,0,0,50033,6500
73378040,103,1,1,3,0,1,7746,7560,0,0,50033,6500
73378041,103,1,1,3,0,1,7746,7560,0,0,50033,6500
73378042,1,1,1,0,103,1,7746,7560,0,0,50033,172
73378043,1,1,1,0,103,1,7746,7560,0,0,0,172
73378044,1,1,1,0,103,1,7746,7560,0,0,0,0
73378045,1,1,1,0,103,1,7746,7560,0,0,0,0
73378046,1,1,1,0,103,1,7746,7560,0,0,0,0
73378047,1,1,1,0,103,1,7746,7560,3074,0,0,0
73378048,1,1,1,0,103,1,7746,7560,3074,0,0,0
73378049,1,1,1,0,103,1,7746,7560,0,0,0,0
73378050,1,1,1,0,103,1,7746,7560,0,0,0,0
73378051,1,1,1,0,103,1,7746,7560,0,0,0,0
73378052,1,1,1,0,103,1,7746,7560,0,300,300,0
73378053,1,1,1,0,103,1,7746,7560,0,300,300,0
73378054,1,1,1,0,103,1,7746,7560,0,300,300,0
73378055,1,1,1,0,103,1,7746,7560,0,300,300,0
73378056,1,1,1,0,103,1,7746,7560,0,0,300,0
73378057,1,1,1,0,103,1,7746,7560,0,0,300,0
73378058,1,1,1,0,103,1,7746,7560,0,0,300,0
73378059,300,1,1,3,103,1,7746,7560,0,0,300,0
73378060,300,1,1,3,103,1,7746,7560,0,0,0,0
73378061,300,1,1,3,103,1,7746,7560,0,0,0,2001
73378062,300,1,1,3,103,1,7746,7560,0,0,0,17042
73378063,300,1,1,3,103,1,7746,7560,0,0,0,17042
73378064,300,1,1,3,103,1,7746,7560,3042,0,0,0
73378065,300,1,1,3,103,1,7746,7560,3042,0,0,6000
73378066,300,1,1,3,103,1,7746,7560,0,0,0,6000
73378067,300,1,1,3,103,1,7746,7560,0,0,0,6000
73378068,300,1,1,3,103,1,7746,7560,0,0,0,6000
73378069,300,1,1,3,103,1,7746,7560,0,173005,173005,7730
73378070,300,1,1,3,103,1,7746,7560,0,173005,173005,7730
73378071,300,1,1,3,103,1,7746,7560,0,173005,173005,7730
73378072,300,1,1,3,103,1,7746,7560,0,173005,173005,7730
73378073,300,1,1,3,103,1,7746,7560,0,0,173005,7730
73378074,300,1,1,3,103,1,7746,7560,0,0,173005,7730
73378075,300,1,1,3,103,1,7746,7560,0,0,173005,7730
73378076,5,1,1,3,103,1,7746,7560,0,0,173005,0
73378077,5,1,1,3,103,1,7746,7560,0,0,0,0
73378078,5,1,1,3,103,1,7746,7560,0,0,0,2001
73378079,5,1,1,3,103,1,7746,7560,0,0,0,17043
73378080,5,1,1,3,103,1,7746,7560,0,0,0,17043
73378081,5,1,1,3,103,1,7746,7560,3043,0,0,0
73378082,5,1,1,3,103,1,7746,7560,3043,0,0,6000
73378083,5,1,1,3,103,1,7746,7560,0,0,0,6000
73378084,5,1,1,3,103,1,7746,7560,0,0,0,6000
73378085,5,1,1,3,103,1,7746,7560,0,0,0,6000
73378086,5,1,1,3,103,1,7746,7560,0,150415,150415,7504
73378087,5,1,1,3,103,1,7746,7560,0,150415,150415,7504
73378088,5,1,1,3,103,1,7746,7560,0,150415,150415,7504
73378089,5,1,1,3,103,1,7746,7560,0,150415,150415,7504
73378090,5,1,1,3,103,1,7746,7560,0,0,150415,7504
73378091,5,1,1,3,103,1,7746,7560,0,0,150415,7504
73378092,5,1,1,3,103,1,7746,7560,0,0,150415,7504
73378093,1,1,1,0,103,1,7746,7560,0,0,150415,657
73378094,1,1,1,0,103,1,7746,7560,0,0,1,657
73378095,1,1,1,0,103,1,7746,7560,0,0,1,326
73378096,1,1,1,0,103,1,7746,7560,0,0,1,326
73378097,1,1,1,0,103,1,7746,7560,0,0,1,326
73378098,1,1,1,0,103,1,7746,7560,0,0,1,327
73378099,1,1,1,0,103,1,7746,7560,0,0,1,327
73378100,1,1,1,0,103,1,7746,7560,0,0,1,330
73378101,1,1,1,0,103,1,7746,7560,0,0,1,660
73378102,1,1,1,0,103,1,7746,7560,0,0,1,660
73378103,1,1,1,0,103,1,7746,7560,0,0,1,660
73378104,1,1,1,0,103,1,7746,7560,0,0,1,3655
73378105,44,1,1,0,103,1,7746,7560,0,0,110044,3655
73378106,44,1,1,0,103,1,7746,7560,0,0,110044,3655
73378107,44,1,1,0,103,1,7746,7560,0,0,110044,474
73378108,44,1,1,0,103,110044,7746,7560,0,0,110044,474
73378109,44,1,1,0,103,110044,7746,7560,0,0,110044,474
73378110,44,1,1,0,103,110044,7746,7560,0,0,110044,475
73378111,305,1,1,3,103,110044,7746,7560,0,0,305,475
73378112,305,1,1,3,103,110044,7746,7560,0,0,305,476
73378113,305,1,1,3,103,110044,7746,7560,0,0,305,501
73378114,44,1,1,0,103,110044,7746,7560,0,0,110044,501
73378115,44,1,1,0,103,110044,7746,7560,0,0,110044,501
73378116,44,1,1,0,103,110044,7746,7560,0,0,110044,502
73378117,7,1,1,0,103,110044,7746,7560,0,0,7,502
73378118,7,1,1,0,103,110044,7746,7560,0,0,7,503
73378119,7,1,1,0,103,110044,7746,7560,0,0,7,503
73378120,300,1,1,0,103,300,7746,7560,0,0,300,503
73378121,300,1,1,0,103,300,7746,7560,0,0,300,504
73378122,300,1,1,0,103,300,7746,7560,0,0,300,511
73378123,3,1,1,0,103,300,7746,7560,0,0,3,511
73378124,3,1,1,0,103,300,7746,7560,0,0,3,511
73378125,3,1,1,0,103,300,7746,7560,0,0,3,3725
73378126,141,1,1,0,103,304,7746,7560,0,0,30141,3725
73378127,141,1,1,0,103,304,7746,7560,0,0,30141,3725
73378128,141,1,1,0,103,304,7746,7560,0,0,30141,476
73378129,103,0,1,0,103,30141,7746,7560,0,0,103,476
# MARK wr tick=73378129
73378130,103,0,1,0,103,30141,7746,7560,0,0,103,476
73404024,44,1,1,0,0,10044,7746,7560,0,0,10044,326
73404025,44,1,1,0,0,10044,7746,7560,0,0,10044,327
73404026,44,1,1,0,0,10044,7746,7560,0,0,10044,327
73404027,44,1,1,0,0,10044,7746,7560,0,0,10044,330
73404028,44,1,1,0,0,10044,7746,7560,0,0,10044,660
73404029,44,1,1,0,0,10044,7746,7560,0,0,10044,660
73404030,44,1,1,0,0,10044,7746,7560,0,0,10044,660
73404031,44,1,1,0,0,10044,7746,7560,0,0,10044,3642
73404032,44,1,1,0,0,10044,7746,7560,0,0,10044,3642
73404033,44,1,1,0,0,10044,7746,7560,0,0,10044,3642
73404034,44,1,1,0,0,10044,7746,7560,0,0,10044,663
73404035,0,1,1,0,0,10044,7746,7560,0,0,100000,663
73404036,0,1,1,0,0,10044,7746,7560,0,0,100000,663
73404037,0,1,1,0,0,10044,7746,7560,0,0,100000,664
73404038,44,1,1,0,0,110044,7746,7560,0,0,110044,664
73404039,44,1,1,0,0,110044,7746,7560,0,0,110044,665
73404040,44,1,1,0,0,110044,7746,7560,0,0,110044,665
73404041,44,1,1,0,0,110044,7746,7560,0,0,110044,665
73404042,44,1,1,0,0,110044,7746,7560,0,0,110044,666
73404043,44,1,1,0,0,110044,7746,7560,0,0,110044,1112
73404044,45,1,1,0,0,110044,7746,7560,0,0,130045,1112
73404045,45,1,1,0,0,110044,7746,7560,0,0,130045,1112
73404046,45,1,1,0,0,110044,7746,7560,0,0,130045,1113
73404047,45,1,1,0,0,110044,7746,7560,0,0,130045,1113
73404048,45,1,1,0,0,110044,7746,7560,0,0,130045,1113
73404049,45,1,1,0,0,110044,7746,7560,0,0,130045,1113
73404050,45,1,1,0,0,110044,7746,7560,0,0,130045,1113
73404051,45,1,1,0,0,110044,7746,7560,0,0,130045,1113
73404052,44,1,1,0,0,110044,7746,7560,0,0,110044,1113
73404053,44,1,1,0,0,110044,7746,7560,0,0,110044,1114
73404054,44,1,1,0,0,110044,7746,7560,0,0,110044,1114
73404055,10,1,1,0,0,110044,7746,7560,0,0,10,1114
73404056,10,1,1,0,0,110044,7746,7560,0,0,10,1115
73404057,10,1,1,0,0,110044,7746,7560,0,0,10,1115
73404058,10,1,1,0,0,110044,7746,7560,0,0,10,1115
73404059,10,1,1,0,0,110044,7746,7560,0,0,10,1115
73404060,10,1,1,0,0,110044,7746,7560,0,0,10,1115
73404061,10,1,1,0,0,110044,7746,7560,0,0,10,1115
73404062,10,1,1,0,0,110044,7746,7560,0,0,10,1115
73404063,0,1,1,0,0,110044,7746,7560,0,0,0,1115
73404064,0,1,1,0,0,110044,7746,7560,0,0,0,1116
73404065,0,1,1,0,0,110044,7746,7560,0,0,0,1116
73404066,44,1,1,0,0,0,7746,7560,0,0,110044,1116
73404067,44,1,1,0,0,0,7746,7560,0,0,110044,666
73404068,44,1,1,0,0,0,7746,7560,0,0,110044,1117
73404069,1,1,1,0,0,0,7746,7560,0,0,60001,1117
73404070,1,1,1,0,0,0,7746,7560,0,0,60001,1120
73404071,1,1,1,0,0,0,7746,7560,0,0,60001,1120
73404072,13,1,1,0,0,0,7746,7560,0,0,100013,1120
73404073,13,1,1,0,0,0,7746,7560,0,0,100013,1121
73404074,13,1,1,0,0,0,7746,7560,0,0,100013,1120
73404075,0,1,1,0,0,100013,7746,7560,0,0,0,1120
73404076,0,1,1,0,0,100013,7746,7560,0,0,0,1120
73404077,0,1,1,0,0,100013,7746,7560,0,0,0,1120
73404078,1,1,1,0,0,26,7746,7560,0,0,1,1120
73404079,1,1,1,0,0,26,7746,7560,0,0,1,1120
73404080,1,1,1,0,0,26,7746,7560,0,0,1,1120
73404081,2,1,1,0,0,54,7746,7560,0,0,2,1120
73404082,2,1,1,0,0,54,7746,7560,0,0,2,1120
73404083,2,1,1,0,0,54,7746,7560,0,0,2,1120
73404084,4,1,1,0,0,130,7746,7560,0,0,4,1120
73404085,4,1,1,0,0,130,7746,7560,0,0,4,1120
73404086,4,1,1,0,0,130,7746,7560,0,0,4,1120
73404087,10,1,1,0,0,260,7746,7560,0,0,10,1120
73404088,10,1,1,0,0,260,7746,7560,0,0,10,1120
73404089,10,1,1,0,0,260,7746,7560,0,0,10,1120
73404090,20,1,1,0,0,540,7746,7560,0,0,20,1120
73404091,20,1,1,0,0,540,7746,7560,0,0,20,1120
73404092,20,1,1,0,0,540,7746,7560,0,0,20,1120
73404093,40,1,1,0,0,1300,7746,7560,0,0,40,1120
73404094,40,1,1,0,0,1300,7746,7560,0,0,40,1120
73404095,40,1,1,0,0,1300,7746,7560,0,0,40,1120
73404096,100,1,1,0,0,2600,7746,7560,0,0,100,1120
73404097,100,1,1,0,0,2600,7746,7560,0,0,100,1120
73404098,100,1,1,0,0,2600,7746,7560,0,0,100,1120
73404099,200,1,1,0,0,5400,7746,7560,0,0,200,1120
73404100,200,1,1,0,0,5400,7746,7560,0,0,200,1120
73404101,200,1,1,0,0,5400,7746,7560,0,0,200,1120
73404102,0,1,1,0,0,13000,7746,7560,0,0,400,1120
73404103,0,1,1,0,0,13000,7746,7560,0,0,400,1120
73404104,0,1,1,0,0,13000,7746,7560,0,0,400,1120
73404105,0,1,1,0,0,26000,7746,7560,0,0,1000,1120
73404106,0,1,1,0,0,26000,7746,7560,0,0,1000,1120
73404107,0,1,1,0,0,26000,7746,7560,0,0,1000,1120
73404108,0,1,1,0,0,54000,7746,7560,0,0,2000,1120
73404109,0,1,1,0,0,54000,7746,7560,0,0,2000,1120
73404110,0,1,1,0,0,54000,7746,7560,0,0,2000,1120
73404111,0,1,1,0,0,130000,7746,7560,0,0,4000,1120
73404112,0,1,1,0,0,130000,7746,7560,0,0,4000,1120
73404113,0,1,1,0,0,130000,7746,7560,0,0,4000,1121
73404114,1,1,1,0,0,60000,7746,7560,0,0,10001,1121
73404115,1,1,1,0,0,60000,7746,7560,0,0,10001,1122
73404116,1,1,1,0,0,60000,7746,7560,0,0,10001,1133
73404117,0,1,1,0,0,140000,7746,7560,0,0,0,1133
73404118,0,1,1,0,0,140000,7746,7560,0,0,0,1133
73404119,0,1,1,0,0,140000,7746,7560,0,0,0,1134
73404120,0,1,1,0,0,0,7746,7560,0,0,0,1134
73404121,0,1,1,0,0,0,7746,7560,0,0,0,1135
73404122,0,1,1,0,0,0,7746,7560,0,0,0,1140
73404123,0,1,1,0,0,0,7746,7560,0,0,0,1140
73404124,0,1,1,0,0,0,7746,7560,0,0,0,1140
73404125,0,1,1,0,0,0,7746,7560,0,0,0,1141
73404126,1,1,1,0,0,0,7746,7560,0,0,1,1141
73404127,1,1,1,0,0,0,7746,7560,0,0,1,1142
73404128,1,1,1,0,0,0,7746,7560,0,0,1,1142
73404129,1,1,1,0,0,1,7746,7560,0,0,1,1142
73404130,1,1,1,0,0,1,7746,7560,0,0,1,1143
73404131,1,1,1,0,0,1,7746,7560,0,0,1,666
73404132,0,1,1,0,0,1,7746,7560,0,0,140000,666
73404133,0,1,1,0,0,1,7746,7560,0,0,140000,666
73404134,0,1,1,0,0,1,7746,7560,0,0,140000,0
73404135,0,1,1,3,0,1,7746,7560,0,0,0,0
73404136,0,1,1,3,0,1,7746,7560,0,0,0,0
73404137,0,1,1,3,0,1,7746,7560,0,0,0,2001
73404138,0,1,1,3,0,1,7746,7560,0,0,0,17040
73404139,0,1,1,3,0,1,7746,7560,0,0,0,17040
73404140,0,1,1,3,0,1,7746,7560,3040,0,0,0
73404141,0,1,1,3,0,1,7746,7560,3040,0,0,6000
73404142,0,1,1,3,0,1,7746,7560,0,0,0,6000
73404143,0,1,1,3,0,1,7746,7560,0,0,0,6000
73404144,0,1,1,3,0,1,7746,7560,0,0,0,6000
73404145,0,1,1,3,0,1,7746,7560,0,44035,44035,6440
73404146,0,1,1,3,0,1,7746,7560,0,44035,44035,6440
73404147,0,1,1,3,0,1,7746,7560,0,44035,44035,6440
73404148,0,1,1,3,0,1,7746,7560,0,44035,44035,6440
73404149,0,1,1,3,0,1,7746,7560,0,0,44035,6440
73404150,0,1,1,3,0,1,7746,7560,0,0,44035,6440
73404151,0,1,1,3,0,1,7746,7560,0,0,44035,6440
73404152,1,1,1,0,0,1,7746,7560,0,0,44035,170
73404153,1,1,1,0,0,1,7746,7560,0,0,0,170
73404154,1,1,1,0,0,1,7746,7560,0,0,0,0
73404155,1,1,1,0,0,1,7746,7560,0,0,0,0
73404156,1,1,1,0,0,1,7746,7560,0,0,0,0
73404157,1,1,1,0,0,1,7746,7560,3075,0,0,0
73404158,1,1,1,0,0,1,7746,7560,3075,0,0,0
73404159,1,1,1,0,0,1,7746,7560,0,0,0,0
73404160,1,1,1,0,0,1,7746,7560,0,0,0,0
73404161,1,1,1,0,0,1,7746,7560,0,0,0,0
73404162,1,1,1,0,0,1,7746,7560,0,120,120,0
73404163,1,1,1,0,0,1,7746,7560,0,120,120,0
73404164,1,1,1,0,0,1,7746,7560,0,120,120,0
73404165,1,1,1,0,0,1,7746,7560,0,120,120,0
73404166,1,1,1,0,0,1,7746,7560,0,0,120,0
73404167,1,1,1,0,0,1,7746,7560,0,0,120,0
73404168,1,1,1,0,0,1,7746,7560,0,0,120,0
73404169,120,1,1,3,0,1,7746,7560,0,0,120,0
73404170,120,1,1,3,0,1,7746,7560,0,0,0,0
73404171,120,1,1,3,0,1,7746,7560,0,0,0,2001
73404172,120,1,1,3,0,1,7746,7560,0,0,0,17041
73404173,120,1,1,3,0,1,7746,7560,0,0,0,17041
73404174,120,1,1,3,0,1,7746,7560,3041,0,0,0
73404175,120,1,1,3,0,1,7746,7560,3041,0,0,6000
73404176,120,1,1,3,0,1,7746,7560,0,0,0,6000
73404177,120,1,1,3,0,1,7746,7560,0,0,0,6000
73404178,120,1,1,3,0,1,7746,7560,0,0,0,6000
73404179,120,1,1,3,0,1,7746,7560,0,50033,50033,6500
73404180,120,1,1,3,0,1,7746,7560,0,50033,50033,6500
73404181,120,1,1,3,0,1,7746,7560,0,50033,50033,6500
73404182,120,1,1,3,0,1,7746,7560,0,50033,50033,6500
73404183,120,1,1,3,0,1,7746,7560,0,0,50033,6500
73404184,120,1,1,3,0,1,7746,7560,0,0,50033,6500
73404185,120,1,1,3,0,1,7746,7560,0,0,50033,6500
73404186,1,1,1,0,120,1,7746,7560,0,0,50033,172
73404187,1,1,1,0,120,1,7746,7560,0,0,0,172
73404188,1,1,1,0,120,1,7746,7560,0,0,0,0
73404189,1,1,1,0,120,1,7746,7560,0,0,0,0
73404190,1,1,1,0,120,1,7746,7560,0,0,0,0
73404191,1,1,1,0,120,1,7746,7560,3074,0,0,0
73404192,1,1,1,0,120,1,7746,7560,3074,0,0,0
73404193,1,1,1,0,120,1,7746,7560,0,0,0,0
73404194,1,1,1,0,120,1,7746,7560,0,0,0,0
73404195,1,1,1,0,120,1,7746,7560,0,0,0,0
73404196,1,1,1,0,120,1,7746,7560,0,300,300,0
73404197,1,1,1,0,120,1,7746,7560,0,300,300,0
73404198,1,1,1,0,120,1,7746,7560,0,300,300,0
73404199,1,1,1,0,120,1,7746,7560,0,300,300,0
73404200,1,1,1,0,120,1,7746,7560,0,0,300,0
73404201,1,1,1,0,120,1,7746,7560,0,0,300,0
73404202,1,1,1,0,120,1,7746,7560,0,0,300,0
73404203,300,1,1,3,120,1,7746,7560,0,0,300,0
73404204,300,1,1,3,120,1,7746,7560,0,0,0,0
73404205,300,1,1,3,120,1,7746,7560,0,0,0,2001
73404206,300,1,1,3,120,1,7746,7560,0,0,0,17042
73404207,300,1,1,3,120,1,7746,7560,0,0,0,17042
73404208,300,1,1,3,120,1,7746,7560,3042,0,0,0
73404209,300,1,1,3,120,1,7746,7560,3042,0,0,6000
73404210,300,1,1,3,120,1,7746,7560,0,0,0,6000
73404211,300,1,1,3,120,1,7746,7560,0,0,0,6000
73404212,300,1,1,3,120,1,7746,7560,0,0,0,6000
73404213,300,1,1,3,120,1,7746,7560,0,173005,173005,7730
73404214,300,1,1,3,120,1,7746,7560,0,173005,173005,7730
73404215,300,1,1,3,120,1,7746,7560,0,173005,173005,7730
73404216,300,1,1,3,120,1,7746,7560,0,173005,173005,7730
73404217,300,1,1,3,120,1,7746,7560,0,0,173005,7730
73404218,300,1,1,3,120,1,7746,7560,0,0,173005,7730
73404219,300,1,1,3,120,1,7746,7560,0,0,173005,7730
73404220,5,1,1,3,120,1,7746,7560,0,0,173005,0
73404221,5,1,1,3,120,1,7746,7560,0,0,0,0
73404222,5,1,1,3,120,1,7746,7560,0,0,0,2001
73404223,5,1,1,3,120,1,7746,7560,0,0,0,17043
73404224,5,1,1,3,120,1,7746,7560,0,0,0,17043
73404225,5,1,1,3,120,1,7746,7560,3043,0,0,0
73404226,5,1,1,3,120,1,7746,7560,3043,0,0,6000
73404227,5,1,1,3,120,1,7746,7560,0,0,0,6000
73404228,5,1,1,3,120,1,7746,7560,0,0,0,6000
73404229,5,1,1,3,120,1,7746,7560,0,0,0,6000
73404230,5,1,1,3,120,1,7746,7560,0,150415,150415,7504
73404231,5,1,1,3,120,1,7746,7560,0,150415,150415,7504
73404232,5,1,1,3,120,1,7746,7560,0,150415,150415,7504
73404233,5,1,1,3,120,1,7746,7560,0,150415,150415,7504
73404234,5,1,1,3,120,1,7746,7560,0,0,150415,7504
73404235,5,1,1,3,120,1,7746,7560,0,0,150415,7504
73404236,5,1,1,3,120,1,7746,7560,0,0,150415,7504
73404237,1,1,1,0,120,1,7746,7560,0,0,150415,657
73404238,1,1,1,0,120,1,7746,7560,0,0,1,657
73404239,1,1,1,0,120,1,7746,7560,0,0,1,326
73404240,1,1,1,0,120,1,7746,7560,0,0,1,326
73404241,1,1,1,0,120,1,7746,7560,0,0,1,326
73404242,1,1,1,0,120,1,7746,7560,0,0,1,327
73404243,1,1,1,0,120,1,7746,7560,0,0,1,327
73404244,1,1,1,0,120,1,7746,7560,0,0,1,330
73404245,1,1,1,0,120,1,7746,7560,0,0,1,660
73404246,1,1,1,0,120,1,7746,7560,0,0,1,660
73404247,1,1,1,0,120,1,7746,7560,0,0,1,660
73404248,1,1,1,0,120,1,7746,7560,0,0,1,3655
73404249,44,1,1,0,120,1,7746,7560,0,0,110044,3655
73404250,44,1,1,0,120,1,7746,7560,0,0,110044,3655
73404251,44,1,1,0,120,1,7746,7560,0,0,110044,474
73404252,44,1,1,0,120,110044,7746,7560,0,0,110044,474
73404253,44,1,1,0,120,110044,7746,7560,0,0,110044,474
73404254,44,1,1,0,120,110044,7746,7560,0,0,110044,475
73404255,305,1,1,3,120,110044,7746,7560,0,0,305,475
73404256,305,1,1,3,120,110044,7746,7560,0,0,305,476
73404257,305,1,1,3,120,110044,7746,7560,0,0,305,501
73404258,44,1,1,0,120,110044,7746,7560,0,0,110044,501
73404259,44,1,1,0,120,110044,7746,7560,0,0,110044,501
73404260,44,1,1,0,120,110044,7746,7560,0,0,110044,502
73404261,7,1,1,0,120,110044,7746,7560,0,0,7,502
73404262,7,1,1,0,120,110044,7746,7560,0,0,7,503
73404263,7,1,1,0,120,110044,7746,7560,0,0,7,503
73404264,300,1,1,0,120,300,7746,7560,0,0,300,503
73404265,300,1,1,0,120,300,7746,7560,0,0,300,504
73404266,300,1,1,0,120,300,7746,7560,0,0,300,511
73404267,3,1,1,0,120,300,7746,7560,0,0,3,511
73404268,3,1,1,0,120,300,7746,7560,0,0,3,511
73404269,3,1,1,0,120,300,7746,7560,0,0,3,3725
73404270,141,1,1,0,120,304,7746,7560,0,0,30141,3725
73404271,141,1,1,0,120,304,7746,7560,0,0,30141,3725
73404272,141,1,1,0,120,304,7746,7560,0,0,30141,476
73404273,120,0,1,0,120,30141,7746,7560,0,0,120,476
# MARK wr tick=73404273
73404274,120,0,1,0,120,30141,7746,7560,0,0,120,476
73435815,44,1,1,0,0,10044,7746,7560,0,0,10044,326
73435816,44,1,1,0,0,10044,7746,7560,0,0,10044,327
73435817,44,1,1,0,0,10044,7746,7560,0,0,10044,327
73435818,44,1,1,0,0,10044,7746,7560,0,0,10044,330
73435819,44,1,1,0,0,10044,7746,7560,0,0,10044,660
73435820,44,1,1,0,0,10044,7746,7560,0,0,10044,660
73435821,44,1,1,0,0,10044,7746,7560,0,0,10044,660
73435822,44,1,1,0,0,10044,7746,7560,0,0,10044,3642
73435823,44,1,1,0,0,10044,7746,7560,0,0,10044,3642
73435824,44,1,1,0,0,10044,7746,7560,0,0,10044,3642
73435825,44,1,1,0,0,10044,7746,7560,0,0,10044,663
73435826,0,1,1,0,0,10044,7746,7560,0,0,100000,663
73435827,0,1,1,0,0,10044,7746,7560,0,0,100000,663
73435828,0,1,1,0,0,10044,7746,7560,0,0,100000,664
73435829,44,1,1,0,0,110044,7746,7560,0,0,110044,664
73435830,44,1,1,0,0,110044,7746,7560,0,0,110044,665
73435831,44,1,1,0,0,110044,7746,7560,0,0,110044,665
73435832,44,1,1,0,0,110044,7746,7560,0,0,110044,665
73435833,44,1,1,0,0,110044,7746,7560,0,0,110044,666
73435834,44,1,1,0,0,110044,7746,7560,0,0,110044,1112
73435835,45,1,1,0,0,110044,7746,7560,0,0,130045,1112
73435836,45,1,1,0,0,110044,7746,7560,0,0,130045,1112
73435837,45,1,1,0,0,110044,7746,7560,0,0,130045,1113
73435838,45,1,1,0,0,110044,7746,7560,0,0,130045,1113
73435839,45,1,1,0,0,110044,7746,7560,0,0,130045,1113
73435840,45,1,1,0,0,110044,7746,7560,0,0,130045,1113
73435841,45,1,1,0,0,110044,7746,7560,0,0,130045,1113
73435842,45,1,1,0,0,110044,7746,7560,0,0,130045,1113
73435843,44,1,1,0,0,110044,7746,7560,0,0,110044,1113
73435844,44,1,1,0,0,110044,7746,7560,0,0,110044,1114
73435845,44,1,1,0,0,110044,7746,7560,0,0,110044,1114
73435846,10,1,1,0,0,110044,7746,7560,0,0,10,1114
73435847,10,1,1,0,0,110044,7746,7560,0,0,10,1115
73435848,10,1,1,0,0,110044,7746,7560,0,0,10,1115
73435849,10,1,1,0,0,110044,7746,7560,0,0,10,1115
73435850,10,1,1,0,0,110044,7746,7560,0,0,10,1115
73435851,10,1,1,0,0,110044,7746,7560,0,0,10,1115
73435852,10,1,1,0,0,110044,7746,7560,0,0,10,1115
73435853,10,1,1,0,0,110044,7746,7560,0,0,10,1115
73435854,0,1,1,0,0,110044,7746,7560,0,0,0,1115
73435855,0,1,1,0,0,110044,7746,7560,0,0,0,1116
73435856,0,1,1,0,0,110044,7746,7560,0,0,0,1116
73435857,44,1,1,0,0,0,7746,7560,0,0,110044,1116
73435858,44,1,1,0,0,0,7746,7560,0,0,110044,666
73435859,44,1,1,0,0,0,7746,7560,0,0,110044,1117
73435860,1,1,1,0,0,0,7746,7560,0,0,60001,1117
73435861,1,1,1,0,0,0,7746,7560,0,0,60001,1120
73435862,1,1,1,0,0,0,7746,7560,0,0,60001,1120
73435863,13,1,1,0,0,0,7746,7560,0,0,100013,1120
73435864,13,1,1,0,0,0,7746,7560,0,0,100013,1121
73435865,13,1,1,0,0,0,7746,7560,0,0,100013,1120
73435866,0,1,1,0,0,100013,7746,7560,0,0,0,1120
73435867,0,1,1,0,0,100013,7746,7560,0,0,0,1120
73435868,0,1,1,0,0,100013,7746,7560,0,0,0,1120
73435869,1,1,1,0,0,26,7746,7560,0,0,1,1120
73435870,1,1,1,0,0,26,7746,7560,0,0,1,1120
73435871,1,1,1,0,0,26,7746,7560,0,0,1,1120
73435872,2,1,1,0,0,54,7746,7560,0,0,2,1120
73435873,2,1,1,0,0,54,7746,7560,0,0,2,1120
73435874,2,1,1,0,0,54,7746,7560,0,0,2,1120
73435875,4,1,1,0,0,130,7746,7560,0,0,4,1120
73435876,4,1,1,0,0,130,7746,7560,0,0,4,1120
73435877,4,1,1,0,0,130,7746,7560,0,0,4,1120
73435878,10,1,1,0,0,260,7746,7560,0,0,10,1120
73435879,10,1,1,0,0,260,7746,7560,0,0,10,1120
73435880,10,1,1,0,0,260,7746,7560,0,0,10,1120
73435881,20,1,1,0,0,540,7746,7560,0,0,20,1120
73435882,20,1,1,0,0,540,7746,7560,0,0,20,1120
73435883,20,1,1,0,0,540,7746,7560,0,0,20,1120
73435884,40,1,1,0,0,1300,7746,7560,0,0,40,1120
73435885,40,1,1,0,0,1300,7746,7560,0,0,40,1120
73435886,40,1,1,0,0,1300,7746,7560,0,0,40,1120
73435887,100,1,1,0,0,2600,7746,7560,0,0,100,1120
73435888,100,1,1,0,0,2600,7746,7560,0,0,100,1120
73435889,100,1,1,0,0,2600,7746,7560,0,0,100,1120
73435890,200,1,1,0,0,5400,7746,7560,0,0,200,1120
73435891,200,1,1,0,0,5400,7746,7560,0,0,200,1120
73435892,200,1,1,0,0,5400,7746,7560,0,0,200,1120
73435893,0,1,1,0,0,13000,7746,7560,0,0,400,1120
73435894,0,1,1,0,0,13000,7746,7560,0,0,400,1120
73435895,0,1,1,0,0,13000,7746,7560,0,0,400,1120
73435896,0,1,1,0,0,26000,7746,7560,0,0,1000,1120
73435897,0,1,1,0,0,26000,7746,7560,0,0,1000,1120
73435898,0,1,1,0,0,26000,7746,7560,0,0,1000,1120
73435899,0,1,1,0,0,54000,7746,7560,0,0,2000,1120
73435900,0,1,1,0,0,54000,7746,7560,0,0,2000,1120
73435901,0,1,1,0,0,54000,7746,7560,0,0,2000,1120
73435902,0,1,1,0,0,130000,7746,7560,0,0,4000,1120
73435903,0,1,1,0,0,130000,7746,7560,0,0,4000,1120
73435904,0,1,1,0,0,130000,7746,7560,0,0,4000,1121
73435905,1,1,1,0,0,60000,7746,7560,0,0,10001,1121
73435906,1,1,1,0,0,60000,7746,7560,0,0,10001,1122
73435907,1,1,1,0,0,60000,7746,7560,0,0,10001,1133
73435908,0,1,1,0,0,140000,7746,7560,0,0,0,1133
73435909,0,1,1,0,0,140000,7746,7560,0,0,0,1133
73435910,0,1,1,0,0,140000,7746,7560,0,0,0,1134
73435911,0,1,1,0,0,0,7746,7560,0,0,0,1134
73435912,0,1,1,0,0,0,7746,7560,0,0,0,1135
73435913,0,1,1,0,0,0,7746,7560,0,0,0,1140
73435914,0,1,1,0,0,0,7746,7560,0,0,0,1140
73435915,0,1,1,0,0,0,7746,7560,0,0,0,1140
73435916,0,1,1,0,0,0,7746,7560,0,0,0,1141
73435917,1,1,1,0,0,0,7746,7560,0,0,1,1141
73435918,1,1,1,0,0,0,7746,7560,0,0,1,1142
73435919,1,1,1,0,0,0,7746,7560,0,0,1,1142
73435920,1,1,1,0,0,1,7746,7560,0,0,1,1142
73435921,1,1,1,0,0,1,7746,7560,0,0,1,1143
73435922,1,1,1,0,0,1,7746,7560,0,0,1,666
73435923,0,1,1,0,0,1,7746,7560,0,0,140000,666
73435924,0,1,1,0,0,1,7746,7560,0,0,140000,666
73435925,0,1,1,0,0,1,7746,7560,0,0,140000,0
73435926,0,1,1,3,0,1,7746,7560,0,0,0,0
73435927,0,1,1,3,0,1,7746,7560,0,0,0,0
73435928,0,1,1,3,0,1,7746,7560,0,0,0,2001
73435929,0,1,1,3,0,1,7746,7560,0,0,0,17040
73435930,0,1,1,3,0,1,7746,7560,0,0,0,17040
73435931,0,1,1,3,0,1,7746,7560,3040,0,0,0
73435932,0,1,1,3,0,1,7746,7560,3040,0,0,6000
73435933,0,1,1,3,0,1,7746,7560,0,0,0,6000
73435934,0,1,1,3,0,1,7746,7560,0,0,0,6000
73435935,0,1,1,3,0,1,7746,7560,0,0,0,6000
73435936,0,1,1,3,0,1,7746,7560,0,44035,44035,6440
73435937,0,1,1,3,0,1,7746,7560,0,44035,44035,6440
73435938,0,1,1,3,0,1,7746,7560,0,44035,44035,6440
73435939,0,1,1,3,0,1,7746,7560,0,44035,44035,6440
73435940,0,1,1,3,0,1,7746,7560,0,0,44035,6440
73435941,0,1,1,3,0,1,7746,7560,0,0,44035,6440
73435942,0,1,1,3,0,1,7746,7560,0,0,44035,6440
73435943,1,1,1,0,0,1,7746,7560,0,0,44035,170
73435944,1,1,1,0,0,1,7746,7560,0,0,0,170
73435945,1,1,1,0,0,1,7746,7560,0,0,0,0
73435946,1,1,1,0,0,1,7746,7560,0,0,0,0
73435947,1,1,1,0,0,1,7746,7560,0,0,0,0
73435948,1,1,1,0,0,1,7746,7560,3075,0,0,0
73435949,1,1,1,0,0,1,7746,7560,3075,0,0,0
73435950,1,1,1,0,0,1,7746,7560,0,0,0,0
73435951,1,1,1,0,0,1,7746,7560,0,0,0,0
73435952,1,1,1,0,0,1,7746,7560,0,0,0,0
73435953,1,1,1,0,0,1,7746,7560,0,125,125,0
73435954,1,1,1,0,0,1,7746,7560,0,125,125,0
73435955,1,1,1,0,0,1,7746,7560,0,125,125,0
73435956,1,1,1,0,0,1,7746,7560,0,125,125,0
73435957,1,1,1,0,0,1,7746,7560,0,0,125,0
73435958,1,1,1,0,0,1,7746,7560,0,0,125,0
73435959,1,1,1,0,0,1,7746,7560,0,0,125,0
73435960,125,1,1,3,0,1,7746,7560,0,0,125,0
73435961,125,1,1,3,0,1,7746,7560,0,0,0,0
73435962,125,1,1,3,0,1,7746,7560,0,0,0,2001
73435963,125,1,1,3,0,1,7746,7560,0,0,0,17041
73435964,125,1,1,3,0,1,7746,7560,0,0,0,17041
73435965,125,1,1,3,0,1,7746,7560,3041,0,0,0
73435966,125,1,1,3,0,1,7746,7560,3041,0,0,6000
73435967,125,1,1,3,0,1,7746,7560,0,0,0,6000
73435968,125,1,1,3,0,1,7746,7560,0,0,0,6000
73435969,125,1,1,3,0,1,7746,7560,0,0,0,6000
73435970,125,1,1,3,0,1,7746,7560,0,50033,50033,6500
73435971,125,1,1,3,0,1,7746,7560,0,50033,50033,6500
73435972,125,1,1,3,0,1,7746,7560,0,50033,50033,6500
73435973,125,1,1,3,0,1,7746,7560,0,50033,50033,6500
73435974,125,1,1,3,0,1,7746,7560,0,0,50033,6500
73435975,125,1,1,3,0,1,7746,7560,0,0,50033,6500
73435976,125,1,1,3,0,1,7746,7560,0,0,50033,6500
73435977,1,1,1,0,125,1,7746,7560,0,0,50033,172
73435978,1,1,1,0,125,1,7746,7560,0,0,0,172
73435979,1,1,1,0,125,1,7746,7560,0,0,0,0
73435980,1,1,1,0,125,1,7746,7560,0,0,0,0
73435981,1,1,1,0,125,1,7746,7560,0,0,0,0
73435982,1,1,1,0,125,1,7746,7560,3074,0,0,0
73435983,1,1,1,0,125,1,7746,7560,3074,0,0,0
73435984,1,1,1,0,125,1,7746,7560,0,0,0,0
73435985,1,1,1,0,125,1,7746,7560,0,0,0,0
73435986,1,1,1,0,125,1,7746,7560,0,0,0,0
73435987,1,1,1,0,125,1,7746,7560,0,300,300,0
73435988,1,1,1,0,125,1,7746,7560,0,300,300,0
73435989,1,1,1,0,125,1,7746,7560,0,300,300,0
73435990,1,1,1,0,125,1,7746,7560,0,300,300,0
73435991,1,1,1,0,125,1,7746,7560,0,0,300,0
73435992,1,1,1,0,125,1,7746,7560,0,0,300,0
73435993,1,1,1,0,125,1,7746,7560,0,0,300,0
73435994,300,1,1,3,125,1,7746,7560,0,0,300,0
73435995,300,1,1,3,125,1,7746,7560,0,0,0,0
73435996,300,1,1,3,125,1,7746,7560,0,0,0,2001
73435997,300,1,1,3,125,1,7746,7560,0,0,0,17042
73435998,300,1,1,3,125,1,7746,7560,0,0,0,17042
73435999,300,1,1,3,125,1,7746,7560,3042,0,0,0
73436000,300,1,1,3,125,1,7746,7560,3042,0,0,6000
73436001,300,1,1,3,125,1,7746,7560,0,0,0,6000
73436002,300,1,1,3,125,1,7746,7560,0,0,0,6000
73436003,300,1,1,3,125,1,7746,7560,0,0,0,6000
73436004,300,1,1,3,125,1,7746,7560,0,173005,173005,7730
73436005,300,1,1,3,125,1,7746,7560,0,173005,173005,7730
73436006,300,1,1,3,125,1,7746,7560,0,173005,173005,7730
73436007,300,1,1,3,125,1,7746,7560,0,173005,173005,7730
73436008,300,1,1,3,125,1,7746,7560,0,0,173005,7730
73436009,300,1,1,3,125,1,7746,7560,0,0,173005,7730
73436010,300,1,1,3,125,1,7746,7560,0,0,173005,7730
73436011,5,1,1,3,125,1,7746,7560,0,0,173005,0
73436012,5,1,1,3,125,1,7746,7560,0,0,0,0
73436013,5,1,1,3,125,1,7746,7560,0,0,0,2001
73436014,5,1,1,3,125,1,7746,7560,0,0,0,17043
73436015,5,1,1,3,125,1,7746,7560,0,0,0,17043
73436016,5,1,1,3,125,1,7746,7560,3043,0,0,0
73436017,5,1,1,3,125,1,7746,7560,3043,0,0,6000
73436018,5,1,1,3,125,1,7746,7560,0,0,0,6000
73436019,5,1,1,3,125,1,7746,7560,0,0,0,6000
73436020,5,1,1,3,125,1,7746,7560,0,0,0,6000
73436021,5,1,1,3,125,1,7746,7560,0,150415,150415,7504
73436022,5,1,1,3,125,1,7746,7560,0,150415,150415,7504
73436023,5,1,1,3,125,1,7746,7560,0,150415,150415,7504
73436024,5,1,1,3,125,1,7746,7560,0,150415,150415,7504
73436025,5,1,1,3,125,1,7746,7560,0,0,150415,7504
73436026,5,1,1,3,125,1,7746,7560,0,0,150415,7504
73436027,5,1,1,3,125,1,7746,7560,0,0,150415,7504
73436028,1,1,1,0,125,1,7746,7560,0,0,150415,657
73436029,1,1,1,0,125,1,7746,7560,0,0,1,657
73436030,1,1,1,0,125,1,7746,7560,0,0,1,326
73436031,1,1,1,0,125,1,7746,7560,0,0,1,326
73436032,1,1,1,0,125,1,7746,7560,0,0,1,326
73436033,1,1,1,0,125,1,7746,7560,0,0,1,327
73436034,1,1,1,0,125,1,7746,7560,0,0,1,327
73436035,1,1,1,0,125,1,7746,7560,0,0,1,330
73436036,1,1,1,0,125,1,7746,7560,0,0,1,660
73436037,1,1,1,0,125,1,7746,7560,0,0,1,660
73436038,1,1,1,0,125,1,7746,7560,0,0,1,660
73436039,1,1,1,0,125,1,7746,7560,0,0,1,3655
73436040,44,1,1,0,125,1,7746,7560,0,0,110044,3655
73436041,44,1,1,0,125,1,7746,7560,0,0,110044,3655
73436042,44,1,1,0,125,1,7746,7560,0,0,110044,474
73436043,44,1,1,0,125,110044,7746,7560,0,0,110044,474
73436044,44,1,1,0,125,110044,7746,7560,0,0,110044,474
73436045,44,1,1,0,125,110044,7746,7560,0,0,110044,475
73436046,305,1,1,3,125,110044,7746,7560,0,0,305,475
73436047,305,1,1,3,125,110044,7746,7560,0,0,305,476
73436048,305,1,1,3,125,110044,7746,7560,0,0,305,501
73436049,44,1,1,0,125,110044,7746,7560,0,0,110044,501
73436050,44,1,1,0,125,110044,7746,7560,0,0,110044,501
73436051,44,1,1,0,125,110044,7746,7560,0,0,110044,502
73436052,7,1,1,0,125,110044,7746,7560,0,0,7,502
73436053,7,1,1,0,125,110044,7746,7560,0,0,7,503
73436054,7,1,1,0,125,110044,7746,7560,0,0,7,503
73436055,300,1,1,0,125,300,7746,7560,0,0,300,503
73436056,300,1,1,0,125,300,7746,7560,0,0,300,504
73436057,300,1,1,0,125,300,7746,7560,0,0,300,511
73436058,3,1,1,0,125,300,7746,7560,0,0,3,511
73436059,3,1,1,0,125,300,7746,7560,0,0,3,511
73436060,3,1,1,0,125,300,7746,7560,0,0,3,3725
73436061,141,1,1,0,125,304,7746,7560,0,0,30141,3725
73436062,141,1,1,0,125,304,7746,7560,0,0,30141,3725
73436063,141,1,1,0,125,304,7746,7560,0,0,30141,476
73436064,125,0,1,0,125,30141,7746,7560,0,0,125,476
# MARK wr tick=73436064
73436065,125,0,1,0,125,30141,7746,7560,0,0,125,476
73467572,1,1,1,0,177777,60000,1147,15,0,0,10001,1121
73467573,1,1,1,0,177777,60000,1147,15,0,0,10001,1122
73467574,1,1,1,0,177777,60000,1147,15,0,0,10001,1133
73467575,0,1,1,0,177777,140000,1147,15,0,0,0,1133
73467576,0,1,1,0,177777,140000,1147,15,0,0,0,1133
73467577,0,1,1,0,177777,140000,1147,15,0,0,0,1134
73467578,0,1,1,0,177777,0,1147,15,0,0,0,1134
73467579,0,1,1,0,177777,0,1147,15,0,0,0,1135
73467580,0,1,1,0,177777,0,1147,15,0,0,0,1140
73467581,0,1,1,0,177777,0,1147,15,0,0,0,1140
73467582,0,1,1,0,177777,0,1147,15,0,0,0,1140
73467583,0,1,1,0,177777,0,1147,15,0,0,0,1141
73467584,0,1,1,0,177777,0,1147,15,0,0,20000,1141
73467585,0,1,1,0,177777,0,1147,15,0,0,20000,1142
73467586,0,1,1,0,177777,0,1147,15,0,0,20000,1142
73467587,1,1,1,0,177777,20000,1147,15,0,0,1,1142
73467588,1,1,1,0,177777,20000,1147,15,0,0,1,1143
73467589,1,1,1,0,177777,20000,1147,15,0,0,1,1143
73467590,0,1,1,0,177777,20000,1147,15,0,0,140000,1143
73467591,0,1,1,0,177777,20000,1147,15,0,0,140000,1144
73467592,0,1,1,0,177777,20000,1147,15,0,0,140000,1144
73467593,1,1,1,0,177777,20000,1147,15,0,0,1,1144
73467594,1,1,1,0,177777,20000,1147,15,0,0,1,1145
73467595,1,1,1,0,177777,20000,1147,15,0,0,1,1145
73467596,150,1,1,0,177777,1,1147,15,0,0,150,1145
73467597,150,1,1,0,177777,1,1147,15,0,0,150,1146
73467598,150,1,1,0,177777,1,1147,15,0,0,150,1146
73467599,150,1,1,0,177777,1,1147,15,0,0,150,1146
73467600,150,1,1,0,177777,1,1147,15,0,0,150,1147
73467601,150,1,1,0,177777,1,1147,15,0,0,150,1147
73467602,1,1,1,0,177777,1,1147,15,0,0,20001,1147
73467603,1,1,1,0,177777,1,1147,15,0,0,20001,1150
73467604,1,1,1,0,177777,1,1147,15,0,0,20001,1150
73467605,7,1,1,0,177777,1,1147,15,0,0,7,1150
73467606,7,1,1,0,177777,1,1147,15,0,0,7,1151
73467607,7,1,1,0,177777,1,1147,15,0,0,7,1151
73467608,0,1,1,0,177777,1,1147,15,0,0,116400,1151
73467609,0,1,1,0,177777,1,1147,15,0,0,116400,1152
73467610,0,1,1,0,177777,1,1147,15,0,0,116400,1151
73467611,15,1,1,0,177777,1,1147,15,0,0,15,1151
73467612,15,1,1,0,177777,1,1147,15,0,0,15,1151
73467613,15,1,1,0,177777,1,1147,15,0,0,15,1151
73467614,15,1,1,0,177777,15,1147,15,0,0,15,1151
73467615,15,1,1,0,177777,15,1147,15,0,0,15,1151
73467616,15,1,1,0,177777,15,1147,15,0,0,15,1151
73467617,0,1,1,0,177777,15,1147,15,0,0,0,1151
73467618,0,1,1,0,177777,15,1147,15,0,0,0,1151
73467619,0,1,1,0,177777,15,1147,15,0,0,0,1151
73467620,377,1,1,0,177777,0,1147,15,0,0,177777,1151
73467621,377,1,1,0,177777,0,1147,15,0,0,177777,1151
73467622,377,1,1,0,177777,0,1147,15,0,0,177777,1151
73467623,54,1,1,0,177777,177777,1147,15,0,0,2454,1151
73467624,54,1,1,0,177777,177777,1147,15,0,0,2454,1151
73467625,54,1,1,0,177777,177777,1147,15,0,0,2454,1151
73467626,147,1,1,0,177777,2454,1147,15,0,0,1147,1151
73467627,147,1,1,0,177777,2454,1147,15,0,0,1147,1151
73467628,147,1,1,0,177777,2454,1147,15,0,0,1147,1151
73467629,7,1,1,0,177777,1147,1147,15,0,0,2407,1151
73467630,7,1,1,0,177777,1147,1147,15,0,0,2407,1151
73467631,7,1,1,0,177777,1147,1147,15,0,0,2407,1151
73467632,77,1,1,0,177777,2407,1147,15,0,0,13077,1151
73467633,77,1,1,0,177777,2407,1147,15,0,0,13077,1151
73467634,70,1,1,0,177777,2407,1147,15,0,0,13070,1152
73467635,0,1,1,0,177777,13070,1147,15,0,0,116400,1152
73467636,0,1,1,0,177777,13070,1147,15,0,0,116400,1153
73467637,0,1,1,0,177777,13070,1147,15,0,0,116400,1153
73467638,0,1,1,0,177777,116400,1147,15,0,0,170000,1153
73467639,0,1,1,0,177777,116400,1147,15,0,0,170000,1154
73467640,0,1,1,0,177777,116400,1147,15,0,0,170000,1154
73467641,0,1,1,0,177777,116400,1147,15,0,0,110000,1154
73467642,0,1,1,0,177777,116400,1147,15,0,0,110000,1155
73467643,0,1,1,0,177777,116400,1147,15,0,0,110000,1155
73467644,7,1,1,0,177777,116400,1147,15,0,0,7,1155
73467645,7,1,1,0,177777,116400,1147,15,0,0,7,1156
73467646,7,1,1,0,177777,116400,1147,15,0,0,7,1156
73467647,1,1,1,0,177777,116400,1147,15,0,0,20001,1156
73467648,1,1,1,0,177777,116400,1147,15,0,0,20001,1157
73467649,1,1,1,0,177777,116400,1147,15,0,0,20001,1156
73467650,160,1,1,0,177777,116400,1147,15,0,0,7560,1156
73467651,160,1,1,0,177777,116400,1147,15,0,0,7560,1156
73467652,160,1,1,0,177777,116400,1147,15,0,0,7560,1156
73467653,160,1,1,0,177777,116400,1147,7560,0,0,7560,1156
73467654,160,1,1,0,177777,116400,1147,7560,0,0,7560,1156
73467655,160,1,1,0,177777,116400,1147,7560,0,0,7560,1156
73467656,302,1,1,0,177777,116400,1147,7560,0,0,302,1156
73467657,302,1,1,0,177777,116400,1147,7560,0,0,302,1156
73467658,302,1,1,0,177777,116400,1147,7560,0,0,302,1156
73467659,0,1,1,0,177777,116400,1147,7560,0,0,0,1156
73467660,0,1,1,0,177777,116400,1147,7560,0,0,0,1156
73467661,0,1,1,0,177777,116400,1147,7560,0,0,0,1156
73467662,26,1,1,0,0,116400,1147,7560,0,0,3026,1156
73467663,26,1,1,0,0,116400,1147,7560,0,0,3026,1156
73467664,26,1,1,0,0,116400,1147,7560,0,0,3026,1156
73467665,346,1,1,0,0,116400,1147,7560,0,0,7746,1156
73467666,346,1,1,0,0,116400,1147,7560,0,0,7746,1156
73467667,346,1,1,0,0,116400,1147,7560,0,0,7746,1156
73467668,40,1,1,0,0,116400,7746,7560,0,0,3040,1156
73467669,40,1,1,0,0,116400,7746,7560,0,0,3040,1156
73467670,40,1,1,0,0,116400,7746,7560,0,0,3040,1156
73467671,272,1,1,0,0,116400,7746,7560,0,0,55672,1156
73467672,272,1,1,0,0,116400,7746,7560,0,0,55672,1156
73467673,272,1,1,0,0,116400,7746,7560,0,0,55672,1157
73467674,44,1,1,0,0,116400,7746,7560,0,0,110044,1157
73467675,44,1,1,0,0,116400,7746,7560,0,0,110044,1160
73467676,44,1,1,0,0,116400,7746,7560,0,0,110044,1160
73467677,0,1,1,3,0,116400,7746,7560,0,0,0,1160
73467678,0,1,1,3,0,116400,7746,7560,0,0,0,1161
73467679,0,1,1,3,0,116400,7746,7560,0,0,0,1076
73467680,44,1,1,0,0,116400,7746,7560,0,0,110044,1076
73467681,44,1,1,0,0,116400,7746,7560,0,0,110044,1076
73467682,44,1,1,0,0,116400,7746,7560,0,0,110044,0
73467683,0,1,1,3,0,116400,7746,7560,0,0,0,0
73467684,0,1,1,3,0,116400,7746,7560,0,0,0,0
73467685,0,1,1,3,0,116400,7746,7560,0,0,0,2001
73467686,0,1,1,3,0,116400,7746,7560,0,0,0,17040
73467687,0,1,1,3,0,116400,7746,7560,0,0,0,17040
73467688,0,1,1,3,0,116400,7746,7560,3040,0,0,0
73467689,0,1,1,3,0,116400,7746,7560,3040,0,0,6000
73467690,0,1,1,3,0,116400,7746,7560,0,0,0,6000
73467691,0,1,1,3,0,116400,7746,7560,0,0,0,6000
73467692,0,1,1,3,0,116400,7746,7560,0,0,0,6000
73467693,0,1,1,3,0,116400,7746,7560,0,44035,44035,6440
73467694,0,1,1,3,0,116400,7746,7560,0,44035,44035,6440
73467695,0,1,1,3,0,116400,7746,7560,0,44035,44035,6440
73467696,0,1,1,3,0,116400,7746,7560,0,44035,44035,6440
73467697,0,1,1,3,0,116400,7746,7560,0,0,44035,6440
73467698,0,1,1,3,0,116400,7746,7560,0,0,44035,6440
73467699,0,1,1,3,0,116400,7746,7560,0,0,44035,6440
73467700,0,1,1,0,0,116400,7746,7560,0,0,44035,170
73467701,0,1,1,0,0,116400,7746,7560,0,0,0,170
73467702,0,1,1,0,0,116400,7746,7560,0,0,0,0
73467703,0,1,1,0,0,116400,7746,7560,0,0,0,0
73467704,0,1,1,0,0,116400,7746,7560,0,0,0,0
73467705,0,1,1,0,0,116400,7746,7560,3075,0,0,0
73467706,0,1,1,0,0,116400,7746,7560,3075,0,0,0
73467707,0,1,1,0,0,116400,7746,7560,0,0,0,0
73467708,0,1,1,0,0,116400,7746,7560,0,0,0,0
73467709,0,1,1,0,0,116400,7746,7560,0,0,0,0
73467710,0,1,1,0,0,116400,7746,7560,0,40,40,0
73467711,0,1,1,0,0,116400,7746,7560,0,40,40,0
73467712,0,1,1,0,0,116400,7746,7560,0,40,40,0
73467713,0,1,1,0,0,116400,7746,7560,0,40,40,0
73467714,0,1,1,0,0,116400,7746,7560,0,0,40,0
73467715,0,1,1,0,0,116400,7746,7560,0,0,40,0
73467716,0,1,1,0,0,116400,7746,7560,0,0,40,0
73467717,40,1,1,3,0,116400,7746,7560,0,0,40,0
73467718,40,1,1,3,0,116400,7746,7560,0,0,0,0
73467719,40,1,1,3,0,116400,7746,7560,0,0,0,2001
73467720,40,1,1,3,0,116400,7746,7560,0,0,0,17041
73467721,40,1,1,3,0,116400,7746,7560,0,0,0,17041
73467722,40,1,1,3,0,116400,7746,7560,3041,0,0,0
73467723,40,1,1,3,0,116400,7746,7560,3041,0,0,6000
73467724,40,1,1,3,0,116400,7746,7560,0,0,0,6000
73467725,40,1,1,3,0,116400,7746,7560,0,0,0,6000
73467726,40,1,1,3,0,116400,7746,7560,0,0,0,6000
73467727,40,1,1,3,0,116400,7746,7560,0,50033,50033,6500
73467728,40,1,1,3,0,116400,7746,7560,0,50033,50033,6500
73467729,40,1,1,3,0,116400,7746,7560,0,50033,50033,6500
73467730,40,1,1,3,0,116400,7746,7560,0,50033,50033,6500
73467731,40,1,1,3,0,116400,7746,7560,0,0,50033,6500
73467732,40,1,1,3,0,116400,7746,7560,0,0,50033,6500
73467733,40,1,1,3,0,116400,7746,7560,0,0,50033,6500
73467734,0,1,1,0,40,116400,7746,7560,0,0,50033,172
73467735,0,1,1,0,40,116400,7746,7560,0,0,0,172
73467736,0,1,1,0,40,116400,7746,7560,0,0,0,0
73467737,0,1,1,0,40,116400,7746,7560,0,0,0,0
73467738,0,1,1,0,40,116400,7746,7560,0,0,0,0
73467739,0,1,1,0,40,116400,7746,7560,3074,0,0,0
73467740,0,1,1,0,40,116400,7746,7560,3074,0,0,0
73467741,0,1,1,0,40,116400,7746,7560,0,0,0,0
73467742,0,1,1,0,40,116400,7746,7560,0,0,0,0
73467743,0,1,1,0,40,116400,7746,7560,0,0,0,0
73467744,0,1,1,0,40,116400,7746,7560,0,300,300,0
73467745,0,1,1,0,40,116400,7746,7560,0,300,300,0
73467746,0,1,1,0,40,116400,7746,7560,0,300,300,0
73467747,0,1,1,0,40,116400,7746,7560,0,300,300,0
73467748,0,1,1,0,40,116400,7746,7560,0,0,300,0
73467749,0,1,1,0,40,116400,7746,7560,0,0,300,0
73467750,0,1,1,0,40,116400,7746,7560,0,0,300,0
73467751,300,1,1,3,40,116400,7746,7560,0,0,300,0
73467752,300,1,1,3,40,116400,7746,7560,0,0,0,0
73467753,300,1,1,3,40,116400,7746,7560,0,0,0,2001
73467754,300,1,1,3,40,116400,7746,7560,0,0,0,17042
73467755,300,1,1,3,40,116400,7746,7560,0,0,0,17042
73467756,300,1,1,3,40,116400,7746,7560,3042,0,0,0
73467757,300,1,1,3,40,116400,7746,7560,3042,0,0,6000
73467758,300,1,1,3,40,116400,7746,7560,0,0,0,6000
73467759,300,1,1,3,40,116400,7746,7560,0,0,0,6000
73467760,300,1,1,3,40,116400,7746,7560,0,0,0,6000
73467761,300,1,1,3,40,116400,7746,7560,0,173005,173005,7730
73467762,300,1,1,3,40,116400,7746,7560,0,173005,173005,7730
73467763,300,1,1,3,40,116400,7746,7560,0,173005,173005,7730
73467764,300,1,1,3,40,116400,7746,7560,0,173005,173005,7730
73467765,300,1,1,3,40,116400,7746,7560,0,0,173005,7730
73467766,300,1,1,3,40,116400,7746,7560,0,0,173005,7730
73467767,300,1,1,3,40,116400,7746,7560,0,0,173005,7730
73467768,5,1,1,3,40,116400,7746,7560,0,0,173005,0
73467769,5,1,1,3,40,116400,7746,7560,0,0,0,0
73467770,5,1,1,3,40,116400,7746,7560,0,0,0,2001
73467771,5,1,1,3,40,116400,7746,7560,0,0,0,17043
73467772,5,1,1,3,40,116400,7746,7560,0,0,0,17043
73467773,5,1,1,3,40,116400,7746,7560,3043,0,0,0
73467774,5,1,1,3,40,116400,7746,7560,3043,0,0,6000
73467775,5,1,1,3,40,116400,7746,7560,0,0,0,6000
73467776,5,1,1,3,40,116400,7746,7560,0,0,0,6000
73467777,5,1,1,3,40,116400,7746,7560,0,0,0,6000
73467778,5,1,1,3,40,116400,7746,7560,0,150415,150415,7504
73467779,5,1,1,3,40,116400,7746,7560,0,150415,150415,7504
73467780,5,1,1,3,40,116400,7746,7560,0,150415,150415,7504
73467781,5,1,1,3,40,116400,7746,7560,0,150415,150415,7504
73467782,5,1,1,3,40,116400,7746,7560,0,0,150415,7504
73467783,5,1,1,3,40,116400,7746,7560,0,0,150415,7504
73467784,5,1,1,3,40,116400,7746,7560,0,0,150415,7504
73467785,0,1,1,0,40,116400,7746,7560,0,0,156415,657
73467786,0,1,1,0,40,116400,7746,7560,0,0,116400,657
73467787,0,1,1,0,40,116400,7746,7560,0,0,116400,326
73467788,0,1,1,0,40,116400,7746,7560,0,0,116400,326
73467789,0,1,1,0,40,116400,7746,7560,0,0,116400,326
73467790,0,1,1,0,40,116400,7746,7560,0,0,116400,327
73467791,0,1,1,0,40,116400,7746,7560,0,0,116400,327
73467792,0,1,1,0,40,116400,7746,7560,0,0,116400,330
73467793,0,1,1,0,40,116400,7746,7560,0,0,116400,660
73467794,0,1,1,0,40,116400,7746,7560,0,0,116400,660
73467795,0,1,1,0,40,116400,7746,7560,0,0,116400,660
73467796,0,1,1,0,40,116400,7746,7560,0,0,116400,3655
73467797,44,1,1,0,40,116400,7746,7560,0,0,110044,3655
73467798,44,1,1,0,40,116400,7746,7560,0,0,110044,3655
73467799,44,1,1,0,40,116400,7746,7560,0,0,110044,474
73467800,44,1,1,0,40,110044,7746,7560,0,0,110044,474
73467801,44,1,1,0,40,110044,7746,7560,0,0,110044,474
73467802,44,1,1,0,40,110044,7746,7560,0,0,110044,475
73467803,305,1,1,3,40,110044,7746,7560,0,0,305,475
73467804,305,1,1,3,40,110044,7746,7560,0,0,305,476
73467805,305,1,1,3,40,110044,7746,7560,0,0,305,501
73467806,44,1,1,0,40,110044,7746,7560,0,0,110044,501
73467807,44,1,1,0,40,110044,7746,7560,0,0,110044,501
73467808,44,1,1,0,40,110044,7746,7560,0,0,110044,502
73467809,7,1,1,0,40,110044,7746,7560,0,0,7,502
73467810,7,1,1,0,40,110044,7746,7560,0,0,7,503
73467811,7,1,1,0,40,110044,7746,7560,0,0,7,503
73467812,300,1,1,0,40,300,7746,7560,0,0,300,503
73467813,300,1,1,0,40,300,7746,7560,0,0,300,504
73467814,300,1,1,0,40,300,7746,7560,0,0,300,511
73467815,3,1,1,0,40,300,7746,7560,0,0,3,511
73467816,3,1,1,0,40,300,7746,7560,0,0,3,511
73467817,3,1,1,0,40,300,7746,7560,0,0,3,3725
73467818,141,1,1,0,40,304,7746,7560,0,0,30141,3725
73467819,141,1,1,0,40,304,7746,7560,0,0,30141,3725
73467820,141,1,1,0,40,304,7746,7560,0,0,30141,476
73467821,40,0,1,0,40,30141,7746,7560,0,0,40,476
# MARK wr tick=73467821
73467822,40,0,1,0,40,30141,7746,7560,0,0,40,476
73493724,44,1,1,0,0,10044,7746,7560,0,0,10044,326
73493725,44,1,1,0,0,10044,7746,7560,0,0,10044,327
73493726,44,1,1,0,0,10044,7746,7560,0,0,10044,327
73493727,44,1,1,0,0,10044,7746,7560,0,0,10044,330
73493728,44,1,1,0,0,10044,7746,7560,0,0,10044,660
73493729,44,1,1,0,0,10044,7746,7560,0,0,10044,660
73493730,44,1,1,0,0,10044,7746,7560,0,0,10044,660
73493731,44,1,1,0,0,10044,7746,7560,0,0,10044,3642
73493732,44,1,1,0,0,10044,7746,7560,0,0,10044,3642
73493733,44,1,1,0,0,10044,7746,7560,0,0,10044,3642
73493734,44,1,1,0,0,10044,7746,7560,0,0,10044,663
73493735,0,1,1,0,0,10044,7746,7560,0,0,100000,663
73493736,0,1,1,0,0,10044,7746,7560,0,0,100000,663
73493737,0,1,1,0,0,10044,7746,7560,0,0,100000,664
73493738,44,1,1,0,0,110044,7746,7560,0,0,110044,664
73493739,44,1,1,0,0,110044,7746,7560,0,0,110044,665
73493740,44,1,1,0,0,110044,7746,7560,0,0,110044,665
73493741,44,1,1,0,0,110044,7746,7560,0,0,110044,665
73493742,44,1,1,0,0,110044,7746,7560,0,0,110044,666
73493743,44,1,1,0,0,110044,7746,7560,0,0,110044,1112
73493744,45,1,1,0,0,110044,7746,7560,0,0,130045,1112
73493745,45,1,1,0,0,110044,7746,7560,0,0,130045,1112
73493746,45,1,1,0,0,110044,7746,7560,0,0,130045,1113
73493747,45,1,1,0,0,110044,7746,7560,0,0,130045,1113
73493748,45,1,1,0,0,110044,7746,7560,0,0,130045,1113
73493749,45,1,1,0,0,110044,7746,7560,0,0,130045,1113
73493750,45,1,1,0,0,110044,7746,7560,0,0,130045,1113
73493751,45,1,1,0,0,110044,7746,7560,0,0,130045,1113
73493752,44,1,1,0,0,110044,7746,7560,0,0,110044,1113
73493753,44,1,1,0,0,110044,7746,7560,0,0,110044,1114
73493754,44,1,1,0,0,110044,7746,7560,0,0,110044,1114
73493755,10,1,1,0,0,110044,7746,7560,0,0,10,1114
73493756,10,1,1,0,0,110044,7746,7560,0,0,10,1115
73493757,10,1,1,0,0,110044,7746,7560,0,0,10,1115
73493758,10,1,1,0,0,110044,7746,7560,0,0,10,1115
73493759,10,1,1,0,0,110044,7746,7560,0,0,10,1115
73493760,10,1,1,0,0,110044,7746,7560,0,0,10,1115
73493761,10,1,1,0,0,110044,7746,7560,0,0,10,1115
73493762,10,1,1,0,0,110044,7746,7560,0,0,10,1115
73493763,0,1,1,0,0,110044,7746,7560,0,0,0,1115
73493764,0,1,1,0,0,110044,7746,7560,0,0,0,1116
73493765,0,1,1,0,0,110044,7746,7560,0,0,0,1116
73493766,44,1,1,0,0,0,7746,7560,0,0,110044,1116
73493767,44,1,1,0,0,0,7746,7560,0,0,110044,666
73493768,44,1,1,0,0,0,7746,7560,0,0,110044,1117
73493769,1,1,1,0,0,0,7746,7560,0,0,60001,1117
73493770,1,1,1,0,0,0,7746,7560,0,0,60001,1120
73493771,1,1,1,0,0,0,7746,7560,0,0,60001,1120
73493772,13,1,1,0,0,0,7746,7560,0,0,100013,1120
73493773,13,1,1,0,0,0,7746,7560,0,0,100013,1121
73493774,13,1,1,0,0,0,7746,7560,0,0,100013,1120
73493775,0,1,1,0,0,100013,7746,7560,0,0,0,1120
73493776,0,1,1,0,0,100013,7746,7560,0,0,0,1120
73493777,0,1,1,0,0,100013,7746,7560,0,0,0,1120
73493778,1,1,1,0,0,26,7746,7560,0,0,1,1120
73493779,1,1,1,0,0,26,7746,7560,0,0,1,1120
73493780,1,1,1,0,0,26,7746,7560,0,0,1,1120
73493781,2,1,1,0,0,54,7746,7560,0,0,2,1120
73493782,2,1,1,0,0,54,7746,7560,0,0,2,1120
73493783,2,1,1,0,0,54,7746,7560,0,0,2,1120
73493784,4,1,1,0,0,130,7746,7560,0,0,4,1120
73493785,4,1,1,0,0,130,7746,7560,0,0,4,1120
73493786,4,1,1,0,0,130,7746,7560,0,0,4,1120
73493787,10,1,1,0,0,260,7746,7560,0,0,10,1120
73493788,10,1,1,0,0,260,7746,7560,0,0,10,1120
73493789,10,1,1,0,0,260,7746,7560,0,0,10,1120
73493790,20,1,1,0,0,540,7746,7560,0,0,20,1120
73493791,20,1,1,0,0,540,7746,7560,0,0,20,1120
73493792,20,1,1,0,0,540,7746,7560,0,0,20,1120
73493793,40,1,1,0,0,1300,7746,7560,0,0,40,1120
73493794,40,1,1,0,0,1300,7746,7560,0,0,40,1120
73493795,40,1,1,0,0,1300,7746,7560,0,0,40,1120
73493796,100,1,1,0,0,2600,7746,7560,0,0,100,1120
73493797,100,1,1,0,0,2600,7746,7560,0,0,100,1120
73493798,100,1,1,0,0,2600,7746,7560,0,0,100,1120
73493799,200,1,1,0,0,5400,7746,7560,0,0,200,1120
73493800,200,1,1,0,0,5400,7746,7560,0,0,200,1120
73493801,200,1,1,0,0,5400,7746,7560,0,0,200,1120
73493802,0,1,1,0,0,13000,7746,7560,0,0,400,1120
73493803,0,1,1,0,0,13000,7746,7560,0,0,400,1120
73493804,0,1,1,0,0,13000,7746,7560,0,0,400,1120
73493805,0,1,1,0,0,26000,7746,7560,0,0,1000,1120
73493806,0,1,1,0,0,26000,7746,7560,0,0,1000,1120
73493807,0,1,1,0,0,26000,7746,7560,0,0,1000,1120
73493808,0,1,1,0,0,54000,7746,7560,0,0,2000,1120
73493809,0,1,1,0,0,54000,7746,7560,0,0,2000,1120
73493810,0,1,1,0,0,54000,7746,7560,0,0,2000,1120
73493811,0,1,1,0,0,130000,7746,7560,0,0,4000,1120
73493812,0,1,1,0,0,130000,7746,7560,0,0,4000,1120
73493813,0,1,1,0,0,130000,7746,7560,0,0,4000,1121
73493814,1,1,1,0,0,60000,7746,7560,0,0,10001,1121
73493815,1,1,1,0,0,60000,7746,7560,0,0,10001,1122
73493816,1,1,1,0,0,60000,7746,7560,0,0,10001,1133
73493817,0,1,1,0,0,140000,7746,7560,0,0,0,1133
73493818,0,1,1,0,0,140000,7746,7560,0,0,0,1133
73493819,0,1,1,0,0,140000,7746,7560,0,0,0,1134
73493820,0,1,1,0,0,0,7746,7560,0,0,0,1134
73493821,0,1,1,0,0,0,7746,7560,0,0,0,1135
73493822,0,1,1,0,0,0,7746,7560,0,0,0,1140
73493823,0,1,1,0,0,0,7746,7560,0,0,0,1140
73493824,0,1,1,0,0,0,7746,7560,0,0,0,1140
73493825,0,1,1,0,0,0,7746,7560,0,0,0,1141
73493826,1,1,1,0,0,0,7746,7560,0,0,1,1141
73493827,1,1,1,0,0,0,7746,7560,0,0,1,1142
73493828,1,1,1,0,0,0,7746,7560,0,0,1,1142
73493829,1,1,1,0,0,1,7746,7560,0,0,1,1142
73493830,1,1,1,0,0,1,7746,7560,0,0,1,1143
73493831,1,1,1,0,0,1,7746,7560,0,0,1,666
73493832,0,1,1,0,0,1,7746,7560,0,0,140000,666
73493833,0,1,1,0,0,1,7746,7560,0,0,140000,666
73493834,0,1,1,0,0,1,7746,7560,0,0,140000,0
73493835,0,1,1,3,0,1,7746,7560,0,0,0,0
73493836,0,1,1,3,0,1,7746,7560,0,0,0,0
73493837,0,1,1,3,0,1,7746,7560,0,0,0,2001
73493838,0,1,1,3,0,1,7746,7560,0,0,0,17040
73493839,0,1,1,3,0,1,7746,7560,0,0,0,17040
73493840,0,1,1,3,0,1,7746,7560,3040,0,0,0
73493841,0,1,1,3,0,1,7746,7560,3040,0,0,6000
73493842,0,1,1,3,0,1,7746,7560,0,0,0,6000
73493843,0,1,1,3,0,1,7746,7560,0,0,0,6000
73493844,0,1,1,3,0,1,7746,7560,0,0,0,6000
73493845,0,1,1,3,0,1,7746,7560,0,44035,44035,6440
73493846,0,1,1,3,0,1,7746,7560,0,44035,44035,6440
73493847,0,1,1,3,0,1,7746,7560,0,44035,44035,6440
73493848,0,1,1,3,0,1,7746,7560,0,44035,44035,6440
73493849,0,1,1,3,0,1,7746,7560,0,0,44035,6440
73493850,0,1,1,3,0,1,7746,7560,0,0,44035,6440
73493851,0,1,1,3,0,1,7746,7560,0,0,44035,6440
73493852,1,1,1,0,0,1,7746,7560,0,0,44035,170
73493853,1,1,1,0,0,1,7746,7560,0,0,0,170
73493854,1,1,1,0,0,1,7746,7560,0,0,0,0
73493855,1,1,1,0,0,1,7746,7560,0,0,0,0
73493856,1,1,1,0,0,1,7746,7560,0,0,0,0
73493857,1,1,1,0,0,1,7746,7560,3075,0,0,0
73493858,1,1,1,0,0,1,7746,7560,3075,0,0,0
73493859,1,1,1,0,0,1,7746,7560,0,0,0,0
73493860,1,1,1,0,0,1,7746,7560,0,0,0,0
73493861,1,1,1,0,0,1,7746,7560,0,0,0,0
73493862,1,1,1,0,0,1,7746,7560,0,164,164,0
73493863,1,1,1,0,0,1,7746,7560,0,164,164,0
73493864,1,1,1,0,0,1,7746,7560,0,164,164,0
73493865,1,1,1,0,0,1,7746,7560,0,164,164,0
73493866,1,1,1,0,0,1,7746,7560,0,0,164,0
73493867,1,1,1,0,0,1,7746,7560,0,0,164,0
73493868,1,1,1,0,0,1,7746,7560,0,0,164,0
73493869,164,1,1,3,0,1,7746,7560,0,0,164,0
73493870,164,1,1,3,0,1,7746,7560,0,0,0,0
73493871,164,1,1,3,0,1,7746,7560,0,0,0,2001
73493872,164,1,1,3,0,1,7746,7560,0,0,0,17041
73493873,164,1,1,3,0,1,7746,7560,0,0,0,17041
73493874,164,1,1,3,0,1,7746,7560,3041,0,0,0
73493875,164,1,1,3,0,1,7746,7560,3041,0,0,6000
73493876,164,1,1,3,0,1,7746,7560,0,0,0,6000
73493877,164,1,1,3,0,1,7746,7560,0,0,0,6000
73493878,164,1,1,3,0,1,7746,7560,0,0,0,6000
73493879,164,1,1,3,0,1,7746,7560,0,50033,50033,6500
73493880,164,1,1,3,0,1,7746,7560,0,50033,50033,6500
73493881,164,1,1,3,0,1,7746,7560,0,50033,50033,6500
73493882,164,1,1,3,0,1,7746,7560,0,50033,50033,6500
73493883,164,1,1,3,0,1,7746,7560,0,0,50033,6500
73493884,164,1,1,3,0,1,7746,7560,0,0,50033,6500
73493885,164,1,1,3,0,1,7746,7560,0,0,50033,6500
73493886,1,1,1,0,164,1,7746,7560,0,0,50033,172
73493887,1,1,1,0,164,1,7746,7560,0,0,0,172
73493888,1,1,1,0,164,1,7746,7560,0,0,0,0
73493889,1,1,1,0,164,1,7746,7560,0,0,0,0
73493890,1,1,1,0,164,1,7746,7560,0,0,0,0
73493891,1,1,1,0,164,1,7746,7560,3074,0,0,0
73493892,1,1,1,0,164,1,7746,7560,3074,0,0,0
73493893,1,1,1,0,164,1,7746,7560,0,0,0,0
73493894,1,1,1,0,164,1,7746,7560,0,0,0,0
73493895,1,1,1,0,164,1,7746,7560,0,0,0,0
73493896,1,1,1,0,164,1,7746,7560,0,300,300,0
73493897,1,1,1,0,164,1,7746,7560,0,300,300,0
73493898,1,1,1,0,164,1,7746,7560,0,300,300,0
73493899,1,1,1,0,164,1,7746,7560,0,300,300,0
73493900,1,1,1,0,164,1,7746,7560,0,0,300,0
73493901,1,1,1,0,164,1,7746,7560,0,0,300,0
73493902,1,1,1,0,164,1,7746,7560,0,0,300,0
73493903,300,1,1,3,164,1,7746,7560,0,0,300,0
73493904,300,1,1,3,164,1,7746,7560,0,0,0,0
73493905,300,1,1,3,164,1,7746,7560,0,0,0,2001
73493906,300,1,1,3,164,1,7746,7560,0,0,0,17042
73493907,300,1,1,3,164,1,7746,7560,0,0,0,17042
73493908,300,1,1,3,164,1,7746,7560,3042,0,0,0
73493909,300,1,1,3,164,1,7746,7560,3042,0,0,6000
73493910,300,1,1,3,164,1,7746,7560,0,0,0,6000
73493911,300,1,1,3,164,1,7746,7560,0,0,0,6000
73493912,300,1,1,3,164,1,7746,7560,0,0,0,6000
73493913,300,1,1,3,164,1,7746,7560,0,173005,173005,7730
73493914,300,1,1,3,164,1,7746,7560,0,173005,173005,7730
73493915,300,1,1,3,164,1,7746,7560,0,173005,173005,7730
73493916,300,1,1,3,164,1,7746,7560,0,173005,173005,7730
73493917,300,1,1,3,164,1,7746,7560,0,0,173005,7730
73493918,300,1,1,3,164,1,7746,7560,0,0,173005,7730
73493919,300,1,1,3,164,1,7746,7560,0,0,173005,7730
73493920,5,1,1,3,164,1,7746,7560,0,0,173005,0
73493921,5,1,1,3,164,1,7746,7560,0,0,0,0
73493922,5,1,1,3,164,1,7746,7560,0,0,0,2001
73493923,5,1,1,3,164,1,7746,7560,0,0,0,17043
73493924,5,1,1,3,164,1,7746,7560,0,0,0,17043
73493925,5,1,1,3,164,1,7746,7560,3043,0,0,0
73493926,5,1,1,3,164,1,7746,7560,3043,0,0,6000
73493927,5,1,1,3,164,1,7746,7560,0,0,0,6000
73493928,5,1,1,3,164,1,7746,7560,0,0,0,6000
73493929,5,1,1,3,164,1,7746,7560,0,0,0,6000
73493930,5,1,1,3,164,1,7746,7560,0,150415,150415,7504
73493931,5,1,1,3,164,1,7746,7560,0,150415,150415,7504
73493932,5,1,1,3,164,1,7746,7560,0,150415,150415,7504
73493933,5,1,1,3,164,1,7746,7560,0,150415,150415,7504
73493934,5,1,1,3,164,1,7746,7560,0,0,150415,7504
73493935,5,1,1,3,164,1,7746,7560,0,0,150415,7504
73493936,5,1,1,3,164,1,7746,7560,0,0,150415,7504
73493937,1,1,1,0,164,1,7746,7560,0,0,150415,657
73493938,1,1,1,0,164,1,7746,7560,0,0,1,657
73493939,1,1,1,0,164,1,7746,7560,0,0,1,326
73493940,1,1,1,0,164,1,7746,7560,0,0,1,326
73493941,1,1,1,0,164,1,7746,7560,0,0,1,326
73493942,1,1,1,0,164,1,7746,7560,0,0,1,327
73493943,1,1,1,0,164,1,7746,7560,0,0,1,327
73493944,1,1,1,0,164,1,7746,7560,0,0,1,330
73493945,1,1,1,0,164,1,7746,7560,0,0,1,660
73493946,1,1,1,0,164,1,7746,7560,0,0,1,660
73493947,1,1,1,0,164,1,7746,7560,0,0,1,660
73493948,1,1,1,0,164,1,7746,7560,0,0,1,3655
73493949,44,1,1,0,164,1,7746,7560,0,0,110044,3655
73493950,44,1,1,0,164,1,7746,7560,0,0,110044,3655
73493951,44,1,1,0,164,1,7746,7560,0,0,110044,474
73493952,44,1,1,0,164,110044,7746,7560,0,0,110044,474
73493953,44,1,1,0,164,110044,7746,7560,0,0,110044,474
73493954,44,1,1,0,164,110044,7746,7560,0,0,110044,475
73493955,305,1,1,3,164,110044,7746,7560,0,0,305,475
73493956,305,1,1,3,164,110044,7746,7560,0,0,305,476
73493957,305,1,1,3,164,110044,7746,7560,0,0,305,501
73493958,44,1,1,0,164,110044,7746,7560,0,0,110044,501
73493959,44,1,1,0,164,110044,7746,7560,0,0,110044,501
73493960,44,1,1,0,164,110044,7746,7560,0,0,110044,502
73493961,7,1,1,0,164,110044,7746,7560,0,0,7,502
73493962,7,1,1,0,164,110044,7746,7560,0,0,7,503
73493963,7,1,1,0,164,110044,7746,7560,0,0,7,503
73493964,300,1,1,0,164,300,7746,7560,0,0,300,503
73493965,300,1,1,0,164,300,7746,7560,0,0,300,504
73493966,300,1,1,0,164,300,7746,7560,0,0,300,511
73493967,3,1,1,0,164,300,7746,7560,0,0,3,511
73493968,3,1,1,0,164,300,7746,7560,0,0,3,511
73493969,3,1,1,0,164,300,7746,7560,0,0,3,3725
73493970,141,1,1,0,164,304,7746,7560,0,0,30141,3725
73493971,141,1,1,0,164,304,7746,7560,0,0,30141,3725
73493972,141,1,1,0,164,304,7746,7560,0,0,30141,476
73493973,164,0,1,0,164,30141,7746,7560,0,0,164,476
# MARK wr tick=73493973
73493974,164,0,1,0,164,30141,7746,7560,0,0,164,476
