tick,CSA,AREG,TREG,RX,CD16,FIDBO,MEMRD_ADDR,MEMRD_DATA,QREG,DBR,ND120_TOP.CORE.CPU_BOARD.CPU.PROC.CGA.DELILAH.ALU.s_sw_15_0,ND120_TOP.CORE.CPU_BOARD.CPU.PROC.CGA.DELILAH.ALU.s_arg_15_0,ND120_TOP.CORE.CPU_BOARD.CPU.PROC.CGA.DELILAH.ALU.s_csidbs4_0,ND120_TOP.CORE.CPU_BOARD.CPU.PROC.CGA.DELILAH.ALU.s_f_15_0,ND120_TOP.CORE.CPU_BOARD.CPU.PROC.CGA.DELILAH.ALU.s_g_15_0,ND120_TOP.CORE.CPU_BOARD.CPU.PROC.CGA.DELILAH.ALU.s_d_15_0,ND120_TOP.CORE.CPU_BOARD.CPU.PROC.CGA.DELILAH.ALU.s_a_15_0
71661897,475,0,302,7504,10244,10244,0,0,10244,10244,122020,474,0,10244,167533,0,0
71661898,475,0,302,7504,302,302,0,0,10244,10244,122020,60000,0,302,177475,0,302
71661899,476,0,302,7504,302,302,0,0,10244,10244,122020,60000,0,302,177475,0,302
71661900,501,0,302,7504,302,302,0,0,10244,10244,122020,60000,0,302,177475,0,302
71661901,501,0,302,7504,10244,10244,0,0,10244,10244,141000,501,0,10244,167533,0,0
71661902,501,0,302,7504,10244,10244,0,0,10244,10244,141000,501,10,10244,167533,0,0
71661903,502,0,302,7504,10244,10244,0,0,10244,10244,141000,501,10,10244,167533,0,0
71661904,502,0,302,7504,7,7,0,0,10244,10244,122020,110350,10,300,177770,7,302
71661905,503,0,302,7504,7,7,0,0,10244,10244,122020,110350,4,300,177770,7,302
71661906,503,0,302,7504,7,7,0,0,10244,10244,122020,110350,4,300,177770,7,302
71661907,503,0,302,7504,300,300,0,0,300,10244,3400,300,4,0,177477,300,0
71661908,504,0,302,7504,300,300,0,0,300,10244,3400,300,10,0,177477,300,0
71661909,511,0,302,7504,300,300,0,0,300,10244,3400,300,10,0,177477,300,0
71661910,511,0,302,7504,3,3,0,0,300,10244,140000,110511,10,300,177774,3,302
71661911,511,0,302,7504,3,3,0,0,300,10244,140000,110511,5,300,177774,3,302
71661912,3722,0,302,7504,3,3,0,0,300,10244,140000,110511,5,300,177774,3,302
71661913,3722,0,302,7504,30141,30141,0,0,300,10244,1400,163720,5,30141,147636,30141,1
71661914,3722,0,302,7504,30141,30141,0,0,300,10244,1400,163720,37,30141,147636,30141,1
71661915,521,0,302,7504,30141,30141,0,0,300,10244,1400,163720,37,30141,147636,30141,1
71661916,521,0,302,7504,305,305,0,0,30141,10244,60460,521,37,305,177472,305,0
71661917,521,0,302,7504,305,305,0,0,30141,10244,60460,521,14,305,177472,305,0
71661918,522,0,302,7504,305,305,0,0,30141,10244,60460,521,14,305,177472,305,0
71661919,522,0,302,7504,305,305,0,0,30141,10244,60460,521,14,305,177472,305,0
71661920,522,0,302,7504,305,305,0,0,30141,10244,60460,521,14,305,177472,305,0
71661921,522,0,302,7504,305,305,0,0,30141,10244,60460,521,14,305,177472,305,0
71661922,522,0,302,7504,305,305,0,0,30141,10244,60460,521,14,305,177472,305,0
71661923,522,0,302,7504,305,305,0,0,30141,10244,60460,521,14,305,177472,305,0
71661924,522,0,302,7504,305,305,0,0,30141,10244,60460,521,14,305,177472,305,0
71661925,522,0,302,7504,305,305,0,0,30141,10244,60460,521,14,305,177472,305,0
71661926,522,0,302,7504,305,305,0,0,30141,10244,60460,521,14,305,177472,305,0
71661927,522,0,302,7504,305,305,0,0,30141,10244,60460,521,14,305,177472,305,0
71661928,522,0,302,7504,305,305,0,0,30141,10244,60460,521,14,305,177472,305,0
71661929,522,0,302,7504,305,305,0,0,30141,10244,60460,521,14,305,177472,305,0
71661930,522,0,302,7504,305,305,0,0,30141,10244,60460,521,14,305,177472,305,0
71661931,522,0,302,7504,305,305,0,0,30141,10244,60460,521,14,305,177472,305,0
71661932,522,0,302,7504,305,305,0,0,30141,10244,60460,521,14,305,177472,305,0
71661933,522,0,302,7504,70,70,0,0,305,10244,142400,70350,14,0,177707,70,7504
71661934,523,0,302,7504,70,70,0,0,305,10244,142400,70350,14,0,177707,70,7504
71661935,527,0,302,7504,70,70,0,0,305,10244,142400,70350,14,0,177707,70,7504
71661936,527,0,302,7504,30,30,0,0,0,10244,34000,30527,14,0,177747,30,7672
71661937,527,0,302,7504,30,30,0,0,0,10244,34000,30527,0,0,177747,30,7672
71661938,530,0,302,7504,30,30,0,0,0,10244,34000,30527,0,0,177747,30,7672
71661939,530,0,302,7504,0,0,0,0,0,10244,14000,140000,0,0,177777,0,0
71661940,531,0,302,7504,0,0,0,0,0,10244,14000,140000,16,0,177777,0,0
71661941,531,0,302,7504,0,0,0,0,0,10244,14000,140000,16,0,177777,0,0
71661942,531,0,302,7504,74030,74030,0,0,0,10244,0,0,16,74030,103747,74030,0
71661943,532,0,302,7504,74030,74030,0,0,0,10244,0,0,1,74030,103747,74030,0
71661944,532,0,302,7504,74030,74030,0,0,0,10244,0,0,1,74030,103747,74030,0
71661945,532,0,302,7504,40000,40000,0,0,74030,10244,14170,160340,1,40000,137777,40000,1
71661946,533,0,302,7504,40000,40000,0,0,74030,10244,14170,160340,1,40000,137777,40000,1
71661947,537,0,302,7504,40000,40000,0,0,74030,10244,14170,160340,1,40000,137777,40000,1
71661948,537,0,302,7504,4000,4000,0,0,74030,10244,100,130537,1,4000,173777,4000,20002
71661949,537,0,302,7504,4000,4000,0,0,74030,10244,100,130537,1,4000,173777,4000,20002
71661950,540,0,302,7504,4000,4000,0,0,74030,10244,100,130537,1,4000,173777,4000,20002
71661951,540,0,302,7504,2,2,0,0,74030,10244,10,10350,1,0,177775,2,55672
71661952,541,0,302,7504,2,2,0,0,74030,10244,10,10350,1,0,177775,2,55672
71661953,476,0,302,7504,2,2,0,0,74030,10244,10,10350,1,0,177775,2,55672
71661954,476,0,302,7504,1,1,0,0,74030,10244,1000,0,1,1,177776,1,0
71661955,476,0,302,7504,1,1,0,0,74030,10244,1000,0,0,1,177776,1,0
71661956,0,0,302,7504,1,1,0,0,74030,10244,1000,0,0,1,177776,1,0
71661957,0,0,302,7504,0,74030,0,0,74030,10244,400,0,0,74030,103747,0,0
71661958,0,0,302,7504,0,74030,0,0,74030,10244,400,0,4,74030,103747,0,0
71661959,2001,0,302,7504,0,74030,0,0,74030,10244,400,0,0,74030,103747,0,0
71661960,17107,0,302,7504,0,74030,0,0,74030,10244,400,0,0,74030,103747,0,0
71661961,17107,0,302,7504,0,74030,0,0,74030,10244,400,0,0,74030,103747,0,0
71661962,0,0,302,7504,0,74030,3107,0,74030,10244,400,0,0,74030,103747,0,0
71661963,6000,0,302,7504,0,74030,3107,0,74030,10244,400,0,0,74030,103747,0,0
71661964,6000,0,302,7504,0,74030,0,0,74030,10244,400,0,0,74030,103747,0,0
71661965,6000,0,302,7504,0,74030,0,0,74030,10244,400,0,0,74030,103747,0,0
71661966,6000,0,302,7504,0,74030,0,0,74030,10244,400,0,0,74030,103747,0,0
71661967,7752,0,302,7504,175235,74030,0,175235,74030,10244,400,0,0,74030,103747,0,0
71661968,7752,0,302,7504,175235,74030,0,175235,74030,10244,400,0,0,74030,103747,0,0
71661969,7752,0,302,7504,175235,74030,0,175235,74030,10244,400,0,0,74030,103747,0,0
71661970,7752,0,302,7504,175235,74030,0,175235,74030,10244,400,0,0,74030,103747,0,0
71661971,7752,0,302,7504,175235,74030,0,0,74030,10244,400,0,0,74030,103747,0,0
71661972,7752,0,302,7504,175235,74030,0,0,74030,10244,400,0,0,74030,103747,0,0
71661973,7752,0,302,7504,175235,74030,0,0,74030,10244,400,0,0,74030,103747,0,0
71661974,256,0,302,7504,175235,74030,0,0,74030,175235,14170,256,0,74030,103747,0,0
71661975,256,0,302,7504,74030,74030,0,0,74030,175235,14170,256,6,74030,103747,0,0
71661976,257,0,302,7504,74030,74030,0,0,74030,175235,14170,256,6,74030,103747,0,0
71661977,257,0,302,7504,10244,10244,0,0,74030,74030,14170,0,6,10244,167533,10244,0
71661978,260,0,302,7504,10244,10244,0,0,74030,74030,14170,0,0,10244,167533,10244,0
71661979,264,0,302,7504,10244,10244,0,0,74030,74030,14170,0,0,10244,167533,10244,0
71661980,264,0,302,7504,177777,177777,0,0,74030,74030,122020,264,0,177777,0,0,10244
71661981,264,0,302,7504,177777,177777,0,0,74030,74030,122020,264,1,177777,0,0,10244
71661982,265,0,302,7504,177777,177777,0,0,74030,74030,122020,264,1,177777,0,0,10244
71661983,265,0,302,7504,10,10,0,0,177777,74030,177777,350,1,10,177767,10,7672
71661984,266,0,302,7504,10,10,0,0,177777,74030,177777,350,0,10,177767,10,7672
71661985,266,0,302,7504,10,10,0,0,177777,74030,177777,350,0,10,177767,10,7672
71661986,266,0,302,7504,10243,10243,0,0,177777,74030,4000,325,0,10243,167534,0,10244
71661987,267,0,302,7504,10243,10243,0,0,177777,74030,4000,325,0,10243,167534,0,10244
71661988,0,0,302,7504,10243,10243,0,0,177777,74030,4000,325,0,10243,167534,0,10244
71661989,0,0,302,7504,0,0,0,0,177777,74030,121420,0,0,0,177777,0,10244
71661990,0,0,302,7504,0,0,0,0,177777,74030,121420,0,4,0,177777,0,10244
71661991,2001,0,302,7504,0,0,0,0,177777,74030,121420,0,0,0,177777,0,10244
71661992,17110,0,302,7504,0,0,0,0,177777,74030,121420,0,0,0,177777,0,10244
71661993,17110,0,302,7504,0,0,0,0,177777,74030,121420,0,0,0,177777,0,10244
71661994,0,0,302,7504,0,0,3110,0,177777,74030,121420,0,0,0,177777,0,10244
71661995,6000,0,302,7504,0,0,3110,0,177777,74030,121420,0,0,0,177777,0,10244
71661996,6000,0,302,7504,0,0,0,0,177777,74030,121420,0,0,0,177777,0,10244
71661997,6000,0,302,7504,0,0,0,0,177777,74030,121420,0,0,0,177777,0,10244
71661998,6000,0,302,7504,0,0,0,0,177777,74030,121420,0,0,0,177777,0,10244
71661999,7461,0,302,7504,146142,0,0,146142,177777,74030,121420,0,0,0,177777,0,10244
71662000,7461,0,302,7504,146142,0,0,146142,177777,74030,121420,0,0,0,177777,0,10244
71662001,7461,0,302,7504,146142,0,0,146142,177777,74030,121420,0,0,0,177777,0,10244
71662002,7461,0,302,7504,146142,0,0,146142,177777,74030,121420,0,0,0,177777,0,10244
71662003,7461,0,302,7504,146142,0,0,0,177777,74030,121420,0,0,0,177777,0,10244
71662004,7461,0,302,7504,146142,0,0,0,177777,74030,121420,0,0,0,177777,0,10244
71662005,7461,0,302,7504,146142,0,0,0,177777,74030,121420,0,0,0,177777,0,10244
71662006,145,0,302,7504,146142,3026,0,0,177777,146142,0,145,0,3026,174751,0,3026
71662007,145,0,302,7504,0,3026,0,0,177777,146142,0,145,0,3026,174751,0,3026
71662008,0,0,302,7504,0,3026,0,0,177777,146142,0,145,0,3026,174751,0,3026
71662009,17111,0,302,7504,0,3026,0,0,177777,146142,0,145,0,3026,174751,0,3026
71662010,17111,0,302,7504,0,3026,0,0,177777,146142,0,145,0,3026,174751,0,3026
71662011,0,0,302,7504,0,3026,0,0,177777,146142,0,145,0,3026,174751,0,3026
71662012,0,0,302,7504,0,3026,0,0,177777,146142,0,145,0,3026,174751,0,3026
71662013,0,0,302,7504,0,0,0,0,177777,0,13006,0,0,0,177777,0,0
71662014,0,0,302,7504,0,0,0,0,177777,0,13006,0,4,0,177777,0,0
71662015,2001,0,302,7504,0,0,0,0,177777,0,13006,0,0,0,177777,0,0
71662016,17026,0,302,7504,0,0,0,0,177777,0,13006,0,0,0,177777,0,0
71662017,17026,0,302,7504,0,0,0,0,177777,0,13006,0,0,0,177777,0,0
71662018,0,0,302,7504,0,0,3026,0,177777,0,13006,0,0,0,177777,0,0
71662019,6000,0,302,7504,0,0,3026,0,177777,0,13006,0,0,0,177777,0,0
71662020,6000,0,302,7504,0,0,0,0,177777,0,13006,0,0,0,177777,0,0
71662021,6000,0,302,7504,0,0,0,0,177777,0,13006,0,0,0,177777,0,0
71662022,6000,0,302,7504,0,0,0,0,177777,0,13006,0,0,0,177777,0,0
71662023,7240,0,302,7504,124010,0,0,124010,177777,0,13006,0,0,0,177777,0,0
71662024,7240,0,302,7504,124010,0,0,124010,177777,0,13006,0,34,0,177777,0,0
71662025,7240,0,302,7504,124010,0,0,124010,177777,0,13006,0,34,0,177777,0,0
71662026,7240,0,302,7504,124010,0,0,124010,177777,0,13006,0,34,0,177777,0,0
71662027,7240,0,302,7504,124010,0,0,0,177777,0,13006,0,34,0,177777,0,0
71662028,7240,0,302,7504,124010,0,0,0,177777,0,13006,0,34,0,177777,0,0
71662029,7240,0,302,7504,124010,0,0,0,177777,0,13006,0,34,0,177777,0,0
71662030,0,0,302,7504,124010,0,0,0,177777,124010,0,0,34,177777,177777,0,0
71662031,0,0,302,7504,0,0,0,0,177777,124010,0,0,4,177777,177777,0,0
71662032,2001,0,302,7504,0,0,0,0,177777,124010,0,0,0,177777,177777,0,0
71662033,17036,0,302,7504,0,0,0,0,177777,124010,0,0,0,177777,177777,0,0
71662034,17036,0,302,7504,0,0,0,0,177777,124010,0,0,0,177777,177777,0,0
71662035,0,0,302,7504,0,0,3036,0,177777,124010,0,0,0,177777,177777,0,0
71662036,6000,0,302,7504,0,0,3036,0,177777,124010,0,0,0,177777,177777,0,0
71662037,6000,0,302,7504,0,0,0,0,177777,124010,0,0,0,177777,177777,0,0
71662038,6000,0,302,7504,0,0,0,0,177777,124010,0,0,0,177777,177777,0,0
71662039,6000,0,302,7504,0,0,0,0,177777,124010,0,0,0,177777,177777,0,0
71662040,7750,0,302,7504,175020,0,0,175020,177777,124010,0,0,0,177777,177777,0,0
71662041,7750,0,302,7504,175020,0,0,175020,177777,124010,0,0,0,177777,177777,0,0
71662042,7750,0,302,7504,175020,0,0,175020,177777,124010,0,0,0,177777,177777,0,0
71662043,7750,0,302,7504,175020,0,0,175020,177777,124010,0,0,0,177777,177777,0,0
71662044,7750,0,302,7504,175020,0,0,0,177777,124010,0,0,0,177777,177777,0,0
71662045,7750,0,302,7504,175020,0,0,0,177777,124010,0,0,0,177777,177777,0,0
71662046,7750,0,302,7504,175020,0,0,0,177777,124010,0,0,0,177777,177777,0,0
71662047,262,0,302,7504,177777,177777,0,0,177777,175020,0,262,0,177777,0,0,0
71662048,262,0,302,7504,177777,177777,0,0,177777,175020,0,262,6,177777,0,0,0
71662049,263,0,302,7504,177777,177777,0,0,177777,175020,0,262,6,177777,0,0,0
71662050,263,0,302,7504,10244,10244,0,0,177777,175020,177777,0,6,10244,167533,10244,0
71662051,264,0,302,7504,10244,10244,0,0,177777,175020,177777,0,0,10244,167533,10244,0
71662052,264,0,302,7504,10244,10244,0,0,177777,175020,177777,0,0,10244,167533,10244,0
71662053,264,0,302,7504,10244,10244,0,0,177777,175020,122020,0,0,10244,167533,0,10244
71662054,265,0,302,7504,10244,10244,0,0,177777,175020,122020,0,1,10244,167533,0,10244
71662055,265,0,302,7504,10244,10244,0,0,177777,175020,122020,0,1,10244,167533,0,10244
71662056,265,0,302,7504,4,4,0,0,10244,175020,122020,350,1,4,177773,4,3037
71662057,266,0,302,7504,4,4,0,0,10244,175020,122020,350,0,4,177773,4,3037
71662058,266,0,302,7504,4,4,0,0,10244,175020,122020,350,0,4,177773,4,3037
71662059,266,0,302,7504,20510,20510,0,0,10244,175020,2000,325,0,20510,157267,0,10244
71662060,267,0,302,7504,20510,20510,0,0,10244,175020,2000,325,0,20510,157267,0,10244
71662061,0,0,302,7504,20510,20510,0,0,10244,175020,2000,325,0,20510,157267,0,10244
71662062,0,0,302,7504,0,0,0,0,10244,175020,44041,0,0,0,177777,0,10244
71662063,0,0,302,7504,0,0,0,0,10244,175020,44041,0,4,0,177777,0,10244
71662064,2001,0,302,7504,0,0,0,0,10244,175020,44041,0,0,0,177777,0,10244
71662065,17037,0,302,7504,0,0,0,0,10244,175020,44041,0,0,0,177777,0,10244
71662066,17037,0,302,7504,0,0,0,0,10244,175020,44041,0,0,0,177777,0,10244
71662067,0,0,302,7504,0,0,3037,0,10244,175020,44041,0,0,0,177777,0,10244
71662068,6000,0,302,7504,0,0,3037,0,10244,175020,44041,0,0,0,177777,0,10244
71662069,6000,0,302,7504,0,0,0,0,10244,175020,44041,0,0,0,177777,0,10244
71662070,6000,0,302,7504,0,0,0,0,10244,175020,44041,0,0,0,177777,0,10244
71662071,6000,0,302,7504,0,0,0,0,10244,175020,44041,0,0,0,177777,0,10244
71662072,7504,0,302,7504,150402,0,0,150402,10244,175020,44041,0,0,0,177777,0,10244
71662073,7504,0,302,7504,150402,0,0,150402,10244,175020,44041,0,0,0,177777,0,10244
71662074,7504,0,302,7504,150402,0,0,150402,10244,175020,44041,0,0,0,177777,0,10244
71662075,7504,0,302,7504,150402,0,0,150402,10244,175020,44041,0,0,0,177777,0,10244
71662076,7504,0,302,7504,150402,0,0,0,10244,175020,44041,0,0,0,177777,0,10244
71662077,7504,0,302,7504,150402,0,0,0,10244,175020,44041,0,0,0,177777,0,10244
71662078,7504,0,302,7504,150402,0,0,0,10244,175020,44041,0,0,0,177777,0,10244
71662079,657,0,302,7504,150646,10244,0,0,10244,150402,0,657,0,10244,167533,0,0
71662080,657,0,302,7504,10244,10244,0,0,10244,150402,0,657,0,10244,167533,0,0
71662081,326,0,302,7504,10244,10244,0,0,10244,150402,0,657,0,10244,167533,0,0
71662082,326,0,302,7504,10244,10244,0,0,10244,10244,122020,326,0,10244,167533,0,0
71662083,326,0,302,7504,10244,10244,0,0,10244,10244,122020,326,0,10244,167533,0,0
71662084,327,0,302,7504,10244,10244,0,0,10244,10244,122020,326,0,10244,167533,0,0
71662085,327,0,302,7504,10244,10244,0,0,10244,10244,122020,64,0,10244,167533,0,0
71662086,330,0,302,7504,10244,10244,0,0,10244,10244,122020,64,0,10244,167533,0,0
71662087,660,0,302,7504,10244,10244,0,0,10244,10244,122020,64,0,10244,167533,0,0
71662088,660,0,302,7504,10244,10244,0,0,10244,10244,122020,217,0,10244,167533,0,0
71662089,660,0,302,7504,10244,10244,0,0,10244,10244,122020,217,6,10244,167533,0,0
71662090,3642,0,302,7504,10244,10244,0,0,10244,10244,122020,217,6,10244,167533,0,0
71662091,3642,0,302,7504,10244,10244,0,0,10244,10244,122020,3640,6,10244,167533,10244,0
71662092,3642,0,302,7504,10244,10244,0,0,10244,10244,122020,3640,1,10244,167533,10244,0
71662093,663,0,302,7504,10244,10244,0,0,10244,10244,122020,3640,1,10244,167533,10244,0
71662094,663,0,302,7504,100000,100000,0,0,10244,10244,122020,170663,1,110244,77777,100000,20001
71662095,663,0,302,7504,100000,100000,0,0,10244,10244,122020,170663,0,110244,77777,100000,20001
71662096,664,0,302,7504,100000,100000,0,0,10244,10244,122020,170663,0,110244,77777,100000,20001
71662097,664,0,302,7504,110244,110244,0,0,110244,10244,200,0,0,110244,67533,0,0
71662098,665,0,302,7504,110244,110244,0,0,110244,10244,200,0,0,110244,67533,0,0
71662099,665,0,302,7504,110244,110244,0,0,110244,10244,200,0,0,110244,67533,0,0
71662100,665,0,302,7504,110244,110244,0,0,110244,10244,122220,0,0,110244,67533,0,0
71662101,666,0,302,7504,110244,110244,0,0,110244,10244,122220,0,0,110244,67533,0,0
71662102,1112,0,302,7504,110244,110244,0,0,110244,10244,122220,0,0,110244,67533,0,0
71662103,1112,0,302,7504,130245,130245,0,0,110244,10244,122220,171112,0,130245,47532,0,20001
71662104,1112,0,302,7504,130245,130245,0,0,110244,10244,122220,171112,0,130245,47532,0,20001
71662105,1113,0,302,7504,130245,130245,0,0,110244,10244,122220,171112,0,130245,47532,0,20001
71662106,1113,0,302,7504,130245,130245,0,0,110244,10244,122220,171112,0,130245,47532,0,20001
71662107,1113,0,302,7504,130245,130245,0,0,110244,10244,122220,171112,0,130245,47532,0,20001
71662108,1113,0,302,7504,130245,130245,0,0,110244,10244,122220,171112,0,130245,47532,0,20001
71662109,1113,0,302,7504,130245,130245,0,0,110244,10244,122220,171112,0,130245,47532,0,20001
71662110,1113,0,302,7504,130245,130245,0,0,110244,10244,122220,171112,0,130245,47532,0,20001
71662111,1113,0,302,7504,110244,110244,0,0,110244,10244,122660,0,0,110244,67533,0,0
71662112,1114,0,302,7504,110244,110244,0,0,110244,10244,122660,0,10,110244,67533,0,0
71662113,1114,0,302,7504,110244,110244,0,0,110244,10244,122660,0,10,110244,67533,0,0
71662114,1114,0,302,7504,10,10,0,0,110244,10244,122220,110050,10,110546,177767,10,302
71662115,1115,0,302,7504,10,10,0,0,110244,10244,122220,110050,5,110546,177767,10,302
71662116,1115,0,302,7504,10,10,0,0,110244,10244,122220,110050,5,110546,177767,10,302
71662117,1115,0,302,7504,10,10,0,0,110244,10244,122220,110050,5,110546,177767,10,302
71662118,1115,0,302,7504,10,10,0,0,110244,10244,122220,110050,5,110546,177767,10,302
71662119,1115,0,302,7504,10,10,0,0,110244,10244,122220,110050,5,110546,177767,10,302
71662120,1115,0,302,7504,10,10,0,0,110244,10244,122220,110050,5,110546,177767,10,302
71662121,1115,0,302,7504,10,10,0,0,110244,10244,122220,110050,5,110546,177767,10,302
71662122,1115,0,302,7504,0,0,0,0,110244,10244,4000,170000,5,0,177777,0,20001
71662123,1116,0,302,7504,0,0,0,0,110244,10244,4000,170000,6,0,177777,0,20001
71662124,1116,0,302,7504,0,0,0,0,110244,10244,4000,170000,6,0,177777,0,20001
71662125,1116,0,302,7504,110244,110244,0,0,0,10244,0,324,6,110244,67533,110244,0
71662126,666,0,302,7504,110244,110244,0,0,0,10244,0,324,5,110244,67533,110244,0
71662127,1117,0,302,7504,110244,110244,0,0,0,10244,0,324,5,110244,67533,110244,0
71662128,1117,0,302,7504,60001,60001,0,0,0,10244,122220,170300,5,0,117776,60001,20001
71662129,1120,0,302,7504,60001,60001,0,0,0,10244,122220,170300,4,0,117776,60001,20001
71662130,1120,0,302,7504,60001,60001,0,0,0,10244,122220,170300,4,0,117776,60001,20001
71662131,1120,0,302,7504,100013,100013,0,0,0,10244,540,100013,4,100013,77764,100013,77770
71662132,1121,0,302,7504,100013,100013,0,0,0,10244,540,100013,0,100013,77764,100013,77770
71662133,1120,0,302,7504,100013,100013,0,0,0,10244,540,100013,0,100013,77764,100013,77770
71662134,1120,0,302,7504,0,0,0,0,100013,10244,5600,0,0,0,177777,0,0
71662135,1120,0,302,7504,0,0,0,0,100013,10244,5600,0,0,0,177777,0,0
71662136,1120,0,302,7504,0,0,0,0,100013,10244,5600,0,0,0,177777,0,0
71662137,1120,0,302,7504,1,1,0,0,26,10244,0,0,0,1,177776,0,0
71662138,1120,0,302,7504,1,1,0,0,26,10244,0,0,0,1,177776,0,0
71662139,1120,0,302,7504,1,1,0,0,26,10244,0,0,0,1,177776,0,0
71662140,1120,0,302,7504,2,2,0,0,54,10244,400,0,0,2,177775,0,0
71662141,1120,0,302,7504,2,2,0,0,54,10244,400,0,0,2,177775,0,0
71662142,1120,0,302,7504,2,2,0,0,54,10244,400,0,0,2,177775,0,0
71662143,1120,0,302,7504,4,4,0,0,130,10244,1000,0,0,4,177773,0,0
71662144,1120,0,302,7504,4,4,0,0,130,10244,1000,0,0,4,177773,0,0
71662145,1120,0,302,7504,4,4,0,0,130,10244,1000,0,0,4,177773,0,0
71662146,1120,0,302,7504,10,10,0,0,260,10244,2000,0,0,10,177767,0,0
71662147,1120,0,302,7504,10,10,0,0,260,10244,2000,0,0,10,177767,0,0
71662148,1120,0,302,7504,10,10,0,0,260,10244,2000,0,0,10,177767,0,0
71662149,1120,0,302,7504,20,20,0,0,540,10244,4000,0,0,20,177757,0,0
71662150,1120,0,302,7504,20,20,0,0,540,10244,4000,0,0,20,177757,0,0
71662151,1120,0,302,7504,20,20,0,0,540,10244,4000,0,0,20,177757,0,0
71662152,1120,0,302,7504,40,40,0,0,1300,10244,10000,0,0,40,177737,0,0
71662153,1120,0,302,7504,40,40,0,0,1300,10244,10000,0,0,40,177737,0,0
71662154,1120,0,302,7504,40,40,0,0,1300,10244,10000,0,0,40,177737,0,0
71662155,1120,0,302,7504,100,100,0,0,2600,10244,20000,0,0,100,177677,0,0
71662156,1120,0,302,7504,100,100,0,0,2600,10244,20000,0,0,100,177677,0,0
71662157,1120,0,302,7504,100,100,0,0,2600,10244,20000,0,0,100,177677,0,0
71662158,1120,0,302,7504,200,200,0,0,5400,10244,40000,0,0,200,177577,0,0
71662159,1120,0,302,7504,200,200,0,0,5400,10244,40000,0,0,200,177577,0,0
71662160,1120,0,302,7504,200,200,0,0,5400,10244,40000,0,0,200,177577,0,0
71662161,1120,0,302,7504,400,400,0,0,13000,10244,100000,0,0,400,177377,0,0
71662162,1120,0,302,7504,400,400,0,0,13000,10244,100000,0,0,400,177377,0,0
71662163,1120,0,302,7504,400,400,0,0,13000,10244,100000,0,0,400,177377,0,0
71662164,1120,0,302,7504,1000,1000,0,0,26000,10244,1,0,0,1000,176777,0,0
71662165,1120,0,302,7504,1000,1000,0,0,26000,10244,1,0,0,1000,176777,0,0
71662166,1120,0,302,7504,1000,1000,0,0,26000,10244,1,0,0,1000,176777,0,0
71662167,1120,0,302,7504,2000,2000,0,0,54000,10244,2,0,0,2000,175777,0,0
71662168,1120,0,302,7504,2000,2000,0,0,54000,10244,2,0,0,2000,175777,0,0
71662169,1120,0,302,7504,2000,2000,0,0,54000,10244,2,0,0,2000,175777,0,0
71662170,1120,0,302,7504,4000,4000,0,0,130000,10244,4,0,0,4000,173777,0,0
71662171,1120,0,302,7504,4000,4000,0,0,130000,10244,4,0,0,4000,173777,0,0
71662172,1121,0,302,7504,4000,4000,0,0,130000,10244,4,0,0,4000,173777,0,0
71662173,1121,0,302,7504,10001,10001,0,0,60000,10244,10,0,0,10001,167776,0,0
71662174,1122,0,302,7504,10001,10001,0,0,60000,10244,10,0,10,10001,167776,0,0
71662175,1133,0,302,7504,10001,10001,0,0,60000,10244,10,0,10,10001,167776,0,0
71662176,1133,0,302,7504,0,0,0,0,140000,10244,420,1133,10,0,177777,0,0
71662177,1133,0,302,7504,0,0,0,0,140000,10244,420,1133,0,0,177777,0,0
71662178,1134,0,302,7504,0,0,0,0,140000,10244,420,1133,0,0,177777,0,0
71662179,1134,0,302,7504,0,0,0,0,0,10244,0,350,0,0,177777,0,0
71662180,1135,0,302,7504,0,0,0,0,0,10244,0,350,11,0,177777,0,0
71662181,1140,0,302,7504,0,0,0,0,0,10244,0,350,11,0,177777,0,0
71662182,1140,0,302,7504,0,0,0,0,0,10244,0,1140,11,0,177777,0,0
71662183,1140,0,302,7504,0,0,0,0,0,10244,0,1140,1,0,177777,0,0
71662184,1141,0,302,7504,0,0,0,0,0,10244,0,1140,1,0,177777,0,0
71662185,1141,0,302,7504,1,1,0,0,0,10244,0,0,1,1,177776,1,0
71662186,1142,0,302,7504,1,1,0,0,0,10244,0,0,1,1,177776,1,0
71662187,1142,0,302,7504,1,1,0,0,0,10244,0,0,1,1,177776,1,0
71662188,1142,0,302,7504,1,1,0,0,1,10244,400,344,1,1,177776,1,0
71662189,1143,0,302,7504,1,1,0,0,1,10244,400,344,4,1,177776,1,0
71662190,666,0,302,7504,1,1,0,0,1,10244,400,344,4,1,177776,1,0
71662191,666,0,302,7504,140000,140000,0,0,1,10244,400,140000,4,0,37777,140000,0
71662192,666,0,302,7504,140000,140000,0,0,1,10244,400,140000,0,0,37777,140000,0
71662193,0,0,302,7504,140000,140000,0,0,1,10244,400,140000,0,0,37777,140000,0
71662194,0,0,302,7504,0,0,0,0,1,10244,300,0,0,0,177777,0,0
71662195,0,0,302,7504,0,0,0,0,1,10244,300,0,4,0,177777,0,0
71662196,2001,0,302,7504,0,0,0,0,1,10244,300,0,0,0,177777,0,0
71662197,17040,0,302,7504,0,0,0,0,1,10244,300,0,0,0,177777,0,0
71662198,17040,0,302,7504,0,0,0,0,1,10244,300,0,0,0,177777,0,0
71662199,0,0,302,7504,0,0,3040,0,1,10244,300,0,0,0,177777,0,0
71662200,6000,0,302,7504,0,0,3040,0,1,10244,300,0,0,0,177777,0,0
71662201,6000,0,302,7504,0,0,0,0,1,10244,300,0,0,0,177777,0,0
71662202,6000,0,302,7504,0,0,0,0,1,10244,300,0,0,0,177777,0,0
71662203,6000,0,302,7504,0,0,0,0,1,10244,300,0,0,0,177777,0,0
71662204,6440,0,302,7504,44035,0,0,44035,1,10244,300,0,0,0,177777,0,0
71662205,6440,0,302,7504,44035,0,0,44035,1,10244,300,0,0,0,177777,0,0
71662206,6440,0,302,7504,44035,0,0,44035,1,10244,300,0,0,0,177777,0,0
71662207,6440,0,302,7504,44035,0,0,44035,1,10244,300,0,0,0,177777,0,0
71662208,6440,0,302,7504,44035,0,0,0,1,10244,300,0,0,0,177777,0,0
71662209,6440,0,302,7504,44035,0,0,0,1,10244,300,0,0,0,177777,0,0
71662210,6440,0,302,7504,44035,0,0,0,1,10244,300,0,0,0,177777,0,0
71662211,170,0,302,7504,44035,1,0,0,1,44035,0,170,0,1,177776,0,0
71662212,170,0,302,7504,0,1,0,0,1,44035,0,170,3,1,177776,0,0
71662213,0,0,302,7504,0,1,0,0,1,44035,0,170,3,1,177776,0,0
71662214,0,0,302,7504,0,1,0,0,1,44035,0,170,3,1,177776,0,0
71662215,0,0,302,7504,0,1,0,0,1,44035,0,170,3,1,177776,0,0
71662216,0,0,302,7504,0,1,3075,0,1,44035,0,170,3,1,177776,0,0
71662217,0,0,302,7504,0,1,3075,0,1,44035,0,170,3,1,177776,0,0
71662218,0,0,302,7504,0,1,0,0,1,44035,0,170,3,1,177776,0,0
71662219,0,0,302,7504,0,1,0,0,1,44035,0,170,3,1,177776,0,0
71662220,0,0,302,7504,0,1,0,0,1,44035,0,170,3,1,177776,0,0
71662221,0,0,302,7504,377,1,0,377,1,44035,0,170,3,1,177776,0,0
71662222,0,0,302,7504,377,1,0,377,1,44035,0,170,3,1,177776,0,0
71662223,0,0,302,7504,377,1,0,377,1,44035,0,170,3,1,177776,0,0
71662224,0,0,302,7504,377,1,0,377,1,44035,0,170,3,1,177776,0,0
71662225,0,0,302,7504,377,1,0,0,1,44035,0,170,3,1,177776,0,0
71662226,0,0,302,7504,377,1,0,0,1,44035,0,170,3,1,177776,0,0
71662227,0,0,302,7504,377,1,0,0,1,44035,0,170,3,1,177776,0,0
71662228,0,0,302,7504,377,377,0,0,1,377,400,0,3,377,177400,377,0
71662229,0,0,302,7504,0,377,0,0,1,377,400,0,4,377,177400,377,0
71662230,2001,0,302,7504,0,377,0,0,1,377,400,0,0,377,177400,377,0
71662231,17041,0,302,7504,0,377,0,0,1,377,400,0,0,377,177400,377,0
71662232,17041,0,302,7504,0,377,0,0,1,377,400,0,0,377,177400,377,0
71662233,0,0,302,7504,0,377,3041,0,1,377,400,0,0,377,177400,377,0
71662234,6000,0,302,7504,0,377,3041,0,1,377,400,0,0,377,177400,377,0
71662235,6000,0,302,7504,0,377,0,0,1,377,400,0,0,377,177400,377,0
71662236,6000,0,302,7504,0,377,0,0,1,377,400,0,0,377,177400,377,0
71662237,6000,0,302,7504,0,377,0,0,1,377,400,0,0,377,177400,377,0
71662238,6500,0,302,7504,50033,377,0,50033,1,377,400,0,0,377,177400,377,0
71662239,6500,0,302,7504,50033,377,0,50033,1,377,400,0,0,377,177400,377,0
71662240,6500,0,302,7504,50033,377,0,50033,1,377,400,0,0,377,177400,377,0
71662241,6500,0,302,7504,50033,377,0,50033,1,377,400,0,0,377,177400,377,0
71662242,6500,0,302,7504,50033,377,0,0,1,377,400,0,0,377,177400,377,0
71662243,6500,0,302,7504,50033,377,0,0,1,377,400,0,0,377,177400,377,0
71662244,6500,0,302,7504,50033,377,0,0,1,377,400,0,0,377,177400,377,0
71662245,172,377,302,7504,50033,1,0,0,1,50033,177400,172,0,1,177776,0,0
71662246,172,377,302,7504,0,1,0,0,1,50033,177400,172,3,1,177776,0,0
71662247,0,377,302,7504,0,1,0,0,1,50033,177400,172,3,1,177776,0,0
71662248,0,377,302,7504,0,1,0,0,1,50033,177400,172,3,1,177776,0,0
71662249,0,377,302,7504,0,1,0,0,1,50033,177400,172,3,1,177776,0,0
71662250,0,377,302,7504,0,1,3074,0,1,50033,177400,172,3,1,177776,0,0
71662251,0,377,302,7504,0,1,3074,0,1,50033,177400,172,3,1,177776,0,0
71662252,0,377,302,7504,0,1,0,0,1,50033,177400,172,3,1,177776,0,0
71662253,0,377,302,7504,0,1,0,0,1,50033,177400,172,3,1,177776,0,0
71662254,0,377,302,7504,0,1,0,0,1,50033,177400,172,3,1,177776,0,0
71662255,0,377,302,7504,300,1,0,300,1,50033,177400,172,3,1,177776,0,0
71662256,0,377,302,7504,300,1,0,300,1,50033,177400,172,3,1,177776,0,0
71662257,0,377,302,7504,300,1,0,300,1,50033,177400,172,3,1,177776,0,0
71662258,0,377,302,7504,300,1,0,300,1,50033,177400,172,3,1,177776,0,0
71662259,0,377,302,7504,300,1,0,0,1,50033,177400,172,3,1,177776,0,0
71662260,0,377,302,7504,300,1,0,0,1,50033,177400,172,3,1,177776,0,0
71662261,0,377,302,7504,300,1,0,0,1,50033,177400,172,3,1,177776,0,0
71662262,0,377,302,7504,300,300,0,0,1,300,400,0,3,300,177477,300,0
71662263,0,377,302,7504,0,300,0,0,1,300,400,0,4,300,177477,300,0
71662264,2001,377,302,7504,0,300,0,0,1,300,400,0,0,300,177477,300,0
71662265,17042,377,302,7504,0,300,0,0,1,300,400,0,0,300,177477,300,0
71662266,17042,377,302,7504,0,300,0,0,1,300,400,0,0,300,177477,300,0
71662267,0,377,302,7504,0,300,3042,0,1,300,400,0,0,300,177477,300,0
71662268,6000,377,302,7504,0,300,3042,0,1,300,400,0,0,300,177477,300,0
71662269,6000,377,302,7504,0,300,0,0,1,300,400,0,0,300,177477,300,0
71662270,6000,377,302,7504,0,300,0,0,1,300,400,0,0,300,177477,300,0
71662271,6000,377,302,7504,0,300,0,0,1,300,400,0,0,300,177477,300,0
71662272,7730,377,302,7504,173005,300,0,173005,1,300,400,0,0,300,177477,300,0
71662273,7730,377,302,7504,173005,300,0,173005,1,300,400,0,22,300,177477,300,0
71662274,7730,377,302,7504,173005,300,0,173005,1,300,400,0,22,300,177477,300,0
71662275,7730,377,302,7504,173005,300,0,173005,1,300,400,0,22,300,177477,300,0
71662276,7730,377,302,7504,173005,300,0,0,1,300,400,0,22,300,177477,300,0
71662277,7730,377,302,7504,173005,300,0,0,1,300,400,0,22,300,177477,300,0
71662278,7730,377,302,7504,173005,300,0,0,1,300,400,0,22,300,177477,300,0
71662279,0,377,300,7504,173005,5,0,0,1,173005,140000,60000,22,305,177772,5,300
71662280,0,377,300,7504,0,5,0,0,1,173005,140000,60000,4,305,177772,5,300
71662281,2001,377,300,7504,0,5,0,0,1,173005,140000,60000,0,305,177772,5,300
71662282,17043,377,300,7504,0,5,0,0,1,173005,140000,60000,0,305,177772,5,300
71662283,17043,377,300,7504,0,5,0,0,1,173005,140000,60000,0,305,177772,5,300
71662284,0,377,300,7504,0,5,3043,0,1,173005,140000,60000,0,305,177772,5,300
71662285,6000,377,300,7504,0,5,3043,0,1,173005,140000,60000,0,305,177772,5,300
71662286,6000,377,300,7504,0,5,0,0,1,173005,140000,60000,0,305,177772,5,300
71662287,6000,377,300,7504,0,5,0,0,1,173005,140000,60000,0,305,177772,5,300
71662288,6000,377,300,7504,0,5,0,0,1,173005,140000,60000,0,305,177772,5,300
71662289,7504,377,300,7504,150415,5,0,150415,1,173005,140000,60000,0,305,177772,5,300
71662290,7504,377,300,7504,150415,5,0,150415,1,173005,140000,60000,0,305,177772,5,300
71662291,7504,377,300,7504,150415,5,0,150415,1,173005,140000,60000,0,305,177772,5,300
71662292,7504,377,300,7504,150415,5,0,150415,1,173005,140000,60000,0,305,177772,5,300
71662293,7504,377,300,7504,150415,5,0,0,1,173005,140000,60000,0,305,177772,5,300
71662294,7504,377,300,7504,150415,5,0,0,1,173005,140000,60000,0,305,177772,5,300
71662295,7504,377,300,7504,150415,5,0,0,1,173005,140000,60000,0,305,177772,5,300
71662296,657,377,305,7504,150415,1,0,0,1,150415,2400,657,0,1,177776,0,0
# MARK badout tick=71662296
71662297,657,377,305,7504,1,1,0,0,1,150415,2400,657,0,1,177776,0,0
71662298,326,377,305,7504,1,1,0,0,1,150415,2400,657,0,1,177776,0,0
71662299,326,377,305,7504,1,1,0,0,1,1,400,326,0,1,177776,0,0
71662300,326,377,305,7504,1,1,0,0,1,1,400,326,0,1,177776,0,0
71662301,327,377,305,7504,1,1,0,0,1,1,400,326,0,1,177776,0,0
71662302,327,377,305,7504,1,1,0,0,1,1,400,64,0,1,177776,0,0
71662303,330,377,305,7504,1,1,0,0,1,1,400,64,0,1,177776,0,0
71662304,660,377,305,7504,1,1,0,0,1,1,400,64,0,1,177776,0,0
71662305,660,377,305,7504,1,1,0,0,1,1,400,217,0,1,177776,0,0
71662306,660,377,305,7504,1,1,0,0,1,1,400,217,6,1,177776,0,0
71662307,3655,377,305,7504,1,1,0,0,1,1,400,217,6,1,177776,0,0
71662308,3655,377,305,7504,110244,110244,0,0,1,1,400,3640,6,110244,67533,110244,0
71662309,3655,377,305,7504,110244,110244,0,0,1,1,400,3640,0,110244,67533,110244,0
71662310,474,377,305,7504,110244,110244,0,0,1,1,400,3640,0,110244,67533,110244,0
71662311,474,377,305,7504,110244,110244,0,0,110244,1,122220,474,0,110244,67533,0,0
71662312,474,377,305,7504,110244,110244,0,0,110244,1,122220,474,0,110244,67533,0,0
71662313,475,377,305,7504,110244,110244,0,0,110244,1,122220,474,0,110244,67533,0,0
71662314,475,377,305,7504,305,305,0,0,110244,1,122220,60000,0,305,177472,0,305
71662315,476,377,305,7504,305,305,0,0,110244,1,122220,60000,0,305,177472,0,305
71662316,501,377,305,7504,305,305,0,0,110244,1,122220,60000,0,305,177472,0,305
71667667,0,177777,116400,15,140000,140000,0,0,20000,3,40,140000,0,0,37777,140000,20000
71667668,0,177777,116400,15,0,0,0,0,20000,3,300,0,0,0,177777,0,0
71667669,0,177777,116400,15,0,0,0,0,20000,3,300,0,4,0,177777,0,0
71667670,2001,177777,116400,15,0,0,0,0,20000,3,300,0,0,0,177777,0,0
71667671,16522,177777,116400,15,0,0,0,0,20000,3,300,0,0,0,177777,0,0
71667672,16522,177777,116400,15,0,0,0,0,20000,3,300,0,0,0,177777,0,0
71667673,0,177777,116400,15,0,0,2522,0,20000,3,300,0,0,0,177777,0,0
71667674,6000,177777,116400,15,0,0,2522,0,20000,3,300,0,0,0,177777,0,0
71667675,6000,177777,116400,15,0,0,0,0,20000,3,300,0,0,0,177777,0,0
71667676,6000,177777,116400,15,0,0,0,0,20000,3,300,0,0,0,177777,0,0
71667677,6000,177777,116400,15,0,0,0,0,20000,3,300,0,0,0,177777,0,0
71667678,7461,177777,116400,15,146142,0,0,146142,20000,3,300,0,0,0,177777,0,0
71667679,7461,177777,116400,15,146142,0,0,146142,20000,3,300,0,0,0,177777,0,0
71667680,7461,177777,116400,15,146142,0,0,146142,20000,3,300,0,0,0,177777,0,0
71667681,7461,177777,116400,15,146142,0,0,146142,20000,3,300,0,0,0,177777,0,0
71667682,7461,177777,116400,15,146142,0,0,0,20000,3,300,0,0,0,177777,0,0
71667683,7461,177777,116400,15,146142,0,0,0,20000,3,300,0,0,0,177777,0,0
71667684,7461,177777,116400,15,146142,0,0,0,20000,3,300,0,0,0,177777,0,0
71667685,145,177777,116400,15,146142,2454,0,0,20000,146142,0,145,0,2454,175323,0,2454
71667686,145,177777,116400,15,0,2454,0,0,20000,146142,0,145,0,2454,175323,0,2454
71667687,0,177777,116400,15,0,2454,0,0,20000,146142,0,145,0,2454,175323,0,2454
71667688,16523,177777,116400,15,0,2454,0,0,20000,146142,0,145,0,2454,175323,0,2454
71667689,16523,177777,116400,15,0,2454,0,0,20000,146142,0,145,0,2454,175323,0,2454
71667690,0,177777,116400,15,0,2454,0,0,20000,146142,0,145,0,2454,175323,0,2454
71667691,0,177777,116400,15,0,2454,0,0,20000,146142,0,145,0,2454,175323,0,2454
71667692,0,177777,116400,15,0,0,0,0,20000,0,26005,0,0,0,177777,0,0
71667693,0,177777,116400,15,0,0,0,0,20000,0,26005,0,4,0,177777,0,0
71667694,2001,177777,116400,15,0,0,0,0,20000,0,26005,0,0,0,177777,0,0
71667695,16454,177777,116400,15,0,0,0,0,20000,0,26005,0,0,0,177777,0,0
71667696,16454,177777,116400,15,0,0,0,0,20000,0,26005,0,0,0,177777,0,0
71667697,0,177777,116400,15,0,0,2454,0,20000,0,26005,0,0,0,177777,0,0
71667698,6000,177777,116400,15,0,0,2454,0,20000,0,26005,0,0,0,177777,0,0
71667699,6000,177777,116400,15,0,0,0,0,20000,0,26005,0,0,0,177777,0,0
71667700,6000,177777,116400,15,0,0,0,0,20000,0,26005,0,0,0,177777,0,0
71667701,6000,177777,116400,15,0,0,0,0,20000,0,26005,0,0,0,177777,0,0
71667702,7304,177777,116400,15,130403,0,0,130403,20000,0,26005,0,0,0,177777,0,0
71667703,7304,177777,116400,15,130403,0,0,130403,20000,0,26005,0,34,0,177777,0,0
71667704,7304,177777,116400,15,130403,0,0,130403,20000,0,26005,0,34,0,177777,0,0
71667705,7304,177777,116400,15,130403,0,0,130403,20000,0,26005,0,34,0,177777,0,0
71667706,7304,177777,116400,15,130403,0,0,0,20000,0,26005,0,34,0,177777,0,0
71667707,7304,177777,116400,15,130403,0,0,0,20000,0,26005,0,34,0,177777,0,0
71667708,7304,177777,116400,15,130403,0,0,0,20000,0,26005,0,34,0,177777,0,0
71667709,214,177777,116400,15,130403,0,0,0,20000,130403,0,50214,34,177777,177777,0,177777
71667710,214,177777,116400,15,0,0,0,0,20000,130403,0,50214,0,177777,177777,0,177777
71667711,0,177777,116400,15,0,0,0,0,20000,130403,0,50214,0,177777,177777,0,177777
71667712,16457,177777,116400,15,0,0,0,0,20000,130403,0,50214,0,177777,177777,0,177777
71667713,16457,177777,116400,15,0,0,0,0,20000,130403,0,50214,0,177777,177777,0,177777
71667714,0,177777,116400,15,0,0,0,0,20000,130403,0,50214,0,177777,177777,0,177777
71667715,0,177777,116400,15,0,0,0,0,20000,130403,0,50214,0,177777,177777,0,177777
71667716,0,177777,116400,15,0,0,2457,0,20000,130403,0,50214,0,177777,177777,0,177777
71667717,6000,177777,116400,15,0,0,2457,0,20000,130403,0,50214,0,177777,177777,0,177777
71667718,6000,177777,116400,15,0,0,0,0,20000,130403,0,50214,0,177777,177777,0,177777
71667719,6000,177777,116400,15,0,0,0,0,20000,130403,0,50214,0,177777,177777,0,177777
71667720,6000,177777,116400,15,0,0,0,0,20000,130403,0,50214,0,177777,177777,0,177777
71667721,6510,177777,116400,15,51012,0,0,51012,20000,130403,0,50214,0,177777,177777,0,177777
71667722,6510,177777,116400,15,51012,0,0,51012,20000,130403,0,50214,0,177777,177777,0,177777
71667723,6510,177777,116400,15,51012,0,0,51012,20000,130403,0,50214,0,177777,177777,0,177777
71667724,6510,177777,116400,15,51012,0,0,51012,20000,130403,0,50214,0,177777,177777,0,177777
71667725,6510,177777,116400,15,51012,0,0,0,20000,130403,0,50214,0,177777,177777,0,177777
71667726,6510,177777,116400,15,51012,0,0,0,20000,130403,0,50214,0,177777,177777,0,177777
71667727,6510,177777,116400,15,51012,0,0,0,20000,130403,0,50214,0,177777,177777,0,177777
71667728,117,177777,116400,15,51012,20000,0,0,20000,51012,0,117,0,20000,157777,0,0
71667729,117,177777,116400,15,0,20000,0,0,20000,51012,0,117,0,20000,157777,0,0
71667730,172,177777,116400,15,0,20000,0,0,20000,51012,0,117,0,20000,157777,0,0
71667731,172,177777,116400,15,0,20000,0,0,20000,51012,0,117,0,20000,157777,0,0
71667732,172,177777,116400,15,0,20000,0,0,20000,51012,0,117,0,20000,157777,0,0
71667733,172,177777,116400,15,0,20000,2471,0,20000,51012,0,117,0,20000,157777,0,0
71667734,172,177777,116400,15,0,20000,2471,0,20000,51012,0,117,0,20000,157777,0,0
71667735,172,177777,116400,15,0,20000,0,0,20000,51012,0,117,0,20000,157777,0,0
71667736,172,177777,116400,15,0,20000,0,0,20000,51012,0,117,0,20000,157777,0,0
71667737,172,177777,116400,15,0,20000,0,0,20000,51012,0,117,0,20000,157777,0,0
71667738,172,177777,116400,15,65567,20000,0,65567,20000,51012,0,117,0,20000,157777,0,0
71667739,172,177777,116400,15,65567,20000,0,65567,20000,51012,0,117,0,20000,157777,0,0
71667740,172,177777,116400,15,65567,20000,0,65567,20000,51012,0,117,0,20000,157777,0,0
71667741,172,177777,116400,15,65567,20000,0,65567,20000,51012,0,117,0,20000,157777,0,0
71667742,172,177777,116400,15,65567,20000,0,0,20000,51012,0,117,0,20000,157777,0,0
71667743,172,177777,116400,15,65567,20000,0,0,20000,51012,0,117,0,20000,157777,0,0
71667744,172,177777,116400,15,65567,20000,0,0,20000,51012,0,117,0,20000,157777,0,0
71667745,172,177777,116400,15,65567,20000,0,0,20000,65567,40,172,0,20000,157777,0,0
71667746,172,177777,116400,15,0,20000,0,0,20000,65567,40,172,3,20000,157777,0,0
71667747,0,177777,116400,15,0,20000,0,0,20000,65567,40,172,3,20000,157777,0,0
71667748,0,177777,116400,15,0,20000,0,0,20000,65567,40,172,3,20000,157777,0,0
71667749,0,177777,116400,15,0,20000,0,0,20000,65567,40,172,3,20000,157777,0,0
71667750,0,177777,116400,15,0,20000,65567,0,20000,65567,40,172,3,20000,157777,0,0
71667751,0,177777,116400,15,0,20000,65567,0,20000,65567,40,172,3,20000,157777,0,0
71667752,0,177777,116400,15,0,20000,0,0,20000,65567,40,172,3,20000,157777,0,0
71667753,0,177777,116400,15,0,20000,0,0,20000,65567,40,172,3,20000,157777,0,0
71667754,0,177777,116400,15,0,20000,0,0,20000,65567,40,172,3,20000,157777,0,0
71667755,0,177777,116400,15,0,20000,0,0,20000,65567,40,172,3,20000,157777,0,0
71667756,0,177777,116400,15,0,20000,0,0,20000,65567,40,172,3,20000,157777,0,0
71667757,0,177777,116400,15,0,20000,0,0,20000,65567,40,172,3,20000,157777,0,0
71667758,0,177777,116400,15,0,20000,0,0,20000,65567,40,172,3,20000,157777,0,0
71667759,0,177777,116400,15,0,20000,0,0,20000,65567,40,172,3,20000,157777,0,0
71667760,0,177777,116400,15,0,20000,0,0,20000,65567,40,172,3,20000,157777,0,0
71667761,0,177777,116400,15,0,20000,0,0,20000,65567,40,172,3,20000,157777,0,0
71667762,0,177777,116400,15,0,0,0,0,20000,0,40,0,3,0,177777,0,0
71667763,0,177777,116400,15,0,0,0,0,20000,0,40,0,4,0,177777,0,0
71667764,2001,177777,116400,15,0,0,0,0,20000,0,40,0,0,0,177777,0,0
71667765,16460,177777,116400,15,0,0,0,0,20000,0,40,0,0,0,177777,0,0
71667766,16460,177777,116400,15,0,0,0,0,20000,0,40,0,0,0,177777,0,0
71667767,0,177777,116400,15,0,0,2460,0,20000,0,40,0,0,0,177777,0,0
71667768,6000,177777,116400,15,0,0,2460,0,20000,0,40,0,0,0,177777,0,0
71667769,6000,177777,116400,15,0,0,0,0,20000,0,40,0,0,0,177777,0,0
71667770,6000,177777,116400,15,0,0,0,0,20000,0,40,0,0,0,177777,0,0
71667771,6000,177777,116400,15,0,0,0,0,20000,0,40,0,0,0,177777,0,0
71667772,6103,177777,116400,15,10352,0,0,10352,20000,0,40,0,0,0,177777,0,0
71667773,6103,177777,116400,15,10352,0,0,10352,20000,0,40,0,0,0,177777,0,0
71667774,6103,177777,116400,15,10352,0,0,10352,20000,0,40,0,0,0,177777,0,0
71667775,6103,177777,116400,15,10352,0,0,10352,20000,0,40,0,0,0,177777,0,0
71667776,6103,177777,116400,15,10352,0,0,0,20000,0,40,0,0,0,177777,0,0
71667777,6103,177777,116400,15,10352,0,0,0,20000,0,40,0,0,0,177777,0,0
71667778,6103,177777,116400,15,10352,0,0,0,20000,0,40,0,0,0,177777,0,0
71667779,145,177777,0,15,10352,0,0,0,20000,10352,0,60145,0,0,177777,0,0
71667780,145,177777,0,15,0,0,0,0,20000,10352,0,60145,0,0,177777,0,0
71667781,0,177777,0,15,0,0,0,0,20000,10352,0,60145,0,0,177777,0,0
71667782,0,177777,0,15,0,0,0,0,20000,10352,0,60145,0,0,177777,0,0
71667783,0,177777,0,15,0,0,0,0,20000,10352,0,60145,0,0,177777,0,0
71667784,0,177777,0,15,0,0,2432,0,20000,10352,0,60145,0,0,177777,0,0
71667785,0,177777,0,15,0,0,2432,0,20000,10352,0,60145,0,0,177777,0,0
71667786,0,177777,0,15,0,0,0,0,20000,10352,0,60145,0,0,177777,0,0
71667787,0,177777,0,15,0,0,0,0,20000,10352,0,60145,0,0,177777,0,0
71667788,0,177777,0,15,0,0,0,0,20000,0,0,0,0,0,177777,0,0
71667789,0,177777,0,15,0,0,0,0,20000,0,0,0,4,0,177777,0,0
71667790,2001,177777,0,15,0,0,0,0,20000,0,0,0,0,0,177777,0,0
71667791,16461,177777,0,15,0,0,0,0,20000,0,0,0,0,0,177777,0,0
71667792,16461,177777,0,15,0,0,0,0,20000,0,0,0,0,0,177777,0,0
71667793,0,177777,0,15,0,0,0,0,20000,0,0,0,0,0,177777,0,0
71667794,0,177777,0,15,0,0,0,0,20000,0,0,0,0,0,177777,0,0
71667795,0,177777,0,15,0,0,2461,0,20000,0,0,0,0,0,177777,0,0
71667796,6000,177777,0,15,0,0,2461,0,20000,0,0,0,0,0,177777,0,0
71667797,6000,177777,0,15,0,0,0,0,20000,0,0,0,0,0,177777,0,0
71667798,6000,177777,0,15,0,0,0,0,20000,0,0,0,0,0,177777,0,0
71667799,6000,177777,0,15,0,0,0,0,20000,0,0,0,0,0,177777,0,0
71667800,7420,177777,0,15,142006,0,0,142006,20000,0,0,0,0,0,177777,0,0
71667801,7420,177777,0,15,142006,0,0,142006,20000,0,0,0,0,0,177777,0,0
71667802,7420,177777,0,15,142006,0,0,142006,20000,0,0,0,0,0,177777,0,0
71667803,7420,177777,0,15,142006,0,0,142006,20000,0,0,0,0,0,177777,0,0
71667804,7420,177777,0,15,142006,0,0,0,20000,0,0,0,0,0,177777,0,0
71667805,7420,177777,0,15,142006,0,0,0,20000,0,0,0,0,0,177777,0,0
71667806,7420,177777,0,15,142006,0,0,0,20000,0,0,0,0,0,177777,0,0
71667807,215,177777,0,15,142006,0,0,0,20000,142006,0,215,0,0,177777,0,0
71667808,215,177777,0,15,0,0,0,0,20000,142006,0,215,0,0,177777,0,0
71667809,0,177777,0,15,0,0,0,0,20000,142006,0,215,0,0,177777,0,0
71667810,16462,177777,0,15,0,0,0,0,20000,142006,0,215,0,0,177777,0,0
71667811,16462,177777,0,15,0,0,0,0,20000,142006,0,215,0,0,177777,0,0
71667812,0,177777,0,15,0,0,2462,0,20000,142006,0,215,0,0,177777,0,0
71667813,6000,177777,0,15,0,0,2462,0,20000,142006,0,215,0,0,177777,0,0
71667814,6000,177777,0,15,0,0,0,0,20000,142006,0,215,0,0,177777,0,0
71667815,6000,177777,0,15,0,0,0,0,20000,142006,0,215,0,0,177777,0,0
71667816,6000,177777,0,15,0,0,0,0,20000,142006,0,215,0,0,177777,0,0
71667817,7250,177777,0,15,125010,0,0,125010,20000,142006,0,215,0,0,177777,0,0
71667818,7250,177777,0,15,125010,0,0,125010,20000,142006,0,215,0,0,177777,0,0
71667819,7250,177777,0,15,125010,0,0,125010,20000,142006,0,215,0,0,177777,0,0
71667820,7250,177777,0,15,125010,0,0,125010,20000,142006,0,215,0,0,177777,0,0
71667821,7250,177777,0,15,125010,0,0,0,20000,142006,0,215,0,0,177777,0,0
71667822,7250,177777,0,15,125010,0,0,0,20000,142006,0,215,0,0,177777,0,0
71667823,7250,177777,0,15,125010,0,0,0,20000,142006,0,215,0,0,177777,0,0
71667824,143,177777,0,15,125010,20000,0,0,20000,125010,0,143,0,20000,157777,0,0
71667825,143,177777,0,15,0,20000,0,0,20000,125010,0,143,34,20000,157777,0,0
71667826,0,177777,0,15,0,20000,0,0,20000,125010,0,143,34,20000,157777,0,0
71667827,0,177777,0,15,0,20000,0,0,20000,125010,0,143,34,20000,157777,0,0
71667828,0,177777,0,15,0,20000,0,0,20000,125010,0,143,34,20000,157777,0,0
71667829,0,177777,0,15,0,20000,2472,0,20000,125010,0,143,34,20000,157777,0,0
71667830,0,177777,0,15,0,20000,2472,0,20000,125010,0,143,34,20000,157777,0,0
71667831,0,177777,0,15,0,20000,0,0,20000,125010,0,143,34,20000,157777,0,0
71667832,0,177777,0,15,0,20000,0,0,20000,125010,0,143,34,20000,157777,0,0
71667833,0,177777,0,15,0,20000,0,0,20000,125010,0,143,34,20000,157777,0,0
71667834,0,177777,0,15,2406,20000,0,2406,20000,125010,0,143,34,20000,157777,0,0
71667835,0,177777,0,15,2406,20000,0,2406,20000,125010,0,143,34,20000,157777,0,0
71667836,0,177777,0,15,2406,20000,0,2406,20000,125010,0,143,34,20000,157777,0,0
71667837,0,177777,0,15,2406,20000,0,2406,20000,125010,0,143,34,20000,157777,0,0
71667838,0,177777,0,15,2406,20000,0,0,20000,125010,0,143,34,20000,157777,0,0
71667839,0,177777,0,15,2406,20000,0,0,20000,125010,0,143,34,20000,157777,0,0
71667840,0,177777,0,15,2406,20000,0,0,20000,125010,0,143,34,20000,157777,0,0
71667841,0,177777,0,15,2406,0,0,0,20000,2406,40,0,34,20000,177777,0,0
71667842,0,177777,0,15,0,0,0,0,20000,2406,40,0,4,20000,177777,0,0
71667843,2001,177777,0,15,0,0,0,0,20000,2406,40,0,0,20000,177777,0,0
71667844,16406,177777,0,15,0,0,0,0,20000,2406,40,0,0,20000,177777,0,0
71667845,16406,177777,0,15,0,0,0,0,20000,2406,40,0,0,20000,177777,0,0
71667846,0,177777,0,15,0,0,2406,0,20000,2406,40,0,0,20000,177777,0,0
71667847,6000,177777,0,15,0,0,2406,0,20000,2406,40,0,0,20000,177777,0,0
71667848,6000,177777,0,15,0,0,0,0,20000,2406,40,0,0,20000,177777,0,0
71667849,6000,177777,0,15,0,0,0,0,20000,2406,40,0,0,20000,177777,0,0
71667850,6000,177777,0,15,0,0,0,0,20000,2406,40,0,0,20000,177777,0,0
71667851,7510,177777,0,15,151000,0,0,151000,20000,2406,40,0,0,20000,177777,0,0
71667852,7510,177777,0,15,151000,0,0,151000,20000,2406,40,0,0,20000,177777,0,0
71667853,7510,177777,0,15,151000,0,0,151000,20000,2406,40,0,0,20000,177777,0,0
71667854,7510,177777,0,15,151000,0,0,151000,20000,2406,40,0,0,20000,177777,0,0
71667855,7510,177777,0,15,151000,0,0,0,20000,2406,40,0,0,20000,177777,0,0
71667856,7510,177777,0,15,151000,0,0,0,20000,2406,40,0,0,20000,177777,0,0
71667857,7510,177777,0,15,151000,0,0,0,20000,2406,40,0,0,20000,177777,0,0
71667858,1072,177777,0,15,171000,20000,0,0,20000,151000,0,1072,0,20000,157777,0,0
71667859,1072,177777,0,15,20000,20000,0,0,20000,151000,0,1072,0,20000,157777,0,0
71667860,326,177777,0,15,20000,20000,0,0,20000,151000,0,1072,0,20000,157777,0,0
71667861,326,177777,0,15,20000,20000,0,0,20000,151000,40,326,0,20000,157777,0,0
71667862,326,177777,0,15,20000,20000,0,0,20000,151000,40,326,0,20000,157777,0,0
71667863,327,177777,0,15,20000,20000,0,0,20000,151000,40,326,0,20000,157777,0,0
71667864,327,177777,0,15,20000,20000,0,0,20000,151000,40,64,0,20000,157777,0,0
71667865,330,177777,0,15,20000,20000,0,0,20000,151000,40,64,0,20000,157777,0,0
71667866,1073,177777,0,15,20000,20000,0,0,20000,151000,40,64,0,20000,157777,0,0
71667867,1073,177777,0,15,20000,20000,0,0,20000,151000,40,217,0,20000,157777,0,0
71667868,1073,177777,0,15,20000,20000,0,0,20000,151000,40,217,6,20000,157777,0,0
71667869,1074,177777,0,15,20000,20000,0,0,20000,151000,40,217,6,20000,157777,0,0
71667870,1074,177777,0,15,116400,116400,0,0,20000,151000,40,320,6,116400,61377,116400,0
71667871,1075,177777,0,15,116400,116400,0,0,20000,151000,40,320,11,116400,61377,116400,0
71667872,1075,177777,0,15,116400,116400,0,0,20000,151000,40,320,11,116400,61377,116400,0
71667873,1075,177777,0,15,235,235,0,0,20000,151000,235,2202,11,235,177542,235,0
71667874,1076,177777,0,15,235,235,0,0,20000,151000,235,2202,10,235,177542,235,0
71667875,1077,177777,0,15,235,235,0,0,20000,151000,235,2202,10,235,177542,235,0
71667876,1077,177777,0,15,17,17,0,0,235,151000,116400,1077,10,15,177760,17,0
71667877,1077,177777,0,15,17,17,0,0,235,151000,116400,1077,0,15,177760,17,0
71667878,1100,177777,0,15,17,17,0,0,235,151000,116400,1077,0,15,177760,17,0
71667879,1100,177777,0,15,15,15,0,0,15,151000,7400,0,0,15,177762,0,0
71667880,1101,177777,0,15,15,15,0,0,15,151000,7400,0,5,15,177762,0,0
71667881,1101,177777,0,15,15,15,0,0,15,151000,7400,0,5,15,177762,0,0
71667882,1101,177777,0,15,20000,20000,0,0,15,151000,6400,170000,5,20000,157777,20000,20000
71667883,1102,177777,0,15,20000,20000,0,0,15,151000,6400,170000,1,20000,157777,20000,20000
71667884,1102,177777,0,15,20000,20000,0,0,15,151000,6400,170000,1,20000,157777,20000,20000
71667885,1102,177777,0,15,20000,20000,0,0,20000,151000,40,0,1,0,157777,20000,0
71667886,1103,177777,0,15,20000,20000,0,0,20000,151000,40,0,10,0,157777,20000,0
71667887,1103,177777,0,15,20000,20000,0,0,20000,151000,40,0,10,0,157777,20000,0
71667888,1103,177777,0,15,16,16,0,0,0,151000,40,110350,10,177777,177761,16,15
71667889,1104,177777,0,15,16,16,0,0,0,151000,40,110350,0,177777,177761,16,15
71667890,1104,177777,0,15,16,16,0,0,0,151000,40,110350,0,177777,177761,16,15
71667891,1104,177777,0,15,20000,0,0,0,0,151000,7000,171122,0,0,177777,0,20000
71667892,1105,177777,0,15,20000,0,0,0,0,151000,7000,171122,10,0,177777,0,20000
71667893,1105,177777,0,15,0,0,0,0,0,151000,7000,171122,10,0,177777,0,20000
71667894,1105,177777,0,15,12,12,0,0,0,151000,0,110330,10,3,177765,12,15
71667895,1106,177777,0,15,12,12,0,0,0,151000,0,110330,0,3,177765,12,15
71667896,1106,177777,0,15,12,12,0,0,0,151000,0,110330,0,3,177765,12,15
71667897,1106,177777,0,15,3,3,0,0,3,151000,5000,1112,0,3,177774,0,0
71667898,1107,177777,0,15,3,3,0,0,3,151000,5000,1112,10,3,177774,0,0
71667899,1107,177777,0,15,3,3,0,0,3,151000,5000,1112,10,3,177774,0,0
71667900,1107,177777,0,15,4,4,0,0,3,151000,1400,330,10,177777,177773,4,0
71667901,1110,177777,0,15,4,4,0,0,3,151000,1400,330,1,177777,177773,4,0
71667902,1111,177777,0,15,4,4,0,0,3,151000,1400,330,1,177777,177773,4,0
71667903,1111,177777,0,15,10,10,0,0,3,151000,2000,1111,1,10,177767,10,1147
71667904,1111,177777,0,15,10,10,0,0,3,151000,2000,1111,0,10,177767,10,1147
71667905,1112,177777,0,15,10,10,0,0,3,151000,2000,1111,0,10,177767,10,1147
71667906,1112,177777,0,15,10,10,0,0,10,151000,4000,20000,0,10,177767,0,2407
71667907,1113,177777,0,15,10,10,0,0,10,151000,4000,20000,0,10,177767,0,2407
71667908,1113,177777,0,15,10,10,0,0,10,151000,4000,20000,0,10,177767,0,2407
71667909,1113,177777,0,15,10,10,0,0,10,151000,4000,20000,0,10,177767,0,2407
71667910,1113,177777,0,15,10,10,0,0,10,151000,4000,20000,0,10,177767,0,2407
71667911,1113,177777,0,15,10,10,0,0,10,151000,4000,20000,0,10,177767,0,2407
71667912,1113,177777,0,15,10,10,0,0,10,151000,4000,20000,0,10,177767,0,2407
71667913,1113,177777,0,15,10,10,0,0,10,151000,4000,20000,0,10,177767,0,2407
71667914,1113,177777,0,15,10,10,0,0,10,151000,4000,0,0,10,177767,0,0
71667915,1114,177777,0,15,10,10,0,0,10,151000,4000,0,10,10,177767,0,0
71667916,1114,177777,0,15,10,10,0,0,10,151000,4000,0,10,10,177767,0,0
71667917,1114,177777,0,15,10,10,0,0,10,151000,4000,110050,10,25,177767,10,15
71667918,1115,177777,0,15,10,10,0,0,10,151000,4000,110050,5,25,177767,10,15
71667919,1115,177777,0,15,10,10,0,0,10,151000,4000,110050,5,25,177767,10,15
71667920,1115,177777,0,15,10,10,0,0,10,151000,4000,110050,5,25,177767,10,15
71667921,1115,177777,0,15,10,10,0,0,10,151000,4000,110050,5,25,177767,10,15
71667922,1115,177777,0,15,10,10,0,0,10,151000,4000,110050,5,25,177767,10,15
71667923,1115,177777,0,15,10,10,0,0,10,151000,4000,110050,5,25,177767,10,15
71667924,1115,177777,0,15,10,10,0,0,10,151000,4000,110050,5,25,177767,10,15
71667925,1115,177777,0,15,0,0,0,0,10,151000,4000,170000,5,0,177777,0,20000
71667926,1116,177777,0,15,0,0,0,0,10,151000,4000,170000,6,0,177777,0,20000
71667927,1116,177777,0,15,0,0,0,0,10,151000,4000,170000,6,0,177777,0,20000
71667928,1116,177777,0,15,116400,116400,0,0,0,151000,0,324,6,116400,61377,116400,0
71667929,1076,177777,0,15,116400,116400,0,0,0,151000,0,324,5,116400,61377,116400,0
71667930,1117,177777,0,15,116400,116400,0,0,0,151000,0,324,5,116400,61377,116400,0
71667931,1117,177777,0,15,60001,60001,0,0,0,151000,235,170300,5,0,117776,60001,20000
71667932,1120,177777,0,15,60001,60001,0,0,0,151000,235,170300,4,0,117776,60001,20000
71667933,1120,177777,0,15,60001,60001,0,0,0,151000,235,170300,4,0,117776,60001,20000
71667934,1120,177777,0,15,100013,100013,0,0,0,151000,540,100013,4,100013,77764,100013,77770
71667935,1121,177777,0,15,100013,100013,0,0,0,151000,540,100013,0,100013,77764,100013,77770
71667936,1120,177777,0,15,100013,100013,0,0,0,151000,540,100013,0,100013,77764,100013,77770
71667937,1120,177777,0,15,0,0,0,0,100013,151000,5600,0,0,0,177777,0,0
71667938,1120,177777,0,15,0,0,0,0,100013,151000,5600,0,0,0,177777,0,0
71667939,1120,177777,0,15,0,0,0,0,100013,151000,5600,0,0,0,177777,0,0
71667940,1120,177777,0,15,1,1,0,0,26,151000,0,0,0,1,177776,0,0
71667941,1120,177777,0,15,1,1,0,0,26,151000,0,0,0,1,177776,0,0
71667942,1120,177777,0,15,1,1,0,0,26,151000,0,0,0,1,177776,0,0
71667943,1120,177777,0,15,2,2,0,0,54,151000,400,0,0,2,177775,0,0
71667944,1120,177777,0,15,2,2,0,0,54,151000,400,0,0,2,177775,0,0
71667945,1120,177777,0,15,2,2,0,0,54,151000,400,0,0,2,177775,0,0
71667946,1120,177777,0,15,4,4,0,0,130,151000,1000,0,0,4,177773,0,0
71667947,1120,177777,0,15,4,4,0,0,130,151000,1000,0,0,4,177773,0,0
71667948,1120,177777,0,15,4,4,0,0,130,151000,1000,0,0,4,177773,0,0
71667949,1120,177777,0,15,10,10,0,0,260,151000,2000,0,0,10,177767,0,0
71667950,1120,177777,0,15,10,10,0,0,260,151000,2000,0,0,10,177767,0,0
71667951,1120,177777,0,15,10,10,0,0,260,151000,2000,0,0,10,177767,0,0
71667952,1120,177777,0,15,20,20,0,0,540,151000,4000,0,0,20,177757,0,0
71667953,1120,177777,0,15,20,20,0,0,540,151000,4000,0,0,20,177757,0,0
71667954,1120,177777,0,15,20,20,0,0,540,151000,4000,0,0,20,177757,0,0
71667955,1120,177777,0,15,40,40,0,0,1300,151000,10000,0,0,40,177737,0,0
71667956,1120,177777,0,15,40,40,0,0,1300,151000,10000,0,0,40,177737,0,0
71667957,1120,177777,0,15,40,40,0,0,1300,151000,10000,0,0,40,177737,0,0
71667958,1120,177777,0,15,100,100,0,0,2600,151000,20000,0,0,100,177677,0,0
71667959,1120,177777,0,15,100,100,0,0,2600,151000,20000,0,0,100,177677,0,0
71667960,1120,177777,0,15,100,100,0,0,2600,151000,20000,0,0,100,177677,0,0
71667961,1120,177777,0,15,200,200,0,0,5400,151000,40000,0,0,200,177577,0,0
71667962,1120,177777,0,15,200,200,0,0,5400,151000,40000,0,0,200,177577,0,0
71667963,1120,177777,0,15,200,200,0,0,5400,151000,40000,0,0,200,177577,0,0
71667964,1120,177777,0,15,400,400,0,0,13000,151000,100000,0,0,400,177377,0,0
71667965,1120,177777,0,15,400,400,0,0,13000,151000,100000,0,0,400,177377,0,0
71667966,1120,177777,0,15,400,400,0,0,13000,151000,100000,0,0,400,177377,0,0
71667967,1120,177777,0,15,1000,1000,0,0,26000,151000,1,0,0,1000,176777,0,0
71667968,1120,177777,0,15,1000,1000,0,0,26000,151000,1,0,0,1000,176777,0,0
71667969,1120,177777,0,15,1000,1000,0,0,26000,151000,1,0,0,1000,176777,0,0
71667970,1120,177777,0,15,2000,2000,0,0,54000,151000,2,0,0,2000,175777,0,0
71667971,1120,177777,0,15,2000,2000,0,0,54000,151000,2,0,0,2000,175777,0,0
71667972,1120,177777,0,15,2000,2000,0,0,54000,151000,2,0,0,2000,175777,0,0
71667973,1120,177777,0,15,4000,4000,0,0,130000,151000,4,0,0,4000,173777,0,0
71667974,1120,177777,0,15,4000,4000,0,0,130000,151000,4,0,0,4000,173777,0,0
71667975,1121,177777,0,15,4000,4000,0,0,130000,151000,4,0,0,4000,173777,0,0
71667976,1121,177777,0,15,10001,10001,0,0,60000,151000,10,0,0,10001,167776,0,0
71667977,1122,177777,0,15,10001,10001,0,0,60000,151000,10,0,10,10001,167776,0,0
71667978,1133,177777,0,15,10001,10001,0,0,60000,151000,10,0,10,10001,167776,0,0
71667979,1133,177777,0,15,0,0,0,0,140000,151000,420,1133,10,0,177777,0,0
71667980,1133,177777,0,15,0,0,0,0,140000,151000,420,1133,0,0,177777,0,0
71667981,1134,177777,0,15,0,0,0,0,140000,151000,420,1133,0,0,177777,0,0
71667982,1134,177777,0,15,0,0,0,0,0,151000,0,350,0,0,177777,0,0
71667983,1135,177777,0,15,0,0,0,0,0,151000,0,350,11,0,177777,0,0
71667984,1140,177777,0,15,0,0,0,0,0,151000,0,350,11,0,177777,0,0
71667985,1140,177777,0,15,0,0,0,0,0,151000,0,1140,11,0,177777,0,0
71667986,1140,177777,0,15,0,0,0,0,0,151000,0,1140,1,0,177777,0,0
71667987,1141,177777,0,15,0,0,0,0,0,151000,0,1140,1,0,177777,0,0
71667988,1141,177777,0,15,20000,20000,0,0,0,151000,0,0,1,20000,157777,20000,0
71667989,1142,177777,0,15,20000,20000,0,0,0,151000,0,0,1,20000,157777,20000,0
71667990,1142,177777,0,15,20000,20000,0,0,0,151000,0,0,1,20000,157777,20000,0
71667991,1142,177777,0,15,1,1,0,0,20000,151000,40,344,1,0,177776,1,0
71667992,1143,177777,0,15,1,1,0,0,20000,151000,40,344,4,0,177776,1,0
71667993,1143,177777,0,15,1,1,0,0,20000,151000,40,344,4,0,177776,1,0
71667994,1143,177777,0,15,140000,140000,0,0,20000,151000,400,140000,4,0,37777,140000,20000
71667995,1144,177777,0,15,140000,140000,0,0,20000,151000,400,140000,1,0,37777,140000,20000
71667996,1144,177777,0,15,140000,140000,0,0,20000,151000,400,140000,1,0,37777,140000,20000
71667997,1144,177777,0,15,1,1,0,0,20000,151000,300,160,1,1,177776,1,0
71667998,1145,177777,0,15,1,1,0,0,20000,151000,300,160,14,1,177776,1,0
71667999,1145,177777,0,15,1,1,0,0,20000,151000,300,160,14,1,177776,1,0
71668000,1145,177777,0,15,150,150,0,0,1,151000,400,1146,14,150,177627,150,0
71668001,1146,177777,0,15,150,150,0,0,1,151000,400,1146,0,150,177627,150,0
71668002,1146,177777,0,15,150,150,0,0,1,151000,400,1146,0,150,177627,150,0
71668003,1146,177777,0,15,150,150,0,0,1,151000,64000,170000,0,150,177627,0,20000
71668004,1147,177777,0,15,150,150,0,0,1,151000,64000,170000,5,150,177627,0,20000
71668005,1147,177777,0,15,150,150,0,0,1,151000,64000,170000,5,150,177627,0,20000
71668006,1147,177777,0,15,20000,20000,0,0,1,151000,64000,140000,5,20001,157777,20000,20000
71668007,1150,177777,0,15,20000,20000,0,0,1,151000,64000,140000,4,20001,157777,20000,20000
71668008,1150,177777,0,15,20000,20000,0,0,1,151000,64000,140000,4,20001,157777,20000,20000
71668009,1150,177777,0,15,7,7,0,0,1,151000,40,7,4,1,177770,7,0
71668010,1151,177777,0,15,7,7,0,0,1,151000,40,7,6,1,177770,7,0
71668011,1151,177777,0,15,7,7,0,0,1,151000,40,7,6,1,177770,7,0
71668012,1151,177777,0,15,116400,116400,0,0,1,151000,3400,20,6,116400,61377,116400,0
71668013,1152,177777,0,15,116400,116400,0,0,1,151000,3400,20,0,116400,61377,116400,0
71668014,1151,177777,0,15,116400,116400,0,0,1,151000,3400,20,0,116400,61377,116400,0
71668015,1151,177777,0,15,15,15,0,0,1,151000,235,0,0,15,177762,0,150
71668016,1151,177777,0,15,15,15,0,0,1,151000,235,0,0,15,177762,0,150
71668017,1151,177777,0,15,15,15,0,0,1,151000,235,0,0,15,177762,0,150
71668018,1151,177777,0,15,15,15,0,0,15,151000,6400,0,0,15,177762,0,150
71668019,1151,177777,0,15,15,15,0,0,15,151000,6400,0,0,15,177762,0,150
71668020,1151,177777,0,15,15,15,0,0,15,151000,6400,0,0,15,177762,0,150
71668021,1151,177777,0,15,0,0,0,0,15,151000,6400,0,0,0,177777,0,150
71668022,1151,177777,0,15,0,0,0,0,15,151000,6400,0,0,0,177777,0,150
71668023,1151,177777,0,15,0,0,0,0,15,151000,6400,0,0,0,177777,0,150
71668024,1151,177777,0,15,177777,177777,0,0,0,151000,0,0,0,177777,0,0,150
71668025,1151,177777,0,15,177777,177777,0,0,0,151000,0,0,0,177777,0,0,150
71668026,1151,177777,0,15,177777,177777,0,0,0,151000,0,0,0,177777,0,0,150
71668027,1151,177777,0,15,2454,2454,0,0,177777,151000,177777,0,0,2454,175323,0,150
71668028,1151,177777,0,15,2454,2454,0,0,177777,151000,177777,0,0,2454,175323,0,150
71668029,1151,177777,0,15,2454,2454,0,0,177777,151000,177777,0,0,2454,175323,0,150
71668030,1151,177777,0,15,1147,1147,0,0,2454,151000,26005,0,0,1147,176630,0,150
71668031,1151,177777,0,15,1147,1147,0,0,2454,151000,26005,0,0,1147,176630,0,150
71668032,1151,177777,0,15,1147,1147,0,0,2454,151000,26005,0,0,1147,176630,0,150
71668033,1151,177777,0,15,2407,2407,0,0,1147,151000,63402,0,0,2407,175370,0,150
71668034,1151,177777,0,15,2407,2407,0,0,1147,151000,63402,0,0,2407,175370,0,150
71668035,1151,177777,0,15,2407,2407,0,0,1147,151000,63402,0,0,2407,175370,0,150
71668036,1151,177777,0,15,12615,12615,0,0,2407,151000,3405,0,0,12615,165162,0,150
71668037,1151,177777,0,15,12615,12615,0,0,2407,151000,3405,0,0,12615,165162,0,150
71668038,1152,177777,0,15,12615,12615,0,0,2407,151000,3405,0,0,12615,165162,0,150
71668039,1152,177777,0,15,116400,116400,0,0,12615,151000,106425,0,0,116400,61377,0,150
71668040,1153,177777,0,15,116400,116400,0,0,12615,151000,106425,0,4,116400,61377,0,150
71668041,1153,177777,0,15,116400,116400,0,0,12615,151000,106425,0,4,116400,61377,0,150
71668042,1153,177777,0,15,170000,170000,0,0,116400,151000,235,170000,4,110000,7777,170000,20001
71668043,1154,177777,0,15,170000,170000,0,0,116400,151000,235,170000,0,110000,7777,170000,20001
71668044,1154,177777,0,15,170000,170000,0,0,116400,151000,235,170000,0,110000,7777,170000,20001
71668045,1154,177777,0,15,110000,110000,0,0,116400,151000,360,0,0,110000,67777,0,110000
71668046,1155,177777,0,15,110000,110000,0,0,116400,151000,360,0,4,110000,67777,0,110000
71668047,1155,177777,0,15,110000,110000,0,0,116400,151000,360,0,4,110000,67777,0,110000
71668048,1155,177777,0,15,7,7,0,0,116400,151000,220,7,4,26400,177770,7,110000
71668049,1156,177777,0,15,7,7,0,0,116400,151000,220,7,0,26400,177770,7,110000
71668050,1156,177777,0,15,7,7,0,0,116400,151000,220,7,0,26400,177770,7,110000
71668051,1156,177777,0,15,20001,20001,0,0,116400,151000,3400,140000,0,20001,157776,0,20000
71668052,1157,177777,0,15,20001,20001,0,0,116400,151000,3400,140000,5,20001,157776,0,20000
71668053,1156,177777,0,15,20001,20001,0,0,116400,151000,3400,140000,5,20001,157776,0,20000
71668054,1156,177777,0,15,7504,7504,0,0,116400,151000,440,0,5,7504,170273,7504,110000
71668055,1156,177777,0,15,7504,7504,0,0,116400,151000,440,0,5,7504,170273,7504,110000
71668056,1156,177777,0,15,7504,7504,0,0,116400,151000,440,0,5,7504,170273,7504,110000
71668057,1156,177777,0,7504,7504,7504,0,0,116400,151000,42017,0,5,7504,170273,7504,110000
71668058,1156,177777,0,7504,7504,7504,0,0,116400,151000,42017,0,5,7504,170273,7504,110000
71668059,1156,177777,0,7504,7504,7504,0,0,116400,151000,42017,0,5,7504,170273,7504,110000
71668060,1156,177777,0,7504,305,305,0,0,116400,151000,42017,0,5,305,177472,305,110000
71668061,1156,177777,0,7504,305,305,0,0,116400,151000,42017,0,5,305,177472,305,110000
71668062,1156,177777,0,7504,305,305,0,0,116400,151000,42017,0,5,305,177472,305,110000
71668063,1156,177777,305,7504,377,377,0,0,116400,151000,142400,0,5,377,177400,377,110000
71668064,1156,177777,305,7504,377,377,0,0,116400,151000,142400,0,5,377,177400,377,110000
71668065,1156,177777,305,7504,377,377,0,0,116400,151000,142400,0,5,377,177400,377,110000
71668066,1156,377,305,7504,3026,3026,0,0,116400,151000,177400,0,5,3026,174751,3026,110000
# MARK badout tick=71668066
71668067,1156,377,305,7504,3026,3026,0,0,116400,151000,177400,0,5,3026,174751,3026,110000
71668068,1156,377,305,7504,3026,3026,0,0,116400,151000,177400,0,5,3026,174751,3026,110000
71668069,1156,377,305,7504,7672,7672,0,0,116400,151000,13006,0,5,7672,170105,7672,110000
71668070,1156,377,305,7504,7672,7672,0,0,116400,151000,13006,0,5,7672,170105,7672,110000
71668071,1156,377,305,7504,7672,7672,0,0,116400,151000,13006,0,5,7672,170105,7672,110000
71668072,1156,377,305,7504,3044,3044,0,0,116400,151000,135017,0,5,3044,174733,3044,110000
71668073,1156,377,305,7504,3044,3044,0,0,116400,151000,135017,0,5,3044,174733,3044,110000
71668074,1156,377,305,7504,3044,3044,0,0,116400,151000,135017,0,5,3044,174733,3044,110000
71668075,1156,377,305,7504,55672,55672,0,0,116400,151000,22006,0,5,55672,122105,55672,110000
71668076,1156,377,305,7504,55672,55672,0,0,116400,151000,22006,0,5,55672,122105,55672,110000
71668077,1157,377,305,7504,55672,55672,0,0,116400,151000,22006,0,5,55672,122105,55672,110000
71668078,1157,377,305,7504,110244,110244,0,0,116400,151000,135133,0,5,110244,67533,110244,110000
71668079,1160,377,305,7504,110244,110244,0,0,116400,151000,135133,0,5,110244,67533,110244,110000
71668080,1160,377,305,7504,110244,110244,0,0,116400,151000,135133,0,5,110244,67533,110244,110000
71668081,1160,377,305,7504,0,0,0,0,116400,151000,122220,0,5,26644,177777,0,110244
71668082,1161,377,305,7504,0,0,0,0,116400,151000,122220,0,0,26644,177777,0,110244
71668083,1076,377,305,7504,0,0,0,0,116400,151000,122220,0,0,26644,177777,0,110244
71668084,1076,377,305,7504,110244,110244,0,0,116400,151000,0,0,0,110244,67533,0,110244
71668085,1076,377,305,7504,110244,110244,0,0,116400,151000,0,0,0,110244,67533,0,110244
71668086,0,377,305,7504,110244,110244,0,0,116400,151000,0,0,0,110244,67533,0,110244
71693685,501,0,302,7504,302,302,0,0,10244,10244,122020,60000,0,302,177475,0,302
71693686,501,0,302,7504,10244,10244,0,0,10244,10244,141000,501,0,10244,167533,0,0
71693687,501,0,302,7504,10244,10244,0,0,10244,10244,141000,501,10,10244,167533,0,0
71693688,502,0,302,7504,10244,10244,0,0,10244,10244,141000,501,10,10244,167533,0,0
71693689,502,0,302,7504,7,7,0,0,10244,10244,122020,110350,10,300,177770,7,302
71693690,503,0,302,7504,7,7,0,0,10244,10244,122020,110350,4,300,177770,7,302
71693691,503,0,302,7504,7,7,0,0,10244,10244,122020,110350,4,300,177770,7,302
71693692,503,0,302,7504,300,300,0,0,300,10244,3400,300,4,0,177477,300,0
71693693,504,0,302,7504,300,300,0,0,300,10244,3400,300,10,0,177477,300,0
71693694,511,0,302,7504,300,300,0,0,300,10244,3400,300,10,0,177477,300,0
71693695,511,0,302,7504,3,3,0,0,300,10244,140000,110511,10,300,177774,3,302
71693696,511,0,302,7504,3,3,0,0,300,10244,140000,110511,5,300,177774,3,302
71693697,3722,0,302,7504,3,3,0,0,300,10244,140000,110511,5,300,177774,3,302
71693698,3722,0,302,7504,30141,30141,0,0,300,10244,1400,163720,5,30141,147636,30141,1
71693699,3722,0,302,7504,30141,30141,0,0,300,10244,1400,163720,37,30141,147636,30141,1
71693700,521,0,302,7504,30141,30141,0,0,300,10244,1400,163720,37,30141,147636,30141,1
71693701,521,0,302,7504,305,305,0,0,30141,10244,60460,521,37,305,177472,305,0
71693702,521,0,302,7504,305,305,0,0,30141,10244,60460,521,14,305,177472,305,0
71693703,522,0,302,7504,305,305,0,0,30141,10244,60460,521,14,305,177472,305,0
71693704,522,0,302,7504,305,305,0,0,30141,10244,60460,521,14,305,177472,305,0
71693705,522,0,302,7504,305,305,0,0,30141,10244,60460,521,14,305,177472,305,0
71693706,522,0,302,7504,305,305,0,0,30141,10244,60460,521,14,305,177472,305,0
71693707,522,0,302,7504,305,305,0,0,30141,10244,60460,521,14,305,177472,305,0
71693708,522,0,302,7504,305,305,0,0,30141,10244,60460,521,14,305,177472,305,0
71693709,522,0,302,7504,305,305,0,0,30141,10244,60460,521,14,305,177472,305,0
71693710,522,0,302,7504,305,305,0,0,30141,10244,60460,521,14,305,177472,305,0
71693711,522,0,302,7504,305,305,0,0,30141,10244,60460,521,14,305,177472,305,0
71693712,522,0,302,7504,305,305,0,0,30141,10244,60460,521,14,305,177472,305,0
71693713,522,0,302,7504,305,305,0,0,30141,10244,60460,521,14,305,177472,305,0
71693714,522,0,302,7504,305,305,0,0,30141,10244,60460,521,14,305,177472,305,0
71693715,522,0,302,7504,305,305,0,0,30141,10244,60460,521,14,305,177472,305,0
71693716,522,0,302,7504,305,305,0,0,30141,10244,60460,521,14,305,177472,305,0
71693717,522,0,302,7504,305,305,0,0,30141,10244,60460,521,14,305,177472,305,0
71693718,522,0,302,7504,70,70,0,0,305,10244,142400,70350,14,0,177707,70,7504
71693719,523,0,302,7504,70,70,0,0,305,10244,142400,70350,14,0,177707,70,7504
71693720,527,0,302,7504,70,70,0,0,305,10244,142400,70350,14,0,177707,70,7504
71693721,527,0,302,7504,30,30,0,0,0,10244,34000,30527,14,0,177747,30,7672
71693722,527,0,302,7504,30,30,0,0,0,10244,34000,30527,0,0,177747,30,7672
71693723,530,0,302,7504,30,30,0,0,0,10244,34000,30527,0,0,177747,30,7672
71693724,530,0,302,7504,0,0,0,0,0,10244,14000,140000,0,0,177777,0,0
71693725,531,0,302,7504,0,0,0,0,0,10244,14000,140000,16,0,177777,0,0
71693726,531,0,302,7504,0,0,0,0,0,10244,14000,140000,16,0,177777,0,0
71693727,531,0,302,7504,74030,74030,0,0,0,10244,0,0,16,74030,103747,74030,0
71693728,532,0,302,7504,74030,74030,0,0,0,10244,0,0,1,74030,103747,74030,0
71693729,532,0,302,7504,74030,74030,0,0,0,10244,0,0,1,74030,103747,74030,0
71693730,532,0,302,7504,40000,40000,0,0,74030,10244,14170,160340,1,40000,137777,40000,1
71693731,533,0,302,7504,40000,40000,0,0,74030,10244,14170,160340,1,40000,137777,40000,1
71693732,537,0,302,7504,40000,40000,0,0,74030,10244,14170,160340,1,40000,137777,40000,1
71693733,537,0,302,7504,4000,4000,0,0,74030,10244,100,130537,1,4000,173777,4000,20002
71693734,537,0,302,7504,4000,4000,0,0,74030,10244,100,130537,1,4000,173777,4000,20002
71693735,540,0,302,7504,4000,4000,0,0,74030,10244,100,130537,1,4000,173777,4000,20002
71693736,540,0,302,7504,2,2,0,0,74030,10244,10,10350,1,0,177775,2,55672
71693737,541,0,302,7504,2,2,0,0,74030,10244,10,10350,1,0,177775,2,55672
71693738,476,0,302,7504,2,2,0,0,74030,10244,10,10350,1,0,177775,2,55672
71693739,476,0,302,7504,1,1,0,0,74030,10244,1000,0,1,1,177776,1,0
71693740,476,0,302,7504,1,1,0,0,74030,10244,1000,0,0,1,177776,1,0
71693741,0,0,302,7504,1,1,0,0,74030,10244,1000,0,0,1,177776,1,0
71693742,0,0,302,7504,0,74030,0,0,74030,10244,400,0,0,74030,103747,0,0
71693743,0,0,302,7504,0,74030,0,0,74030,10244,400,0,4,74030,103747,0,0
71693744,2001,0,302,7504,0,74030,0,0,74030,10244,400,0,0,74030,103747,0,0
71693745,17107,0,302,7504,0,74030,0,0,74030,10244,400,0,0,74030,103747,0,0
71693746,17107,0,302,7504,0,74030,0,0,74030,10244,400,0,0,74030,103747,0,0
71693747,0,0,302,7504,0,74030,3107,0,74030,10244,400,0,0,74030,103747,0,0
71693748,6000,0,302,7504,0,74030,3107,0,74030,10244,400,0,0,74030,103747,0,0
71693749,6000,0,302,7504,0,74030,0,0,74030,10244,400,0,0,74030,103747,0,0
71693750,6000,0,302,7504,0,74030,0,0,74030,10244,400,0,0,74030,103747,0,0
71693751,6000,0,302,7504,0,74030,0,0,74030,10244,400,0,0,74030,103747,0,0
71693752,7752,0,302,7504,175235,74030,0,175235,74030,10244,400,0,0,74030,103747,0,0
71693753,7752,0,302,7504,175235,74030,0,175235,74030,10244,400,0,0,74030,103747,0,0
71693754,7752,0,302,7504,175235,74030,0,175235,74030,10244,400,0,0,74030,103747,0,0
71693755,7752,0,302,7504,175235,74030,0,175235,74030,10244,400,0,0,74030,103747,0,0
71693756,7752,0,302,7504,175235,74030,0,0,74030,10244,400,0,0,74030,103747,0,0
71693757,7752,0,302,7504,175235,74030,0,0,74030,10244,400,0,0,74030,103747,0,0
71693758,7752,0,302,7504,175235,74030,0,0,74030,10244,400,0,0,74030,103747,0,0
71693759,256,0,302,7504,175235,74030,0,0,74030,175235,14170,256,0,74030,103747,0,0
71693760,256,0,302,7504,74030,74030,0,0,74030,175235,14170,256,6,74030,103747,0,0
71693761,257,0,302,7504,74030,74030,0,0,74030,175235,14170,256,6,74030,103747,0,0
71693762,257,0,302,7504,10244,10244,0,0,74030,74030,14170,0,6,10244,167533,10244,0
71693763,260,0,302,7504,10244,10244,0,0,74030,74030,14170,0,0,10244,167533,10244,0
71693764,264,0,302,7504,10244,10244,0,0,74030,74030,14170,0,0,10244,167533,10244,0
71693765,264,0,302,7504,177777,177777,0,0,74030,74030,122020,264,0,177777,0,0,10244
71693766,264,0,302,7504,177777,177777,0,0,74030,74030,122020,264,1,177777,0,0,10244
71693767,265,0,302,7504,177777,177777,0,0,74030,74030,122020,264,1,177777,0,0,10244
71693768,265,0,302,7504,10,10,0,0,177777,74030,177777,350,1,10,177767,10,7672
71693769,266,0,302,7504,10,10,0,0,177777,74030,177777,350,0,10,177767,10,7672
71693770,266,0,302,7504,10,10,0,0,177777,74030,177777,350,0,10,177767,10,7672
71693771,266,0,302,7504,10243,10243,0,0,177777,74030,4000,325,0,10243,167534,0,10244
71693772,267,0,302,7504,10243,10243,0,0,177777,74030,4000,325,0,10243,167534,0,10244
71693773,0,0,302,7504,10243,10243,0,0,177777,74030,4000,325,0,10243,167534,0,10244
71693774,0,0,302,7504,0,0,0,0,177777,74030,121420,0,0,0,177777,0,10244
71693775,0,0,302,7504,0,0,0,0,177777,74030,121420,0,4,0,177777,0,10244
71693776,2001,0,302,7504,0,0,0,0,177777,74030,121420,0,0,0,177777,0,10244
71693777,17110,0,302,7504,0,0,0,0,177777,74030,121420,0,0,0,177777,0,10244
71693778,17110,0,302,7504,0,0,0,0,177777,74030,121420,0,0,0,177777,0,10244
71693779,0,0,302,7504,0,0,3110,0,177777,74030,121420,0,0,0,177777,0,10244
71693780,6000,0,302,7504,0,0,3110,0,177777,74030,121420,0,0,0,177777,0,10244
71693781,6000,0,302,7504,0,0,0,0,177777,74030,121420,0,0,0,177777,0,10244
71693782,6000,0,302,7504,0,0,0,0,177777,74030,121420,0,0,0,177777,0,10244
71693783,6000,0,302,7504,0,0,0,0,177777,74030,121420,0,0,0,177777,0,10244
71693784,7461,0,302,7504,146142,0,0,146142,177777,74030,121420,0,0,0,177777,0,10244
71693785,7461,0,302,7504,146142,0,0,146142,177777,74030,121420,0,0,0,177777,0,10244
71693786,7461,0,302,7504,146142,0,0,146142,177777,74030,121420,0,0,0,177777,0,10244
71693787,7461,0,302,7504,146142,0,0,146142,177777,74030,121420,0,0,0,177777,0,10244
71693788,7461,0,302,7504,146142,0,0,0,177777,74030,121420,0,0,0,177777,0,10244
71693789,7461,0,302,7504,146142,0,0,0,177777,74030,121420,0,0,0,177777,0,10244
71693790,7461,0,302,7504,146142,0,0,0,177777,74030,121420,0,0,0,177777,0,10244
71693791,145,0,302,7504,146142,3026,0,0,177777,146142,0,145,0,3026,174751,0,3026
71693792,145,0,302,7504,0,3026,0,0,177777,146142,0,145,0,3026,174751,0,3026
71693793,0,0,302,7504,0,3026,0,0,177777,146142,0,145,0,3026,174751,0,3026
71693794,17111,0,302,7504,0,3026,0,0,177777,146142,0,145,0,3026,174751,0,3026
71693795,17111,0,302,7504,0,3026,0,0,177777,146142,0,145,0,3026,174751,0,3026
71693796,0,0,302,7504,0,3026,0,0,177777,146142,0,145,0,3026,174751,0,3026
71693797,0,0,302,7504,0,3026,0,0,177777,146142,0,145,0,3026,174751,0,3026
71693798,0,0,302,7504,0,0,0,0,177777,0,13006,0,0,0,177777,0,0
71693799,0,0,302,7504,0,0,0,0,177777,0,13006,0,4,0,177777,0,0
71693800,2001,0,302,7504,0,0,0,0,177777,0,13006,0,0,0,177777,0,0
71693801,17026,0,302,7504,0,0,0,0,177777,0,13006,0,0,0,177777,0,0
71693802,17026,0,302,7504,0,0,0,0,177777,0,13006,0,0,0,177777,0,0
71693803,0,0,302,7504,0,0,3026,0,177777,0,13006,0,0,0,177777,0,0
71693804,6000,0,302,7504,0,0,3026,0,177777,0,13006,0,0,0,177777,0,0
71693805,6000,0,302,7504,0,0,0,0,177777,0,13006,0,0,0,177777,0,0
71693806,6000,0,302,7504,0,0,0,0,177777,0,13006,0,0,0,177777,0,0
71693807,6000,0,302,7504,0,0,0,0,177777,0,13006,0,0,0,177777,0,0
71693808,7240,0,302,7504,124010,0,0,124010,177777,0,13006,0,0,0,177777,0,0
71693809,7240,0,302,7504,124010,0,0,124010,177777,0,13006,0,34,0,177777,0,0
71693810,7240,0,302,7504,124010,0,0,124010,177777,0,13006,0,34,0,177777,0,0
71693811,7240,0,302,7504,124010,0,0,124010,177777,0,13006,0,34,0,177777,0,0
71693812,7240,0,302,7504,124010,0,0,0,177777,0,13006,0,34,0,177777,0,0
71693813,7240,0,302,7504,124010,0,0,0,177777,0,13006,0,34,0,177777,0,0
71693814,7240,0,302,7504,124010,0,0,0,177777,0,13006,0,34,0,177777,0,0
71693815,0,0,302,7504,124010,0,0,0,177777,124010,0,0,34,177777,177777,0,0
71693816,0,0,302,7504,0,0,0,0,177777,124010,0,0,4,177777,177777,0,0
71693817,2001,0,302,7504,0,0,0,0,177777,124010,0,0,0,177777,177777,0,0
71693818,17036,0,302,7504,0,0,0,0,177777,124010,0,0,0,177777,177777,0,0
71693819,17036,0,302,7504,0,0,0,0,177777,124010,0,0,0,177777,177777,0,0
71693820,0,0,302,7504,0,0,0,0,177777,124010,0,0,0,177777,177777,0,0
71693821,0,0,302,7504,0,0,0,0,177777,124010,0,0,0,177777,177777,0,0
71693822,0,0,302,7504,0,0,0,0,177777,124010,0,0,0,177777,177777,0,0
71693823,0,0,302,7504,0,0,3036,0,177777,124010,0,0,0,177777,177777,0,0
71693824,6000,0,302,7504,0,0,3036,0,177777,124010,0,0,0,177777,177777,0,0
71693825,6000,0,302,7504,0,0,0,0,177777,124010,0,0,0,177777,177777,0,0
71693826,6000,0,302,7504,0,0,0,0,177777,124010,0,0,0,177777,177777,0,0
71693827,6000,0,302,7504,0,0,0,0,177777,124010,0,0,0,177777,177777,0,0
71693828,7750,0,302,7504,175020,0,0,175020,177777,124010,0,0,0,177777,177777,0,0
71693829,7750,0,302,7504,175020,0,0,175020,177777,124010,0,0,0,177777,177777,0,0
71693830,7750,0,302,7504,175020,0,0,175020,177777,124010,0,0,0,177777,177777,0,0
71693831,7750,0,302,7504,175020,0,0,175020,177777,124010,0,0,0,177777,177777,0,0
71693832,7750,0,302,7504,175020,0,0,0,177777,124010,0,0,0,177777,177777,0,0
71693833,7750,0,302,7504,175020,0,0,0,177777,124010,0,0,0,177777,177777,0,0
71693834,7750,0,302,7504,175020,0,0,0,177777,124010,0,0,0,177777,177777,0,0
71693835,262,0,302,7504,177777,177777,0,0,177777,175020,0,262,0,177777,0,0,0
71693836,262,0,302,7504,177777,177777,0,0,177777,175020,0,262,6,177777,0,0,0
71693837,263,0,302,7504,177777,177777,0,0,177777,175020,0,262,6,177777,0,0,0
71693838,263,0,302,7504,10244,10244,0,0,177777,175020,177777,0,6,10244,167533,10244,0
71693839,264,0,302,7504,10244,10244,0,0,177777,175020,177777,0,0,10244,167533,10244,0
71693840,264,0,302,7504,10244,10244,0,0,177777,175020,177777,0,0,10244,167533,10244,0
71693841,264,0,302,7504,10244,10244,0,0,177777,175020,122020,0,0,10244,167533,0,10244
71693842,265,0,302,7504,10244,10244,0,0,177777,175020,122020,0,1,10244,167533,0,10244
71693843,265,0,302,7504,10244,10244,0,0,177777,175020,122020,0,1,10244,167533,0,10244
71693844,265,0,302,7504,4,4,0,0,10244,175020,122020,350,1,4,177773,4,3037
71693845,266,0,302,7504,4,4,0,0,10244,175020,122020,350,0,4,177773,4,3037
71693846,266,0,302,7504,4,4,0,0,10244,175020,122020,350,0,4,177773,4,3037
71693847,266,0,302,7504,20510,20510,0,0,10244,175020,2000,325,0,20510,157267,0,10244
71693848,267,0,302,7504,20510,20510,0,0,10244,175020,2000,325,0,20510,157267,0,10244
71693849,0,0,302,7504,20510,20510,0,0,10244,175020,2000,325,0,20510,157267,0,10244
71693850,0,0,302,7504,0,0,0,0,10244,175020,44041,0,0,0,177777,0,10244
71693851,0,0,302,7504,0,0,0,0,10244,175020,44041,0,4,0,177777,0,10244
71693852,2001,0,302,7504,0,0,0,0,10244,175020,44041,0,0,0,177777,0,10244
71693853,17037,0,302,7504,0,0,0,0,10244,175020,44041,0,0,0,177777,0,10244
71693854,17037,0,302,7504,0,0,0,0,10244,175020,44041,0,0,0,177777,0,10244
71693855,0,0,302,7504,0,0,3037,0,10244,175020,44041,0,0,0,177777,0,10244
71693856,6000,0,302,7504,0,0,3037,0,10244,175020,44041,0,0,0,177777,0,10244
71693857,6000,0,302,7504,0,0,0,0,10244,175020,44041,0,0,0,177777,0,10244
71693858,6000,0,302,7504,0,0,0,0,10244,175020,44041,0,0,0,177777,0,10244
71693859,6000,0,302,7504,0,0,0,0,10244,175020,44041,0,0,0,177777,0,10244
71693860,7504,0,302,7504,150402,0,0,150402,10244,175020,44041,0,0,0,177777,0,10244
71693861,7504,0,302,7504,150402,0,0,150402,10244,175020,44041,0,0,0,177777,0,10244
71693862,7504,0,302,7504,150402,0,0,150402,10244,175020,44041,0,0,0,177777,0,10244
71693863,7504,0,302,7504,150402,0,0,150402,10244,175020,44041,0,0,0,177777,0,10244
71693864,7504,0,302,7504,150402,0,0,0,10244,175020,44041,0,0,0,177777,0,10244
71693865,7504,0,302,7504,150402,0,0,0,10244,175020,44041,0,0,0,177777,0,10244
71693866,7504,0,302,7504,150402,0,0,0,10244,175020,44041,0,0,0,177777,0,10244
71693867,657,0,302,7504,150646,10244,0,0,10244,150402,0,657,0,10244,167533,0,0
71693868,657,0,302,7504,10244,10244,0,0,10244,150402,0,657,0,10244,167533,0,0
71693869,326,0,302,7504,10244,10244,0,0,10244,150402,0,657,0,10244,167533,0,0
71693870,326,0,302,7504,10244,10244,0,0,10244,10244,122020,326,0,10244,167533,0,0
71693871,326,0,302,7504,10244,10244,0,0,10244,10244,122020,326,0,10244,167533,0,0
71693872,327,0,302,7504,10244,10244,0,0,10244,10244,122020,326,0,10244,167533,0,0
71693873,327,0,302,7504,10244,10244,0,0,10244,10244,122020,64,0,10244,167533,0,0
71693874,330,0,302,7504,10244,10244,0,0,10244,10244,122020,64,0,10244,167533,0,0
71693875,660,0,302,7504,10244,10244,0,0,10244,10244,122020,64,0,10244,167533,0,0
71693876,660,0,302,7504,10244,10244,0,0,10244,10244,122020,217,0,10244,167533,0,0
71693877,660,0,302,7504,10244,10244,0,0,10244,10244,122020,217,6,10244,167533,0,0
71693878,3642,0,302,7504,10244,10244,0,0,10244,10244,122020,217,6,10244,167533,0,0
71693879,3642,0,302,7504,10244,10244,0,0,10244,10244,122020,3640,6,10244,167533,10244,0
71693880,3642,0,302,7504,10244,10244,0,0,10244,10244,122020,3640,1,10244,167533,10244,0
71693881,663,0,302,7504,10244,10244,0,0,10244,10244,122020,3640,1,10244,167533,10244,0
71693882,663,0,302,7504,100000,100000,0,0,10244,10244,122020,170663,1,110244,77777,100000,20001
71693883,663,0,302,7504,100000,100000,0,0,10244,10244,122020,170663,0,110244,77777,100000,20001
71693884,664,0,302,7504,100000,100000,0,0,10244,10244,122020,170663,0,110244,77777,100000,20001
71693885,664,0,302,7504,110244,110244,0,0,110244,10244,200,0,0,110244,67533,0,0
71693886,665,0,302,7504,110244,110244,0,0,110244,10244,200,0,0,110244,67533,0,0
71693887,665,0,302,7504,110244,110244,0,0,110244,10244,200,0,0,110244,67533,0,0
71693888,665,0,302,7504,110244,110244,0,0,110244,10244,122220,0,0,110244,67533,0,0
71693889,666,0,302,7504,110244,110244,0,0,110244,10244,122220,0,0,110244,67533,0,0
71693890,1112,0,302,7504,110244,110244,0,0,110244,10244,122220,0,0,110244,67533,0,0
71693891,1112,0,302,7504,130245,130245,0,0,110244,10244,122220,171112,0,130245,47532,0,20001
71693892,1112,0,302,7504,130245,130245,0,0,110244,10244,122220,171112,0,130245,47532,0,20001
71693893,1113,0,302,7504,130245,130245,0,0,110244,10244,122220,171112,0,130245,47532,0,20001
71693894,1113,0,302,7504,130245,130245,0,0,110244,10244,122220,171112,0,130245,47532,0,20001
71693895,1113,0,302,7504,130245,130245,0,0,110244,10244,122220,171112,0,130245,47532,0,20001
71693896,1113,0,302,7504,130245,130245,0,0,110244,10244,122220,171112,0,130245,47532,0,20001
71693897,1113,0,302,7504,130245,130245,0,0,110244,10244,122220,171112,0,130245,47532,0,20001
71693898,1113,0,302,7504,130245,130245,0,0,110244,10244,122220,171112,0,130245,47532,0,20001
71693899,1113,0,302,7504,110244,110244,0,0,110244,10244,122660,0,0,110244,67533,0,0
71693900,1114,0,302,7504,110244,110244,0,0,110244,10244,122660,0,10,110244,67533,0,0
71693901,1114,0,302,7504,110244,110244,0,0,110244,10244,122660,0,10,110244,67533,0,0
71693902,1114,0,302,7504,10,10,0,0,110244,10244,122220,110050,10,110546,177767,10,302
71693903,1115,0,302,7504,10,10,0,0,110244,10244,122220,110050,5,110546,177767,10,302
71693904,1115,0,302,7504,10,10,0,0,110244,10244,122220,110050,5,110546,177767,10,302
71693905,1115,0,302,7504,10,10,0,0,110244,10244,122220,110050,5,110546,177767,10,302
71693906,1115,0,302,7504,10,10,0,0,110244,10244,122220,110050,5,110546,177767,10,302
71693907,1115,0,302,7504,10,10,0,0,110244,10244,122220,110050,5,110546,177767,10,302
71693908,1115,0,302,7504,10,10,0,0,110244,10244,122220,110050,5,110546,177767,10,302
71693909,1115,0,302,7504,10,10,0,0,110244,10244,122220,110050,5,110546,177767,10,302
71693910,1115,0,302,7504,0,0,0,0,110244,10244,4000,170000,5,0,177777,0,20001
71693911,1116,0,302,7504,0,0,0,0,110244,10244,4000,170000,6,0,177777,0,20001
71693912,1116,0,302,7504,0,0,0,0,110244,10244,4000,170000,6,0,177777,0,20001
71693913,1116,0,302,7504,110244,110244,0,0,0,10244,0,324,6,110244,67533,110244,0
71693914,666,0,302,7504,110244,110244,0,0,0,10244,0,324,5,110244,67533,110244,0
71693915,1117,0,302,7504,110244,110244,0,0,0,10244,0,324,5,110244,67533,110244,0
71693916,1117,0,302,7504,60001,60001,0,0,0,10244,122220,170300,5,0,117776,60001,20001
71693917,1120,0,302,7504,60001,60001,0,0,0,10244,122220,170300,4,0,117776,60001,20001
71693918,1120,0,302,7504,60001,60001,0,0,0,10244,122220,170300,4,0,117776,60001,20001
71693919,1120,0,302,7504,100013,100013,0,0,0,10244,540,100013,4,100013,77764,100013,77770
71693920,1121,0,302,7504,100013,100013,0,0,0,10244,540,100013,0,100013,77764,100013,77770
71693921,1120,0,302,7504,100013,100013,0,0,0,10244,540,100013,0,100013,77764,100013,77770
71693922,1120,0,302,7504,0,0,0,0,100013,10244,5600,0,0,0,177777,0,0
71693923,1120,0,302,7504,0,0,0,0,100013,10244,5600,0,0,0,177777,0,0
71693924,1120,0,302,7504,0,0,0,0,100013,10244,5600,0,0,0,177777,0,0
71693925,1120,0,302,7504,1,1,0,0,26,10244,0,0,0,1,177776,0,0
71693926,1120,0,302,7504,1,1,0,0,26,10244,0,0,0,1,177776,0,0
71693927,1120,0,302,7504,1,1,0,0,26,10244,0,0,0,1,177776,0,0
71693928,1120,0,302,7504,2,2,0,0,54,10244,400,0,0,2,177775,0,0
71693929,1120,0,302,7504,2,2,0,0,54,10244,400,0,0,2,177775,0,0
71693930,1120,0,302,7504,2,2,0,0,54,10244,400,0,0,2,177775,0,0
71693931,1120,0,302,7504,4,4,0,0,130,10244,1000,0,0,4,177773,0,0
71693932,1120,0,302,7504,4,4,0,0,130,10244,1000,0,0,4,177773,0,0
71693933,1120,0,302,7504,4,4,0,0,130,10244,1000,0,0,4,177773,0,0
71693934,1120,0,302,7504,10,10,0,0,260,10244,2000,0,0,10,177767,0,0
71693935,1120,0,302,7504,10,10,0,0,260,10244,2000,0,0,10,177767,0,0
71693936,1120,0,302,7504,10,10,0,0,260,10244,2000,0,0,10,177767,0,0
71693937,1120,0,302,7504,20,20,0,0,540,10244,4000,0,0,20,177757,0,0
71693938,1120,0,302,7504,20,20,0,0,540,10244,4000,0,0,20,177757,0,0
71693939,1120,0,302,7504,20,20,0,0,540,10244,4000,0,0,20,177757,0,0
71693940,1120,0,302,7504,40,40,0,0,1300,10244,10000,0,0,40,177737,0,0
71693941,1120,0,302,7504,40,40,0,0,1300,10244,10000,0,0,40,177737,0,0
71693942,1120,0,302,7504,40,40,0,0,1300,10244,10000,0,0,40,177737,0,0
71693943,1120,0,302,7504,100,100,0,0,2600,10244,20000,0,0,100,177677,0,0
71693944,1120,0,302,7504,100,100,0,0,2600,10244,20000,0,0,100,177677,0,0
71693945,1120,0,302,7504,100,100,0,0,2600,10244,20000,0,0,100,177677,0,0
71693946,1120,0,302,7504,200,200,0,0,5400,10244,40000,0,0,200,177577,0,0
71693947,1120,0,302,7504,200,200,0,0,5400,10244,40000,0,0,200,177577,0,0
71693948,1120,0,302,7504,200,200,0,0,5400,10244,40000,0,0,200,177577,0,0
71693949,1120,0,302,7504,400,400,0,0,13000,10244,100000,0,0,400,177377,0,0
71693950,1120,0,302,7504,400,400,0,0,13000,10244,100000,0,0,400,177377,0,0
71693951,1120,0,302,7504,400,400,0,0,13000,10244,100000,0,0,400,177377,0,0
71693952,1120,0,302,7504,1000,1000,0,0,26000,10244,1,0,0,1000,176777,0,0
71693953,1120,0,302,7504,1000,1000,0,0,26000,10244,1,0,0,1000,176777,0,0
71693954,1120,0,302,7504,1000,1000,0,0,26000,10244,1,0,0,1000,176777,0,0
71693955,1120,0,302,7504,2000,2000,0,0,54000,10244,2,0,0,2000,175777,0,0
71693956,1120,0,302,7504,2000,2000,0,0,54000,10244,2,0,0,2000,175777,0,0
71693957,1120,0,302,7504,2000,2000,0,0,54000,10244,2,0,0,2000,175777,0,0
71693958,1120,0,302,7504,4000,4000,0,0,130000,10244,4,0,0,4000,173777,0,0
71693959,1120,0,302,7504,4000,4000,0,0,130000,10244,4,0,0,4000,173777,0,0
71693960,1121,0,302,7504,4000,4000,0,0,130000,10244,4,0,0,4000,173777,0,0
71693961,1121,0,302,7504,10001,10001,0,0,60000,10244,10,0,0,10001,167776,0,0
71693962,1122,0,302,7504,10001,10001,0,0,60000,10244,10,0,10,10001,167776,0,0
71693963,1133,0,302,7504,10001,10001,0,0,60000,10244,10,0,10,10001,167776,0,0
71693964,1133,0,302,7504,0,0,0,0,140000,10244,420,1133,10,0,177777,0,0
71693965,1133,0,302,7504,0,0,0,0,140000,10244,420,1133,0,0,177777,0,0
71693966,1134,0,302,7504,0,0,0,0,140000,10244,420,1133,0,0,177777,0,0
71693967,1134,0,302,7504,0,0,0,0,0,10244,0,350,0,0,177777,0,0
71693968,1135,0,302,7504,0,0,0,0,0,10244,0,350,11,0,177777,0,0
71693969,1140,0,302,7504,0,0,0,0,0,10244,0,350,11,0,177777,0,0
71693970,1140,0,302,7504,0,0,0,0,0,10244,0,1140,11,0,177777,0,0
71693971,1140,0,302,7504,0,0,0,0,0,10244,0,1140,1,0,177777,0,0
71693972,1141,0,302,7504,0,0,0,0,0,10244,0,1140,1,0,177777,0,0
71693973,1141,0,302,7504,1,1,0,0,0,10244,0,0,1,1,177776,1,0
71693974,1142,0,302,7504,1,1,0,0,0,10244,0,0,1,1,177776,1,0
71693975,1142,0,302,7504,1,1,0,0,0,10244,0,0,1,1,177776,1,0
71693976,1142,0,302,7504,1,1,0,0,1,10244,400,344,1,1,177776,1,0
71693977,1143,0,302,7504,1,1,0,0,1,10244,400,344,4,1,177776,1,0
71693978,666,0,302,7504,1,1,0,0,1,10244,400,344,4,1,177776,1,0
71693979,666,0,302,7504,140000,140000,0,0,1,10244,400,140000,4,0,37777,140000,0
71693980,666,0,302,7504,140000,140000,0,0,1,10244,400,140000,0,0,37777,140000,0
71693981,0,0,302,7504,140000,140000,0,0,1,10244,400,140000,0,0,37777,140000,0
71693982,0,0,302,7504,0,0,0,0,1,10244,300,0,0,0,177777,0,0
71693983,0,0,302,7504,0,0,0,0,1,10244,300,0,4,0,177777,0,0
71693984,2001,0,302,7504,0,0,0,0,1,10244,300,0,0,0,177777,0,0
71693985,17040,0,302,7504,0,0,0,0,1,10244,300,0,0,0,177777,0,0
71693986,17040,0,302,7504,0,0,0,0,1,10244,300,0,0,0,177777,0,0
71693987,0,0,302,7504,0,0,3040,0,1,10244,300,0,0,0,177777,0,0
71693988,6000,0,302,7504,0,0,3040,0,1,10244,300,0,0,0,177777,0,0
71693989,6000,0,302,7504,0,0,0,0,1,10244,300,0,0,0,177777,0,0
71693990,6000,0,302,7504,0,0,0,0,1,10244,300,0,0,0,177777,0,0
71693991,6000,0,302,7504,0,0,0,0,1,10244,300,0,0,0,177777,0,0
71693992,6440,0,302,7504,44035,0,0,44035,1,10244,300,0,0,0,177777,0,0
71693993,6440,0,302,7504,44035,0,0,44035,1,10244,300,0,0,0,177777,0,0
71693994,6440,0,302,7504,44035,0,0,44035,1,10244,300,0,0,0,177777,0,0
71693995,6440,0,302,7504,44035,0,0,44035,1,10244,300,0,0,0,177777,0,0
71693996,6440,0,302,7504,44035,0,0,0,1,10244,300,0,0,0,177777,0,0
71693997,6440,0,302,7504,44035,0,0,0,1,10244,300,0,0,0,177777,0,0
71693998,6440,0,302,7504,44035,0,0,0,1,10244,300,0,0,0,177777,0,0
71693999,170,0,302,7504,44035,1,0,0,1,44035,0,170,0,1,177776,0,0
71694000,170,0,302,7504,0,1,0,0,1,44035,0,170,3,1,177776,0,0
71694001,0,0,302,7504,0,1,0,0,1,44035,0,170,3,1,177776,0,0
71694002,0,0,302,7504,0,1,0,0,1,44035,0,170,3,1,177776,0,0
71694003,0,0,302,7504,0,1,0,0,1,44035,0,170,3,1,177776,0,0
71694004,0,0,302,7504,0,1,3075,0,1,44035,0,170,3,1,177776,0,0
71694005,0,0,302,7504,0,1,3075,0,1,44035,0,170,3,1,177776,0,0
71694006,0,0,302,7504,0,1,0,0,1,44035,0,170,3,1,177776,0,0
71694007,0,0,302,7504,0,1,0,0,1,44035,0,170,3,1,177776,0,0
71694008,0,0,302,7504,0,1,0,0,1,44035,0,170,3,1,177776,0,0
71694009,0,0,302,7504,377,1,0,377,1,44035,0,170,3,1,177776,0,0
71694010,0,0,302,7504,377,1,0,377,1,44035,0,170,3,1,177776,0,0
71694011,0,0,302,7504,377,1,0,377,1,44035,0,170,3,1,177776,0,0
71694012,0,0,302,7504,377,1,0,377,1,44035,0,170,3,1,177776,0,0
71694013,0,0,302,7504,377,1,0,0,1,44035,0,170,3,1,177776,0,0
71694014,0,0,302,7504,377,1,0,0,1,44035,0,170,3,1,177776,0,0
71694015,0,0,302,7504,377,1,0,0,1,44035,0,170,3,1,177776,0,0
71694016,0,0,302,7504,377,377,0,0,1,377,400,0,3,377,177400,377,0
71694017,0,0,302,7504,0,377,0,0,1,377,400,0,4,377,177400,377,0
71694018,2001,0,302,7504,0,377,0,0,1,377,400,0,0,377,177400,377,0
71694019,17041,0,302,7504,0,377,0,0,1,377,400,0,0,377,177400,377,0
71694020,17041,0,302,7504,0,377,0,0,1,377,400,0,0,377,177400,377,0
71694021,0,0,302,7504,0,377,3041,0,1,377,400,0,0,377,177400,377,0
71694022,6000,0,302,7504,0,377,3041,0,1,377,400,0,0,377,177400,377,0
71694023,6000,0,302,7504,0,377,0,0,1,377,400,0,0,377,177400,377,0
71694024,6000,0,302,7504,0,377,0,0,1,377,400,0,0,377,177400,377,0
71694025,6000,0,302,7504,0,377,0,0,1,377,400,0,0,377,177400,377,0
71694026,6500,0,302,7504,50033,377,0,50033,1,377,400,0,0,377,177400,377,0
71694027,6500,0,302,7504,50033,377,0,50033,1,377,400,0,0,377,177400,377,0
71694028,6500,0,302,7504,50033,377,0,50033,1,377,400,0,0,377,177400,377,0
71694029,6500,0,302,7504,50033,377,0,50033,1,377,400,0,0,377,177400,377,0
71694030,6500,0,302,7504,50033,377,0,0,1,377,400,0,0,377,177400,377,0
71694031,6500,0,302,7504,50033,377,0,0,1,377,400,0,0,377,177400,377,0
71694032,6500,0,302,7504,50033,377,0,0,1,377,400,0,0,377,177400,377,0
71694033,172,377,302,7504,50033,1,0,0,1,50033,177400,172,0,1,177776,0,0
71694034,172,377,302,7504,0,1,0,0,1,50033,177400,172,3,1,177776,0,0
71694035,0,377,302,7504,0,1,0,0,1,50033,177400,172,3,1,177776,0,0
71694036,0,377,302,7504,0,1,0,0,1,50033,177400,172,3,1,177776,0,0
71694037,0,377,302,7504,0,1,0,0,1,50033,177400,172,3,1,177776,0,0
71694038,0,377,302,7504,0,1,3074,0,1,50033,177400,172,3,1,177776,0,0
71694039,0,377,302,7504,0,1,3074,0,1,50033,177400,172,3,1,177776,0,0
71694040,0,377,302,7504,0,1,0,0,1,50033,177400,172,3,1,177776,0,0
71694041,0,377,302,7504,0,1,0,0,1,50033,177400,172,3,1,177776,0,0
71694042,0,377,302,7504,0,1,0,0,1,50033,177400,172,3,1,177776,0,0
71694043,0,377,302,7504,300,1,0,300,1,50033,177400,172,3,1,177776,0,0
71694044,0,377,302,7504,300,1,0,300,1,50033,177400,172,3,1,177776,0,0
71694045,0,377,302,7504,300,1,0,300,1,50033,177400,172,3,1,177776,0,0
71694046,0,377,302,7504,300,1,0,300,1,50033,177400,172,3,1,177776,0,0
71694047,0,377,302,7504,300,1,0,0,1,50033,177400,172,3,1,177776,0,0
71694048,0,377,302,7504,300,1,0,0,1,50033,177400,172,3,1,177776,0,0
71694049,0,377,302,7504,300,1,0,0,1,50033,177400,172,3,1,177776,0,0
71694050,0,377,302,7504,300,300,0,0,1,300,400,0,3,300,177477,300,0
71694051,0,377,302,7504,0,300,0,0,1,300,400,0,4,300,177477,300,0
71694052,2001,377,302,7504,0,300,0,0,1,300,400,0,0,300,177477,300,0
71694053,17042,377,302,7504,0,300,0,0,1,300,400,0,0,300,177477,300,0
71694054,17042,377,302,7504,0,300,0,0,1,300,400,0,0,300,177477,300,0
71694055,0,377,302,7504,0,300,3042,0,1,300,400,0,0,300,177477,300,0
71694056,6000,377,302,7504,0,300,3042,0,1,300,400,0,0,300,177477,300,0
71694057,6000,377,302,7504,0,300,0,0,1,300,400,0,0,300,177477,300,0
71694058,6000,377,302,7504,0,300,0,0,1,300,400,0,0,300,177477,300,0
71694059,6000,377,302,7504,0,300,0,0,1,300,400,0,0,300,177477,300,0
71694060,7730,377,302,7504,173005,300,0,173005,1,300,400,0,0,300,177477,300,0
71694061,7730,377,302,7504,173005,300,0,173005,1,300,400,0,22,300,177477,300,0
71694062,7730,377,302,7504,173005,300,0,173005,1,300,400,0,22,300,177477,300,0
71694063,7730,377,302,7504,173005,300,0,173005,1,300,400,0,22,300,177477,300,0
71694064,7730,377,302,7504,173005,300,0,0,1,300,400,0,22,300,177477,300,0
71694065,7730,377,302,7504,173005,300,0,0,1,300,400,0,22,300,177477,300,0
71694066,7730,377,302,7504,173005,300,0,0,1,300,400,0,22,300,177477,300,0
71694067,0,377,300,7504,173005,5,0,0,1,173005,140000,60000,22,305,177772,5,300
71694068,0,377,300,7504,0,5,0,0,1,173005,140000,60000,4,305,177772,5,300
71694069,2001,377,300,7504,0,5,0,0,1,173005,140000,60000,0,305,177772,5,300
71694070,17043,377,300,7504,0,5,0,0,1,173005,140000,60000,0,305,177772,5,300
71694071,17043,377,300,7504,0,5,0,0,1,173005,140000,60000,0,305,177772,5,300
71694072,0,377,300,7504,0,5,3043,0,1,173005,140000,60000,0,305,177772,5,300
71694073,6000,377,300,7504,0,5,3043,0,1,173005,140000,60000,0,305,177772,5,300
71694074,6000,377,300,7504,0,5,0,0,1,173005,140000,60000,0,305,177772,5,300
71694075,6000,377,300,7504,0,5,0,0,1,173005,140000,60000,0,305,177772,5,300
71694076,6000,377,300,7504,0,5,0,0,1,173005,140000,60000,0,305,177772,5,300
71694077,7504,377,300,7504,150415,5,0,150415,1,173005,140000,60000,0,305,177772,5,300
71694078,7504,377,300,7504,150415,5,0,150415,1,173005,140000,60000,0,305,177772,5,300
71694079,7504,377,300,7504,150415,5,0,150415,1,173005,140000,60000,0,305,177772,5,300
71694080,7504,377,300,7504,150415,5,0,150415,1,173005,140000,60000,0,305,177772,5,300
71694081,7504,377,300,7504,150415,5,0,0,1,173005,140000,60000,0,305,177772,5,300
71694082,7504,377,300,7504,150415,5,0,0,1,173005,140000,60000,0,305,177772,5,300
71694083,7504,377,300,7504,150415,5,0,0,1,173005,140000,60000,0,305,177772,5,300
71694084,657,377,305,7504,150415,1,0,0,1,150415,2400,657,0,1,177776,0,0
# MARK badout tick=71694084
71694085,657,377,305,7504,1,1,0,0,1,150415,2400,657,0,1,177776,0,0
71694086,326,377,305,7504,1,1,0,0,1,150415,2400,657,0,1,177776,0,0
71694087,326,377,305,7504,1,1,0,0,1,1,400,326,0,1,177776,0,0
71694088,326,377,305,7504,1,1,0,0,1,1,400,326,0,1,177776,0,0
71694089,327,377,305,7504,1,1,0,0,1,1,400,326,0,1,177776,0,0
71694090,327,377,305,7504,1,1,0,0,1,1,400,64,0,1,177776,0,0
71694091,330,377,305,7504,1,1,0,0,1,1,400,64,0,1,177776,0,0
71694092,660,377,305,7504,1,1,0,0,1,1,400,64,0,1,177776,0,0
71694093,660,377,305,7504,1,1,0,0,1,1,400,217,0,1,177776,0,0
71694094,660,377,305,7504,1,1,0,0,1,1,400,217,6,1,177776,0,0
71694095,3655,377,305,7504,1,1,0,0,1,1,400,217,6,1,177776,0,0
71694096,3655,377,305,7504,110244,110244,0,0,1,1,400,3640,6,110244,67533,110244,0
71694097,3655,377,305,7504,110244,110244,0,0,1,1,400,3640,0,110244,67533,110244,0
71694098,474,377,305,7504,110244,110244,0,0,1,1,400,3640,0,110244,67533,110244,0
71694099,474,377,305,7504,110244,110244,0,0,110244,1,122220,474,0,110244,67533,0,0
71694100,474,377,305,7504,110244,110244,0,0,110244,1,122220,474,0,110244,67533,0,0
71694101,475,377,305,7504,110244,110244,0,0,110244,1,122220,474,0,110244,67533,0,0
71694102,475,377,305,7504,305,305,0,0,110244,1,122220,60000,0,305,177472,0,305
71694103,476,377,305,7504,305,305,0,0,110244,1,122220,60000,0,305,177472,0,305
71694104,501,377,305,7504,305,305,0,0,110244,1,122220,60000,0,305,177472,0,305
74341827,475,0,302,7560,10044,10044,0,0,10044,10044,22020,474,0,10044,167733,0,0
74341828,475,0,302,7560,302,302,0,0,10044,10044,22020,60000,0,302,177475,0,302
74341829,476,0,302,7560,302,302,0,0,10044,10044,22020,60000,0,302,177475,0,302
74341830,501,0,302,7560,302,302,0,0,10044,10044,22020,60000,0,302,177475,0,302
74341831,501,0,302,7560,10044,10044,0,0,10044,10044,141000,501,0,10044,167733,0,0
74341832,501,0,302,7560,10044,10044,0,0,10044,10044,141000,501,10,10044,167733,0,0
74341833,502,0,302,7560,10044,10044,0,0,10044,10044,141000,501,10,10044,167733,0,0
74341834,502,0,302,7560,7,7,0,0,10044,10044,22020,110350,10,300,177770,7,302
74341835,503,0,302,7560,7,7,0,0,10044,10044,22020,110350,4,300,177770,7,302
74341836,503,0,302,7560,7,7,0,0,10044,10044,22020,110350,4,300,177770,7,302
74341837,503,0,302,7560,300,300,0,0,300,10044,3400,300,4,0,177477,300,0
74341838,504,0,302,7560,300,300,0,0,300,10044,3400,300,10,0,177477,300,0
74341839,511,0,302,7560,300,300,0,0,300,10044,3400,300,10,0,177477,300,0
74341840,511,0,302,7560,3,3,0,0,300,10044,140000,110511,10,300,177774,3,302
74341841,511,0,302,7560,3,3,0,0,300,10044,140000,110511,5,300,177774,3,302
74341842,3722,0,302,7560,3,3,0,0,300,10044,140000,110511,5,300,177774,3,302
74341843,3722,0,302,7560,30141,30141,0,0,300,10044,1400,163720,5,30141,147636,30141,1
74341844,3722,0,302,7560,30141,30141,0,0,300,10044,1400,163720,37,30141,147636,30141,1
74341845,521,0,302,7560,30141,30141,0,0,300,10044,1400,163720,37,30141,147636,30141,1
74341846,521,0,302,7560,305,305,0,0,30141,10044,60460,521,37,305,177472,305,0
74341847,521,0,302,7560,305,305,0,0,30141,10044,60460,521,14,305,177472,305,0
74341848,522,0,302,7560,305,305,0,0,30141,10044,60460,521,14,305,177472,305,0
74341849,522,0,302,7560,305,305,0,0,30141,10044,60460,521,14,305,177472,305,0
74341850,522,0,302,7560,305,305,0,0,30141,10044,60460,521,14,305,177472,305,0
74341851,522,0,302,7560,305,305,0,0,30141,10044,60460,521,14,305,177472,305,0
74341852,522,0,302,7560,305,305,0,0,30141,10044,60460,521,14,305,177472,305,0
74341853,522,0,302,7560,305,305,0,0,30141,10044,60460,521,14,305,177472,305,0
74341854,522,0,302,7560,305,305,0,0,30141,10044,60460,521,14,305,177472,305,0
74341855,522,0,302,7560,305,305,0,0,30141,10044,60460,521,14,305,177472,305,0
74341856,522,0,302,7560,305,305,0,0,30141,10044,60460,521,14,305,177472,305,0
74341857,522,0,302,7560,305,305,0,0,30141,10044,60460,521,14,305,177472,305,0
74341858,522,0,302,7560,305,305,0,0,30141,10044,60460,521,14,305,177472,305,0
74341859,522,0,302,7560,305,305,0,0,30141,10044,60460,521,14,305,177472,305,0
74341860,522,0,302,7560,305,305,0,0,30141,10044,60460,521,14,305,177472,305,0
74341861,522,0,302,7560,305,305,0,0,30141,10044,60460,521,14,305,177472,305,0
74341862,522,0,302,7560,305,305,0,0,30141,10044,60460,521,14,305,177472,305,0
74341863,522,0,302,7560,70,70,0,0,305,10044,142400,70350,14,0,177707,70,7560
74341864,523,0,302,7560,70,70,0,0,305,10044,142400,70350,14,0,177707,70,7560
74341865,527,0,302,7560,70,70,0,0,305,10044,142400,70350,14,0,177707,70,7560
74341866,527,0,302,7560,30,30,0,0,0,10044,34000,30527,14,0,177747,30,7746
74341867,527,0,302,7560,30,30,0,0,0,10044,34000,30527,0,0,177747,30,7746
74341868,530,0,302,7560,30,30,0,0,0,10044,34000,30527,0,0,177747,30,7746
74341869,530,0,302,7560,0,0,0,0,0,10044,14000,140000,0,0,177777,0,0
74341870,531,0,302,7560,0,0,0,0,0,10044,14000,140000,16,0,177777,0,0
74341871,531,0,302,7560,0,0,0,0,0,10044,14000,140000,16,0,177777,0,0
74341872,531,0,302,7560,74030,74030,0,0,0,10044,0,0,16,74030,103747,74030,0
74341873,532,0,302,7560,74030,74030,0,0,0,10044,0,0,1,74030,103747,74030,0
74341874,532,0,302,7560,74030,74030,0,0,0,10044,0,0,1,74030,103747,74030,0
74341875,532,0,302,7560,40000,40000,0,0,74030,10044,14170,160340,1,40000,137777,40000,1
74341876,533,0,302,7560,40000,40000,0,0,74030,10044,14170,160340,1,40000,137777,40000,1
74341877,537,0,302,7560,40000,40000,0,0,74030,10044,14170,160340,1,40000,137777,40000,1
74341878,537,0,302,7560,4000,4000,0,0,74030,10044,100,130537,1,4000,173777,4000,20002
74341879,537,0,302,7560,4000,4000,0,0,74030,10044,100,130537,1,4000,173777,4000,20002
74341880,540,0,302,7560,4000,4000,0,0,74030,10044,100,130537,1,4000,173777,4000,20002
74341881,540,0,302,7560,2,2,0,0,74030,10044,10,10350,1,0,177775,2,55672
74341882,541,0,302,7560,2,2,0,0,74030,10044,10,10350,1,0,177775,2,55672
74341883,476,0,302,7560,2,2,0,0,74030,10044,10,10350,1,0,177775,2,55672
74341884,476,0,302,7560,1,1,0,0,74030,10044,1000,0,1,1,177776,1,0
74341885,476,0,302,7560,1,1,0,0,74030,10044,1000,0,0,1,177776,1,0
74341886,0,0,302,7560,1,1,0,0,74030,10044,1000,0,0,1,177776,1,0
74341887,0,0,302,7560,0,74030,0,0,74030,10044,400,0,0,74030,103747,0,0
74341888,0,0,302,7560,0,74030,0,0,74030,10044,400,0,4,74030,103747,0,0
74341889,2001,0,302,7560,0,74030,0,0,74030,10044,400,0,0,74030,103747,0,0
74341890,17107,0,302,7560,0,74030,0,0,74030,10044,400,0,0,74030,103747,0,0
74341891,17107,0,302,7560,0,74030,0,0,74030,10044,400,0,0,74030,103747,0,0
74341892,0,0,302,7560,0,74030,3107,0,74030,10044,400,0,0,74030,103747,0,0
74341893,6000,0,302,7560,0,74030,3107,0,74030,10044,400,0,0,74030,103747,0,0
74341894,6000,0,302,7560,0,74030,0,0,74030,10044,400,0,0,74030,103747,0,0
74341895,6000,0,302,7560,0,74030,0,0,74030,10044,400,0,0,74030,103747,0,0
74341896,6000,0,302,7560,0,74030,0,0,74030,10044,400,0,0,74030,103747,0,0
74341897,7752,0,302,7560,175235,74030,0,175235,74030,10044,400,0,0,74030,103747,0,0
74341898,7752,0,302,7560,175235,74030,0,175235,74030,10044,400,0,0,74030,103747,0,0
74341899,7752,0,302,7560,175235,74030,0,175235,74030,10044,400,0,0,74030,103747,0,0
74341900,7752,0,302,7560,175235,74030,0,175235,74030,10044,400,0,0,74030,103747,0,0
74341901,7752,0,302,7560,175235,74030,0,0,74030,10044,400,0,0,74030,103747,0,0
74341902,7752,0,302,7560,175235,74030,0,0,74030,10044,400,0,0,74030,103747,0,0
74341903,7752,0,302,7560,175235,74030,0,0,74030,10044,400,0,0,74030,103747,0,0
74341904,256,0,302,7560,175235,74030,0,0,74030,175235,14170,256,0,74030,103747,0,0
74341905,256,0,302,7560,74030,74030,0,0,74030,175235,14170,256,6,74030,103747,0,0
74341906,257,0,302,7560,74030,74030,0,0,74030,175235,14170,256,6,74030,103747,0,0
74341907,257,0,302,7560,10044,10044,0,0,74030,74030,14170,0,6,10044,167733,10044,0
74341908,260,0,302,7560,10044,10044,0,0,74030,74030,14170,0,0,10044,167733,10044,0
74341909,264,0,302,7560,10044,10044,0,0,74030,74030,14170,0,0,10044,167733,10044,0
74341910,264,0,302,7560,177777,177777,0,0,74030,74030,22020,264,0,177777,0,0,10044
74341911,264,0,302,7560,177777,177777,0,0,74030,74030,22020,264,1,177777,0,0,10044
74341912,265,0,302,7560,177777,177777,0,0,74030,74030,22020,264,1,177777,0,0,10044
74341913,265,0,302,7560,10,10,0,0,177777,74030,177777,350,1,10,177767,10,7746
74341914,266,0,302,7560,10,10,0,0,177777,74030,177777,350,0,10,177767,10,7746
74341915,266,0,302,7560,10,10,0,0,177777,74030,177777,350,0,10,177767,10,7746
74341916,266,0,302,7560,10043,10043,0,0,177777,74030,4000,325,0,10043,167734,0,10044
74341917,267,0,302,7560,10043,10043,0,0,177777,74030,4000,325,0,10043,167734,0,10044
74341918,0,0,302,7560,10043,10043,0,0,177777,74030,4000,325,0,10043,167734,0,10044
74341919,0,0,302,7560,0,0,0,0,177777,74030,21420,0,0,0,177777,0,10044
74341920,0,0,302,7560,0,0,0,0,177777,74030,21420,0,4,0,177777,0,10044
74341921,2001,0,302,7560,0,0,0,0,177777,74030,21420,0,0,0,177777,0,10044
74341922,17110,0,302,7560,0,0,0,0,177777,74030,21420,0,0,0,177777,0,10044
74341923,17110,0,302,7560,0,0,0,0,177777,74030,21420,0,0,0,177777,0,10044
74341924,0,0,302,7560,0,0,3110,0,177777,74030,21420,0,0,0,177777,0,10044
74341925,6000,0,302,7560,0,0,3110,0,177777,74030,21420,0,0,0,177777,0,10044
74341926,6000,0,302,7560,0,0,0,0,177777,74030,21420,0,0,0,177777,0,10044
74341927,6000,0,302,7560,0,0,0,0,177777,74030,21420,0,0,0,177777,0,10044
74341928,6000,0,302,7560,0,0,0,0,177777,74030,21420,0,0,0,177777,0,10044
74341929,7461,0,302,7560,146142,0,0,146142,177777,74030,21420,0,0,0,177777,0,10044
74341930,7461,0,302,7560,146142,0,0,146142,177777,74030,21420,0,0,0,177777,0,10044
74341931,7461,0,302,7560,146142,0,0,146142,177777,74030,21420,0,0,0,177777,0,10044
74341932,7461,0,302,7560,146142,0,0,146142,177777,74030,21420,0,0,0,177777,0,10044
74341933,7461,0,302,7560,146142,0,0,0,177777,74030,21420,0,0,0,177777,0,10044
74341934,7461,0,302,7560,146142,0,0,0,177777,74030,21420,0,0,0,177777,0,10044
74341935,7461,0,302,7560,146142,0,0,0,177777,74030,21420,0,0,0,177777,0,10044
74341936,145,0,302,7560,146142,3026,0,0,177777,146142,0,145,0,3026,174751,0,3026
74341937,145,0,302,7560,0,3026,0,0,177777,146142,0,145,0,3026,174751,0,3026
74341938,0,0,302,7560,0,3026,0,0,177777,146142,0,145,0,3026,174751,0,3026
74341939,17111,0,302,7560,0,3026,0,0,177777,146142,0,145,0,3026,174751,0,3026
74341940,17111,0,302,7560,0,3026,0,0,177777,146142,0,145,0,3026,174751,0,3026
74341941,0,0,302,7560,0,3026,0,0,177777,146142,0,145,0,3026,174751,0,3026
74341942,0,0,302,7560,0,3026,0,0,177777,146142,0,145,0,3026,174751,0,3026
74341943,0,0,302,7560,0,0,0,0,177777,0,13006,0,0,0,177777,0,0
74341944,0,0,302,7560,0,0,0,0,177777,0,13006,0,4,0,177777,0,0
74341945,2001,0,302,7560,0,0,0,0,177777,0,13006,0,0,0,177777,0,0
74341946,17026,0,302,7560,0,0,0,0,177777,0,13006,0,0,0,177777,0,0
74341947,17026,0,302,7560,0,0,0,0,177777,0,13006,0,0,0,177777,0,0
74341948,0,0,302,7560,0,0,3026,0,177777,0,13006,0,0,0,177777,0,0
74341949,6000,0,302,7560,0,0,3026,0,177777,0,13006,0,0,0,177777,0,0
74341950,6000,0,302,7560,0,0,0,0,177777,0,13006,0,0,0,177777,0,0
74341951,6000,0,302,7560,0,0,0,0,177777,0,13006,0,0,0,177777,0,0
74341952,6000,0,302,7560,0,0,0,0,177777,0,13006,0,0,0,177777,0,0
74341953,7240,0,302,7560,124010,0,0,124010,177777,0,13006,0,0,0,177777,0,0
74341954,7240,0,302,7560,124010,0,0,124010,177777,0,13006,0,34,0,177777,0,0
74341955,7240,0,302,7560,124010,0,0,124010,177777,0,13006,0,34,0,177777,0,0
74341956,7240,0,302,7560,124010,0,0,124010,177777,0,13006,0,34,0,177777,0,0
74341957,7240,0,302,7560,124010,0,0,0,177777,0,13006,0,34,0,177777,0,0
74341958,7240,0,302,7560,124010,0,0,0,177777,0,13006,0,34,0,177777,0,0
74341959,7240,0,302,7560,124010,0,0,0,177777,0,13006,0,34,0,177777,0,0
74341960,0,0,302,7560,124010,0,0,0,177777,124010,0,0,34,177777,177777,0,0
74341961,0,0,302,7560,0,0,0,0,177777,124010,0,0,4,177777,177777,0,0
74341962,2001,0,302,7560,0,0,0,0,177777,124010,0,0,0,177777,177777,0,0
74341963,17036,0,302,7560,0,0,0,0,177777,124010,0,0,0,177777,177777,0,0
74341964,17036,0,302,7560,0,0,0,0,177777,124010,0,0,0,177777,177777,0,0
74341965,0,0,302,7560,0,0,3036,0,177777,124010,0,0,0,177777,177777,0,0
74341966,6000,0,302,7560,0,0,3036,0,177777,124010,0,0,0,177777,177777,0,0
74341967,6000,0,302,7560,0,0,0,0,177777,124010,0,0,0,177777,177777,0,0
74341968,6000,0,302,7560,0,0,0,0,177777,124010,0,0,0,177777,177777,0,0
74341969,6000,0,302,7560,0,0,0,0,177777,124010,0,0,0,177777,177777,0,0
74341970,7750,0,302,7560,175020,0,0,175020,177777,124010,0,0,0,177777,177777,0,0
74341971,7750,0,302,7560,175020,0,0,175020,177777,124010,0,0,0,177777,177777,0,0
74341972,7750,0,302,7560,175020,0,0,175020,177777,124010,0,0,0,177777,177777,0,0
74341973,7750,0,302,7560,175020,0,0,175020,177777,124010,0,0,0,177777,177777,0,0
74341974,7750,0,302,7560,175020,0,0,0,177777,124010,0,0,0,177777,177777,0,0
74341975,7750,0,302,7560,175020,0,0,0,177777,124010,0,0,0,177777,177777,0,0
74341976,7750,0,302,7560,175020,0,0,0,177777,124010,0,0,0,177777,177777,0,0
74341977,262,0,302,7560,177777,177777,0,0,177777,175020,0,262,0,177777,0,0,0
74341978,262,0,302,7560,177777,177777,0,0,177777,175020,0,262,6,177777,0,0,0
74341979,263,0,302,7560,177777,177777,0,0,177777,175020,0,262,6,177777,0,0,0
74341980,263,0,302,7560,10044,10044,0,0,177777,175020,177777,0,6,10044,167733,10044,0
74341981,264,0,302,7560,10044,10044,0,0,177777,175020,177777,0,0,10044,167733,10044,0
74341982,264,0,302,7560,10044,10044,0,0,177777,175020,177777,0,0,10044,167733,10044,0
74341983,264,0,302,7560,10044,10044,0,0,177777,175020,22020,0,0,10044,167733,0,10044
74341984,265,0,302,7560,10044,10044,0,0,177777,175020,22020,0,1,10044,167733,0,10044
74341985,265,0,302,7560,10044,10044,0,0,177777,175020,22020,0,1,10044,167733,0,10044
74341986,265,0,302,7560,4,4,0,0,10044,175020,22020,350,1,4,177773,4,3037
74341987,266,0,302,7560,4,4,0,0,10044,175020,22020,350,0,4,177773,4,3037
74341988,266,0,302,7560,4,4,0,0,10044,175020,22020,350,0,4,177773,4,3037
74341989,266,0,302,7560,20110,20110,0,0,10044,175020,2000,325,0,20110,157667,0,10044
74341990,267,0,302,7560,20110,20110,0,0,10044,175020,2000,325,0,20110,157667,0,10044
74341991,0,0,302,7560,20110,20110,0,0,10044,175020,2000,325,0,20110,157667,0,10044
74341992,0,0,302,7560,0,0,0,0,10044,175020,44040,0,0,0,177777,0,10044
74341993,0,0,302,7560,0,0,0,0,10044,175020,44040,0,4,0,177777,0,10044
74341994,2001,0,302,7560,0,0,0,0,10044,175020,44040,0,0,0,177777,0,10044
74341995,17037,0,302,7560,0,0,0,0,10044,175020,44040,0,0,0,177777,0,10044
74341996,17037,0,302,7560,0,0,0,0,10044,175020,44040,0,0,0,177777,0,10044
74341997,0,0,302,7560,0,0,3037,0,10044,175020,44040,0,0,0,177777,0,10044
74341998,6000,0,302,7560,0,0,3037,0,10044,175020,44040,0,0,0,177777,0,10044
74341999,6000,0,302,7560,0,0,0,0,10044,175020,44040,0,0,0,177777,0,10044
74342000,6000,0,302,7560,0,0,0,0,10044,175020,44040,0,0,0,177777,0,10044
74342001,6000,0,302,7560,0,0,0,0,10044,175020,44040,0,0,0,177777,0,10044
74342002,7504,0,302,7560,150402,0,0,150402,10044,175020,44040,0,0,0,177777,0,10044
74342003,7504,0,302,7560,150402,0,0,150402,10044,175020,44040,0,0,0,177777,0,10044
74342004,7504,0,302,7560,150402,0,0,150402,10044,175020,44040,0,0,0,177777,0,10044
74342005,7504,0,302,7560,150402,0,0,150402,10044,175020,44040,0,0,0,177777,0,10044
74342006,7504,0,302,7560,150402,0,0,0,10044,175020,44040,0,0,0,177777,0,10044
74342007,7504,0,302,7560,150402,0,0,0,10044,175020,44040,0,0,0,177777,0,10044
74342008,7504,0,302,7560,150402,0,0,0,10044,175020,44040,0,0,0,177777,0,10044
74342009,657,0,302,7560,150446,10044,0,0,10044,150402,0,657,0,10044,167733,0,0
74342010,657,0,302,7560,10044,10044,0,0,10044,150402,0,657,0,10044,167733,0,0
74342011,326,0,302,7560,10044,10044,0,0,10044,150402,0,657,0,10044,167733,0,0
74342012,326,0,302,7560,10044,10044,0,0,10044,10044,22020,326,0,10044,167733,0,0
74342013,326,0,302,7560,10044,10044,0,0,10044,10044,22020,326,0,10044,167733,0,0
74342014,327,0,302,7560,10044,10044,0,0,10044,10044,22020,326,0,10044,167733,0,0
74342015,327,0,302,7560,10044,10044,0,0,10044,10044,22020,64,0,10044,167733,0,0
74342016,330,0,302,7560,10044,10044,0,0,10044,10044,22020,64,0,10044,167733,0,0
74342017,660,0,302,7560,10044,10044,0,0,10044,10044,22020,64,0,10044,167733,0,0
74342018,660,0,302,7560,10044,10044,0,0,10044,10044,22020,217,0,10044,167733,0,0
74342019,660,0,302,7560,10044,10044,0,0,10044,10044,22020,217,6,10044,167733,0,0
74342020,3642,0,302,7560,10044,10044,0,0,10044,10044,22020,217,6,10044,167733,0,0
74342021,3642,0,302,7560,10044,10044,0,0,10044,10044,22020,3640,6,10044,167733,10044,0
74342022,3642,0,302,7560,10044,10044,0,0,10044,10044,22020,3640,1,10044,167733,10044,0
74342023,663,0,302,7560,10044,10044,0,0,10044,10044,22020,3640,1,10044,167733,10044,0
74342024,663,0,302,7560,100000,100000,0,0,10044,10044,22020,170663,1,110044,77777,100000,20001
74342025,663,0,302,7560,100000,100000,0,0,10044,10044,22020,170663,0,110044,77777,100000,20001
74342026,664,0,302,7560,100000,100000,0,0,10044,10044,22020,170663,0,110044,77777,100000,20001
74342027,664,0,302,7560,110044,110044,0,0,110044,10044,200,0,0,110044,67733,0,0
74342028,665,0,302,7560,110044,110044,0,0,110044,10044,200,0,0,110044,67733,0,0
74342029,665,0,302,7560,110044,110044,0,0,110044,10044,200,0,0,110044,67733,0,0
74342030,665,0,302,7560,110044,110044,0,0,110044,10044,22220,0,0,110044,67733,0,0
74342031,666,0,302,7560,110044,110044,0,0,110044,10044,22220,0,0,110044,67733,0,0
74342032,1112,0,302,7560,110044,110044,0,0,110044,10044,22220,0,0,110044,67733,0,0
74342033,1112,0,302,7560,130045,130045,0,0,110044,10044,22220,171112,0,130045,47732,0,20001
74342034,1112,0,302,7560,130045,130045,0,0,110044,10044,22220,171112,0,130045,47732,0,20001
74342035,1113,0,302,7560,130045,130045,0,0,110044,10044,22220,171112,0,130045,47732,0,20001
74342036,1113,0,302,7560,130045,130045,0,0,110044,10044,22220,171112,0,130045,47732,0,20001
74342037,1113,0,302,7560,130045,130045,0,0,110044,10044,22220,171112,0,130045,47732,0,20001
74342038,1113,0,302,7560,130045,130045,0,0,110044,10044,22220,171112,0,130045,47732,0,20001
74342039,1113,0,302,7560,130045,130045,0,0,110044,10044,22220,171112,0,130045,47732,0,20001
74342040,1113,0,302,7560,130045,130045,0,0,110044,10044,22220,171112,0,130045,47732,0,20001
74342041,1113,0,302,7560,110044,110044,0,0,110044,10044,22660,0,0,110044,67733,0,0
74342042,1114,0,302,7560,110044,110044,0,0,110044,10044,22660,0,10,110044,67733,0,0
74342043,1114,0,302,7560,110044,110044,0,0,110044,10044,22660,0,10,110044,67733,0,0
74342044,1114,0,302,7560,10,10,0,0,110044,10044,22220,110050,10,110346,177767,10,302
74342045,1115,0,302,7560,10,10,0,0,110044,10044,22220,110050,5,110346,177767,10,302
74342046,1115,0,302,7560,10,10,0,0,110044,10044,22220,110050,5,110346,177767,10,302
74342047,1115,0,302,7560,10,10,0,0,110044,10044,22220,110050,5,110346,177767,10,302
74342048,1115,0,302,7560,10,10,0,0,110044,10044,22220,110050,5,110346,177767,10,302
74342049,1115,0,302,7560,10,10,0,0,110044,10044,22220,110050,5,110346,177767,10,302
74342050,1115,0,302,7560,10,10,0,0,110044,10044,22220,110050,5,110346,177767,10,302
74342051,1115,0,302,7560,10,10,0,0,110044,10044,22220,110050,5,110346,177767,10,302
74342052,1115,0,302,7560,0,0,0,0,110044,10044,4000,170000,5,0,177777,0,20001
74342053,1116,0,302,7560,0,0,0,0,110044,10044,4000,170000,6,0,177777,0,20001
74342054,1116,0,302,7560,0,0,0,0,110044,10044,4000,170000,6,0,177777,0,20001
74342055,1116,0,302,7560,110044,110044,0,0,0,10044,0,324,6,110044,67733,110044,0
74342056,666,0,302,7560,110044,110044,0,0,0,10044,0,324,5,110044,67733,110044,0
74342057,1117,0,302,7560,110044,110044,0,0,0,10044,0,324,5,110044,67733,110044,0
74342058,1117,0,302,7560,60001,60001,0,0,0,10044,22220,170300,5,0,117776,60001,20001
74342059,1120,0,302,7560,60001,60001,0,0,0,10044,22220,170300,4,0,117776,60001,20001
74342060,1120,0,302,7560,60001,60001,0,0,0,10044,22220,170300,4,0,117776,60001,20001
74342061,1120,0,302,7560,100013,100013,0,0,0,10044,540,100013,4,100013,77764,100013,110044
74342062,1121,0,302,7560,100013,100013,0,0,0,10044,540,100013,0,100013,77764,100013,110044
74342063,1120,0,302,7560,100013,100013,0,0,0,10044,540,100013,0,100013,77764,100013,110044
74342064,1120,0,302,7560,0,0,0,0,100013,10044,5600,0,0,0,177777,0,0
74342065,1120,0,302,7560,0,0,0,0,100013,10044,5600,0,0,0,177777,0,0
74342066,1120,0,302,7560,0,0,0,0,100013,10044,5600,0,0,0,177777,0,0
74342067,1120,0,302,7560,1,1,0,0,26,10044,0,0,0,1,177776,0,0
74342068,1120,0,302,7560,1,1,0,0,26,10044,0,0,0,1,177776,0,0
74342069,1120,0,302,7560,1,1,0,0,26,10044,0,0,0,1,177776,0,0
74342070,1120,0,302,7560,2,2,0,0,54,10044,400,0,0,2,177775,0,0
74342071,1120,0,302,7560,2,2,0,0,54,10044,400,0,0,2,177775,0,0
74342072,1120,0,302,7560,2,2,0,0,54,10044,400,0,0,2,177775,0,0
74342073,1120,0,302,7560,4,4,0,0,130,10044,1000,0,0,4,177773,0,0
74342074,1120,0,302,7560,4,4,0,0,130,10044,1000,0,0,4,177773,0,0
74342075,1120,0,302,7560,4,4,0,0,130,10044,1000,0,0,4,177773,0,0
74342076,1120,0,302,7560,10,10,0,0,260,10044,2000,0,0,10,177767,0,0
74342077,1120,0,302,7560,10,10,0,0,260,10044,2000,0,0,10,177767,0,0
74342078,1120,0,302,7560,10,10,0,0,260,10044,2000,0,0,10,177767,0,0
74342079,1120,0,302,7560,20,20,0,0,540,10044,4000,0,0,20,177757,0,0
74342080,1120,0,302,7560,20,20,0,0,540,10044,4000,0,0,20,177757,0,0
74342081,1120,0,302,7560,20,20,0,0,540,10044,4000,0,0,20,177757,0,0
74342082,1120,0,302,7560,40,40,0,0,1300,10044,10000,0,0,40,177737,0,0
74342083,1120,0,302,7560,40,40,0,0,1300,10044,10000,0,0,40,177737,0,0
74342084,1120,0,302,7560,40,40,0,0,1300,10044,10000,0,0,40,177737,0,0
74342085,1120,0,302,7560,100,100,0,0,2600,10044,20000,0,0,100,177677,0,0
74342086,1120,0,302,7560,100,100,0,0,2600,10044,20000,0,0,100,177677,0,0
74342087,1120,0,302,7560,100,100,0,0,2600,10044,20000,0,0,100,177677,0,0
74342088,1120,0,302,7560,200,200,0,0,5400,10044,40000,0,0,200,177577,0,0
74342089,1120,0,302,7560,200,200,0,0,5400,10044,40000,0,0,200,177577,0,0
74342090,1120,0,302,7560,200,200,0,0,5400,10044,40000,0,0,200,177577,0,0
74342091,1120,0,302,7560,400,400,0,0,13000,10044,100000,0,0,400,177377,0,0
74342092,1120,0,302,7560,400,400,0,0,13000,10044,100000,0,0,400,177377,0,0
74342093,1120,0,302,7560,400,400,0,0,13000,10044,100000,0,0,400,177377,0,0
74342094,1120,0,302,7560,1000,1000,0,0,26000,10044,1,0,0,1000,176777,0,0
74342095,1120,0,302,7560,1000,1000,0,0,26000,10044,1,0,0,1000,176777,0,0
74342096,1120,0,302,7560,1000,1000,0,0,26000,10044,1,0,0,1000,176777,0,0
74342097,1120,0,302,7560,2000,2000,0,0,54000,10044,2,0,0,2000,175777,0,0
74342098,1120,0,302,7560,2000,2000,0,0,54000,10044,2,0,0,2000,175777,0,0
74342099,1120,0,302,7560,2000,2000,0,0,54000,10044,2,0,0,2000,175777,0,0
74342100,1120,0,302,7560,4000,4000,0,0,130000,10044,4,0,0,4000,173777,0,0
74342101,1120,0,302,7560,4000,4000,0,0,130000,10044,4,0,0,4000,173777,0,0
74342102,1121,0,302,7560,4000,4000,0,0,130000,10044,4,0,0,4000,173777,0,0
74342103,1121,0,302,7560,10001,10001,0,0,60000,10044,10,0,0,10001,167776,0,0
74342104,1122,0,302,7560,10001,10001,0,0,60000,10044,10,0,10,10001,167776,0,0
74342105,1133,0,302,7560,10001,10001,0,0,60000,10044,10,0,10,10001,167776,0,0
74342106,1133,0,302,7560,0,0,0,0,140000,10044,420,1133,10,0,177777,0,0
74342107,1133,0,302,7560,0,0,0,0,140000,10044,420,1133,0,0,177777,0,0
74342108,1134,0,302,7560,0,0,0,0,140000,10044,420,1133,0,0,177777,0,0
74342109,1134,0,302,7560,0,0,0,0,0,10044,0,350,0,0,177777,0,0
74342110,1135,0,302,7560,0,0,0,0,0,10044,0,350,11,0,177777,0,0
74342111,1140,0,302,7560,0,0,0,0,0,10044,0,350,11,0,177777,0,0
74342112,1140,0,302,7560,0,0,0,0,0,10044,0,1140,11,0,177777,0,0
74342113,1140,0,302,7560,0,0,0,0,0,10044,0,1140,1,0,177777,0,0
74342114,1141,0,302,7560,0,0,0,0,0,10044,0,1140,1,0,177777,0,0
74342115,1141,0,302,7560,1,1,0,0,0,10044,0,0,1,1,177776,1,0
74342116,1142,0,302,7560,1,1,0,0,0,10044,0,0,1,1,177776,1,0
74342117,1142,0,302,7560,1,1,0,0,0,10044,0,0,1,1,177776,1,0
74342118,1142,0,302,7560,1,1,0,0,1,10044,400,344,1,1,177776,1,0
74342119,1143,0,302,7560,1,1,0,0,1,10044,400,344,4,1,177776,1,0
74342120,666,0,302,7560,1,1,0,0,1,10044,400,344,4,1,177776,1,0
74342121,666,0,302,7560,140000,140000,0,0,1,10044,400,140000,4,0,37777,140000,0
74342122,666,0,302,7560,140000,140000,0,0,1,10044,400,140000,0,0,37777,140000,0
74342123,0,0,302,7560,140000,140000,0,0,1,10044,400,140000,0,0,37777,140000,0
74342124,0,0,302,7560,0,0,0,0,1,10044,300,0,0,0,177777,0,0
74342125,0,0,302,7560,0,0,0,0,1,10044,300,0,4,0,177777,0,0
74342126,2001,0,302,7560,0,0,0,0,1,10044,300,0,0,0,177777,0,0
74342127,17040,0,302,7560,0,0,0,0,1,10044,300,0,0,0,177777,0,0
74342128,17040,0,302,7560,0,0,0,0,1,10044,300,0,0,0,177777,0,0
74342129,0,0,302,7560,0,0,3040,0,1,10044,300,0,0,0,177777,0,0
74342130,6000,0,302,7560,0,0,3040,0,1,10044,300,0,0,0,177777,0,0
74342131,6000,0,302,7560,0,0,0,0,1,10044,300,0,0,0,177777,0,0
74342132,6000,0,302,7560,0,0,0,0,1,10044,300,0,0,0,177777,0,0
74342133,6000,0,302,7560,0,0,0,0,1,10044,300,0,0,0,177777,0,0
74342134,6440,0,302,7560,44035,0,0,44035,1,10044,300,0,0,0,177777,0,0
74342135,6440,0,302,7560,44035,0,0,44035,1,10044,300,0,0,0,177777,0,0
74342136,6440,0,302,7560,44035,0,0,44035,1,10044,300,0,0,0,177777,0,0
74342137,6440,0,302,7560,44035,0,0,44035,1,10044,300,0,0,0,177777,0,0
74342138,6440,0,302,7560,44035,0,0,0,1,10044,300,0,0,0,177777,0,0
74342139,6440,0,302,7560,44035,0,0,0,1,10044,300,0,0,0,177777,0,0
74342140,6440,0,302,7560,44035,0,0,0,1,10044,300,0,0,0,177777,0,0
74342141,170,0,302,7560,44035,1,0,0,1,44035,0,170,0,1,177776,0,0
74342142,170,0,302,7560,0,1,0,0,1,44035,0,170,3,1,177776,0,0
74342143,0,0,302,7560,0,1,0,0,1,44035,0,170,3,1,177776,0,0
74342144,0,0,302,7560,0,1,0,0,1,44035,0,170,3,1,177776,0,0
74342145,0,0,302,7560,0,1,0,0,1,44035,0,170,3,1,177776,0,0
74342146,0,0,302,7560,0,1,3075,0,1,44035,0,170,3,1,177776,0,0
74342147,0,0,302,7560,0,1,3075,0,1,44035,0,170,3,1,177776,0,0
74342148,0,0,302,7560,0,1,0,0,1,44035,0,170,3,1,177776,0,0
74342149,0,0,302,7560,0,1,0,0,1,44035,0,170,3,1,177776,0,0
74342150,0,0,302,7560,0,1,0,0,1,44035,0,170,3,1,177776,0,0
74342151,0,0,302,7560,377,1,0,377,1,44035,0,170,3,1,177776,0,0
74342152,0,0,302,7560,377,1,0,377,1,44035,0,170,3,1,177776,0,0
74342153,0,0,302,7560,377,1,0,377,1,44035,0,170,3,1,177776,0,0
74342154,0,0,302,7560,377,1,0,377,1,44035,0,170,3,1,177776,0,0
74342155,0,0,302,7560,377,1,0,0,1,44035,0,170,3,1,177776,0,0
74342156,0,0,302,7560,377,1,0,0,1,44035,0,170,3,1,177776,0,0
74342157,0,0,302,7560,377,1,0,0,1,44035,0,170,3,1,177776,0,0
74342158,0,0,302,7560,377,377,0,0,1,377,400,0,3,377,177400,377,0
74342159,0,0,302,7560,0,377,0,0,1,377,400,0,4,377,177400,377,0
74342160,2001,0,302,7560,0,377,0,0,1,377,400,0,0,377,177400,377,0
74342161,17041,0,302,7560,0,377,0,0,1,377,400,0,0,377,177400,377,0
74342162,17041,0,302,7560,0,377,0,0,1,377,400,0,0,377,177400,377,0
74342163,0,0,302,7560,0,377,3041,0,1,377,400,0,0,377,177400,377,0
74342164,6000,0,302,7560,0,377,3041,0,1,377,400,0,0,377,177400,377,0
74342165,6000,0,302,7560,0,377,0,0,1,377,400,0,0,377,177400,377,0
74342166,6000,0,302,7560,0,377,0,0,1,377,400,0,0,377,177400,377,0
74342167,6000,0,302,7560,0,377,0,0,1,377,400,0,0,377,177400,377,0
74342168,6500,0,302,7560,50033,377,0,50033,1,377,400,0,0,377,177400,377,0
74342169,6500,0,302,7560,50033,377,0,50033,1,377,400,0,0,377,177400,377,0
74342170,6500,0,302,7560,50033,377,0,50033,1,377,400,0,0,377,177400,377,0
74342171,6500,0,302,7560,50033,377,0,50033,1,377,400,0,0,377,177400,377,0
74342172,6500,0,302,7560,50033,377,0,0,1,377,400,0,0,377,177400,377,0
74342173,6500,0,302,7560,50033,377,0,0,1,377,400,0,0,377,177400,377,0
74342174,6500,0,302,7560,50033,377,0,0,1,377,400,0,0,377,177400,377,0
74342175,172,377,302,7560,50033,1,0,0,1,50033,177400,172,0,1,177776,0,0
74342176,172,377,302,7560,0,1,0,0,1,50033,177400,172,3,1,177776,0,0
74342177,0,377,302,7560,0,1,0,0,1,50033,177400,172,3,1,177776,0,0
74342178,0,377,302,7560,0,1,0,0,1,50033,177400,172,3,1,177776,0,0
74342179,0,377,302,7560,0,1,0,0,1,50033,177400,172,3,1,177776,0,0
74342180,0,377,302,7560,0,1,3074,0,1,50033,177400,172,3,1,177776,0,0
74342181,0,377,302,7560,0,1,3074,0,1,50033,177400,172,3,1,177776,0,0
74342182,0,377,302,7560,0,1,0,0,1,50033,177400,172,3,1,177776,0,0
74342183,0,377,302,7560,0,1,0,0,1,50033,177400,172,3,1,177776,0,0
74342184,0,377,302,7560,0,1,0,0,1,50033,177400,172,3,1,177776,0,0
74342185,0,377,302,7560,300,1,0,300,1,50033,177400,172,3,1,177776,0,0
74342186,0,377,302,7560,300,1,0,300,1,50033,177400,172,3,1,177776,0,0
74342187,0,377,302,7560,300,1,0,300,1,50033,177400,172,3,1,177776,0,0
74342188,0,377,302,7560,300,1,0,300,1,50033,177400,172,3,1,177776,0,0
74342189,0,377,302,7560,300,1,0,0,1,50033,177400,172,3,1,177776,0,0
74342190,0,377,302,7560,300,1,0,0,1,50033,177400,172,3,1,177776,0,0
74342191,0,377,302,7560,300,1,0,0,1,50033,177400,172,3,1,177776,0,0
74342192,0,377,302,7560,300,300,0,0,1,300,400,0,3,300,177477,300,0
74342193,0,377,302,7560,0,300,0,0,1,300,400,0,4,300,177477,300,0
74342194,2001,377,302,7560,0,300,0,0,1,300,400,0,0,300,177477,300,0
74342195,17042,377,302,7560,0,300,0,0,1,300,400,0,0,300,177477,300,0
74342196,17042,377,302,7560,0,300,0,0,1,300,400,0,0,300,177477,300,0
74342197,0,377,302,7560,0,300,3042,0,1,300,400,0,0,300,177477,300,0
74342198,6000,377,302,7560,0,300,3042,0,1,300,400,0,0,300,177477,300,0
74342199,6000,377,302,7560,0,300,0,0,1,300,400,0,0,300,177477,300,0
74342200,6000,377,302,7560,0,300,0,0,1,300,400,0,0,300,177477,300,0
74342201,6000,377,302,7560,0,300,0,0,1,300,400,0,0,300,177477,300,0
74342202,7730,377,302,7560,173005,300,0,173005,1,300,400,0,0,300,177477,300,0
74342203,7730,377,302,7560,173005,300,0,173005,1,300,400,0,22,300,177477,300,0
74342204,7730,377,302,7560,173005,300,0,173005,1,300,400,0,22,300,177477,300,0
74342205,7730,377,302,7560,173005,300,0,173005,1,300,400,0,22,300,177477,300,0
74342206,7730,377,302,7560,173005,300,0,0,1,300,400,0,22,300,177477,300,0
74342207,7730,377,302,7560,173005,300,0,0,1,300,400,0,22,300,177477,300,0
74342208,7730,377,302,7560,173005,300,0,0,1,300,400,0,22,300,177477,300,0
74342209,0,377,300,7560,173005,5,0,0,1,173005,140000,60000,22,305,177772,5,300
74342210,0,377,300,7560,0,5,0,0,1,173005,140000,60000,4,305,177772,5,300
74342211,2001,377,300,7560,0,5,0,0,1,173005,140000,60000,0,305,177772,5,300
74342212,17043,377,300,7560,0,5,0,0,1,173005,140000,60000,0,305,177772,5,300
74342213,17043,377,300,7560,0,5,0,0,1,173005,140000,60000,0,305,177772,5,300
74342214,0,377,300,7560,0,5,3043,0,1,173005,140000,60000,0,305,177772,5,300
74342215,6000,377,300,7560,0,5,3043,0,1,173005,140000,60000,0,305,177772,5,300
74342216,6000,377,300,7560,0,5,0,0,1,173005,140000,60000,0,305,177772,5,300
74342217,6000,377,300,7560,0,5,0,0,1,173005,140000,60000,0,305,177772,5,300
74342218,6000,377,300,7560,0,5,0,0,1,173005,140000,60000,0,305,177772,5,300
74342219,7504,377,300,7560,150415,5,0,150415,1,173005,140000,60000,0,305,177772,5,300
74342220,7504,377,300,7560,150415,5,0,150415,1,173005,140000,60000,0,305,177772,5,300
74342221,7504,377,300,7560,150415,5,0,150415,1,173005,140000,60000,0,305,177772,5,300
74342222,7504,377,300,7560,150415,5,0,150415,1,173005,140000,60000,0,305,177772,5,300
74342223,7504,377,300,7560,150415,5,0,0,1,173005,140000,60000,0,305,177772,5,300
74342224,7504,377,300,7560,150415,5,0,0,1,173005,140000,60000,0,305,177772,5,300
74342225,7504,377,300,7560,150415,5,0,0,1,173005,140000,60000,0,305,177772,5,300
74342226,657,377,305,7560,150415,1,0,0,1,150415,2400,657,0,1,177776,0,0
# MARK badout tick=74342226
74342227,657,377,305,7560,1,1,0,0,1,150415,2400,657,0,1,177776,0,0
74342228,326,377,305,7560,1,1,0,0,1,150415,2400,657,0,1,177776,0,0
74342229,326,377,305,7560,1,1,0,0,1,1,400,326,0,1,177776,0,0
74342230,326,377,305,7560,1,1,0,0,1,1,400,326,0,1,177776,0,0
74342231,327,377,305,7560,1,1,0,0,1,1,400,326,0,1,177776,0,0
74342232,327,377,305,7560,1,1,0,0,1,1,400,64,0,1,177776,0,0
74342233,330,377,305,7560,1,1,0,0,1,1,400,64,0,1,177776,0,0
74342234,660,377,305,7560,1,1,0,0,1,1,400,64,0,1,177776,0,0
74342235,660,377,305,7560,1,1,0,0,1,1,400,217,0,1,177776,0,0
74342236,660,377,305,7560,1,1,0,0,1,1,400,217,6,1,177776,0,0
74342237,3655,377,305,7560,1,1,0,0,1,1,400,217,6,1,177776,0,0
74342238,3655,377,305,7560,110044,110044,0,0,1,1,400,3640,6,110044,67733,110044,0
74342239,3655,377,305,7560,110044,110044,0,0,1,1,400,3640,0,110044,67733,110044,0
74342240,474,377,305,7560,110044,110044,0,0,1,1,400,3640,0,110044,67733,110044,0
74342241,474,377,305,7560,110044,110044,0,0,110044,1,22220,474,0,110044,67733,0,0
74342242,474,377,305,7560,110044,110044,0,0,110044,1,22220,474,0,110044,67733,0,0
74342243,475,377,305,7560,110044,110044,0,0,110044,1,22220,474,0,110044,67733,0,0
74342244,475,377,305,7560,305,305,0,0,110044,1,22220,60000,0,305,177472,0,305
74342245,476,377,305,7560,305,305,0,0,110044,1,22220,60000,0,305,177472,0,305
74342246,501,377,305,7560,305,305,0,0,110044,1,22220,60000,0,305,177472,0,305
74373575,6000,177777,0,15,0,0,0,0,20000,0,0,0,0,0,177777,0,0
74373576,6000,177777,0,15,0,0,0,0,20000,0,0,0,0,0,177777,0,0
74373577,6000,177777,0,15,0,0,0,0,20000,0,0,0,0,0,177777,0,0
74373578,7420,177777,0,15,142006,0,0,142006,20000,0,0,0,0,0,177777,0,0
74373579,7420,177777,0,15,142006,0,0,142006,20000,0,0,0,0,0,177777,0,0
74373580,7420,177777,0,15,142006,0,0,142006,20000,0,0,0,0,0,177777,0,0
74373581,7420,177777,0,15,142006,0,0,142006,20000,0,0,0,0,0,177777,0,0
74373582,7420,177777,0,15,142006,0,0,0,20000,0,0,0,0,0,177777,0,0
74373583,7420,177777,0,15,142006,0,0,0,20000,0,0,0,0,0,177777,0,0
74373584,7420,177777,0,15,142006,0,0,0,20000,0,0,0,0,0,177777,0,0
74373585,215,177777,0,15,142006,0,0,0,20000,142006,0,215,0,0,177777,0,0
74373586,215,177777,0,15,0,0,0,0,20000,142006,0,215,0,0,177777,0,0
74373587,0,177777,0,15,0,0,0,0,20000,142006,0,215,0,0,177777,0,0
74373588,16462,177777,0,15,0,0,0,0,20000,142006,0,215,0,0,177777,0,0
74373589,16462,177777,0,15,0,0,0,0,20000,142006,0,215,0,0,177777,0,0
74373590,0,177777,0,15,0,0,2462,0,20000,142006,0,215,0,0,177777,0,0
74373591,6000,177777,0,15,0,0,2462,0,20000,142006,0,215,0,0,177777,0,0
74373592,6000,177777,0,15,0,0,0,0,20000,142006,0,215,0,0,177777,0,0
74373593,6000,177777,0,15,0,0,0,0,20000,142006,0,215,0,0,177777,0,0
74373594,6000,177777,0,15,0,0,0,0,20000,142006,0,215,0,0,177777,0,0
74373595,7250,177777,0,15,125010,0,0,125010,20000,142006,0,215,0,0,177777,0,0
74373596,7250,177777,0,15,125010,0,0,125010,20000,142006,0,215,0,0,177777,0,0
74373597,7250,177777,0,15,125010,0,0,125010,20000,142006,0,215,0,0,177777,0,0
74373598,7250,177777,0,15,125010,0,0,125010,20000,142006,0,215,0,0,177777,0,0
74373599,7250,177777,0,15,125010,0,0,0,20000,142006,0,215,0,0,177777,0,0
74373600,7250,177777,0,15,125010,0,0,0,20000,142006,0,215,0,0,177777,0,0
74373601,7250,177777,0,15,125010,0,0,0,20000,142006,0,215,0,0,177777,0,0
74373602,143,177777,0,15,125010,20000,0,0,20000,125010,0,143,0,20000,157777,0,0
74373603,143,177777,0,15,0,20000,0,0,20000,125010,0,143,34,20000,157777,0,0
74373604,0,177777,0,15,0,20000,0,0,20000,125010,0,143,34,20000,157777,0,0
74373605,0,177777,0,15,0,20000,0,0,20000,125010,0,143,34,20000,157777,0,0
74373606,0,177777,0,15,0,20000,0,0,20000,125010,0,143,34,20000,157777,0,0
74373607,0,177777,0,15,0,20000,2472,0,20000,125010,0,143,34,20000,157777,0,0
74373608,0,177777,0,15,0,20000,2472,0,20000,125010,0,143,34,20000,157777,0,0
74373609,0,177777,0,15,0,20000,0,0,20000,125010,0,143,34,20000,157777,0,0
74373610,0,177777,0,15,0,20000,0,0,20000,125010,0,143,34,20000,157777,0,0
74373611,0,177777,0,15,0,20000,0,0,20000,125010,0,143,34,20000,157777,0,0
74373612,0,177777,0,15,2406,20000,0,2406,20000,125010,0,143,34,20000,157777,0,0
74373613,0,177777,0,15,2406,20000,0,2406,20000,125010,0,143,34,20000,157777,0,0
74373614,0,177777,0,15,2406,20000,0,2406,20000,125010,0,143,34,20000,157777,0,0
74373615,0,177777,0,15,2406,20000,0,2406,20000,125010,0,143,34,20000,157777,0,0
74373616,0,177777,0,15,2406,20000,0,0,20000,125010,0,143,34,20000,157777,0,0
74373617,0,177777,0,15,2406,20000,0,0,20000,125010,0,143,34,20000,157777,0,0
74373618,0,177777,0,15,2406,20000,0,0,20000,125010,0,143,34,20000,157777,0,0
74373619,0,177777,0,15,2406,0,0,0,20000,2406,40,0,34,20000,177777,0,0
74373620,0,177777,0,15,0,0,0,0,20000,2406,40,0,4,20000,177777,0,0
74373621,2001,177777,0,15,0,0,0,0,20000,2406,40,0,0,20000,177777,0,0
74373622,16406,177777,0,15,0,0,0,0,20000,2406,40,0,0,20000,177777,0,0
74373623,16406,177777,0,15,0,0,0,0,20000,2406,40,0,0,20000,177777,0,0
74373624,0,177777,0,15,0,0,0,0,20000,2406,40,0,0,20000,177777,0,0
74373625,0,177777,0,15,0,0,0,0,20000,2406,40,0,0,20000,177777,0,0
74373626,0,177777,0,15,0,0,0,0,20000,2406,40,0,0,20000,177777,0,0
74373627,0,177777,0,15,0,0,0,0,20000,2406,40,0,0,20000,177777,0,0
74373628,0,177777,0,15,0,0,0,0,20000,2406,40,0,0,20000,177777,0,0
74373629,0,177777,0,15,0,0,0,0,20000,2406,40,0,0,20000,177777,0,0
74373630,0,177777,0,15,0,0,0,0,20000,2406,40,0,0,20000,177777,0,0
74373631,0,177777,0,15,0,0,2406,0,20000,2406,40,0,0,20000,177777,0,0
74373632,6000,177777,0,15,0,0,2406,0,20000,2406,40,0,0,20000,177777,0,0
74373633,6000,177777,0,15,0,0,0,0,20000,2406,40,0,0,20000,177777,0,0
74373634,6000,177777,0,15,0,0,0,0,20000,2406,40,0,0,20000,177777,0,0
74373635,6000,177777,0,15,0,0,0,0,20000,2406,40,0,0,20000,177777,0,0
74373636,7510,177777,0,15,151000,0,0,151000,20000,2406,40,0,0,20000,177777,0,0
74373637,7510,177777,0,15,151000,0,0,151000,20000,2406,40,0,0,20000,177777,0,0
74373638,7510,177777,0,15,151000,0,0,151000,20000,2406,40,0,0,20000,177777,0,0
74373639,7510,177777,0,15,151000,0,0,151000,20000,2406,40,0,0,20000,177777,0,0
74373640,7510,177777,0,15,151000,0,0,0,20000,2406,40,0,0,20000,177777,0,0
74373641,7510,177777,0,15,151000,0,0,0,20000,2406,40,0,0,20000,177777,0,0
74373642,7510,177777,0,15,151000,0,0,0,20000,2406,40,0,0,20000,177777,0,0
74373643,1072,177777,0,15,171000,20000,0,0,20000,151000,0,1072,0,20000,157777,0,0
74373644,1072,177777,0,15,20000,20000,0,0,20000,151000,0,1072,0,20000,157777,0,0
74373645,326,177777,0,15,20000,20000,0,0,20000,151000,0,1072,0,20000,157777,0,0
74373646,326,177777,0,15,20000,20000,0,0,20000,151000,40,326,0,20000,157777,0,0
74373647,326,177777,0,15,20000,20000,0,0,20000,151000,40,326,0,20000,157777,0,0
74373648,327,177777,0,15,20000,20000,0,0,20000,151000,40,326,0,20000,157777,0,0
74373649,327,177777,0,15,20000,20000,0,0,20000,151000,40,64,0,20000,157777,0,0
74373650,330,177777,0,15,20000,20000,0,0,20000,151000,40,64,0,20000,157777,0,0
74373651,1073,177777,0,15,20000,20000,0,0,20000,151000,40,64,0,20000,157777,0,0
74373652,1073,177777,0,15,20000,20000,0,0,20000,151000,40,217,0,20000,157777,0,0
74373653,1073,177777,0,15,20000,20000,0,0,20000,151000,40,217,6,20000,157777,0,0
74373654,1074,177777,0,15,20000,20000,0,0,20000,151000,40,217,6,20000,157777,0,0
74373655,1074,177777,0,15,116400,116400,0,0,20000,151000,40,320,6,116400,61377,116400,0
74373656,1075,177777,0,15,116400,116400,0,0,20000,151000,40,320,11,116400,61377,116400,0
74373657,1075,177777,0,15,116400,116400,0,0,20000,151000,40,320,11,116400,61377,116400,0
74373658,1075,177777,0,15,235,235,0,0,20000,151000,235,2202,11,235,177542,235,0
74373659,1076,177777,0,15,235,235,0,0,20000,151000,235,2202,10,235,177542,235,0
74373660,1077,177777,0,15,235,235,0,0,20000,151000,235,2202,10,235,177542,235,0
74373661,1077,177777,0,15,17,17,0,0,235,151000,116400,1077,10,15,177760,17,0
74373662,1077,177777,0,15,17,17,0,0,235,151000,116400,1077,0,15,177760,17,0
74373663,1100,177777,0,15,17,17,0,0,235,151000,116400,1077,0,15,177760,17,0
74373664,1100,177777,0,15,15,15,0,0,15,151000,7400,0,0,15,177762,0,0
74373665,1101,177777,0,15,15,15,0,0,15,151000,7400,0,5,15,177762,0,0
74373666,1101,177777,0,15,15,15,0,0,15,151000,7400,0,5,15,177762,0,0
74373667,1101,177777,0,15,20000,20000,0,0,15,151000,6400,170000,5,20000,157777,20000,20001
74373668,1102,177777,0,15,20000,20000,0,0,15,151000,6400,170000,1,20000,157777,20000,20001
74373669,1102,177777,0,15,20000,20000,0,0,15,151000,6400,170000,1,20000,157777,20000,20001
74373670,1102,177777,0,15,20000,20000,0,0,20000,151000,40,0,1,0,157777,20000,0
74373671,1103,177777,0,15,20000,20000,0,0,20000,151000,40,0,10,0,157777,20000,0
74373672,1103,177777,0,15,20000,20000,0,0,20000,151000,40,0,10,0,157777,20000,0
74373673,1103,177777,0,15,16,16,0,0,0,151000,40,110350,10,177777,177761,16,15
74373674,1104,177777,0,15,16,16,0,0,0,151000,40,110350,0,177777,177761,16,15
74373675,1104,177777,0,15,16,16,0,0,0,151000,40,110350,0,177777,177761,16,15
74373676,1104,177777,0,15,20000,0,0,0,0,151000,7000,171122,0,0,177777,0,20001
74373677,1105,177777,0,15,20000,0,0,0,0,151000,7000,171122,10,0,177777,0,20001
74373678,1105,177777,0,15,0,0,0,0,0,151000,7000,171122,10,0,177777,0,20001
74373679,1105,177777,0,15,12,12,0,0,0,151000,0,110330,10,3,177765,12,15
74373680,1106,177777,0,15,12,12,0,0,0,151000,0,110330,0,3,177765,12,15
74373681,1106,177777,0,15,12,12,0,0,0,151000,0,110330,0,3,177765,12,15
74373682,1106,177777,0,15,3,3,0,0,3,151000,5000,1112,0,3,177774,0,0
74373683,1107,177777,0,15,3,3,0,0,3,151000,5000,1112,10,3,177774,0,0
74373684,1107,177777,0,15,3,3,0,0,3,151000,5000,1112,10,3,177774,0,0
74373685,1107,177777,0,15,4,4,0,0,3,151000,1400,330,10,177777,177773,4,0
74373686,1110,177777,0,15,4,4,0,0,3,151000,1400,330,1,177777,177773,4,0
74373687,1111,177777,0,15,4,4,0,0,3,151000,1400,330,1,177777,177773,4,0
74373688,1111,177777,0,15,10,10,0,0,3,151000,2000,1111,1,10,177767,10,1147
74373689,1111,177777,0,15,10,10,0,0,3,151000,2000,1111,0,10,177767,10,1147
74373690,1112,177777,0,15,10,10,0,0,3,151000,2000,1111,0,10,177767,10,1147
74373691,1112,177777,0,15,10,10,0,0,10,151000,4000,20000,0,10,177767,0,2407
74373692,1113,177777,0,15,10,10,0,0,10,151000,4000,20000,0,10,177767,0,2407
74373693,1113,177777,0,15,10,10,0,0,10,151000,4000,20000,0,10,177767,0,2407
74373694,1113,177777,0,15,10,10,0,0,10,151000,4000,20000,0,10,177767,0,2407
74373695,1113,177777,0,15,10,10,0,0,10,151000,4000,20000,0,10,177767,0,2407
74373696,1113,177777,0,15,10,10,0,0,10,151000,4000,20000,0,10,177767,0,2407
74373697,1113,177777,0,15,10,10,0,0,10,151000,4000,20000,0,10,177767,0,2407
74373698,1113,177777,0,15,10,10,0,0,10,151000,4000,20000,0,10,177767,0,2407
74373699,1113,177777,0,15,10,10,0,0,10,151000,4000,0,0,10,177767,0,0
74373700,1114,177777,0,15,10,10,0,0,10,151000,4000,0,10,10,177767,0,0
74373701,1114,177777,0,15,10,10,0,0,10,151000,4000,0,10,10,177767,0,0
74373702,1114,177777,0,15,10,10,0,0,10,151000,4000,110050,10,25,177767,10,15
74373703,1115,177777,0,15,10,10,0,0,10,151000,4000,110050,5,25,177767,10,15
74373704,1115,177777,0,15,10,10,0,0,10,151000,4000,110050,5,25,177767,10,15
74373705,1115,177777,0,15,10,10,0,0,10,151000,4000,110050,5,25,177767,10,15
74373706,1115,177777,0,15,10,10,0,0,10,151000,4000,110050,5,25,177767,10,15
74373707,1115,177777,0,15,10,10,0,0,10,151000,4000,110050,5,25,177767,10,15
74373708,1115,177777,0,15,10,10,0,0,10,151000,4000,110050,5,25,177767,10,15
74373709,1115,177777,0,15,10,10,0,0,10,151000,4000,110050,5,25,177767,10,15
74373710,1115,177777,0,15,0,0,0,0,10,151000,4000,170000,5,0,177777,0,20001
74373711,1116,177777,0,15,0,0,0,0,10,151000,4000,170000,6,0,177777,0,20001
74373712,1116,177777,0,15,0,0,0,0,10,151000,4000,170000,6,0,177777,0,20001
74373713,1116,177777,0,15,116400,116400,0,0,0,151000,0,324,6,116400,61377,116400,0
74373714,1076,177777,0,15,116400,116400,0,0,0,151000,0,324,5,116400,61377,116400,0
74373715,1117,177777,0,15,116400,116400,0,0,0,151000,0,324,5,116400,61377,116400,0
74373716,1117,177777,0,15,60001,60001,0,0,0,151000,235,170300,5,0,117776,60001,20001
74373717,1120,177777,0,15,60001,60001,0,0,0,151000,235,170300,4,0,117776,60001,20001
74373718,1120,177777,0,15,60001,60001,0,0,0,151000,235,170300,4,0,117776,60001,20001
74373719,1120,177777,0,15,100013,100013,0,0,0,151000,540,100013,4,100013,77764,100013,110044
74373720,1121,177777,0,15,100013,100013,0,0,0,151000,540,100013,0,100013,77764,100013,110044
74373721,1120,177777,0,15,100013,100013,0,0,0,151000,540,100013,0,100013,77764,100013,110044
74373722,1120,177777,0,15,0,0,0,0,100013,151000,5600,0,0,0,177777,0,0
74373723,1120,177777,0,15,0,0,0,0,100013,151000,5600,0,0,0,177777,0,0
74373724,1120,177777,0,15,0,0,0,0,100013,151000,5600,0,0,0,177777,0,0
74373725,1120,177777,0,15,1,1,0,0,26,151000,0,0,0,1,177776,0,0
74373726,1120,177777,0,15,1,1,0,0,26,151000,0,0,0,1,177776,0,0
74373727,1120,177777,0,15,1,1,0,0,26,151000,0,0,0,1,177776,0,0
74373728,1120,177777,0,15,2,2,0,0,54,151000,400,0,0,2,177775,0,0
74373729,1120,177777,0,15,2,2,0,0,54,151000,400,0,0,2,177775,0,0
74373730,1120,177777,0,15,2,2,0,0,54,151000,400,0,0,2,177775,0,0
74373731,1120,177777,0,15,4,4,0,0,130,151000,1000,0,0,4,177773,0,0
74373732,1120,177777,0,15,4,4,0,0,130,151000,1000,0,0,4,177773,0,0
74373733,1120,177777,0,15,4,4,0,0,130,151000,1000,0,0,4,177773,0,0
74373734,1120,177777,0,15,10,10,0,0,260,151000,2000,0,0,10,177767,0,0
74373735,1120,177777,0,15,10,10,0,0,260,151000,2000,0,0,10,177767,0,0
74373736,1120,177777,0,15,10,10,0,0,260,151000,2000,0,0,10,177767,0,0
74373737,1120,177777,0,15,20,20,0,0,540,151000,4000,0,0,20,177757,0,0
74373738,1120,177777,0,15,20,20,0,0,540,151000,4000,0,0,20,177757,0,0
74373739,1120,177777,0,15,20,20,0,0,540,151000,4000,0,0,20,177757,0,0
74373740,1120,177777,0,15,40,40,0,0,1300,151000,10000,0,0,40,177737,0,0
74373741,1120,177777,0,15,40,40,0,0,1300,151000,10000,0,0,40,177737,0,0
74373742,1120,177777,0,15,40,40,0,0,1300,151000,10000,0,0,40,177737,0,0
74373743,1120,177777,0,15,100,100,0,0,2600,151000,20000,0,0,100,177677,0,0
74373744,1120,177777,0,15,100,100,0,0,2600,151000,20000,0,0,100,177677,0,0
74373745,1120,177777,0,15,100,100,0,0,2600,151000,20000,0,0,100,177677,0,0
74373746,1120,177777,0,15,200,200,0,0,5400,151000,40000,0,0,200,177577,0,0
74373747,1120,177777,0,15,200,200,0,0,5400,151000,40000,0,0,200,177577,0,0
74373748,1120,177777,0,15,200,200,0,0,5400,151000,40000,0,0,200,177577,0,0
74373749,1120,177777,0,15,400,400,0,0,13000,151000,100000,0,0,400,177377,0,0
74373750,1120,177777,0,15,400,400,0,0,13000,151000,100000,0,0,400,177377,0,0
74373751,1120,177777,0,15,400,400,0,0,13000,151000,100000,0,0,400,177377,0,0
74373752,1120,177777,0,15,1000,1000,0,0,26000,151000,1,0,0,1000,176777,0,0
74373753,1120,177777,0,15,1000,1000,0,0,26000,151000,1,0,0,1000,176777,0,0
74373754,1120,177777,0,15,1000,1000,0,0,26000,151000,1,0,0,1000,176777,0,0
74373755,1120,177777,0,15,2000,2000,0,0,54000,151000,2,0,0,2000,175777,0,0
74373756,1120,177777,0,15,2000,2000,0,0,54000,151000,2,0,0,2000,175777,0,0
74373757,1120,177777,0,15,2000,2000,0,0,54000,151000,2,0,0,2000,175777,0,0
74373758,1120,177777,0,15,4000,4000,0,0,130000,151000,4,0,0,4000,173777,0,0
74373759,1120,177777,0,15,4000,4000,0,0,130000,151000,4,0,0,4000,173777,0,0
74373760,1121,177777,0,15,4000,4000,0,0,130000,151000,4,0,0,4000,173777,0,0
74373761,1121,177777,0,15,10001,10001,0,0,60000,151000,10,0,0,10001,167776,0,0
74373762,1122,177777,0,15,10001,10001,0,0,60000,151000,10,0,10,10001,167776,0,0
74373763,1133,177777,0,15,10001,10001,0,0,60000,151000,10,0,10,10001,167776,0,0
74373764,1133,177777,0,15,0,0,0,0,140000,151000,420,1133,10,0,177777,0,0
74373765,1133,177777,0,15,0,0,0,0,140000,151000,420,1133,0,0,177777,0,0
74373766,1134,177777,0,15,0,0,0,0,140000,151000,420,1133,0,0,177777,0,0
74373767,1134,177777,0,15,0,0,0,0,0,151000,0,350,0,0,177777,0,0
74373768,1135,177777,0,15,0,0,0,0,0,151000,0,350,11,0,177777,0,0
74373769,1140,177777,0,15,0,0,0,0,0,151000,0,350,11,0,177777,0,0
74373770,1140,177777,0,15,0,0,0,0,0,151000,0,1140,11,0,177777,0,0
74373771,1140,177777,0,15,0,0,0,0,0,151000,0,1140,1,0,177777,0,0
74373772,1141,177777,0,15,0,0,0,0,0,151000,0,1140,1,0,177777,0,0
74373773,1141,177777,0,15,20000,20000,0,0,0,151000,0,0,1,20000,157777,20000,0
74373774,1142,177777,0,15,20000,20000,0,0,0,151000,0,0,1,20000,157777,20000,0
74373775,1142,177777,0,15,20000,20000,0,0,0,151000,0,0,1,20000,157777,20000,0
74373776,1142,177777,0,15,1,1,0,0,20000,151000,40,344,1,0,177776,1,0
74373777,1143,177777,0,15,1,1,0,0,20000,151000,40,344,4,0,177776,1,0
74373778,1143,177777,0,15,1,1,0,0,20000,151000,40,344,4,0,177776,1,0
74373779,1143,177777,0,15,140000,140000,0,0,20000,151000,400,140000,4,0,37777,140000,20000
74373780,1144,177777,0,15,140000,140000,0,0,20000,151000,400,140000,1,0,37777,140000,20000
74373781,1144,177777,0,15,140000,140000,0,0,20000,151000,400,140000,1,0,37777,140000,20000
74373782,1144,177777,0,15,1,1,0,0,20000,151000,300,160,1,1,177776,1,0
74373783,1145,177777,0,15,1,1,0,0,20000,151000,300,160,14,1,177776,1,0
74373784,1145,177777,0,15,1,1,0,0,20000,151000,300,160,14,1,177776,1,0
74373785,1145,177777,0,15,150,150,0,0,1,151000,400,1146,14,150,177627,150,0
74373786,1146,177777,0,15,150,150,0,0,1,151000,400,1146,0,150,177627,150,0
74373787,1146,177777,0,15,150,150,0,0,1,151000,400,1146,0,150,177627,150,0
74373788,1146,177777,0,15,150,150,0,0,1,151000,64000,170000,0,150,177627,0,20001
74373789,1147,177777,0,15,150,150,0,0,1,151000,64000,170000,5,150,177627,0,20001
74373790,1147,177777,0,15,150,150,0,0,1,151000,64000,170000,5,150,177627,0,20001
74373791,1147,177777,0,15,20001,20001,0,0,1,151000,64000,140000,5,20001,157776,20001,20000
74373792,1150,177777,0,15,20001,20001,0,0,1,151000,64000,140000,4,20001,157776,20001,20000
74373793,1150,177777,0,15,20001,20001,0,0,1,151000,64000,140000,4,20001,157776,20001,20000
74373794,1150,177777,0,15,7,7,0,0,1,151000,440,7,4,1,177770,7,0
74373795,1151,177777,0,15,7,7,0,0,1,151000,440,7,6,1,177770,7,0
74373796,1151,177777,0,15,7,7,0,0,1,151000,440,7,6,1,177770,7,0
74373797,1151,177777,0,15,116400,116400,0,0,1,151000,3400,20,6,116400,61377,116400,0
74373798,1152,177777,0,15,116400,116400,0,0,1,151000,3400,20,0,116400,61377,116400,0
74373799,1151,177777,0,15,116400,116400,0,0,1,151000,3400,20,0,116400,61377,116400,0
74373800,1151,177777,0,15,15,15,0,0,1,151000,235,0,0,15,177762,0,150
74373801,1151,177777,0,15,15,15,0,0,1,151000,235,0,0,15,177762,0,150
74373802,1151,177777,0,15,15,15,0,0,1,151000,235,0,0,15,177762,0,150
74373803,1151,177777,0,15,15,15,0,0,15,151000,6400,0,0,15,177762,0,150
74373804,1151,177777,0,15,15,15,0,0,15,151000,6400,0,0,15,177762,0,150
74373805,1151,177777,0,15,15,15,0,0,15,151000,6400,0,0,15,177762,0,150
74373806,1151,177777,0,15,0,0,0,0,15,151000,6400,0,0,0,177777,0,150
74373807,1151,177777,0,15,0,0,0,0,15,151000,6400,0,0,0,177777,0,150
74373808,1151,177777,0,15,0,0,0,0,15,151000,6400,0,0,0,177777,0,150
74373809,1151,177777,0,15,177777,177777,0,0,0,151000,0,0,0,177777,0,0,150
74373810,1151,177777,0,15,177777,177777,0,0,0,151000,0,0,0,177777,0,0,150
74373811,1151,177777,0,15,177777,177777,0,0,0,151000,0,0,0,177777,0,0,150
74373812,1151,177777,0,15,2454,2454,0,0,177777,151000,177777,0,0,2454,175323,0,150
74373813,1151,177777,0,15,2454,2454,0,0,177777,151000,177777,0,0,2454,175323,0,150
74373814,1151,177777,0,15,2454,2454,0,0,177777,151000,177777,0,0,2454,175323,0,150
74373815,1151,177777,0,15,1147,1147,0,0,2454,151000,26005,0,0,1147,176630,0,150
74373816,1151,177777,0,15,1147,1147,0,0,2454,151000,26005,0,0,1147,176630,0,150
74373817,1151,177777,0,15,1147,1147,0,0,2454,151000,26005,0,0,1147,176630,0,150
74373818,1151,177777,0,15,2407,2407,0,0,1147,151000,63402,0,0,2407,175370,0,150
74373819,1151,177777,0,15,2407,2407,0,0,1147,151000,63402,0,0,2407,175370,0,150
74373820,1151,177777,0,15,2407,2407,0,0,1147,151000,63402,0,0,2407,175370,0,150
74373821,1151,177777,0,15,13247,13246,0,0,2407,151000,3405,0,0,13246,164531,0,150
74373822,1151,177777,0,15,13247,13246,0,0,2407,151000,3405,0,0,13246,164531,0,150
74373823,1152,177777,0,15,13246,13246,0,0,2407,151000,3405,0,0,13246,164531,0,150
74373824,1152,177777,0,15,116400,116400,0,0,13246,151000,123026,0,0,116400,61377,0,150
74373825,1153,177777,0,15,116400,116400,0,0,13246,151000,123026,0,4,116400,61377,0,150
74373826,1153,177777,0,15,116400,116400,0,0,13246,151000,123026,0,4,116400,61377,0,150
74373827,1153,177777,0,15,170000,170000,0,0,116400,151000,235,170000,4,110000,7777,170000,20001
74373828,1154,177777,0,15,170000,170000,0,0,116400,151000,235,170000,0,110000,7777,170000,20001
74373829,1154,177777,0,15,170000,170000,0,0,116400,151000,235,170000,0,110000,7777,170000,20001
74373830,1154,177777,0,15,110000,110000,0,0,116400,151000,360,0,0,110000,67777,0,110000
74373831,1155,177777,0,15,110000,110000,0,0,116400,151000,360,0,4,110000,67777,0,110000
74373832,1155,177777,0,15,110000,110000,0,0,116400,151000,360,0,4,110000,67777,0,110000
74373833,1155,177777,0,15,7,7,0,0,116400,151000,220,7,4,26400,177770,7,110000
74373834,1156,177777,0,15,7,7,0,0,116400,151000,220,7,0,26400,177770,7,110000
74373835,1156,177777,0,15,7,7,0,0,116400,151000,220,7,0,26400,177770,7,110000
74373836,1156,177777,0,15,20001,20001,0,0,116400,151000,3400,140000,0,20001,157776,0,20000
74373837,1157,177777,0,15,20001,20001,0,0,116400,151000,3400,140000,5,20001,157776,0,20000
74373838,1156,177777,0,15,20001,20001,0,0,116400,151000,3400,140000,5,20001,157776,0,20000
74373839,1156,177777,0,15,7560,7560,0,0,116400,151000,440,0,5,7560,170217,7560,110000
74373840,1156,177777,0,15,7560,7560,0,0,116400,151000,440,0,5,7560,170217,7560,110000
74373841,1156,177777,0,15,7560,7560,0,0,116400,151000,440,0,5,7560,170217,7560,110000
74373842,1156,177777,0,7560,7560,7560,0,0,116400,151000,70017,0,5,7560,170217,7560,110000
74373843,1156,177777,0,7560,7560,7560,0,0,116400,151000,70017,0,5,7560,170217,7560,110000
74373844,1156,177777,0,7560,7560,7560,0,0,116400,151000,70017,0,5,7560,170217,7560,110000
74373845,1156,177777,0,7560,302,302,0,0,116400,151000,70017,0,5,302,177475,302,110000
74373846,1156,177777,0,7560,302,302,0,0,116400,151000,70017,0,5,302,177475,302,110000
74373847,1156,177777,0,7560,302,302,0,0,116400,151000,70017,0,5,302,177475,302,110000
74373848,1156,177777,302,7560,0,0,0,0,116400,151000,141000,0,5,0,177777,0,110000
74373849,1156,177777,302,7560,0,0,0,0,116400,151000,141000,0,5,0,177777,0,110000
74373850,1156,177777,302,7560,0,0,0,0,116400,151000,141000,0,5,0,177777,0,110000
74373851,1156,0,302,7560,3026,3026,0,0,116400,151000,0,0,5,3026,174751,3026,110000
74373852,1156,0,302,7560,3026,3026,0,0,116400,151000,0,0,5,3026,174751,3026,110000
74373853,1156,0,302,7560,3026,3026,0,0,116400,151000,0,0,5,3026,174751,3026,110000
74373854,1156,0,302,7560,7746,7746,0,0,116400,151000,13006,0,5,7746,170031,7746,110000
74373855,1156,0,302,7560,7746,7746,0,0,116400,151000,13006,0,5,7746,170031,7746,110000
74373856,1156,0,302,7560,7746,7746,0,0,116400,151000,13006,0,5,7746,170031,7746,110000
74373857,1156,0,302,7560,3040,3040,0,0,116400,151000,163017,0,5,3040,174737,3040,110000
74373858,1156,0,302,7560,3040,3040,0,0,116400,151000,163017,0,5,3040,174737,3040,110000
74373859,1156,0,302,7560,3040,3040,0,0,116400,151000,163017,0,5,3040,174737,3040,110000
74373860,1156,0,302,7560,55672,55672,0,0,116400,151000,20006,0,5,55672,122105,55672,110000
74373861,1156,0,302,7560,55672,55672,0,0,116400,151000,20006,0,5,55672,122105,55672,110000
74373862,1157,0,302,7560,55672,55672,0,0,116400,151000,20006,0,5,55672,122105,55672,110000
74373863,1157,0,302,7560,110044,110044,0,0,116400,151000,135133,0,5,110044,67733,110044,110000
74373864,1160,0,302,7560,110044,110044,0,0,116400,151000,135133,0,5,110044,67733,110044,110000
74373865,1160,0,302,7560,110044,110044,0,0,116400,151000,135133,0,5,110044,67733,110044,110000
74373866,1160,0,302,7560,0,0,0,0,116400,151000,22220,0,5,26444,177777,0,110044
74373867,1161,0,302,7560,0,0,0,0,116400,151000,22220,0,0,26444,177777,0,110044
74373868,1076,0,302,7560,0,0,0,0,116400,151000,22220,0,0,26444,177777,0,110044
74373869,1076,0,302,7560,110044,110044,0,0,116400,151000,0,0,0,110044,67733,0,110044
74373870,1076,0,302,7560,110044,110044,0,0,116400,151000,0,0,0,110044,67733,0,110044
74373871,0,0,302,7560,110044,110044,0,0,116400,151000,0,0,0,110044,67733,0,110044
74373872,0,0,302,7560,0,0,0,0,116400,151000,22220,0,0,0,177777,0,110044
74373873,0,0,302,7560,0,0,0,0,116400,151000,22220,0,4,0,177777,0,110044
74373874,2001,0,302,7560,0,0,0,0,116400,151000,22220,0,0,0,177777,0,110044
74373875,17040,0,302,7560,0,0,0,0,116400,151000,22220,0,0,0,177777,0,110044
74373876,17040,0,302,7560,0,0,0,0,116400,151000,22220,0,0,0,177777,0,110044
74373877,0,0,302,7560,0,0,3040,0,116400,151000,22220,0,0,0,177777,0,110044
74373878,6000,0,302,7560,0,0,3040,0,116400,151000,22220,0,0,0,177777,0,110044
74373879,6000,0,302,7560,0,0,0,0,116400,151000,22220,0,0,0,177777,0,110044
74373880,6000,0,302,7560,0,0,0,0,116400,151000,22220,0,0,0,177777,0,110044
74373881,6000,0,302,7560,0,0,0,0,116400,151000,22220,0,0,0,177777,0,110044
74373882,6440,0,302,7560,44035,0,0,44035,116400,151000,22220,0,0,0,177777,0,110044
74373883,6440,0,302,7560,44035,0,0,44035,116400,151000,22220,0,0,0,177777,0,110044
74373884,6440,0,302,7560,44035,0,0,44035,116400,151000,22220,0,0,0,177777,0,110044
74373885,6440,0,302,7560,44035,0,0,44035,116400,151000,22220,0,0,0,177777,0,110044
74373886,6440,0,302,7560,44035,0,0,0,116400,151000,22220,0,0,0,177777,0,110044
74373887,6440,0,302,7560,44035,0,0,0,116400,151000,22220,0,0,0,177777,0,110044
74373888,6440,0,302,7560,44035,0,0,0,116400,151000,22220,0,0,0,177777,0,110044
74373889,170,0,302,7560,44035,116400,0,0,116400,44035,0,170,0,116400,61377,0,0
74373890,170,0,302,7560,0,116400,0,0,116400,44035,0,170,3,116400,61377,0,0
74373891,0,0,302,7560,0,116400,0,0,116400,44035,0,170,3,116400,61377,0,0
74373892,0,0,302,7560,0,116400,0,0,116400,44035,0,170,3,116400,61377,0,0
74373893,0,0,302,7560,0,116400,0,0,116400,44035,0,170,3,116400,61377,0,0
74373894,0,0,302,7560,0,116400,3075,0,116400,44035,0,170,3,116400,61377,0,0
74373895,0,0,302,7560,0,116400,3075,0,116400,44035,0,170,3,116400,61377,0,0
74373896,0,0,302,7560,0,116400,0,0,116400,44035,0,170,3,116400,61377,0,0
74373897,0,0,302,7560,0,116400,0,0,116400,44035,0,170,3,116400,61377,0,0
74373898,0,0,302,7560,0,116400,0,0,116400,44035,0,170,3,116400,61377,0,0
74373899,0,0,302,7560,377,116400,0,377,116400,44035,0,170,3,116400,61377,0,0
74373900,0,0,302,7560,377,116400,0,377,116400,44035,0,170,3,116400,61377,0,0
74373901,0,0,302,7560,377,116400,0,377,116400,44035,0,170,3,116400,61377,0,0
74373902,0,0,302,7560,377,116400,0,377,116400,44035,0,170,3,116400,61377,0,0
74373903,0,0,302,7560,377,116400,0,0,116400,44035,0,170,3,116400,61377,0,0
74373904,0,0,302,7560,377,116400,0,0,116400,44035,0,170,3,116400,61377,0,0
74373905,0,0,302,7560,377,116400,0,0,116400,44035,0,170,3,116400,61377,0,0
74373906,0,0,302,7560,377,377,0,0,116400,377,235,0,3,377,177400,377,0
74373907,0,0,302,7560,0,377,0,0,116400,377,235,0,4,377,177400,377,0
74373908,2001,0,302,7560,0,377,0,0,116400,377,235,0,0,377,177400,377,0
74373909,17041,0,302,7560,0,377,0,0,116400,377,235,0,0,377,177400,377,0
74373910,17041,0,302,7560,0,377,0,0,116400,377,235,0,0,377,177400,377,0
74373911,0,0,302,7560,0,377,3041,0,116400,377,235,0,0,377,177400,377,0
74373912,6000,0,302,7560,0,377,3041,0,116400,377,235,0,0,377,177400,377,0
74373913,6000,0,302,7560,0,377,0,0,116400,377,235,0,0,377,177400,377,0
74373914,6000,0,302,7560,0,377,0,0,116400,377,235,0,0,377,177400,377,0
74373915,6000,0,302,7560,0,377,0,0,116400,377,235,0,0,377,177400,377,0
74373916,6500,0,302,7560,50033,377,0,50033,116400,377,235,0,0,377,177400,377,0
74373917,6500,0,302,7560,50033,377,0,50033,116400,377,235,0,0,377,177400,377,0
74373918,6500,0,302,7560,50033,377,0,50033,116400,377,235,0,0,377,177400,377,0
74373919,6500,0,302,7560,50033,377,0,50033,116400,377,235,0,0,377,177400,377,0
74373920,6500,0,302,7560,50033,377,0,0,116400,377,235,0,0,377,177400,377,0
74373921,6500,0,302,7560,50033,377,0,0,116400,377,235,0,0,377,177400,377,0
74373922,6500,0,302,7560,50033,377,0,0,116400,377,235,0,0,377,177400,377,0
74373923,172,377,302,7560,50033,116400,0,0,116400,50033,177400,172,0,116400,61377,0,0
74373924,172,377,302,7560,0,116400,0,0,116400,50033,177400,172,3,116400,61377,0,0
74373925,0,377,302,7560,0,116400,0,0,116400,50033,177400,172,3,116400,61377,0,0
74373926,0,377,302,7560,0,116400,0,0,116400,50033,177400,172,3,116400,61377,0,0
74373927,0,377,302,7560,0,116400,0,0,116400,50033,177400,172,3,116400,61377,0,0
74373928,0,377,302,7560,0,116400,3074,0,116400,50033,177400,172,3,116400,61377,0,0
74373929,0,377,302,7560,0,116400,3074,0,116400,50033,177400,172,3,116400,61377,0,0
74373930,0,377,302,7560,0,116400,0,0,116400,50033,177400,172,3,116400,61377,0,0
74373931,0,377,302,7560,0,116400,0,0,116400,50033,177400,172,3,116400,61377,0,0
74373932,0,377,302,7560,0,116400,0,0,116400,50033,177400,172,3,116400,61377,0,0
74373933,0,377,302,7560,300,116400,0,300,116400,50033,177400,172,3,116400,61377,0,0
74373934,0,377,302,7560,300,116400,0,300,116400,50033,177400,172,3,116400,61377,0,0
74373935,0,377,302,7560,300,116400,0,300,116400,50033,177400,172,3,116400,61377,0,0
74373936,0,377,302,7560,300,116400,0,300,116400,50033,177400,172,3,116400,61377,0,0
74373937,0,377,302,7560,300,116400,0,0,116400,50033,177400,172,3,116400,61377,0,0
74373938,0,377,302,7560,300,116400,0,0,116400,50033,177400,172,3,116400,61377,0,0
74373939,0,377,302,7560,300,116400,0,0,116400,50033,177400,172,3,116400,61377,0,0
74373940,0,377,302,7560,300,300,0,0,116400,300,235,0,3,300,177477,300,0
74373941,0,377,302,7560,0,300,0,0,116400,300,235,0,4,300,177477,300,0
74373942,2001,377,302,7560,0,300,0,0,116400,300,235,0,0,300,177477,300,0
74373943,17042,377,302,7560,0,300,0,0,116400,300,235,0,0,300,177477,300,0
74373944,17042,377,302,7560,0,300,0,0,116400,300,235,0,0,300,177477,300,0
74373945,0,377,302,7560,0,300,3042,0,116400,300,235,0,0,300,177477,300,0
74373946,6000,377,302,7560,0,300,3042,0,116400,300,235,0,0,300,177477,300,0
74373947,6000,377,302,7560,0,300,0,0,116400,300,235,0,0,300,177477,300,0
74373948,6000,377,302,7560,0,300,0,0,116400,300,235,0,0,300,177477,300,0
74373949,6000,377,302,7560,0,300,0,0,116400,300,235,0,0,300,177477,300,0
74373950,7730,377,302,7560,173005,300,0,173005,116400,300,235,0,0,300,177477,300,0
74373951,7730,377,302,7560,173005,300,0,173005,116400,300,235,0,22,300,177477,300,0
74373952,7730,377,302,7560,173005,300,0,173005,116400,300,235,0,22,300,177477,300,0
74373953,7730,377,302,7560,173005,300,0,173005,116400,300,235,0,22,300,177477,300,0
74373954,7730,377,302,7560,173005,300,0,0,116400,300,235,0,22,300,177477,300,0
74373955,7730,377,302,7560,173005,300,0,0,116400,300,235,0,22,300,177477,300,0
74373956,7730,377,302,7560,173005,300,0,0,116400,300,235,0,22,300,177477,300,0
74373957,0,377,300,7560,173005,5,0,0,116400,173005,140000,60000,22,305,177772,5,300
74373958,0,377,300,7560,0,5,0,0,116400,173005,140000,60000,4,305,177772,5,300
74373959,2001,377,300,7560,0,5,0,0,116400,173005,140000,60000,0,305,177772,5,300
74373960,17043,377,300,7560,0,5,0,0,116400,173005,140000,60000,0,305,177772,5,300
74373961,17043,377,300,7560,0,5,0,0,116400,173005,140000,60000,0,305,177772,5,300
74373962,0,377,300,7560,0,5,3043,0,116400,173005,140000,60000,0,305,177772,5,300
74373963,6000,377,300,7560,0,5,3043,0,116400,173005,140000,60000,0,305,177772,5,300
74373964,6000,377,300,7560,0,5,0,0,116400,173005,140000,60000,0,305,177772,5,300
74373965,6000,377,300,7560,0,5,0,0,116400,173005,140000,60000,0,305,177772,5,300
74373966,6000,377,300,7560,0,5,0,0,116400,173005,140000,60000,0,305,177772,5,300
74373967,7504,377,300,7560,150415,5,0,150415,116400,173005,140000,60000,0,305,177772,5,300
74373968,7504,377,300,7560,150415,5,0,150415,116400,173005,140000,60000,0,305,177772,5,300
74373969,7504,377,300,7560,150415,5,0,150415,116400,173005,140000,60000,0,305,177772,5,300
74373970,7504,377,300,7560,150415,5,0,150415,116400,173005,140000,60000,0,305,177772,5,300
74373971,7504,377,300,7560,150415,5,0,0,116400,173005,140000,60000,0,305,177772,5,300
74373972,7504,377,300,7560,150415,5,0,0,116400,173005,140000,60000,0,305,177772,5,300
74373973,7504,377,300,7560,150415,5,0,0,116400,173005,140000,60000,0,305,177772,5,300
74373974,657,377,305,7560,156415,116400,0,0,116400,150415,2400,657,0,116400,61377,0,0
# MARK badout tick=74373974
74373975,657,377,305,7560,116400,116400,0,0,116400,150415,2400,657,0,116400,61377,0,0
74373976,326,377,305,7560,116400,116400,0,0,116400,150415,2400,657,0,116400,61377,0,0
74373977,326,377,305,7560,116400,116400,0,0,116400,116400,235,326,0,116400,61377,0,0
74373978,326,377,305,7560,116400,116400,0,0,116400,116400,235,326,0,116400,61377,0,0
74373979,327,377,305,7560,116400,116400,0,0,116400,116400,235,326,0,116400,61377,0,0
74373980,327,377,305,7560,116400,116400,0,0,116400,116400,235,64,0,116400,61377,0,0
74373981,330,377,305,7560,116400,116400,0,0,116400,116400,235,64,0,116400,61377,0,0
74373982,660,377,305,7560,116400,116400,0,0,116400,116400,235,64,0,116400,61377,0,0
74373983,660,377,305,7560,116400,116400,0,0,116400,116400,235,217,0,116400,61377,0,0
74373984,660,377,305,7560,116400,116400,0,0,116400,116400,235,217,6,116400,61377,0,0
74373985,3655,377,305,7560,116400,116400,0,0,116400,116400,235,217,6,116400,61377,0,0
74373986,3655,377,305,7560,110044,110044,0,0,116400,116400,235,3640,6,110044,67733,110044,0
74373987,3655,377,305,7560,110044,110044,0,0,116400,116400,235,3640,0,110044,67733,110044,0
74373988,474,377,305,7560,110044,110044,0,0,116400,116400,235,3640,0,110044,67733,110044,0
74373989,474,377,305,7560,110044,110044,0,0,110044,116400,22220,474,0,110044,67733,0,0
74373990,474,377,305,7560,110044,110044,0,0,110044,116400,22220,474,0,110044,67733,0,0
74373991,475,377,305,7560,110044,110044,0,0,110044,116400,22220,474,0,110044,67733,0,0
74373992,475,377,305,7560,305,305,0,0,110044,116400,22220,60000,0,305,177472,0,305
74373993,476,377,305,7560,305,305,0,0,110044,116400,22220,60000,0,305,177472,0,305
74373994,501,377,305,7560,305,305,0,0,110044,116400,22220,60000,0,305,177472,0,305
