200000830029c401
2000002a00006018
2000002a00005018
7b800260002f002f
7b800260002f0037
7b800260002f0038
0000000800000006
0000000800000007
0000000800000008
0000000800000009
200000080000008e
000000080000000b
000000080000000c
000000080000000d
200002ef00200028
7b8003290029502b
7b8000808006800c
1b8000c080000000
3a00000180205000
2000000880000000
7b8003a080210000
3900000180200000
1b800080800040ff
7b0002c000250065
20000263812da048
200000000480001b
6180400080020000
2000000080000000
2000000080000000
6580000481020020
3900000284a00024
20000000810000f0
2000000084800027
3b8000a0812bc0e0
3b8000a084acc5c3
20000000848005c3
2000000081000048
2000000004800027
6580000000020027
71000c1700200000
2000000080000000
2018000080000000
20180c00020007f0
3a00000f80209000
2000000080000000
2018000080000000
20180c00020007e0
7b8000c0300d0669
2000006080000000
bb80012080090000
1b8c00a080200000
73000080800afffc
1280010080039000
0c000c068020a000
390c00030020003d
7b8000200009b039
7b80008080095800
7b8000c0300d0669
6e80006080099000
3a0000008000f000
3a000c1d84009000
6580000000020065
000000000000003e
000000000000003f
0000000000000040
3a00081a04009065
3a00041b0c009065
3a00081a0400506a
3a00041b0c00506a
200008180420006c
200004190c20006c
3a00081a0400606f
3a00041b0c00606f
2000081804200071
200004190c200071
2000081804200073
200004190c200073
2000081804200078
200004190c200078
200008180420007a
200004190c20007a
200008180420007c
200004190c20007c
200008180420007e
200004190c20007e
2000081804200080
200004190c200080
2000081804200082
200004190c200082
2000081804200084
200004190c200084
200008180420067a
200004190c20067a
20000818042006d8
200004190c2006d8
2000081804200705
200004190c200705
2000081804200910
200004190c200910
20000b9604200000
200007970c200000
71000c1700200000
3a00001b0c000065
3a00001b0c005065
3a00001b0c006065
3a00001b0c007065
3a000c1b00001065
3a00001b0c00506a
7b800c7980250000
7b800c7700210000
200000190c20006c
3a000c1b0000506a
3a00001b0c00606f
7b800c790026006c
200000190c200071
7b80006080090000
6180481b80090000
3a000c1580209000
3a00081580209000
200000190c200073
7b800c7700250000
200000190c200078
7b800c7700260000
200000190c20007a
7b800c7700270000
200000190c20007c
62a00c7700255000
200000190c20007e
66a04c7700255000
200000190c200080
72800c7700255000
200000190c200082
6e800c7700255000
200000190c200084
110000190c20067a
1b8000390c20f67a
7f8000390c2816d8
7f8000390c281705
1b8000d90c200910
200003970c200000
20000c1700200000
3100081500200000
2000002a00007090
2000002a00009090
2000000080000000
2000000000000065
7a15000000000093
79020c1200200065
7e15000000000093
6c810c1200209065
2000004f20200098
b980300014450065
2000000081000010
2000000044400000
2000004f20200098
b980300014460065
2000004f20200098
b980300014410065
1a00004f20201098
9980300094450000
7900000000010065
1b800100300400a5
20000000848000a8
7f900020300900a6
70810000000090a7
130000c0510000e0
7b8000c050000000
1a60000000000065
7b900020300900a6
6c810000000090a7
7b900020300900a6
78810000000090a7
1b800100200400a5
20000000848000b2
7b8000c080000000
1d810000000000b4
1b800100200400a5
20000000848000ae
7b8000c080000000
1981000080000000
33100020810000e8
20000000048000d5
71000c1700200000
7f800020300a20bd
30e00000000a0065
7b800020800a2000
1a8000c08000a000
39600000300000bd
2ce00000000a0065
1b800100300400a5
20000000848000c1
7f900020300900a6
7081000050009000
7b900020300900a6
6c81000050009000
1b800100200400a5
20000000848000c8
71000c1700200000
1b800100200400a5
2000000084800065
7b900020300900a6
30810000810090e0
7b800020848a20d4
2ce000000000a065
1b800100200400a5
20000000848000d1
71000c1700200000
1b800100200400a5
2000000084800065
7b900020300900a6
30810000810090e0
7b800020848a20cb
34e000000000a065
6180400000020065
2000000081000034
200000000480008f
1b80004080000000
2000000080000000
1b080180810000e0
1300008050000078
2000010f302700d6
7b8000c0300000d8
0b800020848080e1
20000000b1000010
398b000394600000
3a00000080007000
201004bd84220000
20100cbb80270000
20100cbb80260000
20100cbb80250000
20100cbb80210000
20100cbb80240000
131000a080200000
39000c1b80000000
20100cbb00230065
20000000300000d6
2000010f302700d8
7a000000800a2000
7a00000080097000
2000041c84200000
20100063302200fd
20100063302700fd
20100063302600fd
20100063302500fd
20100063302100fd
20100063302400fd
20100063302000fd
39100063812300e1
2000000084800065
20000000b1000010
7b8b00a094600000
7a0000008002a000
3a60000000000065
20000c1950200000
20000000300000d6
2000000030000101
71000c1700200000
7b8000c080000000
1b800040300000da
1b9000a084a00106
72800080800000ff
1981000000000109
13000080800000ff
3910000380200000
1b9100a080200000
7900000040050000
20000000300000d6
200000003000010d
71000c1700200000
7a000000800a2000
1b800040300000da
2000000084800113
7a01000030005117
7a0000008482a000
3a60000040000000
1a00000080005000
3911000330200117
13000080848000ff
3910000340200000
3b810100510000e4
7a140000810900d0
7a000000848d511b
6980400081090070
189400008485011e
69a0400080010000
6980800080050000
64804000810590b8
79000000048f0131
1980008f8021000e
7b8000c080080000
3be0002280207000
d9c00982b1250010
c4c0e80094459000
1b80004080000000
ba000c0080015000
33000100810100e0
3a6000008480812a
6080000080019000
3a0000008100f0d0
3a0000008480d12d
0900400081000070
790000008485012f
6980400080010000
38800000810f50d1
2000000084800065
1b80010080080000
6f0000c080080000
3a600c1700208000
1a940040810000e8
330000808000ffc0
3a14000404800131
3a14081200200000
62800c5700277000
7b800040300900d6
200000023020013f
20000c1700200000
7a000c1080296000
2000000030000141
20000c1700200000
1b800080800007ff
7000000080099000
16800100810790e8
3b000080800000c0
1680010004839149
3b000100810800e8
200000000480014a
3a00000080009000
3a000c1f84005000
7b80006850050000
1b8000a0022fe7d0
1b8000a0022fe7d8
39000003802fe000
3900000750200000
20000000810000c5
2000000084800000
1b8003e580000000
73000080500500ff
13000180810070e8
73000180048c3157
0f00018080002000
2000010f81210010
13000180b0006000
f9800800944c0000
7a0000008005c000
1b8001c080200000
330000208100e0e0
330000208480b15f
1b8000a084afe15d
390000000000015f
7b800020800e3000
6c8000008005e000
33000020810010e8
7b800020548e0000
6c8000005005e000
20000000810000e8
3300008080007800
7e000000048a5175
bb800920800f0000
7f800080800e000c
20000000810000e0
6c800022802fe000
72800080800ffffe
32800c4580005000
200000008480016d
72800080800fffef
33000c3e8100d0e8
3a00000304ad5171
72800080800fff7f
2000000000000174
34800000810fe0e0
2000000084800174
72800080800fffbf
3a0008053000f9fd
1b8000a0802fe000
328001008101a0e8
6e800100048aa179
76800100800aa000
7b800080800b7802
70800000800ab000
130000808000007d
0c0000000000a14b
3b8001c0812000d8
1b8000a004afe180
7b80002080053000
33000020810020e0
7b800020548e0161
32800100810150e0
0f0000208480214b
170001000004014b
3900000780200000
1700002d0000714c
32800100810150e0
7b800020848ad18a
1700010080010000
30800000810a50e8
200000000480014b
170001000008014b
20000000300000d6
1b80004030000199
270041000486019d
270041000487019f
20000000048001a2
200000000000008e
20000000300000d6
1b80004030000199
27004100048601a5
27004100048701a7
20000000048001a9
200000000000008e
13000100810f00e8
2700410050010000
1400000050005000
0c00000050005000
1b8000c080000000
3460000000005065
1b8000a0302cf19b
20000000300007c6
71000c1700200000
1b8000a0302bf19b
20000000300007c7
71000c1700200000
0e8000c080005000
3960000000000065
1b8000a0302cf19c
20000000000001a0
1b8000a0302bf19c
20000000000001a3
200002438026e000
2000000000000065
20000000300000d6
200000000000008e
20000000300000d6
1b8000c0020007a0
200000098000d000
39000001002001bf
3900000180200000
2000000080000000
200000093000f24a
71000c1700200000
3a00000080001000
20000c1c84200000
7b800c7700260000
3a00000080001000
3a000c1d04006065
3a0000105020f000
20000000300000d6
20000000300001c1
2000000080000000
7100000000000065
20000000020007b0
7b8001a9810d6020
1100010980089000
7f800029800ef000
39800009800ee000
7b8000a4802af000
2000002284a0f1c9
1b8000208000f000
2000010f80250000
7f800020800b4000
3d800009300ae1ce
39800009848be1ce
0f00004080000000
2000010981089010
b9801004954b0020
0f0000a0802cf000
39800009800d9000
3b8000c0810000d8
398000090489e1e5
200000090000d1e5
7b8001e9802e7000
1b8000a0802af000
1300008080003ff0
3d0000098000e000
1b80008080000015
7b800109b10bf0e8
39000009148091df
280040008100b0e4
0500000495800028
11000000000001e2
070040808000000a
2000002a8000e000
2000000080000000
39800009300d9271
3b8000c0810000d0
39800009848ee1d4
7900000040050000
3000001e80007000
7b80071e40250000
6f0000804005d782
2000000080000000
2018000080000000
20180c0032000770
7900000040050000
0000008940002800
7b8000c0300e01f8
1b8c00a080200000
7900000080050000
3a0000014020e000
7b8000c0300e01f8
790c000380200000
18800000810de0e0
3300008080000f00
20000000848001f1
3a000c06002001f1
2000010f80220000
fa000000b10d5010
f9800000944d0000
3a0000018020d000
2000000050000000
7900000080050000
1b80002080002000
330c00a0812000e8
1a00000044805000
7b00008040050300
20000000300000d6
2000000030000205
7100000000000065
19800000020507c0
1300008080000ffc
ef00008080091000
7f8001e9802a7000
1b8000a0802bf000
330000208100e0e8
0080000004899210
7b800080800e800f
70800000800ae000
6c000000800aa000
3d800009800ae000
39000003402af000
1b80012030000273
7a00000080080000
728000808009800f
1a00000080008000
130000a0802af000
6c00000080099000
3d8000090009e24a
1b80012030000273
1b8000808000c00f
7400000030090272
3000000a0000024a
39000003402ac000
33000280812000e8
200000000480021d
2000081140000000
2c00001e80007000
3a00041e40005000
7b8000808009804d
2000006230200141
2000000040000000
2000092680000000
2000092640000000
1300008080003fff
39000003802ca000
7b8000a0002ba22d
1300008080003fff
79000003802ba000
1b8000a0002ca22d
240040008100b0b8
7100002204a9f231
6b800020300ae236
2000000040000000
7a000000300ab236
79000082802a0000
7a0000003009b236
3b00008080003fff
6100402244a9f22f
6e800040800e9000
6e800040800fa000
38800000810fe0e0
4180401154aee238
20000000300000d6
3b8000c0810000d0
1b80012084800482
13000100300f023f
71000c1700200000
7900000f80290000
1b8000a0802cf000
1718002080000000
26804100810e90e8
3900000304acf252
06804100810a90d8
3900000f04a0024a
27004100810400d8
1b98002004800249
1b8000208000f000
3900000980002000
2000000080000000
2000010981089028
1b8000a4802cf000
3b8000c0458000d4
f30000a085abf0c0
1b80008fb020800b
d9800000944b0000
1b8301000000025b
1b80008080004000
390000090000224a
6580008280220017
2000002a8000e000
2000000080000000
200000493000925b
71000c1700200000
658000003002025b
71000c1700200000
3900000f812000e8
7b800120048e0260
1b98002080000000
6f0000a0802cf000
39800003802cf000
1b88002080000000
33180020810000e4
330000808480c000
1b98002081000070
7b880180848d0266
39800003802df000
6f0000a0802fc000
2000008f80200007
7b8000c0b1000010
198b000394600000
730000808000f000
2c800001802e0000
2000008f80200007
39800003b02fc000
7b8b00a094600000
200c0ca680200000
3a60000050000000
7b80008080093ff0
3980000950092000
b30000808000003c
33000020810070e8
3300002004806277
6e80002081000078
b980040054800000
1b80008080007ff0
6c00000050000000
390000038029b000
20000906500d0000
6200400080092000
7b80009c842e007e
7a000000800a3000
1b80006030000294
6180400080090000
7b80009c842d007a
63000060300f029e
1b8000c080000000
6180400080090000
2000001c84200000
1b00006080000000
33000020810000e8
6200400004829291
61804000100202b3
7b800080800e007e
28804000800e3000
7a00041c842a3000
1b80006030000294
28804000800ca000
7b80049c842d007a
7b800060300f029e
28804000810bf0b1
61804000848202b3
61804000100202b3
3900000080000000
2180441d84040000
6300002080087000
62004000800be000
3a00000080002000
2000001c84200000
2000006280200000
28804000800b8000
3980041d840a0000
66000000500ce000
28804000800c8000
3a00041d8400f000
0a8040408000d000
28804000800e8000
6000041d540b8000
1b8000808000007b
2800400080003000
3a00041d84005000
1b80002080007000
0800400080003000
2000041c84200000
6b80006080080000
3900000080000000
3980041d84080000
7b8000808009007f
6880400080093000
2000041c84200000
7b80006080080000
2600000080009000
2000041c84200000
7b800062102202b3
7a000c1700238000
7a000000510c90e3
1b8000208000f000
70000000800ce000
0b8000208000b000
70000000800ee000
60a000008006c000
608080005007e000
308000008106f0e8
3a0000000480b2bf
3a00041d84008000
2000000451000028
3a00001d040082be
308000008106f0e8
3a0000000480b2c4
2000041c84200000
7b80006050080000
2000001c042002c3
328001008101d0e0
1a000000848013aa
330000208000f000
20000000848003aa
65800000000a03aa
328001008101d0e0
1a000000848062c0
330000208000f000
20000000848002c0
65800000000b02c0
65800000300a02c0
7080000080080000
6c000000300882bb
65800000800b0000
65800000800d0000
65800000500e0000
20000000300002c0
7480000080080000
6c000000300882bb
61804022802bf000
7680004080066000
61804000000702d3
7b800020800fe000
1b80008080000fff
70000000810d60e3
7a000000848b72e7
328001008101d0e3
14800000848802cf
200000c3802eb000
ba000400300ed2b5
1b8000808000f000
7000000080066000
206000a0802eb000
6180400000020065
7b800080800000ff
1080000080050000
6f000120810a00d5
3a00000030006675
ba0000003009d2b4
7a0000005488a2bb
61804000048b02f0
65800000810900e3
3a000000000092ec
088040008009c000
6000400080077000
e10040828029f000
7280004080066000
688040008009d000
6c80000080069000
6580000000020065
20000000300003aa
72800122802c0000
1b80004080000000
14000000000002cf
6580000080010000
20000000300003aa
14800000000802cf
65800000300103aa
1280012280200000
7b800040800c0000
74800000000c02d5
20000000300003aa
10800000000802d5
1b8000208000c000
30000000810010e0
200000008480034c
2000000000000368
1a00000080006000
770000200006c30c
1b80008080001000
6c00000080066000
1b80008080000fff
70000000810d10e8
7b8000208009d000
3080000080096000
70000000048e6314
7b800020800ac000
30800000800a6000
200000000480031d
24804000810ed0d0
7d00002284acc317
7a000000800de000
32800040810060e0
6c8000008486931d
708000008006c000
6c8000008006d000
708000008001c000
6c8000008001d000
6b80002080008000
3a0000028120d0e8
7b800020048fe304
b1001000800a0000
62800040300a52c5
62800040300b72ca
b1001000300a02bb
62800040300a53aa
62800040300b72c0
20000000300002bb
7a000000300a53aa
7a000000300b72c0
20000000300002bb
3a000000810010d0
3a0000008480634e
a6000000848cd33f
28804000810750b3
7b8000208489f335
7b8000203009f302
61804000800a0000
6180400080050000
65800000300103ee
74800000300193b1
2000000000000368
1880000030061374
ba0000009488d000
60800000810a80e8
328001008001d000
60800000348b82fb
20000000300003b7
618040003002039e
7a000000300c6302
6580000080070000
7a0000000006c065
28804000810750b3
7b8000208489f343
20000000300003bd
2000000000000354
1880000030061374
ba0000009488d000
60800000810a80e8
328001008001d000
60800000048bc34b
65800000300102f7
1a0000003000c3cc
200000000000034c
20000000300003c9
200000003000039e
6180400000020065
a6000000848cd365
24804000810750b8
7b8000203489f358
74800000300692fe
6c800000300193ee
1a0000003000c3c0
7900000030090396
328001008101d0e3
1a000000848092cf
6180400000020065
1880000030061374
ba0000009488d000
60800000810ac0e8
328001008001d000
60800000048b8362
20000000300003c9
790000003009039e
7a000000800c6000
1a000000300092d5
618040000002033d
65800000300102f7
1a0000003000c3cc
200000000000035e
24804000810750b8
7b8000203489f36c
20000000300003b1
2000000030000396
328001008101d0e3
20000000848002fc
6180400000020065
1880000030061374
2000000094800000
60800000810ac0e3
328001008001d000
60800000848bc2fb
20000000300003b7
200000003000039e
6180400000020065
330000208100e0e5
1b80008284a01000
3280004080001000
110000c384aeb000
b9800422802df000
1280004080001000
002000008000d000
20000082802007ff
72800040800ed000
60808000800e5000
206000a0302eb381
f9800400800d0000
1b800100510100e5
64804000810e70b5
3980002285aec0e8
330000200480f388
32800040910060e0
f980042284adc394
6e80004080011000
11000000510000e5
3a000000558060d0
2000000054800384
088040008009c000
6000400080055000
e10040228029c000
32800040810060e8
6000400004877392
6480400000069392
088040008009c000
e100400080090000
6480400080019000
6580000000020065
2000008280203000
7680004000066065
ba000400300ed3a4
1a000000810060e8
330000208000c000
20000000048003a0
1b8000808000cfff
7000000080066000
648040008006d000
648040005001d000
7b800080800e0fff
b0800400300e63a4
1b8000808000cfff
7000000080066000
1b8000808000f000
7000000050011000
200000c3302eb2b5
60a000008001c000
608080008005e000
1b8000808000efff
7000000080011000
206000a0502eb000
308000008101f0e8
3a0000000480a3ae
2000041c84200000
7b80006050080000
2000001c042003ad
61804000510b00e3
65800000510b00e3
ba0000003009d3d5
20000000548003aa
20000000300002bb
61804000048a038a
61804000810b00e3
65800000000903b2
ba0000003009d2b4
20000000548003aa
20000000300002bb
65800000048a0390
65800000810b00e3
65800000000903b8
20000000300003aa
3080000080080000
1b80012080000000
61804000800a0000
ba0000003009d2b4
20000000548003aa
7280012280280000
7b800040800e0000
6c000000300882bb
14800000048e038a
61804000300a03af
65800000000903c2
20000000300003aa
45800000800a8000
1280012080000000
ba0000003009d2b4
20000000548003aa
72800122802e0000
7b80004080080000
7480000080080000
6c000000300882bb
1a0000000480e390
65800000300a03b0
65800000000903cd
1a00010f812790d8
2700408080000020
7a000000558c90e3
20000000b1000010
398b0003246003dd
20000000b1000010
7b8b00a094600000
3a0000005100c0e3
26804100810990d8
1a00010f55a7f0e8
330800a0302103e8
7b830c7994600000
7b83006080000000
2000010f812600e8
330800a0302603eb
45980c1b94490000
6380408f80200007
60800000810a0020
60800004548b03dd
3a0000000480a3ea
2000041c45600110
2000001c45600110
3a0000000480b3ed
4580041d45497010
4580001d45497010
1a00000080006000
330000208100c0e8
2000000054800000
6580000050060000
0282010081007038
200000000480008f
3900000002000780
7b800c7700250000
7b800c7700270000
7b80006080050000
2100400080000000
20000c1c84200000
7b800c7700210000
fb800860800f0000
6e800c970023fe00
2100400080000000
3a000c1d04001065
01004000848003ff
6580000000090403
1b80008780203050
7b800020810960e0
1b800100840103ff
1b8000cc80000000
170000808000e000
200000098000d000
1900000180200000
20000885800000fa
1b80008080004800
39000003802d5000
1b800dde80200000
13000100800f0000
3900000380281000
39000c1080200000
2000000032000bb0
20000c1e80000000
2000000880000000
20000c8580000030
20000c1e80000000
2000000880000000
20000c8580000025
1100000030000206
2000000080000000
11000109300897c7
1b8000808000ffff
39000003802cd000
390000038029f000
20000083802ee123
2000000080000000
390000098000e000
39000003802de000
31000003802bd000
31000003302ae47b
31000003802bc000
7100000080090000
1b800c91b0203fff
28004000810090e4
4200401194a99000
39000003302ca7c8
31000003302ba7c8
11000c113020027a
390008060000042b
7b800080b00a0100
7100000080090000
6580000080090000
61804000810900e0
20000000b480046e
7b800080800a0200
1100008f80200003
20000000b1000010
0100400094400000
2b004100810500e0
20000000b480046e
7b800080800a0300
2000010f81230010
1b800080800071c7
7b800080b00b30c3
d9800400944b0000
07004080800038e6
39000000810000e0
19800000848b046e
270040808000186e
20000000b480046d
7b800080800a0500
7b800080800dffff
1b80010080000000
39000000810000e0
21804000848d046e
20000000b480046d
7b800080800a0700
200001808000f000
1b800120810000e0
2700408080007800
20000000b480046e
61804080800a0800
7100008f8029000f
1b800082b0208000
2000000080000000
27184020810000e1
270040408480046e
998010008489046d
2000000081000010
2000014084600000
7b8000c0a00f0000
7b800080800a0a00
200000838028ffff
316000013020046b
1b8000c0810000e0
3900008080000000
238040a084a8f46e
3100000384a8f46d
3b8000a08028f000
1b8000208480c46c
2c6000018020f000
7a000000b00f5000
7b800080800a0d00
20000000300007b6
390000038028f000
11000000200007c6
2000008a8000c00f
20000000300007b6
0b0040809000fc00
39000000810000e0
1b8000a084a8f46e
71000000300e07c6
7a0000000005f470
200000805000ffff
60800080800aa100
60800080800aa100
19800000300a0566
3900000140200000
1b80008780203060
39000003802fe000
31000003802cb000
1b80008080001fff
3900000380282000
31000003802ce000
31000003802be000
11000003302cc266
31000c0680200000
310c000380200000
71000c1700200000
71000003802ed000
31000003802dc000
31000003802dd000
31000003802bb000
31000003802ab000
31000003802db000
31000003502fd000
20000083802ee123
3100000380282000
3b8000a08129c0e8
1b8001c004a00794
330000208100d0e0
3100000384a9c794
200002cf80200000
2000000080000000
2018000080000000
20180c0032000770
170000208100f0e8
330000200480d065
6b800020048874b2
6300002080011000
7100000080050000
660000003009113f
660000003009113f
620040003009113f
6280008080091005
7b8000203005a13f
6280402080091000
7b8000203005213f
628000203009113f
32800100810450e0
7b800180848f2498
30800000800f5000
2000000084800490
7100000b00020588
1b8001cd812000f5
130000208580d0e0
3b8000a084a9c4a8
200002cf80200000
310000038029c000
2018000080000000
20180c0032000770
39000000810000d8
200000000480048c
7b800180000224ae
3100000384a9c065
20000000000004a7
3b8000ad812820e0
0000000084800065
20000000810000f8
2000000004800488
2000000b00000588
1b8000a0812dd0e8
2000000004800488
200000000000048c
79000000300104cd
7a0000008002d000
63804020300454cf
26804100810da0e8
288040000484a4b3
20000000048004b9
20000000000004b4
6b80002080088000
71000000300404d7
7a000000300704d7
7a00000080060000
20000000300004d7
65800000810600e0
4180400081077070
4080001d848404bd
20000000300004d7
38800000810400e0
200000008480053b
20000000300004cf
3a0000008100a0e0
2000000084800588
2000000b00000588
628000203009113f
32800100810850e8
20000000048004c8
7a0000003009113f
30800002002854cd
7b80008080050805
628040200009113f
71000003002dd4d1
200000003000057c
7b8000a0302dd4c8
72800040810a80d8
1b80008080000030
68004000800ba000
268041005588b0d5
20000000048004d0
20000000300004c8
2000004080000000
7b800120300004c8
6e80004050000000
1b80010d80080000
0f0000a0302fe14b
3b800200812000d0
20000000848004e1
71000c1700200000
2000020080200000
3b8000a0812ee0e8
1b8001c004a00512
330000208100e0e0
330000208480f4e6
200003e50000058a
2000000084800065
1b8000a5812ee0e8
2b00408280200023
2b004100048a05d1
3100000304aee590
1b8000a08129f0d8
20000000048004f7
39000000810000e8
2500000304a9f4f6
fb8004a0802aa000
f9800400800aa000
f9800400800aa000
19800003802aa000
1300008080000007
0300008080000030
39000003002ee4e1
1b800020000054f5
1b8000a0812ed0e8
1b8000a004aff4e1
27004100810200d8
27004100048a04fc
1b8000a004abb500
1b8000a0812ff0e3
3900000030000508
1b8000a0302bb567
038040a0002ff507
270040a0812ab0e8
31000000048ee58b
200000af802dc000
2000000030000542
638040a0802bb000
39800003302bb567
038040a0802ff000
39000003002ff4e1
2b0041005481050c
1b8000808000002f
39000003802ee000
038040a0002ff507
2b004100548a050e
1b800100000d050a
200000005480050f
1b8000808000010a
39000003802ee000
31000003002ff4e1
330000203000b53d
1b8000a0802fe000
170000203000614b
1b8001c080200000
330000208100e0e0
710000008480053f
13000100810f00e8
3b0000a080281000
200000000480051c
20000be5300009fd
1b8003e580000000
130000888000007f
20000c1e80000000
79000005810a00e8
27004100300d0523
1b800100800a0000
39000003002ee065
20000000558000d9
6700408080090030
2680410004889527
2000000004800586
2700408080000041
71000000048d052b
270040808000005a
2000000004800591
07004020810060e8
030001000484058b
03000100048d05ca
0300010004850631
03000100048f05cf
0700410004850588
670001800489758b
658000003009056e
07004100810100e8
3980000004890596
07004100048105c0
07004100048105b9
070041000481059b
07004100048204af
07004100048804af
200000000480079b
1b8000808000003f
39000003002ee58a
20000000558000f8
2000000004800513
200000af802de000
1b8000a0302bd542
2000000000000065
7b980080800cf801
20000d0202230790
7b8000b0802ae000
2000090680080000
39800806300ae564
6b800020300b854c
3900000080000000
20000c1c84200000
1b80006030000564
31000c1150200000
7b8c00a0812000e8
3280010080040000
7b800cb154a9b000
32800100810490e8
ba80008054899018
3a00001050209000
39000c1080200000
3900000280200000
2000000030000101
1a00000090005000
7a0000000005f562
39000c1080200000
3a00000f8020e000
2000000080000000
1b9300a000200562
39000c1080200000
3900000280200000
200000003000055f
1a00000010005556
20000000000001c1
7b880020800fc000
39800003002fc566
2000090630090564
3a00080600002565
3900080680000000
2000092650000000
20000906000a0564
f9000400800aa000
19800003802aa000
1300008080000001
0300008080000030
39000003802ee000
1b80008080000005
390000035029f000
3b8000a0812dc0e0
200000008480053b
20000000810000f0
200000005480053b
20000906800e0000
200008a6302ce565
200008a6002be565
7b8000a0812ce010
2000010f80260000
1b8000a0b02be000
d9800000944ce000
0c0000008000a000
39800003802ce000
39000003502be000
7b8000a0302db575
1b8000a0802dd000
d9800000800d0000
d9800000800d0000
d9800000800d0000
72800080800aa007
0c0000008000a000
39000003802dd000
39800003802db000
20000083502fd000
200000003000057c
2000000000000065
1b8000a0802fe000
0f0000203000614b
20000083002cd58b
31000003802cb000
31000003802bc000
31000003802cc000
31000003302ce47b
31000003002be065
20000043002ee065
fb8000a0302dc575
1b8000808000001f
70000000800aa000
60800000800da000
39800003002dc065
3b8000a0812dc0e0
1b8000a084add53b
3b8000a0812fd0e8
2000000b04800588
7900000000020588
710000008005d052
200000b0802dd000
7100000080010000
7b80002080060000
71000000800a0000
7a00000080023000
7a00000080042000
3a000000810050e0
3a0000008480a5a5
7a00000081046070
78800000848415a8
4180400080022000
3a000c1d040045ac
4180400080022000
20000c1c84200000
3a800062812040e0
20000000848005b5
28800000810720e0
3d800000848a05a1
7d800000848a05a0
6080000080066000
3d8000008481059f
7d8000008481059e
7d80008280250123
200000008480059d
20000043002ee58a
7b80004080010000
6580000080020000
1880000080014000
790000000006053b
1b8000a0802dd000
39000003802ec000
20000083002cb58e
3b8000a0812cb0e8
200000a204aec065
2000000480000000
2000085200200000
3b8000a0812bc0e0
1b8000a084add53b
20000000848005c6
2000000b80000000
2000000c80000000
71000c1780200000
39000003002cc58e
20000000810000f8
20000000048005c3
2000000000000065
3b8000a0812dc0e0
1b8000a084add53b
39000003802bb000
20000103802ed000
31000003002dd065
1b8000a0302bd567
200000000000058b
31000003802ee000
3b8000a0812ed0e3
1b8000a084adc61c
270040808000004c
2000010f84a005dc
1b80010030030570
39000003802ed000
39000003802dc000
1b80008080000010
39000003802ab000
31000003002bb626
2700410080050000
27004100848605e7
3b8000a0812fd0e8
1b8000a004add5e5
f900000080090000
73000080800a0003
7280008080099018
0c800000800a9000
0f00002080002000
200000003000027a
390008060000058a
20000000848005eb
20000906800f0000
200008a6302dd565
200000000000058a
270040808000007e
20000000848005ee
2000000000000401
2700408080000049
20000000848005f1
2000081e00000401
2700408080000116
20000000848005f4
2000000c0000058a
3b8000a0802fd000
20000000848005fc
3b8000a0802dc000
3b8000a084ade53b
1b8000a084abd58a
01004003302bd542
2000000030000567
200000000000058b
2b0040808000002a
200000008480056e
3b8000a0812cd0e0
1b8000a084aad53b
2700410084810605
200000b0302ae54c
1b8000a0802bd000
20000cbd342dd54b
20000000000005f9
270041008482060f
1b800cb03029d0d9
1b8000a084add60a
790100003000060c
396000000000058a
391100033020060c
391000030020058a
13000080800000ff
3b810100810000e0
200000005480058a
2000000084800616
1b8000a08029d000
6f000020800e3000
39000c1080200000
3a00000f8020e000
1b8000a0802dd000
391300030020058a
7a000000300f5618
7a0000000005f58a
1b800cb08029d000
3900000280200000
1b8000a0802dd000
7900000000050205
270041808480561f
038040a0802dd000
39000003002ab626
2000000084800622
638040a0302dd629
39000003002dc626
2700408080000055
200000008480053b
638040a0302dd629
21004003802dc000
1b8000808000000d
39000003802ee000
31000003002ff065
1b8000a0802bb000
d9800000800dd000
d9800000800dd000
d9800000800dd000
39000003802bb000
19800000800dd000
39000003802ab000
1b80010050010000
1b8000a0812dc0e8
070041000489064f
07004100048f064d
0300010004840649
0300010004810648
0300010004830642
0300010004840644
03000100048b0646
0700410004810647
0700410004820645
07004100048e0643
070041000483064b
07004100048c0665
030001000483065d
070041800480a667
0300418004805664
200000000000053b
1b8001000000064a
1b8001000001064a
1b8001000002064a
1b8001000003064a
1b8001000004064a
1b8001000005064a
1b8001000006064a
1b8001000007064a
79000000300a057d
1b8000a0002dd64c
7b80002000090651
1b8000a0802dd000
6380402000091651
7100000080090000
1b8000a0802dd000
39000003802bd000
390000038029d000
1b8000a0802db000
39000003802ae000
1a00000f80209000
39000003802de000
39000003002ad658
1b8000a0302bd542
31000003302cd567
3b8000a0812de0e3
2000000084800572
200000000000058b
7a000000800c5000
1b800cb0802dd000
7900000080090000
1b8000a08029e000
7900000030050141
1a00000030005567
7a0000000005c58a
038041800000e666
1b80008080000062
7b80002000091651
1b800100800f0000
39000003302de58a
1b8c00a03020066c
3a0000008000f000
20000c1c54200000
33000020810020e0
328000208480d671
3100001084a00670
6e800080500fff00
ee800080500fff00
3100001084a00673
ee800080500ff000
0e8000808000fc00
fb000080500f0300
20000000348002d5
6580000050060000
0000000000000677
0000000000000678
0000000000000679
2000010f80240000
7b000060800a0000
7b800cd980280000
200000828020803f
168000408100a0e8
76800040048c568d
7b800060048906ae
68004000b10bc010
b9c00082946b0018
2a8040408100b0d8
228000400480b731
39800000048b06ae
2200400f04a0b68e
3a0000008100b0e8
2600000f04a0b693
198000828029003f
72800040800da000
72800040800b5000
76800040000e569a
2000006000000731
198000828021003f
76800040800ea000
72800040800d5000
7a00000080019000
72800040000ba69a
198000828029003f
72800040800b5000
72800040800da000
76800040800e5000
2000008280200040
6e800040800dd000
6e800040000bb69f
2000008280200040
6e800040800dd000
6e80004eb10bb010
99c00800944d0000
d9800c00800d0000
78800000810a50d8
7b800020048976b0
0020000080011000
60808000810bd0e8
308000008009b000
7900002204a166ac
62800040800ae000
99800800800b0000
7900008280210040
1a0000008000a000
76800040800bb000
200000223020e73d
2000000000000731
768000408005b000
6c8000000005e731
7a0000008005a000
7a00000000019731
6820000080011000
08808000810db0d8
20000000048006b5
61a0400080010000
61008000000506b8
7d00008280258000
7a800040800ee000
7d80000080010000
6b80008f80290011
39800022812560e0
39800000848106cc
7a000000848ce6be
7100000080050000
7100000000010731
7b80002eb10de0d0
f980040094410000
b980040080010000
b980040080010000
0683410081009010
6300408f802a0005
19800000b0010000
d980040094450000
2000008f80200004
79000000b0010000
f9800422946a6000
7680004080055000
08804000300ae73a
2000000000000731
3280004080005000
19800000848106d6
7b800020b10de0c0
d980080094450000
7900000080010000
0683410081009010
6700008f802a0005
19800000b0010000
9980080094450000
2000010f002406c7
7680004080055000
6c8000000005e731
7b800c79802a0000
7b8000c080080000
7b800082802c003f
16800040810050e8
7b800060048906bc
76800040800ba000
000000000480b6bc
77000080800e8000
18800000810a50d0
7b800020848df6e3
6c800000800ed000
7b800020800de000
300000008100d0e0
3980000284a906e9
1c8000008005e000
300000008000d000
7b8000208489e717
78800000800ed000
708000008005c000
70800000800ca000
7b80002080096000
6c800000800c9000
6c80000080059000
1100000081000010
7100008fb02b000f
0020100080001000
80a09800944b5000
3a0000028020c000
2000010fb0250000
0020100080001000
80a09800944b5000
0020100080001000
60a09800810b50e0
7b800020800c7000
30800000800cb000
7a0000008485b701
3a000000810050e8
79000000048106bc
7480000080059000
088040003009e73a
2000000000000731
748000008005c000
9980080080050000
7900000080010000
6c8000000005e731
7b800c79802a0000
7b8000c080080000
7a000000800ca000
200000828020003f
16800040810050e8
7b800060048d06bc
76800040800ba000
040040008100b0d0
78800000800a5000
170000208480f710
0f0000208000f000
7b000080800e4000
3a0000008100b0e8
7b8000200489e735
308000008109a0e8
18800000048e571a
30000000810090e8
7b8000200489e71a
30800000810950e0
2000000084800735
20000000000006bc
7b80008080090040
72800040800cc000
7280004080055000
6c80008f802c9006
6c80000080059000
1980008280210000
7be0002081097010
042040008000d000
c4c08800b005c000
0420e0008000d000
c4c0a8009445c000
7b800040800b0000
2000008fb020000f
0420e0008000d000
c4c0a8009445c000
308000008109b0e8
1b80004004800732
99800800800b0000
7900002280216000
028000408000e000
76800040800bb000
200000223020e73d
3a0000028020f000
3a60000000008065
7900002280216000
768000408005b000
6c8000000005e731
7e00000080010000
2000008280207fff
6e8000408005e000
1b80008080000008
6c00000000088731
74000000810ae0e0
30800000800da000
6c000000548556bc
7d000000800a0000
70800000810ae0e1
72800040800aa000
600000005485b735
1b80002080008000
3a000000810050e0
7100000084810745
71000c1700250000
63000240800e0000
3a000000810050d0
2000002284a0974a
62800040800ee000
6980400080050000
6b80008fb02d0011
f9c0080094450000
b9800c0080050000
068301008000d000
6800408f802ee004
19800000b1050010
d9800000944e0000
7900000080010000
7a000c170025e000
1980008f80210004
7b800240b1090010
9980000094450000
b90000228021f000
6e80004080011000
0080000080059000
63000080800a0010
7b800080800e0100
30800000810ea0e8
3900000f04a00767
33000020810080e0
2000000084800131
7b800020b10b9010
9980080094410000
d980000080010000
30800000810b50e8
d980000004810765
6980400080010000
7a00000080051000
71000c1700210000
7100000000050766
0000000000000768
0000000000000769
000000000000076a
000000000000076b
000000000000076c
000000000000076d
000000000000076e
000000000000076f
1b80008050000000
1b80008050000370
1b80008050002140
1b80008050002360
1b80008050000100
1b80008050000380
1b80008050002370
1b80008050000000
1b80008050008000
1b80008050008370
1b8000805000a140
1b8000805000a360
1b80008050008100
1b80008050008380
1b8000805000a370
1b80008050008000
20000c1c042003f5
20000c1c042003f6
20000c1c042003f7
20000c1c042003fb
3a000c1d04005065
31000c1d04000065
3a000c1d040053fd
3a000c1d040053fd
20000c1c042003f5
20000c1c042003f6
20000c1c042003f7
20000c1c042003fb
3a000c1d04005065
31000c1d04000065
3a000c1d040053fd
3a000c1d040053fd
2000000000000544
7a000004000f5552
6f000024000e3557
7a000000000f555b
1b8000ac812cc0e8
3b8000a004abc797
25000003002cc5c3
1b8000a004aec5bc
24004000810020e0
0b800180848065c3
25000003002ee58a
1b8000a0802dd000
39000003802ec000
20000083002bc58e
000000000000079e
1b8000a0002fc560
2000000000000513
170000200000f1b1
0f0000200000f1b3
2000002a00007065
170000200000e1b2
170000200000e7a1
0f0000200000d1b2
170000200000d1b2
0f0000200000e1b2
2000002a00007065
0f0000200000e7a2
2000002a00007065
2000002a00007065
200000000000013c
3a000010002051b7
3a000010002051ba
7b80022040250000
7b8000c040050000
1b8000a00029e1e5
1b8000a0002da1fd
1b8000a0002df1e8
7b8001a9000d61d5
7b8001e9002971c2
1b8000a0002bf1e5
7b80028040250000
7b88002040050000
200002cf002001e9
7b800160002501ed
20000000000001ee
7b800140002501ed
7100000040050000
1f8000200000f1e6
3a00000000005225
3960000040000000
200000000000021c
170000200000f1f2
200000000000008e
0000000000005206
39000003002cf218
39000003002bf211
1b8000200000321d
1a0000000000522a
1a00000000005227
3980001140250000
200000000000008e
2000000000000222
200000000000008e
1b8000200000f220
1b800dde0020014d
2000000050000000
1b8007e500000151
1a8000a0002d5162
7100000050050000
3a00000550005000
710000000005017d
1b8000a0002fe182
7100000050005000
0f00002000007185
7300008050050009
0f00002000000187
00000000000007dc
00000000000007dd
00000000000007de
00000000000007df
1b800100000a0259
1b800100000b0259
1b800100000c0259
1b800100000d0259
1b800100000e0254
1b800100000e0254
1b800100000e0254
1b800100000e0254
1b800100000e0254
1b800100000e0254
1b800100000e0254
1b800100000e0254
1b800100000e0254
1b800100000e0254
1b800100000e0254
1b800100000f0259
6580000000020483
65800000000204db
65800000000204e0
65800000000205c7
65800000000204aa
6580000d00020065
658000000002049e
200000830029c401
00000000000007f8
00000000000007f9
00000000000007fa
00000000000007fb
00000000000007fc
00000000000007fd
00000000000007fe
00000000000007ff
622000008109103b
7a000000048f508f
61808010812f0010
4220400080099000
20000c1c84200000
2007006394600000
7a00000080093000
3a00000fb120a010
4200400080099000
200704bd94600000
12800100800fa000
60a0000080014000
6180800080050000
60a0000080036000
61804000810700d8
6580000004820065
6180400000020065
62200000810c1038
7a000000048f508f
7b800080800d0004
7a00008f802ed00b
1a000000b0004000
61808010802f0000
40200000800cc000
65800c1c852d00e0
7b83006094400000
6880400080003000
6080008f8020600b
7b800080b00d0004
65800000810d00e0
d983040081000070
d983040080000000
d983040080000000
d983040094400000
45800000810e00e0
3900041d8480081b
1b8400a080206000
130000808000000f
7a0000008001c000
620080008005f000
6020000080033000
61804000810700d8
6580000004820065
6180400000020065
20000000300000d6
0200400002005bf0
2000000030000850
6180400080090000
20000c1c34200859
6180400080090000
20000c1c84200000
7b80006080010000
3a00000080003000
7480041d8405f000
2200400081003020
3a00041d84801851
6580000010020065
1b80008080000180
f0000000300c1850
1a00000080003000
2000041c34200859
30800000048f5851
6180400081090078
3a000c1d84005000
040040000480c84d
b3000080800b001e
f3000080800e01e0
e0800000800ee000
39800000800e0000
62800120800e4000
3a0000008000e000
20000c1c84200000
3a00000f8020b000
1b80006080000000
0f18002080000000
3a0000008000e000
39000c1d84000000
3a00000081003020
3100041d84800851
6580000010020065
3a00001080206000
7a00000080097000
3a000c1c852070e8
7b80006014870065
6180400080090000
20000c1c84200000
7b80006080030000
0080000080033000
6f0000804003fe00
7b800060510500e8
21004000810000e8
3a00041c84205000
1b80006014800065
f3000080800f00c0
628000808009fe00
1a00000080007000
63000080800a0015
60004000b10b60e8
42004000148aa065
2000041c04200864
7b800060810c00e8
1a00010f04af986e
7b800020800e0000
1b800100b10200e8
30800000300ec86b
f9800000954e00e8
28804000410ab0e8
6000000055899010
2800400080009000
3100041d54000000
630000200009586a
7a000010802e1000
7a000000800f7000
20000c1c84200000
7b800060810900e8
4180401004a96880
2200400080009000
20000c1c84200000
328000608100c0e8
660000000489987e
20000c1c84200000
7b800060800a0000
7a0000108021e000
7a0000008005f000
3a000c1d8400a000
7a000c1700279000
7a000000800e6000
7a000000000f9871
6180400000020065
28000000810040b8
2000000004800065
3a000000810040e0
2000000086800be0
20000c1700200000
1a000000300018ae
1a000000300068b9
20000000300008c6
7b800060000908cf
1a000000300018ae
1a000000300068bb
20000000300008c6
7b800060000908d2
2000000081000038
3a00001004a0708f
1a000000300018ae
20000060300008c6
7b800060000908d5
1a000000300018b0
1a000000300068b9
20000000300008c8
7b800060000908cf
1a000000300018b0
1a000000300068bb
20000000300008c8
7b800060000908d2
2000000081000038
3a00001004a0708f
1a000000300018b0
20000060300008c8
7b800060000908d5
2000000081000038
3a00001004a0508f
1a000000300068b9
20000000300008ca
61808010002508cf
2000000081000038
3a00001004a0508f
1a000000300068bb
20000000300008ca
61808010002508d2
200000008100003b
200000000480008f
3a000010302058ca
41808010002578d5
3900000080000000
2000001c042008b2
3900000080000000
2000041c042008b2
ba000860800a4000
200000008000a000
2000081c84200000
66000060800a4000
200000008000a000
2000081c85200025
2000006040000000
3900000080000000
2000001c042008bd
3900000080000000
2000041c042008bd
7b800060300908c4
ba000800300a48c1
66000000300a48c1
2000000041000025
008000008006a000
2000081c84200000
7b80006080090000
3900000080000000
3a00081d54009000
4180400080011000
2000001c04a008cd
4180400080011000
2000041c04a008cd
41a0400080011000
20000c1c85200025
7b800060048908cd
6580000080010000
6580000000020065
45800000810460e4
4180401d85869025
20000c1700200000
45800000810460e4
4180441d85869025
20000c1700200000
45800000810460e4
41a04c1d85069074
6180801085a70025
20000c1700200000
ba000800300978dd
1b800060348008dc
73000c97002500ff
1b80012050000000
6080000080096000
3280051c552170e8
7b800080800b00ff
70800000300b58dd
1b800060048008e5
73000080800aff00
3a00000080009000
2c80041d040ab065
73000080800a00ff
3a0000008000b000
7b800120000b08e3
7a140000810900d0
1981000284a008eb
6980400081090070
7100010f84ae08ed
2900400280200000
20000000b1000010
80801800944e9000
38950000810000d8
79000000048108f2
7a000c170025e000
6920400080010000
6a008c170025e000
72800040300990d6
20000000810000e8
7b800080800e0023
28804000800e9000
2680410004849909
2680410004899905
1b8001c004a0090d
330000208100e0e0
330000208480b90d
1b8000a084afe8ff
390000000000090d
3300002f812010e8
2000000081000078
170301000480090d
7b80002080050000
3900000780200000
39000003002fe065
1b8000208000f000
330001c0812000e0
1b8000a084afe90d
3300002f00202900
1b8000a0812fe0e8
73000080800a0009
2a8041008009a000
1700002004800902
3a00000080009000
3a00081f84005000
7b800c7700250000
7700008080080010
7a000000810a50d0
7b80006284ab0914
69804000810a0070
1100010f84ae0916
2a0040028020b000
71000000b10d0010
80801800944da000
d9800800800d0000
99800800810d00e8
71000000048c091c
7b800080800c0030
2ce00000800c8000
38800000810b50d0
7900000084850920
69804c1700250000
20000c1700200000
3a00000f302050d6
7b80002002091bc0
390000038029a000
1a00000080005000
39000003802ea000
1a00000080001000
39000003102fa065
7900000080060000
1b8000a0802ea000
7900000080050000
1b8000a0802fa000
79000c1700210000
0280010080073000
3900000080000000
20000c1c84200000
7b80006080090000
3900000080000000
3a000c1d84007000
200000b0802fa000
3a00000080007000
3a000c1d850090e8
1b8000a004aea93c
2200400080009000
20000c1c84200000
1b80006080000000
2200400080009000
3a000c1d0400793e
a8004800800c3000
0e8001008003c000
62004000800d7000
39000c1d84000000
7b800080800c0003
20800000800c7000
3a000c1d04006065
3a00000080007000
20000c1c84200000
7b80006080090000
2200400080007000
20000c1c84200000
7b800060800a0000
328001008103a0e0
6b800180848c194d
3a0000008100a0e8
3a000c1d04009952
00800000800aa000
030000a0802ea000
200000b08029a000
2c0000008000c000
3a000c1d850090e8
200000b004afa955
2200400080009000
3a000c1d8400a000
3a00000080007000
31000c1d84000000
2200400080007000
31000c1d04000065
20800000810590e8
3a000c1c84205000
1b80006014800065
f3000080800f03c0
628000808009f800
1a00000080007000
59000010812a60e8
63000080b00b0008
42004000148aa065
20000c1c04200864
7b800080800afc00
3a000000b10070e8
2080400014897065
3a000c1c852050d8
ee8000600483a96d
3a00000080003000
2000041c84200000
7b800060810b00e8
208000000489797f
59800c1d8505b0e0
3a0000008480397f
3100041d0400097f
7f800020000cb971
7f800080800c8800
7b800080800afc00
3a000000b10070e8
2080000014897065
20000c1c84200000
728000608005c000
2080400080097000
20000c1c84200000
ba000800800b7000
b9800800800b0000
ee8000608003a000
3a00000080003000
3a00041d84005000
2200400080003000
3a00041d0400b97f
3a00000081007024
20000c1c84200000
7b800060958700e8
6580000000020065
ba00080030097987
1b800060348008dc
73000080800500ff
2000000000000065
6080000080096000
32800d1c552170e8
7b800080800b00ff
70800000800b5000
ba00080030097987
1b80006004800990
73000080800aff00
3a00000080009000
2c800c1d040ab065
73000080800a00ff
3a0000008000b000
7b800120000b098e
1b800020300039fb
200004113000099c
3a00000080007000
26000c1d84000000
20000c1700200000
1b800020300039fb
200005113000099c
3a00000080007000
20000c1c04200065
3a00000080007000
20000c1c84200000
7b80006050050000
b9800800300909af
2080000080097000
1b98043c042009b1
b9800800300909af
3a00001080206000
2080000080097000
1b980c3c042009b1
b9800800300909af
6080000080097000
1b8004dc342009b6
3900041d04000065
b9800800300909af
3a00001080206000
6080000080097000
1b800cdc342009b6
19000c1d04000065
b980080080090000
b980080050090000
33000060810000e0
1b8000c0848009b4
17000020000029b5
0f00002080002000
39600c1700200000
33000020810020e8
1b80006081000078
17180020048009ba
0f18002080000000
3a00000050009000
200000b08129a038
1b8201000480008f
2000000002003bd0
2000000080007000
20000c1c84200000
7b800c7700250000
2000000080007000
3a000c1d04005065
2000000080007000
20000c1c84200000
7b800c7700270000
2000000080007000
31000c1d04000065
330000208100e0e8
59000000048d69d4
1b80012080000000
b3000080800f00fc
1b8c00a0302009e0
6c000000800ff000
20000c1c84200000
1b80006080000000
330000208100f0e8
0f0000200480c9d9
3a0000008000f000
39000c1d84000000
1b800020300039fb
20000411300009f8
3a00000080006000
2600041d84000000
20000c1700200000
3a00000080006000
3a00041d84006000
20000000000009db
9980080080090000
9980080080090000
9980080080090000
9980080050090000
33000020810020e8
328000200480d9ec
328001000481d9e6
3100001034a009dc
6e800080800ff800
1300008050000780
d980019004a909e9
d980000080090000
d980000080090000
d98000828029e000
6e800040800ff000
1300008050001800
328001000481d9f0
3100001034a009de
6e800080800ffe00
1300008050000180
3100001034a009de
8e800080800ffe00
13000080500000c0
1b800020300039fb
20000411300009f8
3a00000080006000
2000041c84200000
20000c1700200000
3a00000080006000
2000041c84200000
7b80006050050000
33000280812000e5
20000000048009fb
1b800dde80200000
13000100800f0000
3900000380281000
39000c1080200000
2000000032000bb0
20000c1e80000000
2000000880000000
20000c8550000025
0000000000000a05
0000000000000a06
0000000000000a07
0000000000000a08
0000000000000a09
0000000000000a0a
0000000000000a0b
0000000000000a0c
0000000000000a0d
0000000000000a0e
0000000000000a0f
0000000000000a10
0000000000000a11
0000000000000a12
0000000000000a13
0000000000000a14
0000000000000a15
0000000000000a16
0000000000000a17
0000000000000a18
0000000000000a19
0000000000000a1a
0000000000000a1b
0000000000000a1c
0000000000000a1d
0000000000000a1e
0000000000000a1f
0000000000000a20
0000000000000a21
0000000000000a22
0000000000000a23
0000000000000a24
0000000000000a25
0000000000000a26
0000000000000a27
0000000000000a28
0000000000000a29
0000000000000a2a
0000000000000a2b
0000000000000a2c
0000000000000a2d
0000000000000a2e
0000000000000a2f
0000000000000a30
0000000000000a31
0000000000000a32
0000000000000a33
0000000000000a34
0000000000000a35
0000000000000a36
0000000000000a37
0000000000000a38
0000000000000a39
0000000000000a3a
0000000000000a3b
0000000000000a3c
0000000000000a3d
0000000000000a3e
0000000000000a3f
0000000000000a40
0000000000000a41
0000000000000a42
0000000000000a43
0000000000000a44
0000000000000a45
0000000000000a46
0000000000000a47
0000000000000a48
0000000000000a49
0000000000000a4a
0000000000000a4b
0000000000000a4c
0000000000000a4d
0000000000000a4e
0000000000000a4f
0000000000000a50
0000000000000a51
0000000000000a52
0000000000000a53
0000000000000a54
0000000000000a55
0000000000000a56
0000000000000a57
0000000000000a58
0000000000000a59
0000000000000a5a
0000000000000a5b
0000000000000a5c
0000000000000a5d
0000000000000a5e
0000000000000a5f
0000000000000a60
0000000000000a61
0000000000000a62
0000000000000a63
0000000000000a64
0000000000000a65
0000000000000a66
0000000000000a67
0000000000000a68
0000000000000a69
0000000000000a6a
0000000000000a6b
0000000000000a6c
0000000000000a6d
0000000000000a6e
0000000000000a6f
0000000000000a70
0000000000000a71
0000000000000a72
0000000000000a73
0000000000000a74
0000000000000a75
0000000000000a76
0000000000000a77
0000000000000a78
0000000000000a79
0000000000000a7a
0000000000000a7b
0000000000000a7c
0000000000000a7d
0000000000000a7e
0000000000000a7f
0000000000000a80
0000000000000a81
0000000000000a82
0000000000000a83
0000000000000a84
0000000000000a85
0000000000000a86
0000000000000a87
0000000000000a88
0000000000000a89
0000000000000a8a
0000000000000a8b
0000000000000a8c
0000000000000a8d
0000000000000a8e
0000000000000a8f
0000000000000a90
0000000000000a91
0000000000000a92
0000000000000a93
0000000000000a94
0000000000000a95
0000000000000a96
0000000000000a97
0000000000000a98
0000000000000a99
0000000000000a9a
0000000000000a9b
0000000000000a9c
0000000000000a9d
0000000000000a9e
0000000000000a9f
0000000000000aa0
0000000000000aa1
0000000000000aa2
0000000000000aa3
0000000000000aa4
0000000000000aa5
0000000000000aa6
0000000000000aa7
0000000000000aa8
0000000000000aa9
0000000000000aaa
0000000000000aab
0000000000000aac
0000000000000aad
0000000000000aae
0000000000000aaf
0000000000000ab0
0000000000000ab1
0000000000000ab2
0000000000000ab3
0000000000000ab4
0000000000000ab5
0000000000000ab6
0000000000000ab7
0000000000000ab8
0000000000000ab9
0000000000000aba
0000000000000abb
0000000000000abc
0000000000000abd
0000000000000abe
0000000000000abf
0000000000000ac0
0000000000000ac1
0000000000000ac2
0000000000000ac3
0000000000000ac4
0000000000000ac5
0000000000000ac6
0000000000000ac7
0000000000000ac8
0000000000000ac9
0000000000000aca
0000000000000acb
0000000000000acc
0000000000000acd
0000000000000ace
0000000000000acf
0000000000000ad0
0000000000000ad1
0000000000000ad2
0000000000000ad3
0000000000000ad4
0000000000000ad5
0000000000000ad6
0000000000000ad7
0000000000000ad8
0000000000000ad9
0000000000000ada
0000000000000adb
0000000000000adc
0000000000000add
0000000000000ade
0000000000000adf
0000000000000ae0
0000000000000ae1
0000000000000ae2
0000000000000ae3
0000000000000ae4
0000000000000ae5
0000000000000ae6
0000000000000ae7
0000000000000ae8
0000000000000ae9
0000000000000aea
0000000000000aeb
0000000000000aec
0000000000000aed
0000000000000aee
0000000000000aef
0000000000000af0
0000000000000af1
0000000000000af2
0000000000000af3
0000000000000af4
0000000000000af5
0000000000000af6
0000000000000af7
0000000000000af8
0000000000000af9
0000000000000afa
0000000000000afb
0000000000000afc
0000000000000afd
0000000000000afe
0000000000000aff
0000000000000b00
0000000000000b01
0000000000000b02
0000000000000b03
0000000000000b04
0000000000000b05
0000000000000b06
0000000000000b07
0000000000000b08
0000000000000b09
0000000000000b0a
0000000000000b0b
0000000000000b0c
0000000000000b0d
0000000000000b0e
0000000000000b0f
0000000000000b10
0000000000000b11
0000000000000b12
0000000000000b13
0000000000000b14
0000000000000b15
0000000000000b16
0000000000000b17
0000000000000b18
0000000000000b19
0000000000000b1a
0000000000000b1b
0000000000000b1c
0000000000000b1d
0000000000000b1e
0000000000000b1f
0000000000000b20
0000000000000b21
0000000000000b22
0000000000000b23
0000000000000b24
0000000000000b25
0000000000000b26
0000000000000b27
0000000000000b28
0000000000000b29
0000000000000b2a
0000000000000b2b
0000000000000b2c
0000000000000b2d
0000000000000b2e
0000000000000b2f
0000000000000b30
0000000000000b31
0000000000000b32
0000000000000b33
0000000000000b34
0000000000000b35
0000000000000b36
0000000000000b37
0000000000000b38
0000000000000b39
0000000000000b3a
0000000000000b3b
0000000000000b3c
0000000000000b3d
0000000000000b3e
0000000000000b3f
0000000000000b40
0000000000000b41
0000000000000b42
0000000000000b43
0000000000000b44
0000000000000b45
0000000000000b46
0000000000000b47
0000000000000b48
0000000000000b49
0000000000000b4a
0000000000000b4b
0000000000000b4c
0000000000000b4d
0000000000000b4e
0000000000000b4f
0000000000000b50
0000000000000b51
0000000000000b52
0000000000000b53
0000000000000b54
0000000000000b55
0000000000000b56
0000000000000b57
0000000000000b58
0000000000000b59
0000000000000b5a
0000000000000b5b
0000000000000b5c
0000000000000b5d
0000000000000b5e
0000000000000b5f
0000000000000b60
0000000000000b61
0000000000000b62
0000000000000b63
0000000000000b64
0000000000000b65
0000000000000b66
0000000000000b67
0000000000000b68
0000000000000b69
0000000000000b6a
0000000000000b6b
0000000000000b6c
0000000000000b6d
0000000000000b6e
0000000000000b6f
0000000000000b70
0000000000000b71
0000000000000b72
0000000000000b73
0000000000000b74
0000000000000b75
0000000000000b76
0000000000000b77
0000000000000b78
0000000000000b79
0000000000000b7a
0000000000000b7b
0000000000000b7c
0000000000000b7d
0000000000000b7e
0000000000000b7f
0000000000000b80
0000000000000b81
0000000000000b82
0000000000000b83
0000000000000b84
0000000000000b85
0000000000000b86
0000000000000b87
0000000000000b88
0000000000000b89
0000000000000b8a
0000000000000b8b
0000000000000b8c
0000000000000b8d
0000000000000b8e
0000000000000b8f
0000000000000b90
0000000000000b91
0000000000000b92
0000000000000b93
0000000000000b94
0000000000000b95
0000000000000b96
0000000000000b97
0000000000000b98
0000000000000b99
0000000000000b9a
0000000000000b9b
0000000000000b9c
0000000000000b9d
0000000000000b9e
0000000000000b9f
0000000000000ba0
0000000000000ba1
0000000000000ba2
0000000000000ba3
0000000000000ba4
0000000000000ba5
0000000000000ba6
0000000000000ba7
0000000000000ba8
0000000000000ba9
0000000000000baa
0000000000000bab
0000000000000bac
0000000000000bad
0000000000000bae
0000000000000baf
0000088550000000
0000088550000000
00000885500000f0
00000885500000f1
00000885500000f3
00000885500000f5
00000885500000f7
00000885500000fc
00000885500000fe
00000885500000fd
00000885500000fa
00000885500000f9
00000885500000fc
00000885500000f6
00000885500000f4
00000885500000f2
1a00000000006923
1b8000a00029a928
200000b00029a92d
200000b0002fa943
200000b00029a959
200000b0002fa963
200000b0002fa96f
200000b0002fa970
ba0008000009599f
ba000800000959a2
ba000800000959a6
ba000800000959aa
3a00001000201983
3a00001000201989
3a00001000206993
3a00001000206998
20000c1c042009c0
3a000c1d04005065
200000b0002fa9be
200000b0002fa9c1
20000c1c042009c5
200000b0002fa9c3
31000c1d04000065
200000b0002fa9c6
20000c1c042009c0
3a000c1d04005065
200000b0002fa9be
200000b0002fa9c1
20000c1c042009c5
200000b0002fa9c3
31000c1d04000065
200000b0002fa9c6
2000000000000886
200000000000088a
200000000000088e
2000000000000893
2000000000000897
200000000000089b
20000000000008a0
20000000000008a5
20000000000008aa
200000000000008e
200000000000008e
200000000000008e
200000000000008e
200000000000008e
200000000000008e
200000000000008e
7b800020000fb82e
71000000000f0839
200000000000085a
7b800020000cc86f
7b800020000fb839
200000000000008e
200000000000008e
200000000000008e
200000000000008e
200000000000008e
200000000000008e
200000000000008e
200000000000008e
200000000000008e
200000000000008e
200000000000008e
3a00001a04000065
3a00001a04000065
3a00001a04000065
3a00001a04000065
3a00041a0c000065
3a00041a0c000065
3a00041a0c000065
3a00041a0c000065
7a00001204290041
7a00001204290041
7a00001204290041
7a00001204290041
7a0004120c290041
7a0004120c290041
7a0004120c290041
7a0004120c290041
3a000c1a0c000065
3a000c1a0c000065
3a000c1a0c000065
3a000c1a0c000065
2080004000037066
2080004000037066
2080004000037066
2080004000037066
7a00001204290042
7a00001204290042
7a00001204290042
7a00001204290042
7a0004120c290042
7a0004120c290042
7a0004120c290042
7a0004120c290042
3a00001a04005065
3a00001a04005065
3a00001a04005065
3a00001a04005065
3a00041a0c005065
3a00041a0c005065
3a00041a0c005065
3a00041a0c005065
7a00001204295041
7a00001204295041
7a00001204295041
7a00001204295041
7a0004120c295041
7a0004120c295041
7a0004120c295041
7a0004120c295041
3a000c1a0c005065
3a000c1a0c005065
3a000c1a0c005065
3a000c1a0c005065
2080004000037067
2080004000037067
2080004000037067
2080004000037067
7a00001204295042
7a00001204295042
7a00001204295042
7a00001204295042
7a0004120c295042
7a0004120c295042
7a0004120c295042
7a0004120c295042
3a00001a04006065
3a00001a04006065
3a00001a04006065
3a00001a04006065
3a00041a0c006065
3a00041a0c006065
3a00041a0c006065
3a00041a0c006065
7a00001204296041
7a00001204296041
7a00001204296041
7a00001204296041
7a0004120c296041
7a0004120c296041
7a0004120c296041
7a0004120c296041
3a000c1a0c006065
3a000c1a0c006065
3a000c1a0c006065
3a000c1a0c006065
2080004000037068
2080004000037068
2080004000037068
2080004000037068
7a00001204296042
7a00001204296042
7a00001204296042
7a00001204296042
7a0004120c296042
7a0004120c296042
7a0004120c296042
7a0004120c296042
3a00001a04007065
3a00001a04007065
3a00001a04007065
3a00001a04007065
3a00041a0c007065
3a00041a0c007065
3a00041a0c007065
3a00041a0c007065
7a00001204297041
7a00001204297041
7a00001204297041
7a00001204297041
7a0004120c297041
7a0004120c297041
7a0004120c297041
7a0004120c297041
3a000c1a0c007065
3a000c1a0c007065
3a000c1a0c007065
3a000c1a0c007065
2080004000037069
2080004000037069
2080004000037069
2080004000037069
7a00001204297042
7a00001204297042
7a00001204297042
7a00001204297042
7a0004120c297042
7a0004120c297042
7a0004120c297042
7a0004120c297042
3a00001a0400506a
3a00001a0400506a
3a00001a0400506a
3a00001a0400506a
3a00041a0c00506a
3a00041a0c00506a
3a00041a0c00506a
3a00041a0c00506a
7a00001204295043
7a00001204295043
7a00001204295043
7a00001204295043
7a0004120c295043
7a0004120c295043
7a0004120c295043
7a0004120c295043
3a000c1a0c00506a
3a000c1a0c00506a
3a000c1a0c00506a
3a000c1a0c00506a
208000400003706b
208000400003706b
208000400003706b
208000400003706b
7a00001204295044
7a00001204295044
7a00001204295044
7a00001204295044
7a0004120c295044
7a0004120c295044
7a0004120c295044
7a0004120c295044
200000180420006c
200000180420006c
200000180420006c
200000180420006c
200004180c20006c
200004180c20006c
200004180c20006c
200004180c20006c
2000001204200045
2000001204200045
2000001204200045
2000001204200045
200004120c200045
200004120c200045
200004120c200045
200004120c200045
20000c180c20006c
20000c180c20006c
20000c180c20006c
20000c180c20006c
208000400003706e
208000400003706e
208000400003706e
208000400003706e
2000001204200046
2000001204200046
2000001204200046
2000001204200046
200004120c200046
200004120c200046
200004120c200046
200004120c200046
3a00001a0400606f
3a00001a0400606f
3a00001a0400606f
3a00001a0400606f
3a00041a0c00606f
3a00041a0c00606f
3a00041a0c00606f
3a00041a0c00606f
7a00001204296047
7a00001204296047
7a00001204296047
7a00001204296047
7a0004120c296047
7a0004120c296047
7a0004120c296047
7a0004120c296047
3a000c1a0c00606f
3a000c1a0c00606f
3a000c1a0c00606f
3a000c1a0c00606f
2080004000037070
2080004000037070
2080004000037070
2080004000037070
7a00001204296048
7a00001204296048
7a00001204296048
7a00001204296048
7a0004120c296048
7a0004120c296048
7a0004120c296048
7a0004120c296048
2000001804200071
2000001804200071
2000001804200071
2000001804200071
200004180c200071
200004180c200071
200004180c200071
200004180c200071
2000001204200049
2000001204200049
2000001204200049
2000001204200049
200004120c200049
200004120c200049
200004120c200049
200004120c200049
20000c180c200071
20000c180c200071
20000c180c200071
20000c180c200071
2080004000037072
2080004000037072
2080004000037072
2080004000037072
200000120420004a
200000120420004a
200000120420004a
200000120420004a
200004120c20004a
200004120c20004a
200004120c20004a
200004120c20004a
2000001804200073
2000001804200073
2000001804200073
2000001804200073
200004180c200073
200004180c200073
200004180c200073
200004180c200073
200000120420004b
200000120420004b
200000120420004b
200000120420004b
200004120c20004b
200004120c20004b
200004120c20004b
200004120c20004b
20000c180c200073
20000c180c200073
20000c180c200073
20000c180c200073
2080004000037077
2080004000037077
2080004000037077
2080004000037077
200000120420004c
200000120420004c
200000120420004c
200000120420004c
200004120c20004c
200004120c20004c
200004120c20004c
200004120c20004c
2000001804200078
2000001804200078
2000001804200078
2000001804200078
200004180c200078
200004180c200078
200004180c200078
200004180c200078
200000120420004d
200000120420004d
200000120420004d
200000120420004d
200004120c20004d
200004120c20004d
200004120c20004d
200004120c20004d
20000c180c200078
20000c180c200078
20000c180c200078
20000c180c200078
2080004000037079
2080004000037079
2080004000037079
2080004000037079
200000120420004e
200000120420004e
200000120420004e
200000120420004e
200004120c20004e
200004120c20004e
200004120c20004e
200004120c20004e
200000180420007a
200000180420007a
200000180420007a
200000180420007a
200004180c20007a
200004180c20007a
200004180c20007a
200004180c20007a
200000120420004f
200000120420004f
200000120420004f
200000120420004f
200004120c20004f
200004120c20004f
200004120c20004f
200004120c20004f
20000c180c20007a
20000c180c20007a
20000c180c20007a
20000c180c20007a
208000400003707b
208000400003707b
208000400003707b
208000400003707b
2000001204200050
2000001204200050
2000001204200050
2000001204200050
200004120c200050
200004120c200050
200004120c200050
200004120c200050
200000180420007c
200000180420007c
200000180420007c
200000180420007c
200004180c20007c
200004180c20007c
200004180c20007c
200004180c20007c
2000001204200051
2000001204200051
2000001204200051
2000001204200051
200004120c200051
200004120c200051
200004120c200051
200004120c200051
20000c180c20007c
20000c180c20007c
20000c180c20007c
20000c180c20007c
208000400003707d
208000400003707d
208000400003707d
208000400003707d
2000001204200052
2000001204200052
2000001204200052
2000001204200052
200004120c200052
200004120c200052
200004120c200052
200004120c200052
200000180420007e
200000180420007e
200000180420007e
200000180420007e
200004180c20007e
200004180c20007e
200004180c20007e
200004180c20007e
2000001204200053
2000001204200053
2000001204200053
2000001204200053
200004120c200053
200004120c200053
200004120c200053
200004120c200053
20000c180c20007e
20000c180c20007e
20000c180c20007e
20000c180c20007e
208000400003707f
208000400003707f
208000400003707f
208000400003707f
2000001204200054
2000001204200054
2000001204200054
2000001204200054
200004120c200054
200004120c200054
200004120c200054
200004120c200054
2000001804200080
2000001804200080
2000001804200080
2000001804200080
200004180c200080
200004180c200080
200004180c200080
200004180c200080
2000001204200055
2000001204200055
2000001204200055
2000001204200055
200004120c200055
200004120c200055
200004120c200055
200004120c200055
20000c180c200080
20000c180c200080
20000c180c200080
20000c180c200080
2080004000037081
2080004000037081
2080004000037081
2080004000037081
2000001204200056
2000001204200056
2000001204200056
2000001204200056
200004120c200056
200004120c200056
200004120c200056
200004120c200056
2000001804200082
2000001804200082
2000001804200082
2000001804200082
200004180c200082
200004180c200082
200004180c200082
200004180c200082
2000001204200057
2000001204200057
2000001204200057
2000001204200057
200004120c200057
200004120c200057
200004120c200057
200004120c200057
20000c180c200082
20000c180c200082
20000c180c200082
20000c180c200082
2080004000037083
2080004000037083
2080004000037083
2080004000037083
2000001204200058
2000001204200058
2000001204200058
2000001204200058
200004120c200058
200004120c200058
200004120c200058
200004120c200058
2000001804200084
2000001804200084
2000001804200084
2000001804200084
200004180c200084
200004180c200084
200004180c200084
200004180c200084
2000001204200059
2000001204200059
2000001204200059
2000001204200059
200004120c200059
200004120c200059
200004120c200059
200004120c200059
20000c180c200084
20000c180c200084
20000c180c200084
20000c180c200084
2080004000037085
2080004000037085
2080004000037085
2080004000037085
200000120420005a
200000120420005a
200000120420005a
200000120420005a
200004120c20005a
200004120c20005a
200004120c20005a
200004120c20005a
110000180420067a
110000180420067a
110000180420067a
110000180420067a
110004180c20067a
110004180c20067a
110004180c20067a
110004180c20067a
110000120420005b
110000120420005b
110000120420005b
110000120420005b
110004120c20005b
110004120c20005b
110004120c20005b
110004120c20005b
11000c180c20067a
11000c180c20067a
11000c180c20067a
11000c180c20067a
2080004000037086
2080004000037086
2080004000037086
2080004000037086
110000120420005c
110000120420005c
110000120420005c
110000120420005c
110004120c20005c
110004120c20005c
110004120c20005c
110004120c20005c
1b8000380420f67a
1b8000380420f67a
1b8000380420f67a
1b8000380420f67a
1b8004380c20f67a
1b8004380c20f67a
1b8004380c20f67a
1b8004380c20f67a
1b8000320420f05b
1b8000320420f05b
1b8000320420f05b
1b8000320420f05b
1b8004320c20f05b
1b8004320c20f05b
1b8004320c20f05b
1b8004320c20f05b
1b800c380c20f67a
1b800c380c20f67a
1b800c380c20f67a
1b800c380c20f67a
2080004000037087
2080004000037087
2080004000037087
2080004000037087
1b8000320420f05c
1b8000320420f05c
1b8000320420f05c
1b8000320420f05c
1b8004320c20f05c
1b8004320c20f05c
1b8004320c20f05c
1b8004320c20f05c
7f800038042816d8
7f800038042816d8
7f800038042816d8
7f800038042816d8
7f8004380c2816d8
7f8004380c2816d8
7f8004380c2816d8
7f8004380c2816d8
7f8000320428105d
7f8000320428105d
7f8000320428105d
7f8000320428105d
7f8004320c28105d
7f8004320c28105d
7f8004320c28105d
7f8004320c28105d
7f800c380c2816d8
7f800c380c2816d8
7f800c380c2816d8
7f800c380c2816d8
2080004000037088
2080004000037088
2080004000037088
2080004000037088
7f8000320428105e
7f8000320428105e
7f8000320428105e
7f8000320428105e
7f8004320c28105e
7f8004320c28105e
7f8004320c28105e
7f8004320c28105e
7f80003804281705
7f80003804281705
7f80003804281705
7f80003804281705
7f8004380c281705
7f8004380c281705
7f8004380c281705
7f8004380c281705
7f8000320428105f
7f8000320428105f
7f8000320428105f
7f8000320428105f
7f8004320c28105f
7f8004320c28105f
7f8004320c28105f
7f8004320c28105f
7f800c380c281705
7f800c380c281705
7f800c380c281705
7f800c380c281705
2080004000037089
2080004000037089
2080004000037089
2080004000037089
7f80003204281060
7f80003204281060
7f80003204281060
7f80003204281060
7f8004320c281060
7f8004320c281060
7f8004320c281060
7f8004320c281060
1b8000d804200910
1b8000d804200910
1b8000d804200910
1b8000d804200910
1b8004d80c200910
1b8004d80c200910
1b8004d80c200910
1b8004d80c200910
1b8000d204200061
1b8000d204200061
1b8000d204200061
1b8000d204200061
1b8004d20c200061
1b8004d20c200061
1b8004d20c200061
1b8004d20c200061
1b800cd80c200910
1b800cd80c200910
1b800cd80c200910
1b800cd80c200910
208000400003708a
208000400003708a
208000400003708a
208000400003708a
1b8000d204200062
1b8000d204200062
1b8000d204200062
1b8000d204200062
1b8004d20c200062
1b8004d20c200062
1b8004d20c200062
1b8004d20c200062
2000039604200000
2000039604200000
2000039604200000
2000039604200000
200007960c200000
200007960c200000
200007960c200000
200007960c200000
2000001204200063
2000001204200063
2000001204200063
2000001204200063
200004120c200063
200004120c200063
200004120c200063
200004120c200063
20000f960c200000
20000f960c200000
20000f960c200000
20000f960c200000
208000400003708b
208000400003708b
208000400003708b
208000400003708b
2000001204200064
2000001204200064
2000001204200064
2000001204200064
200004120c200064
200004120c200064
200004120c200064
200004120c200064
3a0007930420508c
3a0007930420508c
3a0007930420508c
3a0007930420508c
3a0003930420508c
3a0003930420508c
3a0003930420508c
3a0003930420508c
3a000b930420508c
3a000b930420508c
3a000b930420508c
3a000b930420508c
3a000f930420508c
3a000f930420508c
3a000f930420508c
3a000f930420508c
618047930427008c
618047930427008c
618047930427008c
618047930427008c
618043930427008c
618043930427008c
618043930427008c
618043930427008c
3a000b930420708c
3a000b930420708c
3a000b930420708c
3a000b930420708c
3a0003930420708c
3a0003930420708c
3a0003930420708c
3a0003930420708c
7a00039604242000
7a00039604242000
7a00039604242000
7a00039604242000
7a0007960c242000
7a0007960c242000
7a0007960c242000
7a0007960c242000
7a00001204242063
7a00001204242063
7a00001204242063
7a00001204242063
7a0004120c242063
7a0004120c242063
7a0004120c242063
7a0004120c242063
7a000f960c242000
7a000f960c242000
7a000f960c242000
7a000f960c242000
208000400003708b
208000400003708b
208000400003708b
208000400003708b
7a00001204242064
7a00001204242064
7a00001204242064
7a00001204242064
7a0004120c242064
7a0004120c242064
7a0004120c242064
7a0004120c242064
24954c150020008d
1b8001800010608f
200000000000008e
200000000000082c
249540150020008d
2000000000000921
2000000000000134
20000000000009bb
249544140020008d
200000000000008e
20000000000008e8
200000000000008e
24954c140020008d
200000000000008e
2000000000000118
200000000000008e
249548150020008d
7a04004300206811
20000000000008d9
200000000000008e
249544150020008d
200000000000008e
ba000800000978df
7b80004f002a0800
249540140020008d
1b8000200000b881
e600000200275138
3a000010002063f2
249548140020008d
2000000000000065
6b800020000968f4
200000000000008e
1981000000000092
1100000000000092
1981000000000094
1100000000000094
70950c1200200065
71010c1200200065
74950c1200200065
71010c1200200065
78950c1200200065
7a150c1200200065
7e14000000090095
7e150c1200200065
6c950c1200200065
7a150c1200200065
7e14000000090095
7e150c1200200065
60b50c1200200065
62350c1200200065
64b50c1200200065
6a350c1200200065
60b54c1200200065
62354c1200200065
64b54c1200200065
6a354c1200200065
60b58c1200200065
62358c1200200065
64b58c1200200065
6a358c1200200065
20000c1700200000
20000c1700200000
20000c1700200000
20000c1700200000
20000000000001bd
2000000000000202
200000000000018d
2000000000000193
20000000000001af
200000000000008e
200000000000008e
200000000000008e
200000000000023a
200000000000023a
200000000000023a
200000000000023a
2000000000000741
2000000000000741
2000000000000741
2000000000000741
7b800020000ee753
7b800020000ee753
7b800020000ee753
7b800020000ee753
20000000000000dc
20000000000000dc
20000000000000eb
20000000000000eb
2000002a000041ab
2000002a000041ab
2000002a000041ab
2000002a000041ab
200000000000010a
200000000000010a
20000000000000fe
20000000000000fe
200000000000009a
200000000000009a
200000000000009c
200000000000009c
2000000000000096
2000000000000096
200000000000009e
200000000000009e
200000000000009a
200000000000009a
200000000000009c
200000000000009c
2000000000000096
2000000000000096
200000000000009e
200000000000009e
200000000000009a
200000000000009a
200000000000009c
200000000000009c
2000000000000096
2000000000000096
200000000000009e
200000000000009e
200000000000009a
200000000000009a
200000000000009c
200000000000009c
2000000000000096
2000000000000096
200000000000009e
200000000000009e
20000000000001ad
20000000000001ad
20000000000001ad
20000000000001ad
20000000000001ad
20000000000001ad
20000000000001ad
20000000000001ad
20000000000001ad
20000000000001ad
20000000000001ad
20000000000001ad
20000000000001ad
20000000000001ad
20000000000001ad
20000000000001ad
20000000000001ad
20000000000001ad
20000000000001ad
20000000000001ad
20000000000001ad
20000000000001ad
20000000000001ad
20000000000001ad
20000000000001ad
20000000000001ad
20000000000001ad
20000000000001ad
20000000000001ad
20000000000001ad
20000000000001ad
20000000000001ad
2000000000000139
2000000000000139
2000000000000139
2000000000000139
2000000000000139
2000000000000139
2000000000000139
2000000000000139
2000000000000139
2000000000000139
2000000000000139
2000000000000139
2000000000000139
2000000000000139
2000000000000139
2000000000000139
2000000000000139
2000000000000139
2000000000000139
2000000000000139
2000000000000139
2000000000000139
2000000000000139
2000000000000139
2000000000000139
2000000000000139
2000000000000139
2000000000000139
2000000000000139
2000000000000139
2000000000000139
2000000000000139
7b800e5700230000
7b800e5700230000
7b800e5700230000
7b800e5700230000
7b800e5700250000
7b800e5700250000
7b800e5700250000
7b800e5700250000
7b800e5700260000
7b800e5700260000
7b800e5700260000
7b800e5700260000
7b800e5700270000
7b800e5700270000
7b800e5700270000
7b800e5700270000
62a00e5700233000
62a00e5700233000
62a00e5700233000
62a00e5700233000
62a00e5700255000
62a00e5700255000
62a00e5700255000
62a00e5700255000
62a00e5700266000
62a00e5700266000
62a00e5700266000
62a00e5700266000
62a00e5700277000
62a00e5700277000
62a00e5700277000
62a00e5700277000
20000000000000a3
20000000000000a3
20000000000000a8
20000000000000a8
20000000000000aa
20000000000000aa
20000000000000a1
20000000000000a1
20000000000000b2
20000000000000b2
20000000000000ae
20000000000000ae
20000000000000ac
20000000000000ac
20000000000000b0
20000000000000b0
20000000000000b9
20000000000000b9
20000000000000b7
20000000000000b7
20000000000000c8
20000000000000c8
20000000000000d1
20000000000000d1
20000000000000c3
20000000000000c3
20000000000000cc
20000000000000cc
20000000000000c6
20000000000000c6
20000000000000cf
20000000000000cf
0000000000100000
0000000000100001
0000000000100002
0000000000100003
0000000000100004
0000000000100005
0000000000100006
0000000000100007
0000000000100008
0000000000100009
000000000010000a
000000000010000b
000000000010000c
000000000010000d
000000000010000e
000000000010000f
0000000000100010
0000000000100011
0000000000100012
0000000000100013
0000000000100014
0000000000100015
0000000000100016
0000000000100017
0000000000100018
0000000000100019
000000000010001a
000000000010001b
000000000010001c
000000000010001d
000000000010001e
000000000010001f
0000000000100020
0000000000100021
0000000000100022
0000000000100023
0000000000100024
0000000000100025
0000000000100026
0000000000100027
0000000000100028
0000000000100029
000000000010002a
000000000010002b
000000000010002c
000000000010002d
000000000010002e
000000000010002f
0000000000100030
0000000000100031
0000000000100032
0000000000100033
0000000000100034
0000000000100035
0000000000100036
0000000000100037
0000000000100038
0000000000100039
000000000010003a
000000000010003b
000000000010003c
000000000010003d
000000000010003e
000000000010003f
0000000000100040
0000000000100041
0000000000100042
0000000000100043
0000000000100044
0000000000100045
0000000000100046
0000000000100047
0000000000100048
0000000000100049
000000000010004a
000000000010004b
000000000010004c
000000000010004d
000000000010004e
000000000010004f
0000000000100050
0000000000100051
0000000000100052
0000000000100053
0000000000100054
0000000000100055
0000000000100056
0000000000100057
0000000000100058
0000000000100059
000000000010005a
000000000010005b
000000000010005c
000000000010005d
000000000010005e
000000000010005f
0000000000100060
0000000000100061
0000000000100062
0000000000100063
0000000000100064
0000000000100065
0000000000100066
0000000000100067
0000000000100068
0000000000100069
000000000010006a
000000000010006b
000000000010006c
000000000010006d
000000000010006e
000000000010006f
3100000300392151
2000002200300150
20040103003f00b8
1b8000c0000009c8
200000000010035b
2000000000100455
2000000000100251
20000000000009f3
20000000000002db
2000000000000308
200000000000030a
2000000000000010
200000620020027c
200000620020028a
20000000000002ac
20000000000002a3
7b000040800d0000
07208040810000b8
78000000049dd084
0700408080006000
b0800000800d4000
ba000000800ad000
ac800000500da000
7b000040800d0000
0300008080006666
03208040810000b8
7c000000049dd08c
0700408080006000
b0800000800d4000
ba000000800ad000
ac800000500da000
1300004080000000
3b000180810020e0
200000c384ae208e
20000103023d2070
3a00000280204000
20000043802b5000
3a00000280203000
20000043502a5000
200000a2802a5000
7b80004080030000
200000a2802b5000
7b80004050040000
39800000810a00d0
72800040849fa09e
61804000800f0000
328001008101f0e0
ba000800849cf0a2
00800000800ce000
65000000500e0000
41804002802cc000
62800040500ee000
328001008101a0e8
728000400498a0a7
6180400080080000
3a0000008100a0d0
b9800800849800aa
6180400080080000
fa000800800b8000
b980080080080000
328001008102b0e8
60800000049980af
618040825028001f
658000825029001f
3a00004f8120a0d8
20000000049000b5
328001008101a0e5
6b8000208480c000
6b80010050000000
328001008101a0e5
6b80002084804000
6b80002050008000
62004082802c001f
7b800080800d000e
72800040810f60e8
7a000000049970ca
7a000000301a60a4
0600010fb02f7000
0100400080000000
2000041c84200000
28030102812090d0
2007006394600000
7a000000800fb000
7a000000800c8000
6b80004f802d0000
7a000000301a60b0
1b8400a0802f0000
1000000080000000
39040003802f0000
200000828020001f
72800040810b10e0
7a000000849950cf
20040103802f1000
7b80002080080000
7b800100001e00da
7a000000301a10a4
0600010fb02f5000
0100400080000000
2000041c84200000
28030102812090d0
2007006394601000
6b800040800e0000
7a000000301a10b0
1b8400a0802f1000
1000000080000000
39040003802f1000
6b80018080002000
2180400f802d0000
328001008102f0e0
1b8700a084b000e0
73000080800a000f
34070003003000e3
72800120800a0000
130000808000f000
3907000380200000
2180400f303e0148
26804100810f00e0
1a000000849040e7
6580000080000000
26804100810fa0e0
3900000384bb50ea
65800000800a0000
18800000800a0000
33000020810000e0
3980000384ba3117
288040008108c0d8
20600020049060fa
288040008108c0eb
620040000499d104
6180400f802e0000
6180400f802d0000
1b8700a080201000
26804100810fe0d9
3907000344a01000
20000000b0000000
6180400f802d0000
26804100810fd0d1
3107000344b01104
62004000b009e000
6180400f802d0000
6180400f802e0000
1b8700a080200000
26804100810fd0d9
3907000344a00000
20000000b0000000
6180400f802e0000
26804100810fe0d9
3107000344a00000
18800000800bf000
33000020810010e0
6b80002084908124
2000010fb02f0000
7b80008080041110
1b8700a080200000
200700a230301080
240040008100d0e1
2683410084909114
7160002094456000
7b8000a0802a3000
328001008101a0e8
1b8000a004bb5113
7d80000080050000
6180400080050000
7900000000140232
23808100810000e0
2000000084900123
7b8000200015010e
2000010f802f0000
61804000b00c0000
3b8700a0812000e1
65800000849c0121
2000000094400000
2000010f802f0000
61804000b0080000
3b8700a0812010e1
6580000084980121
710000001455010e
32800020810000e8
3100000304ba3116
6b8001800015010e
328001008102f0e0
71600020849f6137
2000010fb02f0000
7b80008080041110
1b8700a080200000
72800120800b0000
70000000800e0000
3a0000028020f000
19800000301b0080
240040008100d0e1
1b8700a084b01114
72800120800d0000
70000000800f0000
19e00020800e6000
3a0000023030d080
240040008100d0e1
2000000084900114
2a830100810090d0
716000201455610e
2000010fb02f0000
7b80008080041110
1b8700a080201000
72800120800b0000
70000000800e0000
1a0000008000f000
3a0000023030b080
240040008100d0e1
1b8700a084b00114
72800120800d0000
70000000800f0000
19e00020800d6000
3a0000023030e080
240040008100d0e1
2000000084900114
2a830100810090d0
716000201455610e
328001008102b0e0
1b8700a084b0114d
730000808000000f
170000808000000f
3907000350201000
7280012080000000
130000808000f000
3907000350201000
2000004380292000
200000828020001f
12800040810060e0
72800040849f1156
7a0000008499515d
6180400010020065
39000003802e5000
39800003802f5000
7a00000080097000
7a000000301a60a4
7a000000800e9000
7a000000800c8000
7a000000001fb173
7a000000301a10a4
3a00000080009000
3280051c8522b0e8
1b80006004900165
73000082802c0f00
39800000800c0000
7b800120800c0000
1700004000100167
73000082802c000f
1700004080000000
200000228020d000
32800040810010e8
200000000490016b
6b800180001c216e
328001008101c0e8
7b800100049c016e
61804000800c0000
328001008102b0e8
39800000049c0171
7b800120800c0000
3a00000080009000
2c00041d0410c155
72800040810b10e0
7a00000084995177
20040103802f1000
6380002000180187
7a000000301a10a4
0180408fb029000f
0500000080000000
2000041c84200000
24030102812050d0
2007006381201070
3900000080000000
200704bd94601000
7a000000301a10b0
1980004f80200000
39000003802c2000
1b8700a080201000
74000000800a0000
1000000080000000
3907000380201000
39800003802a2000
18800000800bf000
33000020810010e0
6b800020849a81a3
6180408fb02e000f
65800000800e0000
2480041c852e70d0
1b87006394600000
2003010280200000
7a000000301a60b0
7b800080800a000f
3007000330300093
328001008102b0e0
1b8400a084bf119b
730000808000000f
170000808000000f
39040003802f1000
1b8400a0802f0000
73000080800a000f
170000808000000f
39040003003f01bf
728001208000a000
73000080800300ff
130000808000f000
39040003802f1000
1b8400a0802f0000
72800120800aa000
130000808000f000
39040003003f01bf
328001008102f0e8
7e00010f04bfa1bd
45800000800ee000
2000041c34300093
288040608107e0d8
728001200490a1b2
2000010fb02f0000
39800000800e0000
2000041c84200000
65800060800e0000
72800122802df000
0c8000008000d000
728000408000a000
288040008107e0d0
3907000394600000
2003010280200000
3a000000810060d0
6b800020849a41b9
32800100810160e8
6580004f04bc0192
1300008080000fff
3907000300300192
32800100810160e8
20000000049001bc
708000008000a000
3a07000300300192
7100000030100093
61804000001c01a9
2680410f812fa0e0
1b8000a084b921c2
65800000800a0000
26834100810000e0
180000008490a1c5
6600000080000000
288040008108c0d8
18000000049001c8
7a000000001e81c9
7a000000800ec000
7b80008080041110
33000020810000e8
2000010304bc5233
20600020301061ce
3907000380201000
1b8700a080201000
200700a230300080
65800000810e00e0
040040009440d000
3907000380201000
1b8000a0802e5000
670040a0812f50d8
088040000498c200
3a0000008100f0e8
61004000049d01e3
25800000810d00eb
1103010204b001e3
3b8700a0812000e1
65800000849d01dd
20000000145001e3
2100804f812000e8
3100000304bd21e5
288000008108c0e0
2b8700a084b001e5
20000000849001e5
20000103003d21e5
23808100810000e0
200000008490020d
7a00008f802e800f
7b800080800d00f0
7b800080800cf000
7b800080800f0f00
200400a2303f11ec
1b800100800f0000
330700a2003011ed
31000000810000e1
328000408490d1f2
328000408490f1f4
328000408490c1f6
65800000849e01f8
200000001450020d
1b8000808000999b
65800000001e01f9
1b800080800099a1
65800000001e01f9
1b80008080009a01
65800000001e01f9
1b8000808000a001
61a04000301e01fb
1b80008080009999
310700a230301080
040040008000d000
65800000810e00e0
3907000394601000
7a8000200010020d
23808100810000e0
69604180849e020d
39000000810000eb
2000010204b001e5
2000000080000000
1b8700a030301080
040040008000d000
23808100810000e1
3907000384b0120d
65800000810e00e0
20600180145001e5
23808100810000e0
3a00000284b09250
3b8000a0812f50e0
2000002284b0d213
3b8000a0812d20e8
1b8400a004bf1212
2000000004900231
6580000000120231
32800040810010e8
1b800100049c0216
6b80018000102219
32800100810100e8
7900000004900219
6100400080000000
328001008102b0e0
1b8400a084bf121c
0c00000000100220
3a00000080000000
0f00012080000000
17000080800000ff
0c00000080003000
39040003802f1000
206000a0802e2000
28804000810590eb
2000010f04bf0228
3a00000080009000
200704bd84201000
28800000810590e0
6580000294690000
3b8000a0812d20e8
1b8700a004b0122c
370000a0812c20e8
130000a004bc222e
6580000080020000
130000a0802c2000
0f0000a0802a2000
3980000080050000
3900041d84000000
3900000030100097
206000a0003e2155
2060018030100235
3907000380201000
1b8700a080201000
200700a230300087
65800000810e00e0
040040009440d000
3907000380201000
1b8000a0802e5000
6b0040a0812f50d0
088040008498c244
23808100810000e0
61004000849e0250
39000000810000eb
200000000490020d
3b8700a0812000e1
65800000849e0250
200000001450020d
3a0000008100f0e8
08804000049c820b
23808100810000eb
79000000049e020d
2000010204b00250
2000000080000000
1b8700a030301087
040040008000d000
23808100810000e8
3907000314b0120d
65800000810e00e0
3907000394601000
31000003003d220d
200000828020001f
32800040810060e0
1280004084901256
200000008490026c
6180400010020065
7a00000080097000
7a000000301a60a4
51000000800a9000
3280051c8522b0e8
1b80006081000078
3a00000080009000
3900041d0490025e
73000080800a00ff
39800003802a2000
7a000000800c8000
7a000000800e9000
7a000000800fb000
3a00000080007000
7a00041c343a60b0
5100000280280000
20000043802c2000
7d8000828020001f
1b80006080000000
3a00000080007000
3900041d84000000
1000000080000000
3900000380292000
72800040810b10e8
622000000499526f
7a000000301a10a4
1a00010f8123b010
79000082802d03e0
1280004080001000
72800040b00a6000
99800800944a0000
080040008000a000
78800000800bf000
328001028122f0e0
72800040849bb279
69804000800b0000
20040083802f000c
60000000810bb0d8
2000010f04bf02f0
1a000102812fd0e0
6b8001808490227f
6b80018000192286
06000000b0005000
0100400080000000
2000041c84200000
28030102812090d0
2007006394600000
7b80004080090000
7a000000301a10b0
1b8400a0802f0000
1000004f80200000
39040003303f0093
6b80018030102295
7a000000800d9000
39800003802c4000
060000003010d28e
200001020033029d
200000828020001f
32800040810060e5
20000000b4800000
3b8700a0812000e1
2b034100849002ee
2000000094400000
61804000001202ee
328001008102d0e0
1b8700a084b00299
730000808004000f
17000100001f029b
7280012080040000
130000808000f000
3907000380200000
3a00000350284000
268041008104b0d8
6b800180049322a4
ba000800800ab000
b9800882b02a0003
6580000f812d00e0
65800082802a0003
3107000394600000
72800040810bb0e8
7a0000000498c2b7
7100008f802a000f
d9800800800b0000
65800000800d0000
d9800882802b0002
66804040800bb000
6b800180b0042000
3980000f812b0010
1b8700a080200000
71000000b0090000
d980080094490000
4580000f802c4000
2c8000028029a000
2007004380200000
6580000f80240000
2a8301008100d0e4
79000000948a0000
3907000380200000
6080000f8028d000
26800100810f80d0
7d800022b4bba32f
3b8700a0812000e1
6180400f84b8032e
2a804100810f80d4
3a0000001498032f
6180400fb0290000
26800100810f90d1
7a000000849d02c8
6180400080090000
1b8700a030300087
040040008000d000
4580000f812c90e4
3907000394a00000
23808100810000e0
7a000000849d0352
1b8000a080284000
790000228020d000
32800040810060e8
4180400f04bdd2cd
6b800180001022d2
26804100810f00e8
32800100049102d1
1b800100049d02d1
79000000001002d2
7b8000808000000c
328001008102f0e0
1b8700a084b002d6
17000100800f0000
0c000000001002da
130000808000f000
3a00000080000000
0f00012080000000
0f0000a0802a2000
39800000810b00d8
3907000304b00332
24804000810e70eb
4180400f04bed2e6
65800000800e0000
3900041d84000000
2a804100810fd0d8
1b8700a034b002e5
288000008107e0e4
6180400f94ad0000
65800000001e02e6
03a0810050000000
3b8000a0812d20e8
370000a004bc22e9
130000a004bc22eb
6580000080020000
130000a0802c2000
0f0000a080292000
4180400080027000
3900041d84000000
2000000030100097
206000a0102e2065
1a0000008100d0eb
6b800180049022f8
01804000b0090000
0500000080000000
2000041c84200000
24030102812050d0
2007006384600000
7a000000301a10b0
1b8700a030300093
79800003802c4000
2003010280200000
1000010f802f0000
3907000380200000
7b80004080030000
6b80018030102295
0600010f303f328e
69804082802b001f
1280004080001000
6b800180800d2000
268001028123b0d8
1b800100049f030d
ba000800800ab000
b9800800800a0000
64804000800da000
6580000fb12300e0
65800082802a0003
3107000394600000
1b83010080000000
7900000080030000
72800040810bb0e8
7100000004990323
f9800800800b0000
7a00000f8024d000
65800000800d0000
e5800000b00b0000
1b8700a080200000
5900000f8029b000
11040003b12f0010
9980080094490000
3980000f80240000
0c0000008000a000
3907000380200000
65800000810c00d8
6580000f14b40327
2a834100810030e4
7a000000948a9000
1a000000b000a000
2000000080000000
3907000380200000
65800000810c00d0
110000221470a32f
28804000810c80d8
200000000490031e
2880400f802cd000
7100000080090000
3a000000810090e0
2000002284b0a32e
2a834100810030db
200000000490032f
3b8700a0812000e1
268341008490332e
200000001450032f
31000003802d2000
32800040810060e8
7e000000049bb2c8
3a00000f0030d33a
288040008107e0eb
2600000f04b0d2e6
39800000800e0000
200704bd84200000
288000008107e0e0
65800000944e0000
2000000080000000
1b8700a0003002e6
328001008102f0e0
1b8700a084b00353
730000808009000f
170000808000000f
26804100810590d8
3120002204b042c8
7b80008080041110
7a0000003019d087
040040008000d000
3907000380200000
23808102812000e8
7a000000049d92c8
6b8000a0812c40e8
2600000f04b0d352
39800000810b00d0
7a0000008490d2be
200000003010034c
3907000380200000
1b8700a030300087
65800000810c00e0
040040009440d000
3907000380200000
23808100810000e8
7a00000f04bd92c8
31000003003d22c8
7300008080090f00
130000808000f000
2000008280200500
26804040810090d8
3120002204b0c2c8
7b80008080041110
7a0000003019d087
040040000010d343
71000082802d001f
72800040810960e0
1280004084901362
7b80002084980360
6180400010020065
3980000380293000
39000003003a3378
3980000380293000
39000003802a3000
7a00000080097000
7a000000301a60a4
51000000800a9000
3280051c8522b0e8
1b80006081000078
3a00000080009000
3900041d0490036d
73000080800a00ff
7b800180800d1000
39800003802a2000
3a00000080007000
7a00041c343a60b0
5e00000280200000
1b80006080000000
3a00000080007000
3900041d84000000
1000000080000000
3900000380292000
20000043802c2000
200000828020001f
3b8000a0812a30e0
7a000000849e537f
7b800080800b3030
71000000301a0093
7b8000808003000e
3980000380295000
71000000001c03bc
7a000000301a109b
0200410fb02fe000
0500000080000000
2000041c84200000
24030102812050d0
2007006394600000
1b8700a080200000
3a00004f812010d0
71000000849a038a
13000080800000ff
0f00008080003000
3907000330300093
7b8000808003000e
328001008101f0e8
1b8400a204bf0390
1b80012080000000
7b800180800a1000
130000808000007f
3980000380295000
7b800040800b0000
65800022812cd0e0
3280004080001000
2000002284b0c3bc
32800040810010e0
7b800180849913be
3a000000810010c8
60800000049a93ca
618040828029007b
2b004040810000e8
62004000049093a5
2b0040808000007d
61804000049003a5
658000828020004a
27004040810000d8
2000010204bf03a7
2b00408080000052
070001800490944a
61804022003013a6
1100010280220000
62800040001003ae
2b004180810080d8
63804180049473ac
27004180810060d8
280040000490444a
200000000490044a
1300004080000000
20000022003013a6
200000228020c000
32800040810010e8
63804020049923b8
3a000000810010d8
39000000049003b4
1b80012080000000
0f0700a080200000
3907000380200000
1b8400a0802f0000
79000000001b03d1
7900002f812f1010
63804180b0091000
f9800000944f0000
6c8000000010f3d1
7b8000808000000c
63804020001923d1
3a000000810010d0
1b8700a284b003c1
1b800180001063c3
2000012280200000
13000080800000ff
0f00008080003000
3907000380200000
1b8000808000007f
3a000000810010c0
130000408490039a
200400a2802f0000
7b800040800b0000
63804020810920e8
270040808000002b
2000010204bc03e2
270040808000002d
63804040049003d1
27004180810040e0
7b8000408490044a
200000228020d000
32800040810060e8
16800100049f03d5
6f0000808000000f
65800000810d00d0
60800000849d93d9
7a00000280290000
6b800180001023e1
26800100810fd0e8
39800000049003dd
7b80012280290000
6b800180001023e1
7100012280290000
6b80008f8020000f
65800000810800e8
71000000049d0403
20040043003f13e3
7b800040001003d1
3980000380283000
7b800080b00f3900
2a8041008108a0d8
63804180349e7410
39800180810a60e0
1a00012284b0b3f4
130000808000007f
27004180810060d8
2800410204bfe439
7300004004940439
28804002812ad0d8
2880000f04bda3f2
b980044f81240010
b980040eb0040000
f9800582147413f9
f9800400b1040010
b9800582147413f9
1300008080007f00
27004040810000d8
28004100049ff437
1300012004900437
79000000001403ed
62800040800aa000
1a0001028024b000
62800040800dd000
2a804100810cd0d4
6c80000284a94000
71000000800d0000
65800000810800e8
4580000f04b00403
7100000080090000
2007004340201000
26800100810fa0e8
1b80012004900406
300000008100b0e0
2007004384b0140f
5980000f812c30e8
2000000004900417
7b800080b0093030
1b80008080007f7f
130700a080200000
38000000810090e1
65800000849c040f
2000000014500417
31000003003d2417
3a0000008100c0e8
5100000f04ba3416
65800000800c0000
1b8700a080200000
79000000800b0000
6580000050030000
7b800080500b3030
7a000000800e7000
3b8000a0812930e8
7b8000a004b9542f
1b8400a0303f1426
3b8000a0812d20e8
1b8700a004b0141f
370000a0812c20e8
130000a004bc2423
658000828022001f
7680004080011000
6280402080011000
130000a0802c2000
0f0000a080292000
418040008002e000
3900041d0410052c
0f0000a0802a2000
39040003802f1000
28804000810e90eb
2000010f54af0000
3a00000080009000
200704bd84201000
28800000810e90e0
6580000094490000
2000000050000000
3b8000a0812d20e8
6b80018004994435
1b8400a0802f1000
37000100810f00e0
2000000084900435
618040000012052c
7480000080019000
628040200011152c
6080002080087000
76800120001b143b
6080002080087000
6e800120800b1000
3b8000a0812830e8
6b80018004994442
66000000800e8000
3b8000a0812930e8
74800000049b9435
1b8400a0802f1000
7b8000a030395426
288040008107e0e0
3a00000f84b0d448
0b8000208000f000
130000a0802c2000
27184020810000d8
6b80018004994435
608000008005c000
628041000011b52c
3b8000a0812930e8
6b80018004994435
1b8000208000c000
30000000810010e0
1980002284b1f453
328001008101f0e8
7a0000000495e452
1680004000101453
0e80004080001000
770000808001001f
6e8000200011152c
71000082802d001f
72800040810960e0
128000408490145a
7b800020849c045f
6180400010020065
3980000380293000
39000003802a3000
7a000000800e7000
7a000000301a609b
51000000001ae461
3980000380293000
39000003003a346f
3280051c8521f0e8
1b80006081000078
3a0000008000e000
3900041d04900467
73000080800a00ff
7b800180800d1000
59800000810670d0
3980041c84260000
3980000384ba246b
7b8000808000ff00
1280006280200000
3a00000080007000
2000045d84000000
3900000380292000
3b8000a0812a30e0
7a00000084995475
20040103802f1000
7100008f802b000f
7b80002000180480
20000102003b049d
200000828020001f
7a000000301a10a4
0200410fb02f9000
0500000080000000
2000041c84200000
24030102812050d0
2007006394601000
7a00004f303a10b0
1b8700a080201000
1000000080000000
3907000380201000
6b80018030102093
328001008102b0e0
1b8400a084bf1486
730000808000000f
17000100800f0000
63804020001a1489
7280012080000000
130000808000f000
63804100800a0000
3b8000a0812930e0
6580000084980495
3900010f84be048e
2000000084900492
618040000012052c
61804000b4980492
3b8700a0812010e1
6580000084980492
200000001450048d
200000828020001f
7680004080011000
628040200011152c
79000022802bd000
32800040810060e0
6b800180849324c0
7b80018080094000
26804100810f00e8
2680410204bd0474
3280010080010000
2000000004900474
0e80004080009000
39000003802c2000
7900000080090000
19800022802bc000
32800040810060e0
2580000f84ba04c0
3a000000810060c8
20000000049004b6
7a000000b100b010
b980082294602000
12800100800f0000
7b8000808000000e
27004100810a00d0
62800040849aa537
20000000301004b0
3a0000008100d0e0
39800000849904b9
19800000800b0000
7b800180001d14c1
32800100810490e8
39000000049004b4
7b8000805489007d
6300008050090049
7b8000805489007b
6300018050098000
3a0000008100d0e8
7b800180049d14c1
200000a0802c2000
20040123802f0000
7b80008f8023000e
7b8000808000000e
65800000810c00e8
19800000049b04e7
7100000080090000
71000000001d04c3
7100000080090000
3a00000280209000
20040043802f0000
61804000800a0000
7b800080b000000e
2a804100810ca0d8
20000000349004df
28804002812da0d0
7a00004f84b4b4cc
2880000f802ad000
b9800400b1040010
f9800400145404cf
f980040eb1040010
b980040094440000
f980040080040000
1a00000080004000
3a0001028124d0e8
62800040049aa4db
1300008080000f00
2000008280200a00
27004040810000d0
71000000849d0539
0f00008080003000
0c00000080009000
4580000f812c30e8
65800000149304e8
3907000340200000
130000808000000f
27004100810a00d0
7b800180849d1539
6f00008040090030
39800000810800e8
5100000f04ba04e4
6580000080080000
1b8700a080201000
65800000001004e5
1100000080000000
79000000500b0000
6b800180001404ec
61804000800a0000
3a00000f8020a000
3907000380200000
26800100810fa0e8
6b980020049404e6
34800000810b40e0
39800000849804f4
3980000f84b004f0
200000220030d4f6
61804000b0080000
3b8700a0812010e1
65800000849804f4
20000000145004ef
31000003802d2000
7a000000001974ef
32800040810060e0
7a0000008499751a
200000228020c000
32800040810060e8
2000002204b0b51a
32800040810060e0
79000000849b050e
200000a2802c2000
3a000000810060d0
7b80004084990507
13000100301f04b0
20000082802000ff
168000408000b000
0c00000080009000
2200400f80203000
7a00000080097000
390700030030051a
3900000080000000
1b80012080000000
13000100301f04b0
20000082802000ff
128000408000b000
3a00000080009000
0f00012000100504
3a000000810060d8
0b80002004908515
2000008280200f00
328000408100b0e3
100000008490b519
200000a0802c2000
0f00012000100504
1d00000080000000
32800100810fb0e3
100000008490b519
0f0000a0003c2504
31000003502d2000
1b8400a0303f052e
3b8000a0812d20e8
1b8700a004b00522
3a000100810f60d0
2000012284b00529
6b80002080008000
33000040810000e8
1000000004900529
3a000000810060d0
6b80002084908525
1000000080000000
200000828020001f
7680004080011000
6580008280220003
6e80004080011000
0f0000a080292000
418040008002e000
3900041d84000000
2000000030100097
206000a0102e2065
0f0000a0802a2000
39040003802f0000
288040008109e0eb
2000010f54af0000
3a0000008000e000
200704bd84200000
288000008109e0e0
65800000944e0000
2000000050000000
2000010280280000
62800040800dd000
26804100810ca0d0
1980002284bcf53c
6e800040001b153d
76800040800b1000
3b8000a0812830e8
6b800180049f4541
0000000080007000
6500000000190542
6000000080097000
74800000800bf000
1b8400a0303f052e
28804000810790e0
1b8700a084b0054a
3a000000810060d0
200000008490054a
268041008108d0e0
2000000084900492
6080000080058000
628041000011b52c
000000000010054c
000000000010054d
000000000010054e
000000000010054f
0000000000100550
0000000000100551
0000000000100552
0000000000100553
0000000000100554
0000000000100555
0000000000100556
0000000000100557
0000000000100558
0000000000100559
000000000010055a
000000000010055b
000000000010055c
000000000010055d
000000000010055e
000000000010055f
0000000000100560
0000000000100561
0000000000100562
0000000000100563
0000000000100564
0000000000100565
0000000000100566
0000000000100567
0000000000100568
0000000000100569
000000000010056a
000000000010056b
000000000010056c
000000000010056d
000000000010056e
000000000010056f
0000000000100570
0000000000100571
0000000000100572
0000000000100573
0000000000100574
0000000000100575
0000000000100576
0000000000100577
0000000000100578
0000000000100579
000000000010057a
000000000010057b
000000000010057c
000000000010057d
000000000010057e
000000000010057f
0000000000100580
0000000000100581
0000000000100582
0000000000100583
0000000000100584
0000000000100585
0000000000100586
0000000000100587
0000000000100588
0000000000100589
000000000010058a
000000000010058b
000000000010058c
000000000010058d
000000000010058e
000000000010058f
0000000000100590
0000000000100591
0000000000100592
0000000000100593
0000000000100594
0000000000100595
0000000000100596
0000000000100597
0000000000100598
0000000000100599
000000000010059a
000000000010059b
000000000010059c
000000000010059d
000000000010059e
000000000010059f
00000000001005a0
00000000001005a1
00000000001005a2
00000000001005a3
00000000001005a4
00000000001005a5
00000000001005a6
00000000001005a7
00000000001005a8
00000000001005a9
00000000001005aa
00000000001005ab
00000000001005ac
00000000001005ad
00000000001005ae
00000000001005af
00000000001005b0
00000000001005b1
00000000001005b2
00000000001005b3
00000000001005b4
00000000001005b5
00000000001005b6
00000000001005b7
00000000001005b8
00000000001005b9
00000000001005ba
00000000001005bb
00000000001005bc
00000000001005bd
00000000001005be
00000000001005bf
00000000001005c0
00000000001005c1
00000000001005c2
00000000001005c3
00000000001005c4
00000000001005c5
00000000001005c6
00000000001005c7
00000000001005c8
00000000001005c9
00000000001005ca
00000000001005cb
00000000001005cc
00000000001005cd
00000000001005ce
00000000001005cf
00000000001005d0
00000000001005d1
00000000001005d2
00000000001005d3
00000000001005d4
00000000001005d5
00000000001005d6
00000000001005d7
00000000001005d8
00000000001005d9
00000000001005da
00000000001005db
00000000001005dc
00000000001005dd
00000000001005de
00000000001005df
00000000001005e0
00000000001005e1
00000000001005e2
00000000001005e3
00000000001005e4
00000000001005e5
00000000001005e6
00000000001005e7
00000000001005e8
00000000001005e9
00000000001005ea
00000000001005eb
00000000001005ec
00000000001005ed
00000000001005ee
00000000001005ef
00000000001005f0
00000000001005f1
00000000001005f2
00000000001005f3
00000000001005f4
00000000001005f5
00000000001005f6
00000000001005f7
00000000001005f8
00000000001005f9
00000000001005fa
00000000001005fb
00000000001005fc
00000000001005fd
00000000001005fe
00000000001005ff
0000000000100600
0000000000100601
0000000000100602
0000000000100603
0000000000100604
0000000000100605
0000000000100606
0000000000100607
0000000000100608
0000000000100609
000000000010060a
000000000010060b
000000000010060c
000000000010060d
000000000010060e
000000000010060f
0000000000100610
0000000000100611
0000000000100612
0000000000100613
0000000000100614
0000000000100615
0000000000100616
0000000000100617
0000000000100618
0000000000100619
000000000010061a
000000000010061b
000000000010061c
000000000010061d
000000000010061e
000000000010061f
0000000000100620
0000000000100621
0000000000100622
0000000000100623
0000000000100624
0000000000100625
0000000000100626
0000000000100627
0000000000100628
0000000000100629
000000000010062a
000000000010062b
000000000010062c
000000000010062d
000000000010062e
000000000010062f
0000000000100630
0000000000100631
0000000000100632
0000000000100633
0000000000100634
0000000000100635
0000000000100636
0000000000100637
0000000000100638
0000000000100639
000000000010063a
000000000010063b
000000000010063c
000000000010063d
000000000010063e
000000000010063f
0000000000100640
0000000000100641
0000000000100642
0000000000100643
0000000000100644
0000000000100645
0000000000100646
0000000000100647
0000000000100648
0000000000100649
000000000010064a
000000000010064b
000000000010064c
000000000010064d
000000000010064e
000000000010064f
0000000000100650
0000000000100651
0000000000100652
0000000000100653
0000000000100654
0000000000100655
0000000000100656
0000000000100657
0000000000100658
0000000000100659
000000000010065a
000000000010065b
000000000010065c
000000000010065d
000000000010065e
000000000010065f
0000000000100660
0000000000100661
0000000000100662
0000000000100663
0000000000100664
0000000000100665
0000000000100666
0000000000100667
0000000000100668
0000000000100669
000000000010066a
000000000010066b
000000000010066c
000000000010066d
000000000010066e
000000000010066f
0000000000100670
0000000000100671
0000000000100672
0000000000100673
0000000000100674
0000000000100675
0000000000100676
0000000000100677
0000000000100678
0000000000100679
000000000010067a
000000000010067b
000000000010067c
000000000010067d
000000000010067e
000000000010067f
0000000000100680
0000000000100681
0000000000100682
0000000000100683
0000000000100684
0000000000100685
0000000000100686
0000000000100687
0000000000100688
0000000000100689
000000000010068a
000000000010068b
000000000010068c
000000000010068d
000000000010068e
000000000010068f
0000000000100690
0000000000100691
0000000000100692
0000000000100693
0000000000100694
0000000000100695
0000000000100696
0000000000100697
0000000000100698
0000000000100699
000000000010069a
000000000010069b
000000000010069c
000000000010069d
000000000010069e
000000000010069f
00000000001006a0
00000000001006a1
00000000001006a2
00000000001006a3
00000000001006a4
00000000001006a5
00000000001006a6
00000000001006a7
00000000001006a8
00000000001006a9
00000000001006aa
00000000001006ab
00000000001006ac
00000000001006ad
00000000001006ae
00000000001006af
00000000001006b0
00000000001006b1
00000000001006b2
00000000001006b3
00000000001006b4
00000000001006b5
00000000001006b6
00000000001006b7
00000000001006b8
00000000001006b9
00000000001006ba
00000000001006bb
00000000001006bc
00000000001006bd
00000000001006be
00000000001006bf
00000000001006c0
00000000001006c1
00000000001006c2
00000000001006c3
00000000001006c4
00000000001006c5
00000000001006c6
00000000001006c7
00000000001006c8
00000000001006c9
00000000001006ca
00000000001006cb
00000000001006cc
00000000001006cd
00000000001006ce
00000000001006cf
00000000001006d0
00000000001006d1
00000000001006d2
00000000001006d3
00000000001006d4
00000000001006d5
00000000001006d6
00000000001006d7
00000000001006d8
00000000001006d9
00000000001006da
00000000001006db
00000000001006dc
00000000001006dd
00000000001006de
00000000001006df
00000000001006e0
00000000001006e1
00000000001006e2
00000000001006e3
00000000001006e4
00000000001006e5
00000000001006e6
00000000001006e7
00000000001006e8
00000000001006e9
00000000001006ea
00000000001006eb
00000000001006ec
00000000001006ed
00000000001006ee
00000000001006ef
00000000001006f0
00000000001006f1
00000000001006f2
00000000001006f3
00000000001006f4
00000000001006f5
00000000001006f6
00000000001006f7
00000000001006f8
00000000001006f9
00000000001006fa
00000000001006fb
00000000001006fc
00000000001006fd
00000000001006fe
00000000001006ff
0000000000100700
0000000000100701
0000000000100702
0000000000100703
0000000000100704
0000000000100705
0000000000100706
0000000000100707
0000000000100708
0000000000100709
000000000010070a
000000000010070b
000000000010070c
000000000010070d
000000000010070e
000000000010070f
0000000000100710
0000000000100711
0000000000100712
0000000000100713
0000000000100714
0000000000100715
0000000000100716
0000000000100717
0000000000100718
0000000000100719
000000000010071a
000000000010071b
000000000010071c
000000000010071d
000000000010071e
000000000010071f
0000000000100720
0000000000100721
0000000000100722
0000000000100723
0000000000100724
0000000000100725
0000000000100726
0000000000100727
0000000000100728
0000000000100729
000000000010072a
000000000010072b
000000000010072c
000000000010072d
000000000010072e
000000000010072f
0000000000100730
0000000000100731
0000000000100732
0000000000100733
0000000000100734
0000000000100735
0000000000100736
0000000000100737
0000000000100738
0000000000100739
000000000010073a
000000000010073b
000000000010073c
000000000010073d
000000000010073e
000000000010073f
0000000000100740
0000000000100741
0000000000100742
0000000000100743
0000000000100744
0000000000100745
0000000000100746
0000000000100747
0000000000100748
0000000000100749
000000000010074a
000000000010074b
000000000010074c
000000000010074d
000000000010074e
000000000010074f
0000000000100750
0000000000100751
0000000000100752
0000000000100753
0000000000100754
0000000000100755
0000000000100756
0000000000100757
0000000000100758
0000000000100759
000000000010075a
000000000010075b
000000000010075c
000000000010075d
000000000010075e
000000000010075f
0000000000100760
0000000000100761
0000000000100762
0000000000100763
0000000000100764
0000000000100765
0000000000100766
0000000000100767
0000000000100768
0000000000100769
000000000010076a
000000000010076b
000000000010076c
000000000010076d
000000000010076e
000000000010076f
0000000000100770
0000000000100771
0000000000100772
0000000000100773
0000000000100774
0000000000100775
0000000000100776
0000000000100777
0000000000100778
0000000000100779
000000000010077a
000000000010077b
000000000010077c
000000000010077d
000000000010077e
000000000010077f
0000000000100780
0000000000100781
0000000000100782
0000000000100783
0000000000100784
0000000000100785
0000000000100786
0000000000100787
0000000000100788
0000000000100789
000000000010078a
000000000010078b
000000000010078c
000000000010078d
000000000010078e
000000000010078f
0000000000100790
0000000000100791
0000000000100792
0000000000100793
0000000000100794
0000000000100795
0000000000100796
0000000000100797
0000000000100798
0000000000100799
000000000010079a
000000000010079b
000000000010079c
000000000010079d
000000000010079e
000000000010079f
00000000001007a0
00000000001007a1
00000000001007a2
00000000001007a3
00000000001007a4
00000000001007a5
00000000001007a6
00000000001007a7
00000000001007a8
00000000001007a9
00000000001007aa
00000000001007ab
00000000001007ac
00000000001007ad
00000000001007ae
00000000001007af
00000000001007b0
00000000001007b1
00000000001007b2
00000000001007b3
00000000001007b4
00000000001007b5
00000000001007b6
00000000001007b7
00000000001007b8
00000000001007b9
00000000001007ba
00000000001007bb
00000000001007bc
00000000001007bd
00000000001007be
00000000001007bf
00000000001007c0
00000000001007c1
00000000001007c2
00000000001007c3
00000000001007c4
00000000001007c5
00000000001007c6
00000000001007c7
00000000001007c8
00000000001007c9
00000000001007ca
00000000001007cb
00000000001007cc
00000000001007cd
00000000001007ce
00000000001007cf
00000000001007d0
00000000001007d1
00000000001007d2
00000000001007d3
00000000001007d4
00000000001007d5
00000000001007d6
00000000001007d7
00000000001007d8
00000000001007d9
00000000001007da
00000000001007db
00000000001007dc
00000000001007dd
00000000001007de
00000000001007df
00000000001007e0
00000000001007e1
00000000001007e2
00000000001007e3
00000000001007e4
00000000001007e5
00000000001007e6
00000000001007e7
00000000001007e8
00000000001007e9
00000000001007ea
00000000001007eb
00000000001007ec
00000000001007ed
00000000001007ee
00000000001007ef
00000000001007f0
00000000001007f1
00000000001007f2
00000000001007f3
00000000001007f4
00000000001007f5
00000000001007f6
00000000001007f7
00000000001007f8
00000000001007f9
00000000001007fa
00000000001007fb
00000000001007fc
00000000001007fd
00000000001007fe
00000000001007ff
0000000000100800
0000000000100801
0000000000100802
0000000000100803
0000000000100804
0000000000100805
0000000000100806
0000000000100807
0000000000100808
0000000000100809
000000000010080a
000000000010080b
000000000010080c
000000000010080d
000000000010080e
000000000010080f
0000000000100810
0000000000100811
0000000000100812
0000000000100813
0000000000100814
0000000000100815
0000000000100816
0000000000100817
0000000000100818
0000000000100819
000000000010081a
000000000010081b
000000000010081c
000000000010081d
000000000010081e
000000000010081f
0000000000100820
0000000000100821
0000000000100822
0000000000100823
0000000000100824
0000000000100825
0000000000100826
0000000000100827
0000000000100828
0000000000100829
000000000010082a
000000000010082b
000000000010082c
000000000010082d
000000000010082e
000000000010082f
0000000000100830
0000000000100831
0000000000100832
0000000000100833
0000000000100834
0000000000100835
0000000000100836
0000000000100837
0000000000100838
0000000000100839
000000000010083a
000000000010083b
000000000010083c
000000000010083d
000000000010083e
000000000010083f
0000000000100840
0000000000100841
0000000000100842
0000000000100843
0000000000100844
0000000000100845
0000000000100846
0000000000100847
0000000000100848
0000000000100849
000000000010084a
000000000010084b
000000000010084c
000000000010084d
000000000010084e
000000000010084f
0000000000100850
0000000000100851
0000000000100852
0000000000100853
0000000000100854
0000000000100855
0000000000100856
0000000000100857
0000000000100858
0000000000100859
000000000010085a
000000000010085b
000000000010085c
000000000010085d
000000000010085e
000000000010085f
0000000000100860
0000000000100861
0000000000100862
0000000000100863
0000000000100864
0000000000100865
0000000000100866
0000000000100867
0000000000100868
0000000000100869
000000000010086a
000000000010086b
000000000010086c
000000000010086d
000000000010086e
000000000010086f
0000000000100870
0000000000100871
0000000000100872
0000000000100873
0000000000100874
0000000000100875
0000000000100876
0000000000100877
0000000000100878
0000000000100879
000000000010087a
000000000010087b
000000000010087c
000000000010087d
000000000010087e
000000000010087f
0000000000100880
0000000000100881
0000000000100882
0000000000100883
0000000000100884
0000000000100885
0000000000100886
0000000000100887
0000000000100888
0000000000100889
000000000010088a
000000000010088b
000000000010088c
000000000010088d
000000000010088e
000000000010088f
0000000000100890
0000000000100891
0000000000100892
0000000000100893
0000000000100894
0000000000100895
0000000000100896
0000000000100897
0000000000100898
0000000000100899
000000000010089a
000000000010089b
000000000010089c
000000000010089d
000000000010089e
000000000010089f
00000000001008a0
00000000001008a1
00000000001008a2
00000000001008a3
00000000001008a4
00000000001008a5
00000000001008a6
00000000001008a7
00000000001008a8
00000000001008a9
00000000001008aa
00000000001008ab
00000000001008ac
00000000001008ad
00000000001008ae
00000000001008af
00000000001008b0
00000000001008b1
00000000001008b2
00000000001008b3
00000000001008b4
00000000001008b5
00000000001008b6
00000000001008b7
00000000001008b8
00000000001008b9
00000000001008ba
00000000001008bb
00000000001008bc
00000000001008bd
00000000001008be
00000000001008bf
00000000001008c0
00000000001008c1
00000000001008c2
00000000001008c3
00000000001008c4
00000000001008c5
00000000001008c6
00000000001008c7
00000000001008c8
00000000001008c9
00000000001008ca
00000000001008cb
00000000001008cc
00000000001008cd
00000000001008ce
00000000001008cf
00000000001008d0
00000000001008d1
00000000001008d2
00000000001008d3
00000000001008d4
00000000001008d5
00000000001008d6
00000000001008d7
00000000001008d8
00000000001008d9
00000000001008da
00000000001008db
00000000001008dc
00000000001008dd
00000000001008de
00000000001008df
00000000001008e0
00000000001008e1
00000000001008e2
00000000001008e3
00000000001008e4
00000000001008e5
00000000001008e6
00000000001008e7
00000000001008e8
00000000001008e9
00000000001008ea
00000000001008eb
00000000001008ec
00000000001008ed
00000000001008ee
00000000001008ef
00000000001008f0
00000000001008f1
00000000001008f2
00000000001008f3
00000000001008f4
00000000001008f5
00000000001008f6
00000000001008f7
00000000001008f8
00000000001008f9
00000000001008fa
00000000001008fb
00000000001008fc
00000000001008fd
00000000001008fe
00000000001008ff
0000000000100900
0000000000100901
0000000000100902
0000000000100903
0000000000100904
0000000000100905
0000000000100906
0000000000100907
0000000000100908
0000000000100909
000000000010090a
000000000010090b
000000000010090c
000000000010090d
000000000010090e
000000000010090f
0000000000100910
0000000000100911
0000000000100912
0000000000100913
0000000000100914
0000000000100915
0000000000100916
0000000000100917
0000000000100918
0000000000100919
000000000010091a
000000000010091b
000000000010091c
000000000010091d
000000000010091e
000000000010091f
0000000000100920
0000000000100921
0000000000100922
0000000000100923
0000000000100924
0000000000100925
0000000000100926
0000000000100927
0000000000100928
0000000000100929
000000000010092a
000000000010092b
000000000010092c
000000000010092d
000000000010092e
000000000010092f
0000000000100930
0000000000100931
0000000000100932
0000000000100933
0000000000100934
0000000000100935
0000000000100936
0000000000100937
0000000000100938
0000000000100939
000000000010093a
000000000010093b
000000000010093c
000000000010093d
000000000010093e
000000000010093f
0000000000100940
0000000000100941
0000000000100942
0000000000100943
0000000000100944
0000000000100945
0000000000100946
0000000000100947
0000000000100948
0000000000100949
000000000010094a
000000000010094b
000000000010094c
000000000010094d
000000000010094e
000000000010094f
0000000000100950
0000000000100951
0000000000100952
0000000000100953
0000000000100954
0000000000100955
0000000000100956
0000000000100957
0000000000100958
0000000000100959
000000000010095a
000000000010095b
000000000010095c
000000000010095d
000000000010095e
000000000010095f
0000000000100960
0000000000100961
0000000000100962
0000000000100963
0000000000100964
0000000000100965
0000000000100966
0000000000100967
0000000000100968
0000000000100969
000000000010096a
000000000010096b
000000000010096c
000000000010096d
000000000010096e
000000000010096f
0000000000100970
0000000000100971
0000000000100972
0000000000100973
0000000000100974
0000000000100975
0000000000100976
0000000000100977
0000000000100978
0000000000100979
000000000010097a
000000000010097b
000000000010097c
000000000010097d
000000000010097e
000000000010097f
0000000000100980
0000000000100981
0000000000100982
0000000000100983
0000000000100984
0000000000100985
0000000000100986
0000000000100987
0000000000100988
0000000000100989
000000000010098a
000000000010098b
000000000010098c
000000000010098d
000000000010098e
000000000010098f
0000000000100990
0000000000100991
0000000000100992
0000000000100993
0000000000100994
0000000000100995
0000000000100996
0000000000100997
0000000000100998
0000000000100999
000000000010099a
000000000010099b
000000000010099c
000000000010099d
000000000010099e
000000000010099f
00000000001009a0
00000000001009a1
00000000001009a2
00000000001009a3
00000000001009a4
00000000001009a5
00000000001009a6
00000000001009a7
00000000001009a8
00000000001009a9
00000000001009aa
00000000001009ab
00000000001009ac
00000000001009ad
00000000001009ae
00000000001009af
00000000001009b0
00000000001009b1
00000000001009b2
00000000001009b3
00000000001009b4
00000000001009b5
00000000001009b6
00000000001009b7
00000000001009b8
00000000001009b9
00000000001009ba
00000000001009bb
00000000001009bc
00000000001009bd
00000000001009be
00000000001009bf
00000000001009c0
00000000001009c1
00000000001009c2
00000000001009c3
00000000001009c4
00000000001009c5
00000000001009c6
00000000001009c7
00000000001009c8
00000000001009c9
00000000001009ca
00000000001009cb
00000000001009cc
00000000001009cd
00000000001009ce
00000000001009cf
00000000001009d0
00000000001009d1
00000000001009d2
00000000001009d3
00000000001009d4
00000000001009d5
00000000001009d6
00000000001009d7
00000000001009d8
00000000001009d9
00000000001009da
00000000001009db
00000000001009dc
00000000001009dd
00000000001009de
00000000001009df
00000000001009e0
00000000001009e1
00000000001009e2
00000000001009e3
00000000001009e4
00000000001009e5
00000000001009e6
00000000001009e7
00000000001009e8
00000000001009e9
00000000001009ea
00000000001009eb
00000000001009ec
00000000001009ed
00000000001009ee
00000000001009ef
00000000001009f0
00000000001009f1
00000000001009f2
00000000001009f3
00000000001009f4
00000000001009f5
00000000001009f6
00000000001009f7
00000000001009f8
00000000001009f9
00000000001009fa
00000000001009fb
00000000001009fc
00000000001009fd
00000000001009fe
00000000001009ff
0000000000100a00
0000000000100a01
0000000000100a02
0000000000100a03
0000000000100a04
0000000000100a05
0000000000100a06
0000000000100a07
0000000000100a08
0000000000100a09
0000000000100a0a
0000000000100a0b
0000000000100a0c
0000000000100a0d
0000000000100a0e
0000000000100a0f
0000000000100a10
0000000000100a11
0000000000100a12
0000000000100a13
0000000000100a14
0000000000100a15
0000000000100a16
0000000000100a17
0000000000100a18
0000000000100a19
0000000000100a1a
0000000000100a1b
0000000000100a1c
0000000000100a1d
0000000000100a1e
0000000000100a1f
0000000000100a20
0000000000100a21
0000000000100a22
0000000000100a23
0000000000100a24
0000000000100a25
0000000000100a26
0000000000100a27
0000000000100a28
0000000000100a29
0000000000100a2a
0000000000100a2b
0000000000100a2c
0000000000100a2d
0000000000100a2e
0000000000100a2f
0000000000100a30
0000000000100a31
0000000000100a32
0000000000100a33
0000000000100a34
0000000000100a35
0000000000100a36
0000000000100a37
0000000000100a38
0000000000100a39
0000000000100a3a
0000000000100a3b
0000000000100a3c
0000000000100a3d
0000000000100a3e
0000000000100a3f
0000000000100a40
0000000000100a41
0000000000100a42
0000000000100a43
0000000000100a44
0000000000100a45
0000000000100a46
0000000000100a47
0000000000100a48
0000000000100a49
0000000000100a4a
0000000000100a4b
0000000000100a4c
0000000000100a4d
0000000000100a4e
0000000000100a4f
0000000000100a50
0000000000100a51
0000000000100a52
0000000000100a53
0000000000100a54
0000000000100a55
0000000000100a56
0000000000100a57
0000000000100a58
0000000000100a59
0000000000100a5a
0000000000100a5b
0000000000100a5c
0000000000100a5d
0000000000100a5e
0000000000100a5f
0000000000100a60
0000000000100a61
0000000000100a62
0000000000100a63
0000000000100a64
0000000000100a65
0000000000100a66
0000000000100a67
0000000000100a68
0000000000100a69
0000000000100a6a
0000000000100a6b
0000000000100a6c
0000000000100a6d
0000000000100a6e
0000000000100a6f
0000000000100a70
0000000000100a71
0000000000100a72
0000000000100a73
0000000000100a74
0000000000100a75
0000000000100a76
0000000000100a77
0000000000100a78
0000000000100a79
0000000000100a7a
0000000000100a7b
0000000000100a7c
0000000000100a7d
0000000000100a7e
0000000000100a7f
0000000000100a80
0000000000100a81
0000000000100a82
0000000000100a83
0000000000100a84
0000000000100a85
0000000000100a86
0000000000100a87
0000000000100a88
0000000000100a89
0000000000100a8a
0000000000100a8b
0000000000100a8c
0000000000100a8d
0000000000100a8e
0000000000100a8f
0000000000100a90
0000000000100a91
0000000000100a92
0000000000100a93
0000000000100a94
0000000000100a95
0000000000100a96
0000000000100a97
0000000000100a98
0000000000100a99
0000000000100a9a
0000000000100a9b
0000000000100a9c
0000000000100a9d
0000000000100a9e
0000000000100a9f
0000000000100aa0
0000000000100aa1
0000000000100aa2
0000000000100aa3
0000000000100aa4
0000000000100aa5
0000000000100aa6
0000000000100aa7
0000000000100aa8
0000000000100aa9
0000000000100aaa
0000000000100aab
0000000000100aac
0000000000100aad
0000000000100aae
0000000000100aaf
0000000000100ab0
0000000000100ab1
0000000000100ab2
0000000000100ab3
0000000000100ab4
0000000000100ab5
0000000000100ab6
0000000000100ab7
0000000000100ab8
0000000000100ab9
0000000000100aba
0000000000100abb
0000000000100abc
0000000000100abd
0000000000100abe
0000000000100abf
0000000000100ac0
0000000000100ac1
0000000000100ac2
0000000000100ac3
0000000000100ac4
0000000000100ac5
0000000000100ac6
0000000000100ac7
0000000000100ac8
0000000000100ac9
0000000000100aca
0000000000100acb
0000000000100acc
0000000000100acd
0000000000100ace
0000000000100acf
0000000000100ad0
0000000000100ad1
0000000000100ad2
0000000000100ad3
0000000000100ad4
0000000000100ad5
0000000000100ad6
0000000000100ad7
0000000000100ad8
0000000000100ad9
0000000000100ada
0000000000100adb
0000000000100adc
0000000000100add
0000000000100ade
0000000000100adf
0000000000100ae0
0000000000100ae1
0000000000100ae2
0000000000100ae3
0000000000100ae4
0000000000100ae5
0000000000100ae6
0000000000100ae7
0000000000100ae8
0000000000100ae9
0000000000100aea
0000000000100aeb
0000000000100aec
0000000000100aed
0000000000100aee
0000000000100aef
0000000000100af0
0000000000100af1
0000000000100af2
0000000000100af3
0000000000100af4
0000000000100af5
0000000000100af6
0000000000100af7
0000000000100af8
0000000000100af9
0000000000100afa
0000000000100afb
0000000000100afc
0000000000100afd
0000000000100afe
0000000000100aff
0000000000100b00
0000000000100b01
0000000000100b02
0000000000100b03
0000000000100b04
0000000000100b05
0000000000100b06
0000000000100b07
0000000000100b08
0000000000100b09
0000000000100b0a
0000000000100b0b
0000000000100b0c
0000000000100b0d
0000000000100b0e
0000000000100b0f
0000000000100b10
0000000000100b11
0000000000100b12
0000000000100b13
0000000000100b14
0000000000100b15
0000000000100b16
0000000000100b17
0000000000100b18
0000000000100b19
0000000000100b1a
0000000000100b1b
0000000000100b1c
0000000000100b1d
0000000000100b1e
0000000000100b1f
0000000000100b20
0000000000100b21
0000000000100b22
0000000000100b23
0000000000100b24
0000000000100b25
0000000000100b26
0000000000100b27
0000000000100b28
0000000000100b29
0000000000100b2a
0000000000100b2b
0000000000100b2c
0000000000100b2d
0000000000100b2e
0000000000100b2f
0000000000100b30
0000000000100b31
0000000000100b32
0000000000100b33
0000000000100b34
0000000000100b35
0000000000100b36
0000000000100b37
0000000000100b38
0000000000100b39
0000000000100b3a
0000000000100b3b
0000000000100b3c
0000000000100b3d
0000000000100b3e
0000000000100b3f
0000000000100b40
0000000000100b41
0000000000100b42
0000000000100b43
0000000000100b44
0000000000100b45
0000000000100b46
0000000000100b47
0000000000100b48
0000000000100b49
0000000000100b4a
0000000000100b4b
0000000000100b4c
0000000000100b4d
0000000000100b4e
0000000000100b4f
0000000000100b50
0000000000100b51
0000000000100b52
0000000000100b53
0000000000100b54
0000000000100b55
0000000000100b56
0000000000100b57
0000000000100b58
0000000000100b59
0000000000100b5a
0000000000100b5b
0000000000100b5c
0000000000100b5d
0000000000100b5e
0000000000100b5f
0000000000100b60
0000000000100b61
0000000000100b62
0000000000100b63
0000000000100b64
0000000000100b65
0000000000100b66
0000000000100b67
0000000000100b68
0000000000100b69
0000000000100b6a
0000000000100b6b
0000000000100b6c
0000000000100b6d
0000000000100b6e
0000000000100b6f
0000000000100b70
0000000000100b71
0000000000100b72
0000000000100b73
0000000000100b74
0000000000100b75
0000000000100b76
0000000000100b77
0000000000100b78
0000000000100b79
0000000000100b7a
0000000000100b7b
0000000000100b7c
0000000000100b7d
0000000000100b7e
0000000000100b7f
0000000000100b80
0000000000100b81
0000000000100b82
0000000000100b83
0000000000100b84
0000000000100b85
0000000000100b86
0000000000100b87
0000000000100b88
0000000000100b89
0000000000100b8a
0000000000100b8b
0000000000100b8c
0000000000100b8d
0000000000100b8e
0000000000100b8f
0000000000100b90
0000000000100b91
0000000000100b92
0000000000100b93
0000000000100b94
0000000000100b95
0000000000100b96
0000000000100b97
0000000000100b98
0000000000100b99
0000000000100b9a
0000000000100b9b
0000000000100b9c
0000000000100b9d
0000000000100b9e
0000000000100b9f
0000000000100ba0
0000000000100ba1
0000000000100ba2
0000000000100ba3
0000000000100ba4
0000000000100ba5
0000000000100ba6
0000000000100ba7
0000000000100ba8
0000000000100ba9
0000000000100baa
0000000000100bab
0000000000100bac
0000000000100bad
0000000000100bae
0000000000100baf
0000000000100bb0
0000000000100bb1
0000000000100bb2
0000000000100bb3
0000000000100bb4
0000000000100bb5
0000000000100bb6
0000000000100bb7
0000000000100bb8
0000000000100bb9
0000000000100bba
0000000000100bbb
0000000000100bbc
0000000000100bbd
0000000000100bbe
0000000000100bbf
0000000000100bc0
0000000000100bc1
0000000000100bc2
0000000000100bc3
0000000000100bc4
0000000000100bc5
0000000000100bc6
0000000000100bc7
0000000000100bc8
0000000000100bc9
0000000000100bca
0000000000100bcb
0000000000100bcc
0000000000100bcd
0000000000100bce
0000000000100bcf
0000000000100bd0
0000000000100bd1
0000000000100bd2
0000000000100bd3
0000000000100bd4
0000000000100bd5
0000000000100bd6
0000000000100bd7
0000000000100bd8
0000000000100bd9
0000000000100bda
0000000000100bdb
0000000000100bdc
0000000000100bdd
0000000000100bde
0000000000100bdf
0000000000100be0
0000000000100be1
0000000000100be2
0000000000100be3
0000000000100be4
0000000000100be5
0000000000100be6
0000000000100be7
0000000000100be8
0000000000100be9
0000000000100bea
0000000000100beb
0000000000100bec
0000000000100bed
0000000000100bee
0000000000100bef
0000000000100bf0
0000000000100bf1
0000000000100bf2
0000000000100bf3
0000000000100bf4
0000000000100bf5
0000000000100bf6
0000000000100bf7
0000000000100bf8
0000000000100bf9
0000000000100bfa
0000000000100bfb
0000000000100bfc
0000000000100bfd
0000000000100bfe
0000000000100bff
0000000000100c00
0000000000100c01
0000000000100c02
0000000000100c03
0000000000100c04
0000000000100c05
0000000000100c06
0000000000100c07
0000000000100c08
0000000000100c09
0000000000100c0a
0000000000100c0b
0000000000100c0c
0000000000100c0d
0000000000100c0e
0000000000100c0f
0000000000100c10
0000000000100c11
0000000000100c12
0000000000100c13
0000000000100c14
0000000000100c15
0000000000100c16
0000000000100c17
0000000000100c18
0000000000100c19
0000000000100c1a
0000000000100c1b
0000000000100c1c
0000000000100c1d
0000000000100c1e
0000000000100c1f
0000000000100c20
0000000000100c21
0000000000100c22
0000000000100c23
0000000000100c24
0000000000100c25
0000000000100c26
0000000000100c27
0000000000100c28
0000000000100c29
0000000000100c2a
0000000000100c2b
0000000000100c2c
0000000000100c2d
0000000000100c2e
0000000000100c2f
0000000000100c30
0000000000100c31
0000000000100c32
0000000000100c33
0000000000100c34
0000000000100c35
0000000000100c36
0000000000100c37
0000000000100c38
0000000000100c39
0000000000100c3a
0000000000100c3b
0000000000100c3c
0000000000100c3d
0000000000100c3e
0000000000100c3f
0000000000100c40
0000000000100c41
0000000000100c42
0000000000100c43
0000000000100c44
0000000000100c45
0000000000100c46
0000000000100c47
0000000000100c48
0000000000100c49
0000000000100c4a
0000000000100c4b
0000000000100c4c
0000000000100c4d
0000000000100c4e
0000000000100c4f
0000000000100c50
0000000000100c51
0000000000100c52
0000000000100c53
0000000000100c54
0000000000100c55
0000000000100c56
0000000000100c57
0000000000100c58
0000000000100c59
0000000000100c5a
0000000000100c5b
0000000000100c5c
0000000000100c5d
0000000000100c5e
0000000000100c5f
0000000000100c60
0000000000100c61
0000000000100c62
0000000000100c63
0000000000100c64
0000000000100c65
0000000000100c66
0000000000100c67
0000000000100c68
0000000000100c69
0000000000100c6a
0000000000100c6b
0000000000100c6c
0000000000100c6d
0000000000100c6e
0000000000100c6f
0000000000100c70
0000000000100c71
0000000000100c72
0000000000100c73
0000000000100c74
0000000000100c75
0000000000100c76
0000000000100c77
0000000000100c78
0000000000100c79
0000000000100c7a
0000000000100c7b
0000000000100c7c
0000000000100c7d
0000000000100c7e
0000000000100c7f
0000000000100c80
0000000000100c81
0000000000100c82
0000000000100c83
0000000000100c84
0000000000100c85
0000000000100c86
0000000000100c87
0000000000100c88
0000000000100c89
0000000000100c8a
0000000000100c8b
0000000000100c8c
0000000000100c8d
0000000000100c8e
0000000000100c8f
0000000000100c90
0000000000100c91
0000000000100c92
0000000000100c93
0000000000100c94
0000000000100c95
0000000000100c96
0000000000100c97
0000000000100c98
0000000000100c99
0000000000100c9a
0000000000100c9b
0000000000100c9c
0000000000100c9d
0000000000100c9e
0000000000100c9f
0000000000100ca0
0000000000100ca1
0000000000100ca2
0000000000100ca3
0000000000100ca4
0000000000100ca5
0000000000100ca6
0000000000100ca7
0000000000100ca8
0000000000100ca9
0000000000100caa
0000000000100cab
0000000000100cac
0000000000100cad
0000000000100cae
0000000000100caf
0000000000100cb0
0000000000100cb1
0000000000100cb2
0000000000100cb3
0000000000100cb4
0000000000100cb5
0000000000100cb6
0000000000100cb7
0000000000100cb8
0000000000100cb9
0000000000100cba
0000000000100cbb
0000000000100cbc
0000000000100cbd
0000000000100cbe
0000000000100cbf
0000000000100cc0
0000000000100cc1
0000000000100cc2
0000000000100cc3
0000000000100cc4
0000000000100cc5
0000000000100cc6
0000000000100cc7
0000000000100cc8
0000000000100cc9
0000000000100cca
0000000000100ccb
0000000000100ccc
0000000000100ccd
0000000000100cce
0000000000100ccf
0000000000100cd0
0000000000100cd1
0000000000100cd2
0000000000100cd3
0000000000100cd4
0000000000100cd5
0000000000100cd6
0000000000100cd7
0000000000100cd8
0000000000100cd9
0000000000100cda
0000000000100cdb
0000000000100cdc
0000000000100cdd
0000000000100cde
0000000000100cdf
0000000000100ce0
0000000000100ce1
0000000000100ce2
0000000000100ce3
0000000000100ce4
0000000000100ce5
0000000000100ce6
0000000000100ce7
0000000000100ce8
0000000000100ce9
0000000000100cea
0000000000100ceb
0000000000100cec
0000000000100ced
0000000000100cee
0000000000100cef
0000000000100cf0
0000000000100cf1
0000000000100cf2
0000000000100cf3
0000000000100cf4
0000000000100cf5
0000000000100cf6
0000000000100cf7
0000000000100cf8
0000000000100cf9
0000000000100cfa
0000000000100cfb
0000000000100cfc
0000000000100cfd
0000000000100cfe
0000000000100cff
0000000000100d00
0000000000100d01
0000000000100d02
0000000000100d03
0000000000100d04
0000000000100d05
0000000000100d06
0000000000100d07
0000000000100d08
0000000000100d09
0000000000100d0a
0000000000100d0b
0000000000100d0c
0000000000100d0d
0000000000100d0e
0000000000100d0f
0000000000100d10
0000000000100d11
0000000000100d12
0000000000100d13
0000000000100d14
0000000000100d15
0000000000100d16
0000000000100d17
0000000000100d18
0000000000100d19
0000000000100d1a
0000000000100d1b
0000000000100d1c
0000000000100d1d
0000000000100d1e
0000000000100d1f
0000000000100d20
0000000000100d21
0000000000100d22
0000000000100d23
0000000000100d24
0000000000100d25
0000000000100d26
0000000000100d27
0000000000100d28
0000000000100d29
0000000000100d2a
0000000000100d2b
0000000000100d2c
0000000000100d2d
0000000000100d2e
0000000000100d2f
0000000000100d30
0000000000100d31
0000000000100d32
0000000000100d33
0000000000100d34
0000000000100d35
0000000000100d36
0000000000100d37
0000000000100d38
0000000000100d39
0000000000100d3a
0000000000100d3b
0000000000100d3c
0000000000100d3d
0000000000100d3e
0000000000100d3f
0000000000100d40
0000000000100d41
0000000000100d42
0000000000100d43
0000000000100d44
0000000000100d45
0000000000100d46
0000000000100d47
0000000000100d48
0000000000100d49
0000000000100d4a
0000000000100d4b
0000000000100d4c
0000000000100d4d
0000000000100d4e
0000000000100d4f
0000000000100d50
0000000000100d51
0000000000100d52
0000000000100d53
0000000000100d54
0000000000100d55
0000000000100d56
0000000000100d57
0000000000100d58
0000000000100d59
0000000000100d5a
0000000000100d5b
0000000000100d5c
0000000000100d5d
0000000000100d5e
0000000000100d5f
0000000000100d60
0000000000100d61
0000000000100d62
0000000000100d63
0000000000100d64
0000000000100d65
0000000000100d66
0000000000100d67
0000000000100d68
0000000000100d69
0000000000100d6a
0000000000100d6b
0000000000100d6c
0000000000100d6d
0000000000100d6e
0000000000100d6f
0000000000100d70
0000000000100d71
0000000000100d72
0000000000100d73
0000000000100d74
0000000000100d75
0000000000100d76
0000000000100d77
0000000000100d78
0000000000100d79
0000000000100d7a
0000000000100d7b
0000000000100d7c
0000000000100d7d
0000000000100d7e
0000000000100d7f
0000000000100d80
0000000000100d81
0000000000100d82
0000000000100d83
0000000000100d84
0000000000100d85
0000000000100d86
0000000000100d87
0000000000100d88
0000000000100d89
0000000000100d8a
0000000000100d8b
0000000000100d8c
0000000000100d8d
0000000000100d8e
0000000000100d8f
0000000000100d90
0000000000100d91
0000000000100d92
0000000000100d93
0000000000100d94
0000000000100d95
0000000000100d96
0000000000100d97
0000000000100d98
0000000000100d99
0000000000100d9a
0000000000100d9b
0000000000100d9c
0000000000100d9d
0000000000100d9e
0000000000100d9f
0000000000100da0
0000000000100da1
0000000000100da2
0000000000100da3
0000000000100da4
0000000000100da5
0000000000100da6
0000000000100da7
0000000000100da8
0000000000100da9
0000000000100daa
0000000000100dab
0000000000100dac
0000000000100dad
0000000000100dae
0000000000100daf
0000000000100db0
0000000000100db1
0000000000100db2
0000000000100db3
0000000000100db4
0000000000100db5
0000000000100db6
0000000000100db7
0000000000100db8
0000000000100db9
0000000000100dba
0000000000100dbb
0000000000100dbc
0000000000100dbd
0000000000100dbe
0000000000100dbf
0000000000100dc0
0000000000100dc1
0000000000100dc2
0000000000100dc3
0000000000100dc4
0000000000100dc5
0000000000100dc6
0000000000100dc7
0000000000100dc8
0000000000100dc9
0000000000100dca
0000000000100dcb
0000000000100dcc
0000000000100dcd
0000000000100dce
0000000000100dcf
0000000000100dd0
0000000000100dd1
0000000000100dd2
0000000000100dd3
0000000000100dd4
0000000000100dd5
0000000000100dd6
0000000000100dd7
0000000000100dd8
0000000000100dd9
0000000000100dda
0000000000100ddb
0000000000100ddc
0000000000100ddd
0000000000100dde
0000000000100ddf
0000000000100de0
0000000000100de1
0000000000100de2
0000000000100de3
0000000000100de4
0000000000100de5
0000000000100de6
0000000000100de7
0000000000100de8
0000000000100de9
0000000000100dea
0000000000100deb
0000000000100dec
0000000000100ded
0000000000100dee
0000000000100def
0000000000100df0
0000000000100df1
0000000000100df2
0000000000100df3
0000000000100df4
0000000000100df5
0000000000100df6
0000000000100df7
0000000000100df8
0000000000100df9
0000000000100dfa
0000000000100dfb
0000000000100dfc
0000000000100dfd
0000000000100dfe
0000000000100dff
0000000000100e00
0000000000100e01
0000000000100e02
0000000000100e03
0000000000100e04
0000000000100e05
0000000000100e06
0000000000100e07
0000000000100e08
0000000000100e09
0000000000100e0a
0000000000100e0b
0000000000100e0c
0000000000100e0d
0000000000100e0e
0000000000100e0f
0000000000100e10
0000000000100e11
0000000000100e12
0000000000100e13
0000000000100e14
0000000000100e15
0000000000100e16
0000000000100e17
0000000000100e18
0000000000100e19
0000000000100e1a
0000000000100e1b
0000000000100e1c
0000000000100e1d
0000000000100e1e
0000000000100e1f
0000000000100e20
0000000000100e21
0000000000100e22
0000000000100e23
0000000000100e24
0000000000100e25
0000000000100e26
0000000000100e27
0000000000100e28
0000000000100e29
0000000000100e2a
0000000000100e2b
0000000000100e2c
0000000000100e2d
0000000000100e2e
0000000000100e2f
0000000000100e30
0000000000100e31
0000000000100e32
0000000000100e33
0000000000100e34
0000000000100e35
0000000000100e36
0000000000100e37
0000000000100e38
0000000000100e39
0000000000100e3a
0000000000100e3b
0000000000100e3c
0000000000100e3d
0000000000100e3e
0000000000100e3f
0000000000100e40
0000000000100e41
0000000000100e42
0000000000100e43
0000000000100e44
0000000000100e45
0000000000100e46
0000000000100e47
0000000000100e48
0000000000100e49
0000000000100e4a
0000000000100e4b
0000000000100e4c
0000000000100e4d
0000000000100e4e
0000000000100e4f
0000000000100e50
0000000000100e51
0000000000100e52
0000000000100e53
0000000000100e54
0000000000100e55
0000000000100e56
0000000000100e57
0000000000100e58
0000000000100e59
0000000000100e5a
0000000000100e5b
0000000000100e5c
0000000000100e5d
0000000000100e5e
0000000000100e5f
0000000000100e60
0000000000100e61
0000000000100e62
0000000000100e63
0000000000100e64
0000000000100e65
0000000000100e66
0000000000100e67
0000000000100e68
0000000000100e69
0000000000100e6a
0000000000100e6b
0000000000100e6c
0000000000100e6d
0000000000100e6e
0000000000100e6f
0000000000100e70
0000000000100e71
0000000000100e72
0000000000100e73
0000000000100e74
0000000000100e75
0000000000100e76
0000000000100e77
0000000000100e78
0000000000100e79
0000000000100e7a
0000000000100e7b
0000000000100e7c
0000000000100e7d
0000000000100e7e
0000000000100e7f
0000000000100e80
0000000000100e81
0000000000100e82
0000000000100e83
0000000000100e84
0000000000100e85
0000000000100e86
0000000000100e87
0000000000100e88
0000000000100e89
0000000000100e8a
0000000000100e8b
0000000000100e8c
0000000000100e8d
0000000000100e8e
0000000000100e8f
0000000000100e90
0000000000100e91
0000000000100e92
0000000000100e93
0000000000100e94
0000000000100e95
0000000000100e96
0000000000100e97
0000000000100e98
0000000000100e99
0000000000100e9a
0000000000100e9b
0000000000100e9c
0000000000100e9d
0000000000100e9e
0000000000100e9f
0000000000100ea0
0000000000100ea1
0000000000100ea2
0000000000100ea3
0000000000100ea4
0000000000100ea5
0000000000100ea6
0000000000100ea7
0000000000100ea8
0000000000100ea9
0000000000100eaa
0000000000100eab
0000000000100eac
0000000000100ead
0000000000100eae
0000000000100eaf
0000000000100eb0
0000000000100eb1
0000000000100eb2
0000000000100eb3
0000000000100eb4
0000000000100eb5
0000000000100eb6
0000000000100eb7
0000000000100eb8
0000000000100eb9
0000000000100eba
0000000000100ebb
0000000000100ebc
0000000000100ebd
0000000000100ebe
0000000000100ebf
0000000000100ec0
0000000000100ec1
0000000000100ec2
0000000000100ec3
0000000000100ec4
0000000000100ec5
0000000000100ec6
0000000000100ec7
0000000000100ec8
0000000000100ec9
0000000000100eca
0000000000100ecb
0000000000100ecc
0000000000100ecd
0000000000100ece
0000000000100ecf
0000000000100ed0
0000000000100ed1
0000000000100ed2
0000000000100ed3
0000000000100ed4
0000000000100ed5
0000000000100ed6
0000000000100ed7
0000000000100ed8
0000000000100ed9
0000000000100eda
0000000000100edb
0000000000100edc
0000000000100edd
0000000000100ede
0000000000100edf
0000000000100ee0
0000000000100ee1
0000000000100ee2
0000000000100ee3
0000000000100ee4
0000000000100ee5
0000000000100ee6
0000000000100ee7
0000000000100ee8
0000000000100ee9
0000000000100eea
0000000000100eeb
0000000000100eec
0000000000100eed
0000000000100eee
0000000000100eef
0000000000100ef0
0000000000100ef1
0000000000100ef2
0000000000100ef3
0000000000100ef4
0000000000100ef5
0000000000100ef6
0000000000100ef7
0000000000100ef8
0000000000100ef9
0000000000100efa
0000000000100efb
0000000000100efc
0000000000100efd
0000000000100efe
0000000000100eff
0000000000100f00
0000000000100f01
0000000000100f02
0000000000100f03
0000000000100f04
0000000000100f05
0000000000100f06
0000000000100f07
0000000000100f08
0000000000100f09
0000000000100f0a
0000000000100f0b
0000000000100f0c
0000000000100f0d
0000000000100f0e
0000000000100f0f
0000000000100f10
0000000000100f11
0000000000100f12
0000000000100f13
0000000000100f14
0000000000100f15
0000000000100f16
0000000000100f17
0000000000100f18
0000000000100f19
0000000000100f1a
0000000000100f1b
0000000000100f1c
0000000000100f1d
0000000000100f1e
0000000000100f1f
0000000000100f20
0000000000100f21
0000000000100f22
0000000000100f23
0000000000100f24
0000000000100f25
0000000000100f26
0000000000100f27
0000000000100f28
0000000000100f29
0000000000100f2a
0000000000100f2b
0000000000100f2c
0000000000100f2d
0000000000100f2e
0000000000100f2f
0000000000100f30
0000000000100f31
0000000000100f32
0000000000100f33
0000000000100f34
0000000000100f35
0000000000100f36
0000000000100f37
0000000000100f38
0000000000100f39
0000000000100f3a
0000000000100f3b
0000000000100f3c
0000000000100f3d
0000000000100f3e
0000000000100f3f
0000000000100f40
0000000000100f41
0000000000100f42
0000000000100f43
0000000000100f44
0000000000100f45
0000000000100f46
0000000000100f47
0000000000100f48
0000000000100f49
0000000000100f4a
0000000000100f4b
0000000000100f4c
0000000000100f4d
0000000000100f4e
0000000000100f4f
0000000000100f50
0000000000100f51
0000000000100f52
0000000000100f53
0000000000100f54
0000000000100f55
0000000000100f56
0000000000100f57
0000000000100f58
0000000000100f59
0000000000100f5a
0000000000100f5b
0000000000100f5c
0000000000100f5d
0000000000100f5e
0000000000100f5f
0000000000100f60
0000000000100f61
0000000000100f62
0000000000100f63
0000000000100f64
0000000000100f65
0000000000100f66
0000000000100f67
0000000000100f68
0000000000100f69
0000000000100f6a
0000000000100f6b
0000000000100f6c
0000000000100f6d
0000000000100f6e
0000000000100f6f
0000000000100f70
0000000000100f71
0000000000100f72
0000000000100f73
0000000000100f74
0000000000100f75
0000000000100f76
0000000000100f77
0000000000100f78
0000000000100f79
0000000000100f7a
0000000000100f7b
0000000000100f7c
0000000000100f7d
0000000000100f7e
0000000000100f7f
0000000000100f80
0000000000100f81
0000000000100f82
0000000000100f83
0000000000100f84
0000000000100f85
0000000000100f86
0000000000100f87
0000000000100f88
0000000000100f89
0000000000100f8a
0000000000100f8b
0000000000100f8c
0000000000100f8d
0000000000100f8e
0000000000100f8f
0000000000100f90
0000000000100f91
0000000000100f92
0000000000100f93
0000000000100f94
0000000000100f95
0000000000100f96
0000000000100f97
0000000000100f98
0000000000100f99
0000000000100f9a
0000000000100f9b
0000000000100f9c
0000000000100f9d
0000000000100f9e
0000000000100f9f
0000000000100fa0
0000000000100fa1
0000000000100fa2
0000000000100fa3
0000000000100fa4
0000000000100fa5
0000000000100fa6
0000000000100fa7
0000000000100fa8
0000000000100fa9
0000000000100faa
0000000000100fab
0000000000100fac
0000000000100fad
0000000000100fae
0000000000100faf
0000000000100fb0
0000000000100fb1
0000000000100fb2
0000000000100fb3
0000000000100fb4
0000000000100fb5
0000000000100fb6
0000000000100fb7
0000000000100fb8
0000000000100fb9
0000000000100fba
0000000000100fbb
0000000000100fbc
0000000000100fbd
0000000000100fbe
0000000000100fbf
0000000000100fc0
0000000000100fc1
0000000000100fc2
0000000000100fc3
0000000000100fc4
0000000000100fc5
0000000000100fc6
0000000000100fc7
0000000000100fc8
0000000000100fc9
0000000000100fca
0000000000100fcb
0000000000100fcc
0000000000100fcd
0000000000100fce
0000000000100fcf
0000000000100fd0
0000000000100fd1
0000000000100fd2
0000000000100fd3
0000000000100fd4
0000000000100fd5
0000000000100fd6
0000000000100fd7
0000000000100fd8
0000000000100fd9
0000000000100fda
0000000000100fdb
0000000000100fdc
0000000000100fdd
0000000000100fde
0000000000100fdf
0000000000100fe0
0000000000100fe1
0000000000100fe2
0000000000100fe3
0000000000100fe4
0000000000100fe5
0000000000100fe6
0000000000100fe7
0000000000100fe8
0000000000100fe9
0000000000100fea
0000000000100feb
0000000000100fec
0000000000100fed
0000000000100fee
0000000000100fef
0000000000100ff0
0000000000100ff1
0000000000100ff2
0000000000100ff3
0000000000100ff4
0000000000100ff5
0000000000100ff6
0000000000100ff7
0000000000100ff8
0000000000100ff9
0000000000100ffa
0000000000100ffb
0000000000100ffc
0000000000100ffd
0000000000100ffe
0000000000100fff
